1.010000000000000e-15 0.000000000000000e+00 0.000000000000000e+00 0.000000000000000e+00 9.428981634649561e-08 -1.411284704180598e-08 9.999999999964214e-01
1.111000000000000e-14 0.000000000000000e+00 0.000000000000000e+00 0.000000000000000e+00 1.037096071715981e-06 -1.551515192160997e-07 9.999999995672449e-01
1.121100000000000e-13 0.000000000000000e+00 0.000000000000000e+00 0.000000000000000e+00 1.045600237076408e-05 -1.556704511910012e-06 9.999999562004183e-01
4.795868691540220e-13 0.000000000000000e+00 0.000000000000000e+00 0.000000000000000e+00 4.458747717685552e-05 -6.529942095367537e-06 9.999992159146684e-01
1.021190269009657e-12 0.000000000000000e+00 0.000000000000000e+00 0.000000000000000e+00 9.451197518329699e-05 -1.355306746167484e-05 9.999965577435543e-01
1.656480799953867e-12 0.000000000000000e+00 0.000000000000000e+00 0.000000000000000e+00 1.525335528047208e-04 -2.144209125917734e-05 9.999912761352748e-01
2.442914477075851e-12 0.000000000000000e+00 0.000000000000000e+00 0.000000000000000e+00 2.236317330602969e-04 -3.088442593534848e-05 9.999818790251349e-01
3.345443754244431e-12 0.000000000000000e+00 0.000000000000000e+00 0.000000000000000e+00 3.043682436715748e-04 -4.155513304708329e-05 9.999677417707121e-01
4.380527393954713e-12 0.000000000000000e+00 0.000000000000000e+00 0.000000000000000e+00 3.960472431389757e-04 -5.392592573949625e-05 9.999478527021309e-01
5.513087681509067e-12 0.000000000000000e+00 0.000000000000000e+00 0.000000000000000e+00 4.955303853719092e-04 -6.800215414837107e-05 9.999224588825376e-01
6.749462535900686e-12 0.000000000000000e+00 0.000000000000000e+00 0.000000000000000e+00 6.035090169854885e-04 -8.437686335696466e-05 9.998913590081835e-01
8.075177912477791e-12 0.000000000000000e+00 0.000000000000000e+00 0.000000000000000e+00 7.189872855396862e-04 -1.034034790275710e-04 9.998550649340516e-01
9.490096785249095e-12 0.000000000000000e+00 0.000000000000000e+00 0.000000000000000e+00 8.423392197111827e-04 -1.255866269637148e-04 9.998138985650571e-01
1.098999475004306e-11 0.000000000000000e+00 0.000000000000000e+00 0.000000000000000e+00 9.736618934412514e-04 -1.512915897269952e-04 9.997683666885812e-01
1.257682084021596e-11 0.000000000000000e+00 0.000000000000000e+00 0.000000000000000e+00 1.113635277227911e-03 -1.808772768448725e-04 9.997187997360846e-01
1.425382103036866e-11 0.000000000000000e+00 0.000000000000000e+00 0.000000000000000e+00 1.263067342663474e-03 -2.146195674667125e-04 9.996654344873472e-01
1.602902090328294e-11 0.000000000000000e+00 0.000000000000000e+00 0.000000000000000e+00 1.423181561873546e-03 -2.527902613567388e-04 9.996082650145973e-01
1.791436419538741e-11 0.000000000000000e+00 0.000000000000000e+00 0.000000000000000e+00 1.595533210543907e-03 -2.956693873268683e-04 9.995470378235449e-01
1.989589114839228e-11 0.000000000000000e+00 0.000000000000000e+00 0.000000000000000e+00 1.779220614695175e-03 -3.428493729181176e-04 9.994822045560932e-01
2.192553948870865e-11 0.000000000000000e+00 0.000000000000000e+00 0.000000000000000e+00 1.969916948462949e-03 -3.929415681180419e-04 9.994152125949332e-01
2.403384691021652e-11 0.000000000000000e+00 0.000000000000000e+00 0.000000000000000e+00 2.170458978420166e-03 -4.464350420134122e-04 9.993448007242620e-01
2.621680753996597e-11 0.000000000000000e+00 0.000000000000000e+00 0.000000000000000e+00 2.380369757654601e-03 -5.030378762579222e-04 9.992707176671740e-01
2.849628193050761e-11 0.000000000000000e+00 0.000000000000000e+00 0.000000000000000e+00 2.601586912823407e-03 -5.632099810769949e-04 9.991917105038067e-01
3.088939603691678e-11 0.000000000000000e+00 0.000000000000000e+00 0.000000000000000e+00 2.835581698964254e-03 -6.274169568195501e-04 9.991065192644983e-01
3.340345926245657e-11 0.000000000000000e+00 0.000000000000000e+00 0.000000000000000e+00 3.082847010866890e-03 -6.959996381302159e-04 9.990140587455703e-01
3.599649089844566e-11 0.000000000000000e+00 0.000000000000000e+00 0.000000000000000e+00 3.338988873953482e-03 -7.680625344286013e-04 9.989149970499968e-01
3.870686480778281e-11 0.000000000000000e+00 0.000000000000000e+00 0.000000000000000e+00 3.607559154411966e-03 -8.450451700021889e-04 9.988068932881046e-01
4.152849473480264e-11 0.000000000000000e+00 0.000000000000000e+00 0.000000000000000e+00 3.887794336831696e-03 -9.272878350733223e-04 9.986888212089609e-01
4.449681458665576e-11 0.000000000000000e+00 0.000000000000000e+00 0.000000000000000e+00 4.183143938469387e-03 -1.016468851671991e-03 9.985578843775587e-01
4.764049083100904e-11 0.000000000000000e+00 0.000000000000000e+00 0.000000000000000e+00 4.496506255700922e-03 -1.114266410389543e-03 9.984109646243492e-01
5.098103804400406e-11 0.000000000000000e+00 0.000000000000000e+00 0.000000000000000e+00 4.830195980471071e-03 -1.222317897395625e-03 9.982446833322987e-01
5.444566809911008e-11 0.000000000000000e+00 0.000000000000000e+00 0.000000000000000e+00 5.177202399764015e-03 -1.339160641757857e-03 9.980601634143489e-01
5.805518950187673e-11 0.000000000000000e+00 0.000000000000000e+00 0.000000000000000e+00 5.539926790381603e-03 -1.466240766383713e-03 9.978536937413814e-01
6.183842627138625e-11 0.000000000000000e+00 0.000000000000000e+00 0.000000000000000e+00 5.921645594818358e-03 -1.605350704015311e-03 9.976203101147538e-01
6.584279628449852e-11 0.000000000000000e+00 0.000000000000000e+00 0.000000000000000e+00 6.327576297079435e-03 -1.759104715294738e-03 9.973526639737843e-01
7.006561480906861e-11 0.000000000000000e+00 0.000000000000000e+00 0.000000000000000e+00 6.757880604245619e-03 -1.928282655847231e-03 9.970453758057042e-01
7.436992754090806e-11 0.000000000000000e+00 0.000000000000000e+00 0.000000000000000e+00 7.198846043325991e-03 -2.107822956704831e-03 9.967033392865963e-01
7.889893983108120e-11 0.000000000000000e+00 0.000000000000000e+00 0.000000000000000e+00 7.665277738705472e-03 -2.304021172957383e-03 9.963092706762038e-01
8.364500885699872e-11 0.000000000000000e+00 0.000000000000000e+00 0.000000000000000e+00 8.156499617313880e-03 -2.517068785436729e-03 9.958554730914673e-01
8.864921847448216e-11 0.000000000000000e+00 0.000000000000000e+00 0.000000000000000e+00 8.676741745522520e-03 -2.749240890213297e-03 9.953278935954766e-01
9.396093522635767e-11 0.000000000000000e+00 0.000000000000000e+00 0.000000000000000e+00 9.230985092601073e-03 -3.003225958715884e-03 9.947081895694010e-01
9.971698304651936e-11 0.000000000000000e+00 0.000000000000000e+00 0.000000000000000e+00 9.833198893831685e-03 -3.285986252993924e-03 9.939615842255715e-01
1.057826693535416e-10 0.000000000000000e+00 0.000000000000000e+00 0.000000000000000e+00 1.046865182990581e-02 -3.590785620260799e-03 9.930836358201536e-01
1.120781720608882e-10 0.000000000000000e+00 0.000000000000000e+00 0.000000000000000e+00 1.112793622771263e-02 -3.912458871204064e-03 9.920659712704314e-01
1.186460340710265e-10 0.000000000000000e+00 0.000000000000000e+00 0.000000000000000e+00 1.181410977421060e-02 -4.251244104393809e-03 9.908805076039430e-01
1.253789283165027e-10 0.000000000000000e+00 0.000000000000000e+00 0.000000000000000e+00 1.251424497534294e-02 -4.598881273072395e-03 9.895254991104514e-01
1.322593853495152e-10 0.000000000000000e+00 0.000000000000000e+00 0.000000000000000e+00 1.322458795044463e-02 -4.951048220833903e-03 9.879859819211597e-01
1.392848305191254e-10 0.000000000000000e+00 0.000000000000000e+00 0.000000000000000e+00 1.394270325557634e-02 -5.303662292118398e-03 9.862440796962427e-01
1.464463752804755e-10 0.000000000000000e+00 0.000000000000000e+00 0.000000000000000e+00 1.466530365468512e-02 -5.651903034108851e-03 9.842835847551848e-01
1.537319363578555e-10 0.000000000000000e+00 0.000000000000000e+00 0.000000000000000e+00 1.538864328664959e-02 -5.990552436976622e-03 9.820901005890472e-01
1.611506612011272e-10 0.000000000000000e+00 0.000000000000000e+00 0.000000000000000e+00 1.611095987492775e-02 -6.315258900021538e-03 9.796434227198031e-01
1.687000031113806e-10 0.000000000000000e+00 0.000000000000000e+00 0.000000000000000e+00 1.682920001734916e-02 -6.621105598288504e-03 9.769269818433943e-01
1.762622495909047e-10 0.000000000000000e+00 0.000000000000000e+00 0.000000000000000e+00 1.752973662945283e-02 -6.899360456980358e-03 9.739718346948930e-01
1.839046455008768e-10 0.000000000000000e+00 0.000000000000000e+00 0.000000000000000e+00 1.821660983130335e-02 -7.149282238424059e-03 9.707436881364129e-01
1.916104094409704e-10 0.000000000000000e+00 0.000000000000000e+00 0.000000000000000e+00 1.888600621899761e-02 -7.367409609939379e-03 9.672402303349554e-01
1.994034803714486e-10 0.000000000000000e+00 0.000000000000000e+00 0.000000000000000e+00 1.953774488792756e-02 -7.552130826571231e-03 9.634417260873146e-01
2.072829955687874e-10 0.000000000000000e+00 0.000000000000000e+00 0.000000000000000e+00 2.016946613261392e-02 -7.701737557522596e-03 9.593394292084317e-01
2.152308806028803e-10 0.000000000000000e+00 0.000000000000000e+00 0.000000000000000e+00 2.077762535077592e-02 -7.815174355412338e-03 9.549352410332662e-01
2.231672207363427e-10 0.000000000000000e+00 0.000000000000000e+00 0.000000000000000e+00 2.135468293217197e-02 -7.892167871305741e-03 9.502714699583773e-01
2.311462461005691e-10 0.000000000000000e+00 0.000000000000000e+00 0.000000000000000e+00 2.190345700630582e-02 -7.935172667115378e-03 9.453160292621108e-01
2.391608847186303e-10 0.000000000000000e+00 0.000000000000000e+00 0.000000000000000e+00 2.242220758921393e-02 -7.946632333796869e-03 9.400710314817943e-01
2.471167865694273e-10 0.000000000000000e+00 0.000000000000000e+00 0.000000000000000e+00 2.290433226902908e-02 -7.930260813866399e-03 9.346011660561108e-01
2.549838441929039e-10 0.000000000000000e+00 0.000000000000000e+00 0.000000000000000e+00 2.334841646106340e-02 -7.891147436068785e-03 9.289362148520895e-01
2.627912057943924e-10 0.000000000000000e+00 0.000000000000000e+00 0.000000000000000e+00 2.375663090616812e-02 -7.834457689954373e-03 9.230641417726904e-01
2.705057116894614e-10 0.000000000000000e+00 0.000000000000000e+00 0.000000000000000e+00 2.412786748113373e-02 -7.765835892861254e-03 9.170187976979615e-01
2.781650245397473e-10 0.000000000000000e+00 0.000000000000000e+00 0.000000000000000e+00 2.446458481618145e-02 -7.690274502545945e-03 9.107791302843184e-01
2.857865129353110e-10 0.000000000000000e+00 0.000000000000000e+00 0.000000000000000e+00 2.476788645854447e-02 -7.612652825590004e-03 9.043366659042111e-01
2.933060072608085e-10 0.000000000000000e+00 0.000000000000000e+00 0.000000000000000e+00 2.503589315829715e-02 -7.538336101726646e-03 8.977532449789404e-01
3.006068269376392e-10 0.000000000000000e+00 0.000000000000000e+00 0.000000000000000e+00 2.526629356106297e-02 -7.472421252110324e-03 8.911464049798411e-01
3.078393868986727e-10 0.000000000000000e+00 0.000000000000000e+00 0.000000000000000e+00 2.546553896531662e-02 -7.416714390021454e-03 8.843935060878388e-01
3.149285746581490e-10 0.000000000000000e+00 0.000000000000000e+00 0.000000000000000e+00 2.563289472942798e-02 -7.374267832942288e-03 8.775745910222600e-01
3.219886475611573e-10 0.000000000000000e+00 0.000000000000000e+00 0.000000000000000e+00 2.577227632686287e-02 -7.346258658105453e-03 8.705879550728525e-01
3.289158973153661e-10 0.000000000000000e+00 0.000000000000000e+00 0.000000000000000e+00 2.588290894299052e-02 -7.334281095860326e-03 8.635440155080925e-01
3.358142552587506e-10 0.000000000000000e+00 0.000000000000000e+00 0.000000000000000e+00 2.596784639303633e-02 -7.338708758054379e-03 8.563450713570705e-01
3.426270684190490e-10 0.000000000000000e+00 0.000000000000000e+00 0.000000000000000e+00 2.602763025244802e-02 -7.359647963364056e-03 8.490566098832458e-01
3.493905584145706e-10 0.000000000000000e+00 0.000000000000000e+00 0.000000000000000e+00 2.606402576293461e-02 -7.396784566008296e-03 8.416474664654430e-01
3.561313809489124e-10 0.000000000000000e+00 0.000000000000000e+00 0.000000000000000e+00 2.607838764804846e-02 -7.449647990212446e-03 8.340940988005693e-01
3.628812897282047e-10 0.000000000000000e+00 0.000000000000000e+00 0.000000000000000e+00 2.607180145973874e-02 -7.517719054056421e-03 8.263650280824285e-01
3.696671648253392e-10 0.000000000000000e+00 0.000000000000000e+00 0.000000000000000e+00 2.604508622731943e-02 -7.600385354470864e-03 8.184322072471711e-01
3.764557376785379e-10 0.000000000000000e+00 0.000000000000000e+00 0.000000000000000e+00 2.599934361027707e-02 -7.696076396905964e-03 8.103383576818937e-01
3.831885701859074e-10 0.000000000000000e+00 0.000000000000000e+00 0.000000000000000e+00 2.593638672090197e-02 -7.802366438573693e-03 8.021609539497342e-01
3.899065373044524e-10 0.000000000000000e+00 0.000000000000000e+00 0.000000000000000e+00 2.585735665532927e-02 -7.918167597094829e-03 7.938593757145266e-01
3.966058609658204e-10 0.000000000000000e+00 0.000000000000000e+00 0.000000000000000e+00 2.576371667061310e-02 -8.041733697457943e-03 7.854466933740116e-01
4.032558664204641e-10 0.000000000000000e+00 0.000000000000000e+00 0.000000000000000e+00 2.565746181683492e-02 -8.170766461875808e-03 7.769713436144369e-01
4.097618357428531e-10 0.000000000000000e+00 0.000000000000000e+00 0.000000000000000e+00 2.554202514967191e-02 -8.301617714440703e-03 7.685675113174807e-01
4.161424466138960e-10 0.000000000000000e+00 0.000000000000000e+00 0.000000000000000e+00 2.541911137013567e-02 -8.432947679513891e-03 7.602260499021264e-01
4.225010668570339e-10 0.000000000000000e+00 0.000000000000000e+00 0.000000000000000e+00 2.528840412111486e-02 -8.565419497399262e-03 7.518234703195110e-01
4.288190280641277e-10 0.000000000000000e+00 0.000000000000000e+00 0.000000000000000e+00 2.515175444008036e-02 -8.697321653493991e-03 7.433940866365667e-01
4.348548477725660e-10 0.000000000000000e+00 0.000000000000000e+00 0.000000000000000e+00 2.501613918223221e-02 -8.822437444315760e-03 7.352739584172707e-01
4.408355951871111e-10 0.000000000000000e+00 0.000000000000000e+00 0.000000000000000e+00 2.487803953971325e-02 -8.944492084136186e-03 7.271706787064279e-01
4.467316967839579e-10 0.000000000000000e+00 0.000000000000000e+00 0.000000000000000e+00 2.473934160353134e-02 -9.061979360106427e-03 7.191335470849189e-01
4.525576337818931e-10 0.000000000000000e+00 0.000000000000000e+00 0.000000000000000e+00 2.460078418739044e-02 -9.174403192124366e-03 7.111517638710267e-01
4.583781595929315e-10 0.000000000000000e+00 0.000000000000000e+00 0.000000000000000e+00 2.446174408108328e-02 -9.282246042300298e-03 7.031443704240463e-01
4.642368347933424e-10 0.000000000000000e+00 0.000000000000000e+00 0.000000000000000e+00 2.432197393040848e-02 -9.385480367095746e-03 6.950582241187639e-01
4.700684522357345e-10 0.000000000000000e+00 0.000000000000000e+00 0.000000000000000e+00 2.418371671365897e-02 -9.482197868308515e-03 6.869903204927044e-01
4.759009715872484e-10 0.000000000000000e+00 0.000000000000000e+00 0.000000000000000e+00 2.404687379765176e-02 -9.572209585651888e-03 6.789091901390134e-01
4.817755086183746e-10 0.000000000000000e+00 0.000000000000000e+00 0.000000000000000e+00 2.391095645021699e-02 -9.655421857784334e-03 6.707649096957532e-01
4.876164631878145e-10 0.000000000000000e+00 0.000000000000000e+00 0.000000000000000e+00 2.377806758281378e-02 -9.730138707661625e-03 6.626694111602406e-01
4.934114315062689e-10 0.000000000000000e+00 0.000000000000000e+00 0.000000000000000e+00 2.364869414597688e-02 -9.795799642157987e-03 6.546468172766329e-01
4.991758057406127e-10 0.000000000000000e+00 0.000000000000000e+00 0.000000000000000e+00 2.352261461336189e-02 -9.852216710894096e-03 6.466824212229728e-01
5.049152862577182e-10 0.000000000000000e+00 0.000000000000000e+00 0.000000000000000e+00 2.339977817502815e-02 -9.899069731121589e-03 6.387747018360460e-01
5.106448848155203e-10 0.000000000000000e+00 0.000000000000000e+00 0.000000000000000e+00 2.327990901928342e-02 -9.936078588714587e-03 6.309091687965922e-01
5.163795395232228e-10 0.000000000000000e+00 0.000000000000000e+00 0.000000000000000e+00 2.316273367810753e-02 -9.962876748995909e-03 6.230715006547064e-01
5.221021924862068e-10 0.000000000000000e+00 0.000000000000000e+00 0.000000000000000e+00 2.304862032990283e-02 -9.978944107933490e-03 6.152909509233223e-01
5.276837412513844e-10 0.000000000000000e+00 0.000000000000000e+00 0.000000000000000e+00 2.294004334356885e-02 -9.983926862715781e-03 6.077469439169449e-01
5.332097945322274e-10 0.000000000000000e+00 0.000000000000000e+00 0.000000000000000e+00 2.283519656103456e-02 -9.978094561089265e-03 6.003265049824885e-01
5.386742030248619e-10 0.000000000000000e+00 0.000000000000000e+00 0.000000000000000e+00 2.273410411196124e-02 -9.961484548894227e-03 5.930410187737021e-01
5.441280773719758e-10 0.000000000000000e+00 0.000000000000000e+00 0.000000000000000e+00 2.263574732626307e-02 -9.933908135692782e-03 5.858256628309607e-01
5.496010221407518e-10 0.000000000000000e+00 0.000000000000000e+00 0.000000000000000e+00 2.253955900833507e-02 -9.895011661173779e-03 5.786455155503056e-01
5.551402051903162e-10 0.000000000000000e+00 0.000000000000000e+00 0.000000000000000e+00 2.244470751394233e-02 -9.844096440543279e-03 5.714440719012132e-01
5.607883787604197e-10 0.000000000000000e+00 0.000000000000000e+00 0.000000000000000e+00 2.235048986577636e-02 -9.780208217729654e-03 5.641727593194287e-01
5.665942113597071e-10 0.000000000000000e+00 0.000000000000000e+00 0.000000000000000e+00 2.225614540403380e-02 -9.702038902686729e-03 5.567779224644528e-01
5.723961260692463e-10 0.000000000000000e+00 0.000000000000000e+00 0.000000000000000e+00 2.216423426251961e-02 -9.611485091696358e-03 5.494721687366310e-01
5.782422315351204e-10 0.000000000000000e+00 0.000000000000000e+00 0.000000000000000e+00 2.207381498430355e-02 -9.508007619871762e-03 5.421991922934780e-01
5.841213544414599e-10 0.000000000000000e+00 0.000000000000000e+00 0.000000000000000e+00 2.198486193029475e-02 -9.392020369264717e-03 5.349777713381290e-01
5.900670992286354e-10 0.000000000000000e+00 0.000000000000000e+00 0.000000000000000e+00 2.189663547608697e-02 -9.263132150730451e-03 5.277718705827769e-01
5.960559548202367e-10 0.000000000000000e+00 0.000000000000000e+00 0.000000000000000e+00 2.180921481848650e-02 -9.122213875289914e-03 5.206153039666785e-01
6.020958948510017e-10 0.000000000000000e+00 0.000000000000000e+00 0.000000000000000e+00 2.172216785197561e-02 -8.969594936912940e-03 5.135032975046552e-01
6.081939375761605e-10 0.000000000000000e+00 0.000000000000000e+00 0.000000000000000e+00 2.163504753222730e-02 -8.805677058618573e-03 5.064325468306776e-01
6.142382570714324e-10 0.000000000000000e+00 0.000000000000000e+00 0.000000000000000e+00 2.154906997402046e-02 -8.634362412642036e-03 4.995345913711095e-01
6.202742307612749e-10 0.000000000000000e+00 0.000000000000000e+00 0.000000000000000e+00 2.146320551111448e-02 -8.455431874060785e-03 4.927573973380505e-01
6.262748486207914e-10 0.000000000000000e+00 0.000000000000000e+00 0.000000000000000e+00 2.137747610796008e-02 -8.270704407783285e-03 4.861312421876922e-01
6.322603587841249e-10 0.000000000000000e+00 0.000000000000000e+00 0.000000000000000e+00 2.129125752830514e-02 -8.080570162049957e-03 4.796332567005401e-01
6.382336451948062e-10 0.000000000000000e+00 0.000000000000000e+00 0.000000000000000e+00 2.120420327553669e-02 -7.885890354980061e-03 4.732601980605326e-01
6.442135833025483e-10 0.000000000000000e+00 0.000000000000000e+00 0.000000000000000e+00 2.111576477703679e-02 -7.686951831512174e-03 4.669922043326716e-01
6.502166060649103e-10 0.000000000000000e+00 0.000000000000000e+00 0.000000000000000e+00 2.102545446003383e-02 -7.484053313021880e-03 4.608131208783922e-01
6.562662565800517e-10 0.000000000000000e+00 0.000000000000000e+00 0.000000000000000e+00 2.093270139947025e-02 -7.277199594341791e-03 4.547007325772203e-01
6.623723916899634e-10 0.000000000000000e+00 0.000000000000000e+00 0.000000000000000e+00 2.083717095649920e-02 -7.066826425547669e-03 4.486478809305554e-01
6.683795338833309e-10 0.000000000000000e+00 0.000000000000000e+00 0.000000000000000e+00 2.074123794906472e-02 -6.859074664515651e-03 4.428071588030584e-01
6.743831195863898e-10 0.000000000000000e+00 0.000000000000000e+00 0.000000000000000e+00 2.064341109128344e-02 -6.651367635810866e-03 4.370823900213939e-01
6.803143097800749e-10 0.000000000000000e+00 0.000000000000000e+00 0.000000000000000e+00 2.054488971458975e-02 -6.446715100090004e-03 4.315364820802344e-01
6.861877979251661e-10 0.000000000000000e+00 0.000000000000000e+00 0.000000000000000e+00 2.044558351850887e-02 -6.245143089490045e-03 4.261513739814733e-01
6.920289647113047e-10 0.000000000000000e+00 0.000000000000000e+00 0.000000000000000e+00 2.034524110600003e-02 -6.046236553460700e-03 4.209005109825280e-01
6.978733271009727e-10 0.000000000000000e+00 0.000000000000000e+00 0.000000000000000e+00 2.024344271660641e-02 -5.849194867845693e-03 4.157502364328047e-01
7.037648457879412e-10 0.000000000000000e+00 0.000000000000000e+00 0.000000000000000e+00 2.013962162373572e-02 -5.652930804218156e-03 4.106620811158112e-01
7.097569993524405e-10 0.000000000000000e+00 0.000000000000000e+00 0.000000000000000e+00 2.003304644112171e-02 -5.456079160180780e-03 4.055925689774172e-01
7.159150130393548e-10 0.000000000000000e+00 0.000000000000000e+00 0.000000000000000e+00 1.992279100173892e-02 -5.256974895374291e-03 4.004922358416201e-01
7.222103092762853e-10 0.000000000000000e+00 0.000000000000000e+00 0.000000000000000e+00 1.980965338668844e-02 -5.057033981481105e-03 3.953913196006653e-01
7.285374754009427e-10 0.000000000000000e+00 0.000000000000000e+00 0.000000000000000e+00 1.969587595402957e-02 -4.859957041644133e-03 3.903780432877582e-01
7.349584016584336e-10 0.000000000000000e+00 0.000000000000000e+00 0.000000000000000e+00 1.958072584443239e-02 -4.664095342874205e-03 3.854048319590589e-01
7.414523176554983e-10 0.000000000000000e+00 0.000000000000000e+00 0.000000000000000e+00 1.946497688671516e-02 -4.470366480247149e-03 3.804901682757234e-01
7.480473619368537e-10 0.000000000000000e+00 0.000000000000000e+00 0.000000000000000e+00 1.934854653981660e-02 -4.278193635253899e-03 3.756151658188494e-01
7.547487970673411e-10 0.000000000000000e+00 0.000000000000000e+00 0.000000000000000e+00 1.923177886923247e-02 -4.087695616001950e-03 3.707790405354454e-01
7.615497695522294e-10 0.000000000000000e+00 0.000000000000000e+00 0.000000000000000e+00 1.911523257941017e-02 -3.899316371782030e-03 3.659896087705827e-01
7.683797932291593e-10 0.000000000000000e+00 0.000000000000000e+00 0.000000000000000e+00 1.900050750456478e-02 -3.715153348483138e-03 3.612971888889283e-01
7.752833689383875e-10 0.000000000000000e+00 0.000000000000000e+00 0.000000000000000e+00 1.888720766816446e-02 -3.534105663542411e-03 3.566710677482832e-01
7.821301431358401e-10 0.000000000000000e+00 0.000000000000000e+00 0.000000000000000e+00 1.877773042567774e-02 -3.359581420999555e-03 3.521962226688261e-01
7.889478686027617e-10 0.000000000000000e+00 0.000000000000000e+00 0.000000000000000e+00 1.867177397010274e-02 -3.190738824084142e-03 3.478496243713808e-01
7.957073594917493e-10 0.000000000000000e+00 0.000000000000000e+00 0.000000000000000e+00 1.856987783226968e-02 -3.028157672930065e-03 3.436450928575094e-01
8.024181236766577e-10 0.000000000000000e+00 0.000000000000000e+00 0.000000000000000e+00 1.847192123400524e-02 -2.871439524378104e-03 3.395716147209688e-01
8.090758864328781e-10 0.000000000000000e+00 0.000000000000000e+00 0.000000000000000e+00 1.837794888024449e-02 -2.720515245336380e-03 3.356269733406220e-01
8.156882419589097e-10 0.000000000000000e+00 0.000000000000000e+00 0.000000000000000e+00 1.828780098151225e-02 -2.575042289758918e-03 3.318020925468949e-01
8.222597963249717e-10 0.000000000000000e+00 0.000000000000000e+00 0.000000000000000e+00 1.820134003465083e-02 -2.434756071063483e-03 3.280901434262241e-01
8.287989820553455e-10 0.000000000000000e+00 0.000000000000000e+00 0.000000000000000e+00 1.811836467167181e-02 -2.299320504151060e-03 3.244826018841996e-01
8.353137172848380e-10 0.000000000000000e+00 0.000000000000000e+00 0.000000000000000e+00 1.803867567102345e-02 -2.168425272925042e-03 3.209717814977095e-01
8.418649658251892e-10 0.000000000000000e+00 0.000000000000000e+00 0.000000000000000e+00 1.796145929674484e-02 -2.040755750592997e-03 3.175228981434746e-01
8.484496822213536e-10 0.000000000000000e+00 0.000000000000000e+00 0.000000000000000e+00 1.788670795477831e-02 -1.916325378874555e-03 3.141367266951784e-01
8.550726200674925e-10 0.000000000000000e+00 0.000000000000000e+00 0.000000000000000e+00 1.781431310627767e-02 -1.794990913253896e-03 3.108100139807909e-01
8.616465779394682e-10 0.000000000000000e+00 0.000000000000000e+00 0.000000000000000e+00 1.774511439660940e-02 -1.678220594559743e-03 3.075843104146390e-01
8.682150822788389e-10 0.000000000000000e+00 0.000000000000000e+00 0.000000000000000e+00 1.767851122210535e-02 -1.565075017449642e-03 3.044353134995489e-01
8.747626399292721e-10 0.000000000000000e+00 0.000000000000000e+00 0.000000000000000e+00 1.761453575420640e-02 -1.455680859091657e-03 3.013680726269066e-01
8.813104564665135e-10 0.000000000000000e+00 0.000000000000000e+00 0.000000000000000e+00 1.755286031957947e-02 -1.349551843536468e-03 2.983704325670439e-01
8.878669176930303e-10 0.000000000000000e+00 0.000000000000000e+00 0.000000000000000e+00 1.749330275378565e-02 -1.246446915883265e-03 2.954368559411392e-01
8.944522279139292e-10 0.000000000000000e+00 0.000000000000000e+00 0.000000000000000e+00 1.743559161547075e-02 -1.145968162826342e-03 2.925570724866573e-01
9.010849477095721e-10 0.000000000000000e+00 0.000000000000000e+00 0.000000000000000e+00 1.737949505882367e-02 -1.047783089375496e-03 2.897223243983673e-01
9.077883225636049e-10 0.000000000000000e+00 0.000000000000000e+00 0.000000000000000e+00 1.732476563299502e-02 -9.515295470243984e-04 2.869226322655710e-01
9.145636825787318e-10 0.000000000000000e+00 0.000000000000000e+00 0.000000000000000e+00 1.727135135207796e-02 -8.571888855492502e-04 2.841577139785522e-01
9.213320353071317e-10 0.000000000000000e+00 0.000000000000000e+00 0.000000000000000e+00 1.721980252164752e-02 -7.658140832056406e-04 2.814589451251335e-01
9.281455792795771e-10 0.000000000000000e+00 0.000000000000000e+00 0.000000000000000e+00 1.716964208419507e-02 -6.766403388670350e-04 2.788042747326155e-01
9.350043878288582e-10 0.000000000000000e+00 0.000000000000000e+00 0.000000000000000e+00 1.712081516499779e-02 -5.896426141172075e-04 2.761931576082617e-01
9.419246158040135e-10 0.000000000000000e+00 0.000000000000000e+00 0.000000000000000e+00 1.707316323255068e-02 -5.046036046881429e-04 2.736191255310795e-01
9.489152007587661e-10 0.000000000000000e+00 0.000000000000000e+00 0.000000000000000e+00 1.702659545204489e-02 -4.214167859763109e-04 2.710788385184917e-01
9.559899315250136e-10 0.000000000000000e+00 0.000000000000000e+00 0.000000000000000e+00 1.698100410723152e-02 -3.399341889733290e-04 2.685675253318107e-01
9.631608568612436e-10 0.000000000000000e+00 0.000000000000000e+00 0.000000000000000e+00 1.693631021150977e-02 -2.600463154124329e-04 2.660814287904197e-01
9.704418416627428e-10 0.000000000000000e+00 0.000000000000000e+00 0.000000000000000e+00 1.689244055276620e-02 -1.816396180907074e-04 2.636165284701514e-01
9.778467854573584e-10 0.000000000000000e+00 0.000000000000000e+00 0.000000000000000e+00 1.684933973597006e-02 -1.046163756768543e-04 2.611691811391902e-01
9.853623980372488e-10 0.000000000000000e+00 0.000000000000000e+00 0.000000000000000e+00 1.680712041128480e-02 -2.916137331078422e-05 2.587447828709311e-01
9.929299058142529e-10 0.000000000000000e+00 0.000000000000000e+00 0.000000000000000e+00 1.676613309611312e-02 4.413402035178526e-05 2.563623923234568e-01
1.000450455382518e-09 0.000000000000000e+00 0.000000000000000e+00 0.000000000000000e+00 1.672689315854536e-02 1.143987565937603e-04 2.540514104829284e-01
1.000450455382518e-09 1.433844015402083e+01 0.000000000000000e+00 0.000000000000000e+00 1.672689315854536e-02 1.143987565937603e-04 2.540514104829284e-01
1.007967271556463e-09 2.536061302332931e+02 0.000000000000000e+00 0.000000000000000e+00 1.669747648699072e-02 1.791727384897376e-04 2.517956887118349e-01
1.014039286871637e-09 4.468843806212185e+02 0.000000000000000e+00 0.000000000000000e+00 1.678645537078435e-02 1.895228498150911e-04 2.500047144493906e-01
1.019013633096313e-09 6.052227386827673e+02 0.000000000000000e+00 0.000000000000000e+00 1.693773579550851e-02 1.740372628798455e-04 2.485555467228679e-01
1.024146208747735e-09 7.685976958261523e+02 0.000000000000000e+00 0.000000000000000e+00 1.716076256406493e-02 1.401557440414647e-04 2.470766664660339e-01
1.028976565179032e-09 9.223527164134873e+02 0.000000000000000e+00 0.000000000000000e+00 1.743393935023045e-02 9.156660265444083e-05 2.456997193370480e-01
1.033798219114053e-09 1.075830727940907e+03 0.000000000000000e+00 0.000000000000000e+00 1.776518574400908e-02 2.852788316911792e-05 2.443394573684386e-01
1.038506317295855e-09 1.225694147580048e+03 0.000000000000000e+00 0.000000000000000e+00 1.814464029011501e-02 -4.651901588518953e-05 2.430247736790202e-01
1.043181846321274e-09 1.374520858773076e+03 0.000000000000000e+00 0.000000000000000e+00 1.857501298921961e-02 -1.333565057220394e-04 2.417323024449245e-01
1.047804144830540e-09 1.521653190012250e+03 0.000000000000000e+00 0.000000000000000e+00 1.905234333144192e-02 -2.306896224011822e-04 2.404672597199175e-01
1.052398769253774e-09 1.667904627733949e+03 0.000000000000000e+00 0.000000000000000e+00 1.957718374084306e-02 -3.381303731692180e-04 2.392221833091416e-01
1.056964320956112e-09 1.813230652007707e+03 0.000000000000000e+00 0.000000000000000e+00 2.014791156010901e-02 -4.549319492608578e-04 2.379970817530341e-01
1.061510494040414e-09 1.957939835711285e+03 0.000000000000000e+00 0.000000000000000e+00 2.076441588387333e-02 -5.806793471593310e-04 2.367890192130294e-01
1.066039389391458e-09 2.102099052084189e+03 0.000000000000000e+00 0.000000000000000e+00 2.142592916602377e-02 -7.148623638583283e-04 2.355971505117381e-01
1.070555450081829e-09 2.245849728519313e+03 0.000000000000000e+00 0.000000000000000e+00 2.213217196854532e-02 -8.570909909411753e-04 2.344200476230902e-01
1.075060736084822e-09 2.389257436003116e+03 0.000000000000000e+00 0.000000000000000e+00 2.288267584450781e-02 -1.006959252191542e-03 2.332569424539975e-01
1.079557584589309e-09 2.532396569568023e+03 0.000000000000000e+00 0.000000000000000e+00 2.367712540803821e-02 -1.164108040401799e-03 2.321070205125691e-01
1.084047455556399e-09 2.675313601219456e+03 0.000000000000000e+00 0.000000000000000e+00 2.451515176282631e-02 -1.328182906632335e-03 2.309697152259965e-01
1.088531679021006e-09 2.818050867283632e+03 0.000000000000000e+00 0.000000000000000e+00 2.539643202440403e-02 -1.498851503282199e-03 2.298445109630159e-01
1.093011199584950e-09 2.960638435370333e+03 0.000000000000000e+00 0.000000000000000e+00 2.632062742393364e-02 -1.675790732798338e-03 2.287310048650975e-01
1.097486805500801e-09 3.103101396338123e+03 0.000000000000000e+00 0.000000000000000e+00 2.728741183188282e-02 -1.858691435674703e-03 2.276288464586255e-01
1.101959089181560e-09 3.245458607278533e+03 0.000000000000000e+00 0.000000000000000e+00 2.829645364658877e-02 -2.047254593378787e-03 2.265377457178913e-01
1.106428527796720e-09 3.387725256968246e+03 0.000000000000000e+00 0.000000000000000e+00 2.934742408170328e-02 -2.241192640509802e-03 2.254574517616482e-01
1.110895489272913e-09 3.529913056875661e+03 0.000000000000000e+00 0.000000000000000e+00 3.043999218618362e-02 -2.440228474404579e-03 2.243877504479488e-01
1.115360265966282e-09 3.672031312985896e+03 0.000000000000000e+00 0.000000000000000e+00 3.157382750608834e-02 -2.644095960825607e-03 2.233284555350498e-01
1.119823086118608e-09 3.814087290460473e+03 0.000000000000000e+00 0.000000000000000e+00 3.274859901814257e-02 -2.852539849691113e-03 2.222794054884494e-01
1.124284130367838e-09 3.956086739183779e+03 0.000000000000000e+00 0.000000000000000e+00 3.396397625373403e-02 -3.065316148538785e-03 2.212404592604744e-01
1.128743540794686e-09 4.098034181725479e+03 0.000000000000000e+00 0.000000000000000e+00 3.521962937648993e-02 -3.282192373142704e-03 2.202114939813969e-01
1.133201429979550e-09 4.239933201630856e+03 0.000000000000000e+00 0.000000000000000e+00 3.651522987057074e-02 -3.502947962511898e-03 2.191924027391601e-01
1.137657887093326e-09 4.381786637297779e+03 0.000000000000000e+00 0.000000000000000e+00 3.785045092283303e-02 -3.727374699670434e-03 2.181830931081059e-01
1.142112983189936e-09 4.523596750442732e+03 0.000000000000000e+00 0.000000000000000e+00 3.922496795812677e-02 -3.955277217845676e-03 2.171834858880204e-01
1.146566775098025e-09 4.665365349977761e+03 0.000000000000000e+00 0.000000000000000e+00 4.063845906940678e-02 -4.186473550273675e-03 2.161935141632114e-01
1.151019308611923e-09 4.807093893581608e+03 0.000000000000000e+00 0.000000000000000e+00 4.209060546939363e-02 -4.420795746070411e-03 2.152131224948023e-01
1.155470620930375e-09 4.948783565327102e+03 0.000000000000000e+00 0.000000000000000e+00 4.358109189150966e-02 -4.658090540663226e-03 2.142422662328918e-01
1.159920742609570e-09 5.090435337847962e+03 0.000000000000000e+00 0.000000000000000e+00 4.510960697536139e-02 -4.898220085182510e-03 2.132809108648561e-01
1.164369699081529e-09 5.232050020670551e+03 0.000000000000000e+00 0.000000000000000e+00 4.667584361633249e-02 -5.141062727996686e-03 2.123290313654312e-01
1.168817511859720e-09 5.373628298589803e+03 0.000000000000000e+00 0.000000000000000e+00 4.827949928879063e-02 -5.386513843575787e-03 2.113866114997969e-01
1.173264199484675e-09 5.515170761769248e+03 0.000000000000000e+00 0.000000000000000e+00 4.992027633566511e-02 -5.634486698070568e-03 2.104536430477860e-01
1.177709778273870e-09 5.656677929610216e+03 0.000000000000000e+00 0.000000000000000e+00 5.159788222479597e-02 -5.884913338750739e-03 2.095301249173787e-01
1.182154262914157e-09 5.798150269609762e+03 0.000000000000000e+00 0.000000000000000e+00 5.331202976581318e-02 -6.137745489980397e-03 2.086160621248064e-01
1.186597666933517e-09 5.939588212376872e+03 0.000000000000000e+00 0.000000000000000e+00 5.506243728143176e-02 -6.392955435254172e-03 2.077114646237086e-01
1.191040003077315e-09 6.080992163609101e+03 0.000000000000000e+00 0.000000000000000e+00 5.684882872209299e-02 -6.650536861543445e-03 2.068163459742015e-01
1.195481283611037e-09 6.222362513729045e+03 0.000000000000000e+00 0.000000000000000e+00 5.867093370946135e-02 -6.910505640178147e-03 2.059307218503546e-01
1.199921520565252e-09 6.363699645681580e+03 0.000000000000000e+00 0.000000000000000e+00 6.052848748839232e-02 -7.172900517461746e-03 2.050546083933532e-01
1.204360725935716e-09 6.505003941303445e+03 0.000000000000000e+00 0.000000000000000e+00 6.242123076126176e-02 -7.437783688767634e-03 2.041880204255013e-01
1.208798911848287e-09 6.646275786572743e+03 0.000000000000000e+00 0.000000000000000e+00 6.434890937193767e-02 -7.705241231792877e-03 2.033309695470921e-01
1.213236090695546e-09 6.787515575957562e+03 0.000000000000000e+00 0.000000000000000e+00 6.631127380009599e-02 -7.975383377684775e-03 2.024834621428182e-01
1.217672231747387e-09 6.928722331288251e+03 0.000000000000000e+00 0.000000000000000e+00 6.830805889512723e-02 -8.248341985926395e-03 2.016455054776836e-01
1.222107289189705e-09 7.069894594256513e+03 0.000000000000000e+00 0.000000000000000e+00 7.033899393799761e-02 -8.524271978032240e-03 2.008170999597159e-01
1.226541284681799e-09 7.211033054299325e+03 0.000000000000000e+00 0.000000000000000e+00 7.240383900425600e-02 -8.803356028896970e-03 1.999982217617401e-01
1.230974211274046e-09 7.352137490203225e+03 0.000000000000000e+00 0.000000000000000e+00 7.450234041307817e-02 -9.085798281144824e-03 1.991888388382697e-01
1.235406081361802e-09 7.493208296524742e+03 0.000000000000000e+00 0.000000000000000e+00 7.663425047088880e-02 -9.371826452083405e-03 1.983888999180716e-01
1.239836901348895e-09 7.634245677103965e+03 0.000000000000000e+00 0.000000000000000e+00 7.879931325050632e-02 -9.661689204475231e-03 1.975983370626661e-01
1.244266683943768e-09 7.775250036463261e+03 0.000000000000000e+00 0.000000000000000e+00 8.099726742816230e-02 -9.955655495592198e-03 1.968170612983953e-01
1.248695441369109e-09 7.916221763662859e+03 0.000000000000000e+00 0.000000000000000e+00 8.322783970012526e-02 -1.025401233554323e-02 1.960449616775028e-01
1.253123188411460e-09 8.057161329372997e+03 0.000000000000000e+00 0.000000000000000e+00 8.549074260248053e-02 -1.055706268696318e-02 1.952819025664391e-01
1.257549940505095e-09 8.198069224881872e+03 0.000000000000000e+00 0.000000000000000e+00 8.778566970062046e-02 -1.086512248527651e-02 1.945277218549261e-01
1.261975714392880e-09 8.338945983131498e+03 0.000000000000000e+00 0.000000000000000e+00 9.011229200112873e-02 -1.117851719799373e-02 1.937822288518126e-01
1.266400527500262e-09 8.479792158791026e+03 0.000000000000000e+00 0.000000000000000e+00 9.247025384988143e-02 -1.149757763873011e-02 1.930452026863008e-01
1.270824397993160e-09 8.620608330099632e+03 0.000000000000000e+00 0.000000000000000e+00 9.485916952276148e-02 -1.182263519692443e-02 1.923163910629150e-01
1.275247344518851e-09 8.761395090618606e+03 0.000000000000000e+00 0.000000000000000e+00 9.727862021291216e-02 -1.215401653106385e-02 1.915955097517041e-01
1.279669386152880e-09 8.902153047541373e+03 0.000000000000000e+00 0.000000000000000e+00 9.972815188840532e-02 -1.249203797857936e-02 1.908822429251189e-01
1.284090542300561e-09 9.042882818558295e+03 0.000000000000000e+00 0.000000000000000e+00 1.022072740502542e-01 -1.283699998403343e-02 1.901762445251793e-01
1.288510832696700e-09 9.183585031847733e+03 0.000000000000000e+00 0.000000000000000e+00 1.047154595669893e-01 -1.318918195569082e-02 1.894771406704958e-01
1.292930277439158e-09 9.324260327144446e+03 0.000000000000000e+00 0.000000000000000e+00 1.072521455690831e-01 -1.354883797955968e-02 1.887845329943833e-01
1.297348897088080e-09 9.464909358898232e+03 0.000000000000000e+00 0.000000000000000e+00 1.098167353482303e-01 -1.391619379221213e-02 1.880980026135552e-01
1.301766712801328e-09 9.605532800584731e+03 0.000000000000000e+00 0.000000000000000e+00 1.124086010844451e-01 -1.429144529316475e-02 1.874171142694160e-01
1.306183746497859e-09 9.746131349906011e+03 0.000000000000000e+00 0.000000000000000e+00 1.150270871610682e-01 -1.467475868639117e-02 1.867414200615278e-01
1.310600021024557e-09 9.886705734100964e+03 0.000000000000000e+00 0.000000000000000e+00 1.176715137658597e-01 -1.506627209352182e-02 1.860704621617351e-01
1.315015560311162e-09 1.002725671487688e+04 0.000000000000000e+00 0.000000000000000e+00 1.203411804543967e-01 -1.546609822529411e-02 1.854037739717111e-01
1.319430389500623e-09 1.016778509255872e+04 0.000000000000000e+00 0.000000000000000e+00 1.230353693510280e-01 -1.587432748226032e-02 1.847408793723537e-01
1.323844535052042e-09 1.030829170936582e+04 0.000000000000000e+00 0.000000000000000e+00 1.257533476873449e-01 -1.629103073085320e-02 1.840812899818737e-01
1.328258024819000e-09 1.044877745190518e+04 0.000000000000000e+00 0.000000000000000e+00 1.284943694197968e-01 -1.671626099755099e-02 1.834245006415900e-01
1.332670888111887e-09 1.058924325315554e+04 0.000000000000000e+00 0.000000000000000e+00 1.312576757309669e-01 -1.715005344574986e-02 1.827699836204602e-01
1.337083155749928e-09 1.072969009412325e+04 0.000000000000000e+00 0.000000000000000e+00 1.340424943026682e-01 -1.759242321717535e-02 1.821171822146599e-01
1.341494860102985e-09 1.087011900517307e+04 0.000000000000000e+00 0.000000000000000e+00 1.368480373612076e-01 -1.804336097764966e-02 1.814655044819614e-01
1.345906035110981e-09 1.101053106664628e+04 0.000000000000000e+00 0.000000000000000e+00 1.396734986299633e-01 -1.850282623947694e-02 1.808143177950326e-01
1.350316716253860e-09 1.115092740790454e+04 0.000000000000000e+00 0.000000000000000e+00 1.425180494682263e-01 -1.897073868322471e-02 1.801629447627243e-01
1.354685839354838e-09 1.129000091560407e+04 0.000000000000000e+00 0.000000000000000e+00 1.453542800410440e-01 -1.944255416270517e-02 1.795167202275461e-01
1.359021316483262e-09 1.142800343873418e+04 0.000000000000000e+00 0.000000000000000e+00 1.481859599776041e-01 -1.991870844881554e-02 1.788737592053959e-01
1.363323215189049e-09 1.156493712747551e+04 0.000000000000000e+00 0.000000000000000e+00 1.510118539508609e-01 -2.039876953053048e-02 1.782333266194766e-01
1.367600572484926e-09 1.170108963887731e+04 0.000000000000000e+00 0.000000000000000e+00 1.538366281263752e-01 -2.088324860940758e-02 1.775933474199918e-01
1.371862141129640e-09 1.183673958190363e+04 0.000000000000000e+00 0.000000000000000e+00 1.566648817820899e-01 -2.137260525645312e-02 1.769517631496045e-01
1.376120390356775e-09 1.197228386458681e+04 0.000000000000000e+00 0.000000000000000e+00 1.595037811185384e-01 -2.186768646987205e-02 1.763059215728811e-01
1.380388945100819e-09 1.210815618206140e+04 0.000000000000000e+00 0.000000000000000e+00 1.623613874592740e-01 -2.236942730022498e-02 1.756529428061995e-01
1.384683520947687e-09 1.224485677696382e+04 0.000000000000000e+00 0.000000000000000e+00 1.652472740643358e-01 -2.287893270702614e-02 1.749895640867168e-01
1.389021225520452e-09 1.238293020184939e+04 0.000000000000000e+00 0.000000000000000e+00 1.681720575957681e-01 -2.339736153548257e-02 1.743122356423181e-01
1.393382717492493e-09 1.252176080317056e+04 0.000000000000000e+00 0.000000000000000e+00 1.711219483973012e-01 -2.392137945302249e-02 1.736231097114027e-01
1.397749724560376e-09 1.266076695544474e+04 0.000000000000000e+00 0.000000000000000e+00 1.740837203600837e-01 -2.444753080205902e-02 1.729244200033417e-01
1.402127702505930e-09 1.280012232160119e+04 0.000000000000000e+00 0.000000000000000e+00 1.770600829510918e-01 -2.497500682978826e-02 1.722148722897685e-01
1.406510862581588e-09 1.293964264008197e+04 0.000000000000000e+00 0.000000000000000e+00 1.800462144321688e-01 -2.550154599077758e-02 1.714952140543893e-01
1.410899853274503e-09 1.307934855287434e+04 0.000000000000000e+00 0.000000000000000e+00 1.830417097482456e-01 -2.602559368352417e-02 1.707654454271067e-01
1.415292548730293e-09 1.321917239193160e+04 0.000000000000000e+00 0.000000000000000e+00 1.860443871693577e-01 -2.654528567354910e-02 1.700263321187797e-01
1.419688640875850e-09 1.335910435098217e+04 0.000000000000000e+00 0.000000000000000e+00 1.890534179658304e-01 -2.705907748797637e-02 1.692786502189560e-01
1.424087202410034e-09 1.349911491311402e+04 0.000000000000000e+00 0.000000000000000e+00 1.920676865976608e-01 -2.756554642007184e-02 1.685235611679201e-01
1.428419729423672e-09 1.363702353117394e+04 0.000000000000000e+00 0.000000000000000e+00 1.950401647893768e-01 -2.805606175881175e-02 1.677741270053276e-01
1.432743450420092e-09 1.377465184500004e+04 0.000000000000000e+00 0.000000000000000e+00 1.980095568426179e-01 -2.853655520117929e-02 1.670219380347661e-01
1.437058333506320e-09 1.391199883940739e+04 0.000000000000000e+00 0.000000000000000e+00 2.009756953392475e-01 -2.900675263000445e-02 1.662683674051671e-01
1.441400592844644e-09 1.405021724698364e+04 0.000000000000000e+00 0.000000000000000e+00 2.039632647576930e-01 -2.947049307195012e-02 1.655083963817382e-01
1.445789526540095e-09 1.418992134549034e+04 0.000000000000000e+00 0.000000000000000e+00 2.069854969465439e-01 -2.992988046304391e-02 1.647398097350949e-01
1.450166628652669e-09 1.432924883301717e+04 0.000000000000000e+00 0.000000000000000e+00 2.100024227274711e-01 -3.037931130238351e-02 1.639737810084829e-01
1.454559275351811e-09 1.446907112010212e+04 0.000000000000000e+00 0.000000000000000e+00 2.130327884296384e-01 -3.082223715362840e-02 1.632062566621094e-01
1.458951516381335e-09 1.460888049432209e+04 0.000000000000000e+00 0.000000000000000e+00 2.160656273475690e-01 -3.125777755674877e-02 1.624404826702435e-01
1.463275305616752e-09 1.474651098026292e+04 0.000000000000000e+00 0.000000000000000e+00 2.190541177339849e-01 -3.168013268005567e-02 1.616884592268311e-01
1.467476044157399e-09 1.488022464093904e+04 0.000000000000000e+00 0.000000000000000e+00 2.219604695763109e-01 -3.208499522711156e-02 1.609595730137562e-01
1.471629704299303e-09 1.501243974964060e+04 0.000000000000000e+00 0.000000000000000e+00 2.248365700069295e-01 -3.248030366213858e-02 1.602405593128670e-01
1.475740966409049e-09 1.514330528706309e+04 0.000000000000000e+00 0.000000000000000e+00 2.276853449548356e-01 -3.286692359595848e-02 1.595305209955497e-01
1.479846654657530e-09 1.527399340297111e+04 0.000000000000000e+00 0.000000000000000e+00 2.305318905522801e-01 -3.324851191905047e-02 1.588230808778753e-01
1.483900623048185e-09 1.540303522467330e+04 0.000000000000000e+00 0.000000000000000e+00 2.333441871380832e-01 -3.362101875033336e-02 1.581261485103339e-01
1.487805413875639e-09 1.552732857705914e+04 0.000000000000000e+00 0.000000000000000e+00 2.360548091730601e-01 -3.397595438797873e-02 1.574563436765880e-01
1.491711345323136e-09 1.565165823650859e+04 0.000000000000000e+00 0.000000000000000e+00 2.387672977368187e-01 -3.432703796655232e-02 1.567879810982724e-01
1.495586146506361e-09 1.577499698887033e+04 0.000000000000000e+00 0.000000000000000e+00 2.414592798065654e-01 -3.467149655936962e-02 1.561266645002789e-01
1.499351649334838e-09 1.589485666654604e+04 0.000000000000000e+00 0.000000000000000e+00 2.440767009912756e-01 -3.500272637960507e-02 1.554857014349142e-01
1.503050914923097e-09 1.601260794738229e+04 0.000000000000000e+00 0.000000000000000e+00 2.466492799528196e-01 -3.532477330534996e-02 1.548577675922549e-01
1.506721648304127e-09 1.612945101985496e+04 0.000000000000000e+00 0.000000000000000e+00 2.492030989815567e-01 -3.564109863569155e-02 1.542365116556134e-01
1.510382394993004e-09 1.624597620604337e+04 0.000000000000000e+00 0.000000000000000e+00 2.517510463798627e-01 -3.595344929024390e-02 1.536188556131134e-01
1.514066588462871e-09 1.636324772645059e+04 0.000000000000000e+00 0.000000000000000e+00 2.543163710622853e-01 -3.626476593256567e-02 1.529992472960398e-01
1.517805201033580e-09 1.648225146063738e+04 0.000000000000000e+00 0.000000000000000e+00 2.569206837316535e-01 -3.657770207237458e-02 1.523725928634833e-01
1.521567143485569e-09 1.660199780800961e+04 0.000000000000000e+00 0.000000000000000e+00 2.595426614751145e-01 -3.688978002095969e-02 1.517441404852027e-01
1.525381566681424e-09 1.672341466934257e+04 0.000000000000000e+00 0.000000000000000e+00 2.622027586823018e-01 -3.720348500157242e-02 1.511090525329378e-01
1.529271486462275e-09 1.684723466161323e+04 0.000000000000000e+00 0.000000000000000e+00 2.649172409132918e-01 -3.752073357603935e-02 1.504635283194289e-01
1.533272321627623e-09 1.697458520022544e+04 0.000000000000000e+00 0.000000000000000e+00 2.677110549143241e-01 -3.784435893847653e-02 1.498017328880498e-01
1.537425269459495e-09 1.710677763539449e+04 0.000000000000000e+00 0.000000000000000e+00 2.706132619701387e-01 -3.817753704654156e-02 1.491169112090026e-01
1.541640621004367e-09 1.724095644244178e+04 0.000000000000000e+00 0.000000000000000e+00 2.735620520299251e-01 -3.851307675437415e-02 1.484237222526950e-01
1.545819944403102e-09 1.737398843797944e+04 0.000000000000000e+00 0.000000000000000e+00 2.764893575376318e-01 -3.884326088867344e-02 1.477380346302306e-01
1.549995058090108e-09 1.750688643423095e+04 0.000000000000000e+00 0.000000000000000e+00 2.794175689653234e-01 -3.917055412982582e-02 1.470543804850091e-01
1.554248308162571e-09 1.764227158887865e+04 0.000000000000000e+00 0.000000000000000e+00 2.824043923926582e-01 -3.950115289213749e-02 1.463591727513587e-01
1.558514338472975e-09 1.777806355113479e+04 0.000000000000000e+00 0.000000000000000e+00 2.854045264771385e-01 -3.982983823006437e-02 1.456629249977743e-01
1.562805167735027e-09 1.791464488853856e+04 0.000000000000000e+00 0.000000000000000e+00 2.884265974632009e-01 -4.015731057932646e-02 1.449635857685040e-01
1.567139723330809e-09 1.805261807837363e+04 0.000000000000000e+00 0.000000000000000e+00 2.914840877429054e-01 -4.048473250520782e-02 1.442580566094895e-01
1.571507607470617e-09 1.819165214871424e+04 0.000000000000000e+00 0.000000000000000e+00 2.945699350151321e-01 -4.081106044113359e-02 1.435480506134865e-01
1.575885806715142e-09 1.833101455903572e+04 0.000000000000000e+00 0.000000000000000e+00 2.976681446060965e-01 -4.113438272386898e-02 1.428373511189723e-01
1.580280809375556e-09 1.847091183869711e+04 0.000000000000000e+00 0.000000000000000e+00 3.007833919127603e-01 -4.145499586065002e-02 1.421250011077800e-01
1.584685166250208e-09 1.861110687224543e+04 0.000000000000000e+00 0.000000000000000e+00 3.039105179741442e-01 -4.177222813206329e-02 1.414123168394500e-01
1.589099485466613e-09 1.875161901698073e+04 0.000000000000000e+00 0.000000000000000e+00 3.070500098535113e-01 -4.208602991720136e-02 1.406993224356699e-01
1.593520965369355e-09 1.889235909344130e+04 0.000000000000000e+00 0.000000000000000e+00 3.101999246416585e-01 -4.239615018309524e-02 1.399865874916856e-01
1.597949107225247e-09 1.903331122645678e+04 0.000000000000000e+00 0.000000000000000e+00 3.133599258480618e-01 -4.270253281581560e-02 1.392742983665814e-01
1.602382672440664e-09 1.917443599036753e+04 0.000000000000000e+00 0.000000000000000e+00 3.165291345936430e-01 -4.300509708624770e-02 1.385627407218636e-01
1.606821145724023e-09 1.931571698293313e+04 0.000000000000000e+00 0.000000000000000e+00 3.197071678814911e-01 -4.330383003283019e-02 1.378520611537874e-01
1.611263914108268e-09 1.945713469280611e+04 0.000000000000000e+00 0.000000000000000e+00 3.228935574385753e-01 -4.359872312471540e-02 1.371423969956523e-01
1.615710629108751e-09 1.959867802737566e+04 0.000000000000000e+00 0.000000000000000e+00 3.260880081166157e-01 -4.388978939335851e-02 1.364338187112541e-01
1.620160975831921e-09 1.974033696326872e+04 0.000000000000000e+00 0.000000000000000e+00 3.292902344070925e-01 -4.417704206031629e-02 1.357263682146150e-01
1.624614754501382e-09 1.988210514140511e+04 0.000000000000000e+00 0.000000000000000e+00 3.325000195004236e-01 -4.446049464502176e-02 1.350200484829227e-01
1.629071809862861e-09 2.002397761988785e+04 0.000000000000000e+00 0.000000000000000e+00 3.357171659155013e-01 -4.474015231581818e-02 1.343148380571409e-01
1.633532044570919e-09 2.016595130011533e+04 0.000000000000000e+00 0.000000000000000e+00 3.389415063245209e-01 -4.501600973815239e-02 1.336106927504294e-01
1.637995394847364e-09 2.030802415196469e+04 0.000000000000000e+00 0.000000000000000e+00 3.421728875835976e-01 -4.528804777955641e-02 1.329075535812537e-01
1.642461829667188e-09 2.045019518787924e+04 0.000000000000000e+00 0.000000000000000e+00 3.454111718532856e-01 -4.555623295721757e-02 1.322053509917253e-01
1.646931341325593e-09 2.059246416260765e+04 0.000000000000000e+00 0.000000000000000e+00 3.486562317189629e-01 -4.582051763964708e-02 1.315040101083781e-01
1.651403943054656e-09 2.073483149734000e+04 0.000000000000000e+00 0.000000000000000e+00 3.519079504864953e-01 -4.608084183060154e-02 1.308034542682784e-01
1.655879664997084e-09 2.087729815154847e+04 0.000000000000000e+00 0.000000000000000e+00 3.551662212724054e-01 -4.633713574281043e-02 1.301036079008503e-01
1.660358552287465e-09 2.101986556191156e+04 0.000000000000000e+00 0.000000000000000e+00 3.584309474507893e-01 -4.658932297011384e-02 1.294043980218495e-01
1.664840662562143e-09 2.116253556305116e+04 0.000000000000000e+00 0.000000000000000e+00 3.617020424094274e-01 -4.683732361702639e-02 1.287057547805310e-01
1.669326063489786e-09 2.130531030892785e+04 0.000000000000000e+00 0.000000000000000e+00 3.649794289800276e-01 -4.708105697067848e-02 1.280076111878103e-01
1.673814829475739e-09 2.144819216793729e+04 0.000000000000000e+00 0.000000000000000e+00 3.682630379153027e-01 -4.732044336460646e-02 1.273099025225370e-01
1.678307037965554e-09 2.159118360524797e+04 0.000000000000000e+00 0.000000000000000e+00 3.715528057289908e-01 -4.755540515975901e-02 1.266125657504513e-01
1.682802765777106e-09 2.173428706604879e+04 0.000000000000000e+00 0.000000000000000e+00 3.748486722125483e-01 -4.778586695636219e-02 1.259155392035975e-01
1.687302086312102e-09 2.187750488678872e+04 0.000000000000000e+00 0.000000000000000e+00 3.781505782323192e-01 -4.801175528206195e-02 1.252187625390188e-01
1.691805068223283e-09 2.202083925275228e+04 0.000000000000000e+00 0.000000000000000e+00 3.814584642100333e-01 -4.823299799602480e-02 1.245221768738988e-01
1.696311775719232e-09 2.216429220776218e+04 0.000000000000000e+00 0.000000000000000e+00 3.847722694355307e-01 -4.844952356193719e-02 1.238257249608923e-01
1.700822270122800e-09 2.230786570378543e+04 0.000000000000000e+00 0.000000000000000e+00 3.880919320222482e-01 -4.866126022955770e-02 1.231293513595607e-01
1.705336611924449e-09 2.245156166629318e+04 0.000000000000000e+00 0.000000000000000e+00 3.914173891438737e-01 -4.886813510453575e-02 1.224330026978281e-01
1.709854862487332e-09 2.259538204853532e+04 0.000000000000000e+00 0.000000000000000e+00 3.947485772209619e-01 -4.907007312081432e-02 1.217366282222966e-01
1.714377084847323e-09 2.273932885700595e+04 0.000000000000000e+00 0.000000000000000e+00 3.980854319659461e-01 -4.926699605330127e-02 1.210401808222213e-01
1.718903343582472e-09 2.288340414728831e+04 0.000000000000000e+00 0.000000000000000e+00 4.014278885028366e-01 -4.945882185347443e-02 1.203436185488085e-01
1.723433704308058e-09 2.302761000798162e+04 0.000000000000000e+00 0.000000000000000e+00 4.047758819986338e-01 -4.964546465064407e-02 1.196469063727127e-01
1.727968233750991e-09 2.317194856306931e+04 0.000000000000000e+00 0.000000000000000e+00 4.081293492629340e-01 -4.982683563682559e-02 1.189500176395147e-01
1.732507001316198e-09 2.331642202177886e+04 0.000000000000000e+00 0.000000000000000e+00 4.114882315312046e-01 -5.000284472610291e-02 1.182529345713854e-01
1.737050082341802e-09 2.346103278219725e+04 0.000000000000000e+00 0.000000000000000e+00 4.148524781028265e-01 -5.017340247629393e-02 1.175556473889544e-01
1.741597561944980e-09 2.360578355368831e+04 0.000000000000000e+00 0.000000000000000e+00 4.182220497530819e-01 -5.033842152144428e-02 1.168581521870613e-01
1.746132291256912e-09 2.375012847080385e+04 0.000000000000000e+00 0.000000000000000e+00 4.215842087180412e-01 -5.049723956224093e-02 1.161630727317904e-01
1.750672658956089e-09 2.389465286335961e+04 0.000000000000000e+00 0.000000000000000e+00 4.249524093259456e-01 -5.065042513656786e-02 1.154676205977641e-01
1.755165569376154e-09 2.403766664380410e+04 0.000000000000000e+00 0.000000000000000e+00 4.282873763323451e-01 -5.079624763641502e-02 1.147798838951262e-01
1.759681093720232e-09 2.418140024780646e+04 0.000000000000000e+00 0.000000000000000e+00 4.316407215098059e-01 -5.093688947409161e-02 1.140892123962765e-01
1.764246128218729e-09 2.432670980897064e+04 0.000000000000000e+00 0.000000000000000e+00 4.350322223450329e-01 -5.107295665988849e-02 1.133915557025812e-01
1.768801586910511e-09 2.447171456274023e+04 0.000000000000000e+00 0.000000000000000e+00 4.384181542038496e-01 -5.120259052237743e-02 1.126959128386354e-01
1.773374765836721e-09 2.461728336909023e+04 0.000000000000000e+00 0.000000000000000e+00 4.418186145336656e-01 -5.132643951548292e-02 1.119981535340964e-01
1.777950727154599e-09 2.476294074171777e+04 0.000000000000000e+00 0.000000000000000e+00 4.452224791338065e-01 -5.144398471602896e-02 1.113005582120466e-01
1.782536385687054e-09 2.490890678627209e+04 0.000000000000000e+00 0.000000000000000e+00 4.486347805531245e-01 -5.155527941735095e-02 1.106020906114781e-01
1.787127694271305e-09 2.505505267756085e+04 0.000000000000000e+00 0.000000000000000e+00 4.520524382161689e-01 -5.166010306301614e-02 1.099033746680688e-01
1.791726362992553e-09 2.520143284928659e+04 0.000000000000000e+00 0.000000000000000e+00 4.554766292274100e-01 -5.175836978725931e-02 1.092041616302426e-01
1.796331281079444e-09 2.534801194449900e+04 0.000000000000000e+00 0.000000000000000e+00 4.589064397836240e-01 -5.184993255212309e-02 1.085046295436538e-01
1.800942872769345e-09 2.549480346709285e+04 0.000000000000000e+00 0.000000000000000e+00 4.623420913302449e-01 -5.193467851487672e-02 1.078047254649994e-01
1.805560852695760e-09 2.564179833357046e+04 0.000000000000000e+00 0.000000000000000e+00 4.657832792449580e-01 -5.201248554999181e-02 1.071045059042621e-01
1.810185358059333e-09 2.578900091116401e+04 0.000000000000000e+00 0.000000000000000e+00 4.692300129076703e-01 -5.208324474837529e-02 1.064039671991568e-01
1.814816359216737e-09 2.593641025629701e+04 0.000000000000000e+00 0.000000000000000e+00 4.726821801534443e-01 -5.214685148882510e-02 1.057031357284071e-01
1.819453951726362e-09 2.608402941068758e+04 0.000000000000000e+00 0.000000000000000e+00 4.761397648655167e-01 -5.220321078812316e-02 1.050020251287190e-01
1.824098199533187e-09 2.623186040976756e+04 0.000000000000000e+00 0.000000000000000e+00 4.796027315988607e-01 -5.225223557861456e-02 1.043006609717299e-01
1.828749208488763e-09 2.637990662289648e+04 0.000000000000000e+00 0.000000000000000e+00 4.830710806536797e-01 -5.229384784436605e-02 1.035990705245428e-01
1.833407083263261e-09 2.652817138182936e+04 0.000000000000000e+00 0.000000000000000e+00 4.865448162179406e-01 -5.232797820090572e-02 1.028972896854054e-01
1.838071944917790e-09 2.667665854006098e+04 0.000000000000000e+00 0.000000000000000e+00 4.900239588749309e-01 -5.235456603059523e-02 1.021953603438522e-01
1.842743918660228e-09 2.682537208308190e+04 0.000000000000000e+00 0.000000000000000e+00 4.935085351666949e-01 -5.237355938596769e-02 1.014933316455170e-01
1.847423137968173e-09 2.697431625961599e+04 0.000000000000000e+00 0.000000000000000e+00 4.969985782877461e-01 -5.238491516748602e-02 1.007912581449850e-01
1.852109741309426e-09 2.712349547723027e+04 0.000000000000000e+00 0.000000000000000e+00 5.004941222026192e-01 -5.238859959052866e-02 1.000891983196930e-01
1.856803873210514e-09 2.727291433634697e+04 0.000000000000000e+00 0.000000000000000e+00 5.039951980712336e-01 -5.238458920409694e-02 9.938721158493923e-02
1.861505683074625e-09 2.742257759261727e+04 0.000000000000000e+00 0.000000000000000e+00 5.075018285962317e-01 -5.237287259297612e-02 9.868535466039777e-02
1.866215965759347e-09 2.757251054714401e+04 0.000000000000000e+00 0.000000000000000e+00 5.110144986262246e-01 -5.235344906960299e-02 9.798358195054956e-02
1.870819343975642e-09 2.771904062675298e+04 0.000000000000000e+00 0.000000000000000e+00 5.144475391711796e-01 -5.232716963983270e-02 9.729897209644306e-02
1.875340401446181e-09 2.786295035564073e+04 0.000000000000000e+00 0.000000000000000e+00 5.178191070495582e-01 -5.229437244443467e-02 9.662782705720685e-02
1.879715600892670e-09 2.800221727942509e+04 0.000000000000000e+00 0.000000000000000e+00 5.210819598997259e-01 -5.225615018047965e-02 9.597942070473811e-02
1.884059883581251e-09 2.814050009224032e+04 0.000000000000000e+00 0.000000000000000e+00 5.243212665339027e-01 -5.221187790086836e-02 9.533672580567612e-02
1.888357558020128e-09 2.827729931838972e+04 0.000000000000000e+00 0.000000000000000e+00 5.275252244600152e-01 -5.216196971517691e-02 9.470197757521519e-02
1.892666966929045e-09 2.841447206432140e+04 0.000000000000000e+00 0.000000000000000e+00 5.307369563352746e-01 -5.210583408636408e-02 9.406653273260873e-02
1.897016317364040e-09 2.855291618851506e+04 0.000000000000000e+00 0.000000000000000e+00 5.339771806410799e-01 -5.204299888165348e-02 9.342620351097093e-02
1.901456601006165e-09 2.869425480658991e+04 0.000000000000000e+00 0.000000000000000e+00 5.372834501978688e-01 -5.197239964987925e-02 9.277351137670360e-02
1.905469928498389e-09 2.882200298831672e+04 0.000000000000000e+00 0.000000000000000e+00 5.402719720520397e-01 -5.190323721657110e-02 9.218399665980033e-02
1.909321086461478e-09 2.894458915360738e+04 0.000000000000000e+00 0.000000000000000e+00 5.431391440544743e-01 -5.183186388572588e-02 9.161883105524356e-02
1.912964783668239e-09 2.906057163792463e+04 0.000000000000000e+00 0.000000000000000e+00 5.458513935481765e-01 -5.175982745966545e-02 9.108458375452431e-02
1.916502933033432e-09 2.917319443009821e+04 0.000000000000000e+00 0.000000000000000e+00 5.484842781443288e-01 -5.168563498877845e-02 9.056637982366558e-02
1.919967085947812e-09 2.928346184208815e+04 0.000000000000000e+00 0.000000000000000e+00 5.510611473572928e-01 -5.160896270114906e-02 9.005965619342365e-02
1.923388951164501e-09 2.939238319485422e+04 0.000000000000000e+00 0.000000000000000e+00 5.536054506824184e-01 -5.152934783662962e-02 8.955985056996867e-02
1.926764455947808e-09 2.949982884919295e+04 0.000000000000000e+00 0.000000000000000e+00 5.561141257575152e-01 -5.144710350669023e-02 8.906761222651577e-02
1.930110689364613e-09 2.960634276699771e+04 0.000000000000000e+00 0.000000000000000e+00 5.585997873355323e-01 -5.136200381870131e-02 8.858051360432437e-02
1.933408653383219e-09 2.971132022213778e+04 0.000000000000000e+00 0.000000000000000e+00 5.610483448806851e-01 -5.127474317221876e-02 8.810134756103301e-02
1.936718263334989e-09 2.981666837884385e+04 0.000000000000000e+00 0.000000000000000e+00 5.635040683508156e-01 -5.118384777338762e-02 8.762149535703054e-02
1.940057086897825e-09 2.992294643367124e+04 0.000000000000000e+00 0.000000000000000e+00 5.659798282505076e-01 -5.108885563692418e-02 8.713849560274102e-02
1.943465344690334e-09 3.003143464867310e+04 0.000000000000000e+00 0.000000000000000e+00 5.685051669571588e-01 -5.098855065222321e-02 8.664665206296403e-02
1.946974717089214e-09 3.014314144155951e+04 0.000000000000000e+00 0.000000000000000e+00 5.711032135828914e-01 -5.088183107350076e-02 8.614154256883970e-02
1.950627713618226e-09 3.025941993249745e+04 0.000000000000000e+00 0.000000000000000e+00 5.738049553871766e-01 -5.076712078701794e-02 8.561724486479860e-02
1.954471915758016e-09 3.038178468705588e+04 0.000000000000000e+00 0.000000000000000e+00 5.766449262143524e-01 -5.064250026462436e-02 8.506718466177415e-02
1.958503739321761e-09 3.051012161702475e+04 0.000000000000000e+00 0.000000000000000e+00 5.796198508760051e-01 -5.050760386543822e-02 8.449211674970432e-02
1.962620553982390e-09 3.064116389763121e+04 0.000000000000000e+00 0.000000000000000e+00 5.826537968518029e-01 -5.036557284326216e-02 8.390675291993849e-02
1.966714340666765e-09 3.077147317498762e+04 0.000000000000000e+00 0.000000000000000e+00 5.856672620075873e-01 -5.022013791654246e-02 8.332635422367315e-02
1.970751120545271e-09 3.089996786935525e+04 0.000000000000000e+00 0.000000000000000e+00 5.886352765875326e-01 -5.007266243167165e-02 8.275560062925424e-02
1.974751719947545e-09 3.102731090339574e+04 0.000000000000000e+00 0.000000000000000e+00 5.915729997576854e-01 -4.992252020672423e-02 8.219145518861171e-02
1.978733793013166e-09 3.115406422582507e+04 0.000000000000000e+00 0.000000000000000e+00 5.944931561761982e-01 -4.976912064405404e-02 8.163137070047989e-02
1.982630139533756e-09 3.127808878757522e+04 0.000000000000000e+00 0.000000000000000e+00 5.973465434560175e-01 -4.961522650746835e-02 8.108466337558452e-02
1.986526479070100e-09 3.140211312700992e+04 0.000000000000000e+00 0.000000000000000e+00 6.001955162955870e-01 -4.945751114453199e-02 8.053931122881031e-02
1.990405182152211e-09 3.152557608067066e+04 0.000000000000000e+00 0.000000000000000e+00 6.030269313493950e-01 -4.929669907639797e-02 7.999776609131758e-02
1.994215856874068e-09 3.164687362437044e+04 0.000000000000000e+00 0.000000000000000e+00 6.058039838129280e-01 -4.913499360197635e-02 7.946700016337845e-02
1.998036509227828e-09 3.176848876595776e+04 0.000000000000000e+00 0.000000000000000e+00 6.085830897068581e-01 -4.896909465749655e-02 7.893620652093139e-02
2.001884779849602e-09 3.189098302431991e+04 0.000000000000000e+00 0.000000000000000e+00 6.113766169109133e-01 -4.879814241001901e-02 7.840301701255374e-02
2.005754427401887e-09 3.201415773151382e+04 0.000000000000000e+00 0.000000000000000e+00 6.141796225787575e-01 -4.862231509460749e-02 7.786837947906068e-02
2.009584698430477e-09 3.213607904503018e+04 0.000000000000000e+00 0.000000000000000e+00 6.169480309524050e-01 -4.844440164392633e-02 7.734069666904386e-02
2.013419055008778e-09 3.225813040563287e+04 0.000000000000000e+00 0.000000000000000e+00 6.197129681912639e-01 -4.826239835971144e-02 7.681405643588143e-02
2.017257119843533e-09 3.238029980370457e+04 0.000000000000000e+00 0.000000000000000e+00 6.224739056123637e-01 -4.807631137718291e-02 7.628858616514556e-02
2.021127661118633e-09 3.250350295897925e+04 0.000000000000000e+00 0.000000000000000e+00 6.252511435751726e-01 -4.788469388206228e-02 7.576046458141190e-02
2.025049289063255e-09 3.262833225345003e+04 0.000000000000000e+00 0.000000000000000e+00 6.280575462278496e-01 -4.768652417870978e-02 7.522729933428769e-02
2.029049787688545e-09 3.275567207965945e+04 0.000000000000000e+00 0.000000000000000e+00 6.309123470405607e-01 -4.748024255778446e-02 7.468550570957240e-02
2.033034384181664e-09 3.288250572528077e+04 0.000000000000000e+00 0.000000000000000e+00 6.337478323183775e-01 -4.727075269190600e-02 7.414796770009731e-02
2.037071415319658e-09 3.301100841748631e+04 0.000000000000000e+00 0.000000000000000e+00 6.366121918545743e-01 -4.705446088938365e-02 7.360560452109190e-02
2.041080780578811e-09 3.313863047741733e+04 0.000000000000000e+00 0.000000000000000e+00 6.394486145415548e-01 -4.683576138972907e-02 7.306919197082375e-02
2.045134955860125e-09 3.326767888465375e+04 0.000000000000000e+00 0.000000000000000e+00 6.423080091055309e-01 -4.661076003568840e-02 7.252913995275791e-02
2.049228983337675e-09 3.339799582669497e+04 0.000000000000000e+00 0.000000000000000e+00 6.451865055430590e-01 -4.637975114764473e-02 7.198621075869585e-02
2.053398658082329e-09 3.353072069603439e+04 0.000000000000000e+00 0.000000000000000e+00 6.481086838009897e-01 -4.614068895718464e-02 7.143580364788332e-02
2.057657884347524e-09 3.366629607880491e+04 0.000000000000000e+00 0.000000000000000e+00 6.510835835585571e-01 -4.589270997702873e-02 7.087624512779610e-02
2.061958449859661e-09 3.380318733067435e+04 0.000000000000000e+00 0.000000000000000e+00 6.540771353036748e-01 -4.563863518934551e-02 7.031393008175525e-02
2.066196713826600e-09 3.393809546276766e+04 0.000000000000000e+00 0.000000000000000e+00 6.570175342567993e-01 -4.538480623616948e-02 6.976225948075547e-02
2.070426004980271e-09 3.407271798134398e+04 0.000000000000000e+00 0.000000000000000e+00 6.599418528778510e-01 -4.512822293987281e-02 6.921419078366994e-02
2.074634747138514e-09 3.420668640508071e+04 0.000000000000000e+00 0.000000000000000e+00 6.628421769733364e-01 -4.486975143258889e-02 6.867110312382765e-02
2.078853472182862e-09 3.434097259395141e+04 0.000000000000000e+00 0.000000000000000e+00 6.657394493773938e-01 -4.460762595579278e-02 6.812897035064443e-02
2.083066754278469e-09 3.447508552838270e+04 0.000000000000000e+00 0.000000000000000e+00 6.686230489474101e-01 -4.434290294956057e-02 6.758965984994462e-02
2.087309396407328e-09 3.461013302169826e+04 0.000000000000000e+00 0.000000000000000e+00 6.715165599107220e-01 -4.407343808272665e-02 6.704864543335831e-02
2.091592933766136e-09 3.474648225061288e+04 0.000000000000000e+00 0.000000000000000e+00 6.744275004176806e-01 -4.379849543034781e-02 6.650439954867170e-02
2.095942881129645e-09 3.488494537563129e+04 0.000000000000000e+00 0.000000000000000e+00 6.773726769343461e-01 -4.351638366810320e-02 6.595365653659391e-02
2.100347213519527e-09 3.502513962980518e+04 0.000000000000000e+00 0.000000000000000e+00 6.803434605216140e-01 -4.322782525532165e-02 6.539789544914655e-02
2.104676982992861e-09 3.516296047263109e+04 0.000000000000000e+00 0.000000000000000e+00 6.832532656793410e-01 -4.294138155507157e-02 6.485317208570875e-02
2.108927039203012e-09 3.529824396348388e+04 0.000000000000000e+00 0.000000000000000e+00 6.860991974502131e-01 -4.265756649882788e-02 6.431993949638468e-02
2.113129586414204e-09 3.543201519593152e+04 0.000000000000000e+00 0.000000000000000e+00 6.889031565941733e-01 -4.237436345974212e-02 6.379402507281211e-02
2.117310881485398e-09 3.556510995175278e+04 0.000000000000000e+00 0.000000000000000e+00 6.916827799719534e-01 -4.209008908030302e-02 6.327205273984919e-02
2.121499209484395e-09 3.569842857261888e+04 0.000000000000000e+00 0.000000000000000e+00 6.944567754746537e-01 -4.180285861495225e-02 6.275043810378991e-02
2.125517503816410e-09 3.582633485376657e+04 0.000000000000000e+00 0.000000000000000e+00 6.971088478735679e-01 -4.152504530370697e-02 6.225098870577795e-02
2.129503703677794e-09 3.595321953618488e+04 0.000000000000000e+00 0.000000000000000e+00 6.997303708298834e-01 -4.124724801980359e-02 6.175651122460280e-02
2.133444587417282e-09 3.607866176164285e+04 0.000000000000000e+00 0.000000000000000e+00 7.023128741094196e-01 -4.097048467360231e-02 6.126856422376719e-02
2.137407352391981e-09 3.620480048844982e+04 0.000000000000000e+00 0.000000000000000e+00 7.049002316139654e-01 -4.069005861752664e-02 6.077882070797407e-02
2.141422959381595e-09 3.633262122883209e+04 0.000000000000000e+00 0.000000000000000e+00 7.075122126171175e-01 -4.040373793366579e-02 6.028346599212976e-02
2.145472231377001e-09 3.646151355963060e+04 0.000000000000000e+00 0.000000000000000e+00 7.101359686876808e-01 -4.011285184451700e-02 5.978485372232211e-02
2.149523458592610e-09 3.659046812702112e+04 0.000000000000000e+00 0.000000000000000e+00 7.127508055216073e-01 -3.981967567497915e-02 5.928685422251706e-02
2.153613455512042e-09 3.672065677241274e+04 0.000000000000000e+00 0.000000000000000e+00 7.153801509373473e-01 -3.952151068512057e-02 5.878495720991511e-02
2.157746942985614e-09 3.685222976513824e+04 0.000000000000000e+00 0.000000000000000e+00 7.180266056753940e-01 -3.921795606351802e-02 5.827860136548660e-02
2.161948963027757e-09 3.698598421727389e+04 0.000000000000000e+00 0.000000000000000e+00 7.207055897398239e-01 -3.890708369238146e-02 5.776476770521466e-02
2.166236164481170e-09 3.712245007794217e+04 0.000000000000000e+00 0.000000000000000e+00 7.234269346503247e-01 -3.858754264092430e-02 5.724148737618856e-02
2.170631923405861e-09 3.726237143024314e+04 0.000000000000000e+00 0.000000000000000e+00 7.262044856340517e-01 -3.825743759053981e-02 5.670600168359741e-02
2.175119998692044e-09 3.740523130359609e+04 0.000000000000000e+00 0.000000000000000e+00 7.290270302467352e-01 -3.791784435160196e-02 5.616036864645259e-02
2.179460401447350e-09 3.754339061429939e+04 0.000000000000000e+00 0.000000000000000e+00 7.317443953892691e-01 -3.758705688051471e-02 5.563360833054439e-02
2.183769661862658e-09 3.768055863353270e+04 0.000000000000000e+00 0.000000000000000e+00 7.344299858956400e-01 -3.725630048896043e-02 5.511159751658456e-02
2.188001227941860e-09 3.781525356523771e+04 0.000000000000000e+00 0.000000000000000e+00 7.370552908468155e-01 -3.692926592112201e-02 5.459992278225498e-02
2.192203355277164e-09 3.794901143262075e+04 0.000000000000000e+00 0.000000000000000e+00 7.396505320804574e-01 -3.660230469385951e-02 5.409275278792181e-02
2.196331176000070e-09 3.808040404707029e+04 0.000000000000000e+00 0.000000000000000e+00 7.421884836431333e-01 -3.627901198459051e-02 5.359545376886704e-02
2.200410233072414e-09 3.821024446631377e+04 0.000000000000000e+00 0.000000000000000e+00 7.446852744336433e-01 -3.595747516417210e-02 5.310493282182377e-02
2.204462139280410e-09 3.833922064670324e+04 0.000000000000000e+00 0.000000000000000e+00 7.471543732856344e-01 -3.563604159165551e-02 5.261859152025326e-02
2.208529406413629e-09 3.846868578052863e+04 0.000000000000000e+00 0.000000000000000e+00 7.496216212304050e-01 -3.531133295270762e-02 5.213136505741764e-02
2.212538134107431e-09 3.859628754612421e+04 0.000000000000000e+00 0.000000000000000e+00 7.520425128094079e-01 -3.498929292326374e-02 5.165207255958336e-02
2.216557065406327e-09 3.872421410255742e+04 0.000000000000000e+00 0.000000000000000e+00 7.544586207035711e-01 -3.466439738316367e-02 5.117253895739898e-02
2.220584439949373e-09 3.885240941579908e+04 0.000000000000000e+00 0.000000000000000e+00 7.568688071553160e-01 -3.433675536852548e-02 5.069301213501466e-02
2.224625941488552e-09 3.898105440529384e+04 0.000000000000000e+00 0.000000000000000e+00 7.592763678470391e-01 -3.400585685387847e-02 5.021286544535872e-02
2.228634823549531e-09 3.910866108454930e+04 0.000000000000000e+00 0.000000000000000e+00 7.616536317034951e-01 -3.367551727830286e-02 4.973766691785304e-02
2.232638904421635e-09 3.923611493721631e+04 0.000000000000000e+00 0.000000000000000e+00 7.640172048666986e-01 -3.334341797131934e-02 4.926417411787442e-02
2.236632193096437e-09 3.936322526357383e+04 0.000000000000000e+00 0.000000000000000e+00 7.663636378599743e-01 -3.301001872588489e-02 4.879315625157023e-02
2.240629198178175e-09 3.949045388683825e+04 0.000000000000000e+00 0.000000000000000e+00 7.687014761686826e-01 -3.267405691211957e-02 4.832299202335691e-02
2.244636683040483e-09 3.961801609187867e+04 0.000000000000000e+00 0.000000000000000e+00 7.710346338100069e-01 -3.233490042159693e-02 4.785299743347313e-02
2.248640232189271e-09 3.974545301926686e+04 0.000000000000000e+00 0.000000000000000e+00 7.733547633204353e-01 -3.199372426023277e-02 4.738497078051914e-02
2.252529272751639e-09 3.986924502514402e+04 0.000000000000000e+00 0.000000000000000e+00 7.755985305636831e-01 -3.166004657149327e-02 4.693182625621500e-02
2.256394990459096e-09 3.999229464149196e+04 0.000000000000000e+00 0.000000000000000e+00 7.778189886079088e-01 -3.132611840071842e-02 4.648299969763447e-02
2.260235257782951e-09 4.011453414696911e+04 0.000000000000000e+00 0.000000000000000e+00 7.800151705204094e-01 -3.099216574847388e-02 4.603879581841217e-02
2.264071515448856e-09 4.023664602106972e+04 0.000000000000000e+00 0.000000000000000e+00 7.821994806769835e-01 -3.065635702525696e-02 4.559680076020129e-02
2.267868238742318e-09 4.035749947701103e+04 0.000000000000000e+00 0.000000000000000e+00 7.843519872309239e-01 -3.032187086951372e-02 4.516112292877294e-02
2.271654748805723e-09 4.047802783574267e+04 0.000000000000000e+00 0.000000000000000e+00 7.864895125019501e-01 -2.998619156785114e-02 4.472842459313345e-02
2.275476903841143e-09 4.059969080917280e+04 0.000000000000000e+00 0.000000000000000e+00 7.886378188121254e-01 -2.964526773736234e-02 4.429354719598950e-02
2.279382867003876e-09 4.072402147814955e+04 0.000000000000000e+00 0.000000000000000e+00 7.908234753588788e-01 -2.929475404931734e-02 4.385116601170375e-02
2.283241916312755e-09 4.084685883277824e+04 0.000000000000000e+00 0.000000000000000e+00 7.929734333441377e-01 -2.894644497529661e-02 4.341610396369670e-02
2.287104476468066e-09 4.096980794111975e+04 0.000000000000000e+00 0.000000000000000e+00 7.951158565493519e-01 -2.859587764861587e-02 4.298271556236940e-02
2.290948731218344e-09 4.109217437032200e+04 0.000000000000000e+00 0.000000000000000e+00 7.972386905028821e-01 -2.824512504624985e-02 4.255349186760022e-02
2.294772438599766e-09 4.121388675646005e+04 0.000000000000000e+00 0.000000000000000e+00 7.993407691049058e-01 -2.789450337960572e-02 4.212872859820745e-02
2.298533186792775e-09 4.133359508938833e+04 0.000000000000000e+00 0.000000000000000e+00 8.013990515155720e-01 -2.754805504195251e-02 4.171314028279137e-02
2.302260393680251e-09 4.145223576940191e+04 0.000000000000000e+00 0.000000000000000e+00 8.034298213222951e-01 -2.720321788999527e-02 4.130350671760061e-02
2.305952343408097e-09 4.156975417916861e+04 0.000000000000000e+00 0.000000000000000e+00 8.054322520746037e-01 -2.686029170075796e-02 4.090006651793063e-02
2.309626228977095e-09 4.168669758890062e+04 0.000000000000000e+00 0.000000000000000e+00 8.074156785434002e-01 -2.651781037837136e-02 4.050101698241906e-02
2.313290896925038e-09 4.180334759264173e+04 0.000000000000000e+00 0.000000000000000e+00 8.093847931176024e-01 -2.617507124420468e-02 4.010549705150603e-02
2.316961698700093e-09 4.192019284216383e+04 0.000000000000000e+00 0.000000000000000e+00 8.113476537510838e-01 -2.583075045171349e-02 3.971197662875069e-02
2.320650981410427e-09 4.203762635812643e+04 0.000000000000000e+00 0.000000000000000e+00 8.133105640568111e-01 -2.548379293916940e-02 3.931928609146657e-02
2.324372371166484e-09 4.215608187309606e+04 0.000000000000000e+00 0.000000000000000e+00 8.152803645440984e-01 -2.513301182813703e-02 3.892615749720141e-02
2.328137981630441e-09 4.227594497691552e+04 0.000000000000000e+00 0.000000000000000e+00 8.172629473460281e-01 -2.477735218539674e-02 3.853152317749655e-02
2.331959431844978e-09 4.239758551520015e+04 0.000000000000000e+00 0.000000000000000e+00 8.192638008360817e-01 -2.441579623501111e-02 3.813440855753271e-02
2.335846927275570e-09 4.252132833800530e+04 0.000000000000000e+00 0.000000000000000e+00 8.212875343404480e-01 -2.404745152544356e-02 3.773402884303537e-02
2.339809435466239e-09 4.264745889112273e+04 0.000000000000000e+00 0.000000000000000e+00 8.233379839305730e-01 -2.367153590129131e-02 3.732976998072227e-02
2.343766224036245e-09 4.277340738305994e+04 0.000000000000000e+00 0.000000000000000e+00 8.253730180510982e-01 -2.329579838828772e-02 3.693004364337008e-02
2.347723039296719e-09 4.289935672458109e+04 0.000000000000000e+00 0.000000000000000e+00 8.273954829562548e-01 -2.291976603368836e-02 3.653436138684221e-02
2.351675753364614e-09 4.302517552108799e+04 0.000000000000000e+00 0.000000000000000e+00 8.294031832842376e-01 -2.254389921591541e-02 3.614322049632406e-02
2.355623583177895e-09 4.315083884694182e+04 0.000000000000000e+00 0.000000000000000e+00 8.313956748888507e-01 -2.216833493774849e-02 3.575676753378387e-02
2.359551689709229e-09 4.327587436123250e+04 0.000000000000000e+00 0.000000000000000e+00 8.333655393502222e-01 -2.179454655355215e-02 3.537648135848605e-02
2.363505803361254e-09 4.340173770788589e+04 0.000000000000000e+00 0.000000000000000e+00 8.353355585893883e-01 -2.141823023985627e-02 3.499801665900479e-02
2.367423249783174e-09 4.352643390035514e+04 0.000000000000000e+00 0.000000000000000e+00 8.372746078005919e-01 -2.104541755985876e-02 3.462736885420643e-02
2.371280010978725e-09 4.364919842207450e+04 0.000000000000000e+00 0.000000000000000e+00 8.391712826201708e-01 -2.067844641472642e-02 3.426665321911983e-02
2.375117713703932e-09 4.377135629384131e+04 0.000000000000000e+00 0.000000000000000e+00 8.410463607322108e-01 -2.031339268198101e-02 3.391184514716919e-02
2.378946838524681e-09 4.389324112242892e+04 0.000000000000000e+00 0.000000000000000e+00 8.429050559213898e-01 -1.994930034737424e-02 3.356189251859008e-02
2.382794161959450e-09 4.401570523089226e+04 0.000000000000000e+00 0.000000000000000e+00 8.447602556348366e-01 -1.958365635608167e-02 3.321430145690874e-02
2.386677594170347e-09 4.413931871739760e+04 0.000000000000000e+00 0.000000000000000e+00 8.466202751783212e-01 -1.921478532809705e-02 3.286744599776398e-02
2.390576385502946e-09 4.426342109993098e+04 0.000000000000000e+00 0.000000000000000e+00 8.484749119803205e-01 -1.884467320464518e-02 3.252312982714854e-02
2.394372836977824e-09 4.438426590361805e+04 0.000000000000000e+00 0.000000000000000e+00 8.502687093722472e-01 -1.848448673686773e-02 3.219145259402447e-02
2.398095323136087e-09 4.450275631815380e+04 0.000000000000000e+00 0.000000000000000e+00 8.520158298464637e-01 -1.813147320702645e-02 3.186957406379196e-02
2.401744034629529e-09 4.461889841217329e+04 0.000000000000000e+00 0.000000000000000e+00 8.537169767572209e-01 -1.778555447302053e-02 3.155718248526606e-02
2.405305821179920e-09 4.473227359931990e+04 0.000000000000000e+00 0.000000000000000e+00 8.553666755729959e-01 -1.744792151562191e-02 3.125512644486948e-02
2.408768935365864e-09 4.484250794755681e+04 0.000000000000000e+00 0.000000000000000e+00 8.569602235134921e-01 -1.711964492291658e-02 3.096413115358192e-02
2.412116993951896e-09 4.494907996230245e+04 0.000000000000000e+00 0.000000000000000e+00 8.584909248064884e-01 -1.680225509197643e-02 3.068529674078795e-02
2.415369357622977e-09 4.505260591329948e+04 0.000000000000000e+00 0.000000000000000e+00 8.599684019772706e-01 -1.649390792132880e-02 3.041676377252294e-02
2.418547295070497e-09 4.515376280402140e+04 0.000000000000000e+00 0.000000000000000e+00 8.614028988159864e-01 -1.619259151111892e-02 3.015658007422645e-02
2.421680414560774e-09 4.525349309485644e+04 0.000000000000000e+00 0.000000000000000e+00 8.628081363081999e-01 -1.589550855241166e-02 2.990217964708212e-02
2.424798103065271e-09 4.535273220215872e+04 0.000000000000000e+00 0.000000000000000e+00 8.641974060195692e-01 -1.559988470107702e-02 2.965109008368722e-02
2.427931483466701e-09 4.545247079805370e+04 0.000000000000000e+00 0.000000000000000e+00 8.655844347249858e-01 -1.530278093110590e-02 2.940077439407677e-02
2.431112123709344e-09 4.555371372141644e+04 0.000000000000000e+00 0.000000000000000e+00 8.669827854199712e-01 -1.500121685102759e-02 2.914873881286108e-02
2.434373552980846e-09 4.565752823943725e+04 0.000000000000000e+00 0.000000000000000e+00 8.684064909830672e-01 -1.469202992100667e-02 2.889241903330327e-02
2.437691809232491e-09 4.576315161641622e+04 0.000000000000000e+00 0.000000000000000e+00 8.698443927281416e-01 -1.437752296494102e-02 2.863379329586021e-02
2.441128616966956e-09 4.587254860429555e+04 0.000000000000000e+00 0.000000000000000e+00 8.713222649157589e-01 -1.405188100609787e-02 2.836821346206053e-02
2.444588474964218e-09 4.598267930482759e+04 0.000000000000000e+00 0.000000000000000e+00 8.727983901010559e-01 -1.372423024467396e-02 2.810317008817115e-02
2.448105496289999e-09 4.609462957061912e+04 0.000000000000000e+00 0.000000000000000e+00 8.742868650824034e-01 -1.339142346134523e-02 2.783614588635748e-02
2.451672511153330e-09 4.620817118013540e+04 0.000000000000000e+00 0.000000000000000e+00 8.757841067937561e-01 -1.305426888463316e-02 2.756781833923892e-02
2.455311153214292e-09 4.632399275416423e+04 0.000000000000000e+00 0.000000000000000e+00 8.772985468620338e-01 -1.271089596708882e-02 2.729673272709757e-02
2.458993406911099e-09 4.644120252967728e+04 0.000000000000000e+00 0.000000000000000e+00 8.788179631982541e-01 -1.236417871125730e-02 2.702514418644285e-02
2.462686919463766e-09 4.655877068570309e+04 0.000000000000000e+00 0.000000000000000e+00 8.803287806369510e-01 -1.201741934018536e-02 2.675554263114437e-02
2.466423656941724e-09 4.667771473383382e+04 0.000000000000000e+00 0.000000000000000e+00 8.818437895052661e-01 -1.166789895372822e-02 2.648570740492772e-02
2.470214514267373e-09 4.679838147022046e+04 0.000000000000000e+00 0.000000000000000e+00 8.833669045515518e-01 -1.131493652651765e-02 2.621499962955897e-02
2.474057706059386e-09 4.692071406441026e+04 0.000000000000000e+00 0.000000000000000e+00 8.848968611429651e-01 -1.095906756061547e-02 2.594368900047530e-02
2.477766391639674e-09 4.703876519290557e+04 0.000000000000000e+00 0.000000000000000e+00 8.863599488589293e-01 -1.061782659678281e-02 2.568482381120466e-02
2.481453363795930e-09 4.715612516164762e+04 0.000000000000000e+00 0.000000000000000e+00 8.878014303130538e-01 -1.028091787827701e-02 2.543035340079891e-02
2.485103669172841e-09 4.727231799055368e+04 0.000000000000000e+00 0.000000000000000e+00 8.892157955130301e-01 -9.949856654786173e-03 2.518121976691364e-02
2.488769235020663e-09 4.738899657533564e+04 0.000000000000000e+00 0.000000000000000e+00 8.906232354601402e-01 -9.620075325421151e-03 2.493384703605577e-02
2.492464260519055e-09 4.750661288991957e+04 0.000000000000000e+00 0.000000000000000e+00 8.920289518948339e-01 -9.290488297284882e-03 2.468732129692160e-02
2.496222841908573e-09 4.762625225135057e+04 0.000000000000000e+00 0.000000000000000e+00 8.934453846951194e-01 -8.958281334698363e-03 2.443948424624807e-02
2.500047845294441e-09 4.774800589059140e+04 0.000000000000000e+00 0.000000000000000e+00 8.948729021109296e-01 -8.623467926079856e-03 2.419031886377005e-02
2.503819906478568e-09 4.786807432721116e+04 0.000000000000000e+00 0.000000000000000e+00 8.962669938599458e-01 -8.296619592059937e-03 2.394762905183322e-02
2.507637009826137e-09 4.798957650042281e+04 0.000000000000000e+00 0.000000000000000e+00 8.976638353314123e-01 -7.969301349216019e-03 2.370516987409368e-02
2.511497575002405e-09 4.811246210660911e+04 0.000000000000000e+00 0.000000000000000e+00 8.990623665816304e-01 -7.641849702869528e-03 2.346321567789831e-02
2.515403986940547e-09 4.823680706055081e+04 0.000000000000000e+00 0.000000000000000e+00 9.004629633246646e-01 -7.314269124801220e-03 2.322180589405853e-02
2.519302459343999e-09 4.836089929125417e+04 0.000000000000000e+00 0.000000000000000e+00 9.018461947477363e-01 -6.991212967890167e-03 2.298438003421474e-02
2.523104685968992e-09 4.848192792367881e+04 0.000000000000000e+00 0.000000000000000e+00 9.031814069148775e-01 -6.679929369843417e-03 2.275622695742192e-02
2.526853682724881e-09 4.860126219674585e+04 0.000000000000000e+00 0.000000000000000e+00 9.044845059366023e-01 -6.376728896321191e-03 2.253462128937416e-02
2.530538459348711e-09 4.871855227952026e+04 0.000000000000000e+00 0.000000000000000e+00 9.057523206597805e-01 -6.082373636291619e-03 2.232008357273936e-02
2.534181074080013e-09 4.883450030757347e+04 0.000000000000000e+00 0.000000000000000e+00 9.069929884500622e-01 -5.794966175977623e-03 2.211120205328429e-02
2.537790005393731e-09 4.894937615914494e+04 0.000000000000000e+00 0.000000000000000e+00 9.082097822782628e-01 -5.513724036390838e-03 2.190738605286660e-02
2.541381779536861e-09 4.906370588101469e+04 0.000000000000000e+00 0.000000000000000e+00 9.094085146500339e-01 -5.237250440443784e-03 2.170762166952657e-02
2.544968971412288e-09 4.917788974477335e+04 0.000000000000000e+00 0.000000000000000e+00 9.105934691803659e-01 -4.964474935593564e-03 2.151116376567064e-02
2.548566121532106e-09 4.929239058929589e+04 0.000000000000000e+00 0.000000000000000e+00 9.117693894459236e-01 -4.694186577175836e-03 2.131721304978461e-02
2.552186922389917e-09 4.940764426019027e+04 0.000000000000000e+00 0.000000000000000e+00 9.129405410201491e-01 -4.425246583653497e-03 2.112508392483081e-02
2.555846293319934e-09 4.952412565461407e+04 0.000000000000000e+00 0.000000000000000e+00 9.141113817106404e-01 -4.156431181003686e-03 2.093410700210276e-02
2.559559578491976e-09 4.964232319266214e+04 0.000000000000000e+00 0.000000000000000e+00 9.152862832077969e-01 -3.886496698997901e-03 2.074368881462467e-02
2.563179402783162e-09 4.975754577847543e+04 0.000000000000000e+00 0.000000000000000e+00 9.164188950814605e-01 -3.625898014697521e-03 2.056143657637955e-02
2.566765638303445e-09 4.987169920050436e+04 0.000000000000000e+00 0.000000000000000e+00 9.175285469780090e-01 -3.369967810718228e-03 2.038432131888801e-02
2.570296447140035e-09 4.998408833639555e+04 0.000000000000000e+00 0.000000000000000e+00 9.186089298109930e-01 -3.120003481867816e-03 2.021346209772714e-02
2.573802985227793e-09 5.009570491035689e+04 0.000000000000000e+00 0.000000000000000e+00 9.196699444232094e-01 -2.873588862235770e-03 2.004741029463435e-02
2.577301054819681e-09 5.020705192372256e+04 0.000000000000000e+00 0.000000000000000e+00 9.207165146862701e-01 -2.629491947549630e-03 1.988553288851015e-02
2.580822443609513e-09 5.031914121021258e+04 0.000000000000000e+00 0.000000000000000e+00 9.217580477784242e-01 -2.385450561432442e-03 1.972653141053491e-02
2.584311607292421e-09 5.043020473969091e+04 0.000000000000000e+00 0.000000000000000e+00 9.227781986108330e-01 -2.145302586457945e-03 1.957300485442747e-02
2.587741024590046e-09 5.053936648265928e+04 0.000000000000000e+00 0.000000000000000e+00 9.237694154513221e-01 -1.910898236048614e-03 1.942607641087749e-02
2.591155881133223e-09 5.064806474241854e+04 0.000000000000000e+00 0.000000000000000e+00 9.247451180535993e-01 -1.679129769302069e-03 1.928372287535091e-02
2.594565769327185e-09 5.075660485471050e+04 0.000000000000000e+00 0.000000000000000e+00 9.257081538298226e-01 -1.449383382192112e-03 1.914551680580943e-02
2.597998023469334e-09 5.086585689724462e+04 0.000000000000000e+00 0.000000000000000e+00 9.266661552823077e-01 -1.219887569933982e-03 1.901036475518316e-02
2.601468028196866e-09 5.097631057823241e+04 0.000000000000000e+00 0.000000000000000e+00 9.276231195396845e-01 -9.897240258703037e-04 1.887773263551015e-02
2.604992156462241e-09 5.108848706493728e+04 0.000000000000000e+00 0.000000000000000e+00 9.285830950266182e-01 -7.579488028147099e-04 1.874711480423916e-02
2.608562299184792e-09 5.120212823730479e+04 0.000000000000000e+00 0.000000000000000e+00 9.295433634643391e-01 -5.252538306651812e-04 1.861894581867283e-02
2.612091797229462e-09 5.131447564939326e+04 0.000000000000000e+00 0.000000000000000e+00 9.304806291183362e-01 -2.973740093635416e-04 1.849630689969422e-02
2.615642975571622e-09 5.142751316678440e+04 0.000000000000000e+00 0.000000000000000e+00 9.314114877697930e-01 -7.033189350848868e-05 1.837698681880711e-02
2.619146603124528e-09 5.153903709554397e+04 0.000000000000000e+00 0.000000000000000e+00 9.323179451670869e-01 1.513898234412682e-04 1.826325313272569e-02
2.622655557802885e-09 5.165073059197316e+04 0.000000000000000e+00 0.000000000000000e+00 9.332138567281618e-01 3.711085636556348e-04 1.815332025841669e-02
2.626130071805062e-09 5.176132780763088e+04 0.000000000000000e+00 0.000000000000000e+00 9.340892390075198e-01 5.862748668631180e-04 1.804837864602748e-02
2.629597177684472e-09 5.187168921541710e+04 0.000000000000000e+00 0.000000000000000e+00 9.349511189075508e-01 7.985146253787352e-04 1.794753308275884e-02
2.633056038550910e-09 5.198178817628923e+04 0.000000000000000e+00 0.000000000000000e+00 9.357994051994936e-01 1.007683993083483e-03 1.785075655959444e-02
2.636524651227898e-09 5.209219754693200e+04 0.000000000000000e+00 0.000000000000000e+00 9.366385516196363e-01 1.214745603859515e-03 1.775750403965200e-02
2.639981936541623e-09 5.220224635640364e+04 0.000000000000000e+00 0.000000000000000e+00 9.374635512149446e-01 1.418299696574160e-03 1.766826814751039e-02
2.643393889659420e-09 5.231085219726271e+04 0.000000000000000e+00 0.000000000000000e+00 9.382666731312748e-01 1.616262816383688e-03 1.758373886439240e-02
2.646802301437402e-09 5.241934531377441e+04 0.000000000000000e+00 0.000000000000000e+00 9.390580687171528e-01 1.810980979316616e-03 1.750268922373087e-02
2.650218480710899e-09 5.252808567734742e+04 0.000000000000000e+00 0.000000000000000e+00 9.398404463527568e-01 2.002957028440461e-03 1.742471507064040e-02
2.653675304998313e-09 5.263811981189584e+04 0.000000000000000e+00 0.000000000000000e+00 9.406212130889862e-01 2.193848454430346e-03 1.734897399687247e-02
2.657182904072408e-09 5.274977015810118e+04 0.000000000000000e+00 0.000000000000000e+00 9.414023601390313e-01 2.383972588378877e-03 1.727519051897131e-02
2.660659317441688e-09 5.286042783249153e+04 0.000000000000000e+00 0.000000000000000e+00 9.421657406125853e-01 2.568762086075999e-03 1.720492751901060e-02
2.664021018009904e-09 5.296743408501679e+04 0.000000000000000e+00 0.000000000000000e+00 9.428938832789276e-01 2.743934752944521e-03 1.713952642436025e-02
2.667320410590233e-09 5.307245701268881e+04 0.000000000000000e+00 0.000000000000000e+00 9.435990483678968e-01 2.912462964865654e-03 1.707762972014920e-02
2.670570532650425e-09 5.317591161099513e+04 0.000000000000000e+00 0.000000000000000e+00 9.442846234234095e-01 3.075161342135545e-03 1.701875251052497e-02
2.673815667656312e-09 5.327920746643264e+04 0.000000000000000e+00 0.000000000000000e+00 9.449602718423323e-01 3.234323227650710e-03 1.696192704359089e-02
2.677015717234737e-09 5.338106820814173e+04 0.000000000000000e+00 0.000000000000000e+00 9.456179664011517e-01 3.388052761557578e-03 1.690769950938412e-02
2.680211650831490e-09 5.348279793408505e+04 0.000000000000000e+00 0.000000000000000e+00 9.462663964497913e-01 3.538405339567939e-03 1.685523080755414e-02
2.683432033514702e-09 5.358530589862120e+04 0.000000000000000e+00 0.000000000000000e+00 9.469113443050664e-01 3.686712794179238e-03 1.680396216099111e-02
2.686716329194744e-09 5.368984827703203e+04 0.000000000000000e+00 0.000000000000000e+00 9.475604211748891e-01 3.834685176119470e-03 1.675321900624342e-02
2.690001010906635e-09 5.379440294321821e+04 0.000000000000000e+00 0.000000000000000e+00 9.482009143467582e-01 3.979380879516935e-03 1.670390397147805e-02
2.693350827453137e-09 5.390103091558357e+04 0.000000000000000e+00 0.000000000000000e+00 9.488452334407748e-01 4.123589968273018e-03 1.665496337439880e-02
2.696777457577399e-09 5.401010394006836e+04 0.000000000000000e+00 0.000000000000000e+00 9.494951221433137e-01 4.267635521438308e-03 1.660617792549001e-02
2.700256070678605e-09 5.412083163410059e+04 0.000000000000000e+00 0.000000000000000e+00 9.501454341375147e-01 4.410314917124443e-03 1.655783381251444e-02
2.703646975667344e-09 5.422876749220314e+04 0.000000000000000e+00 0.000000000000000e+00 9.507703312732717e-01 4.545982350646165e-03 1.651172352689055e-02
2.706988395525961e-09 5.433512818969202e+04 0.000000000000000e+00 0.000000000000000e+00 9.513774582843518e-01 4.676425299803147e-03 1.646716922211887e-02
2.710320471059030e-09 5.444119144806072e+04 0.000000000000000e+00 0.000000000000000e+00 9.519743868615562e-01 4.803348338242701e-03 1.642354344058946e-02
2.713629745626320e-09 5.454652892914719e+04 0.000000000000000e+00 0.000000000000000e+00 9.525588951535687e-01 4.926325430714036e-03 1.638097025029855e-02
2.716929601961758e-09 5.465156661860283e+04 0.000000000000000e+00 0.000000000000000e+00 9.531335201009576e-01 5.045934392221635e-03 1.633925985274073e-02
2.720224553829835e-09 5.475644819401368e+04 0.000000000000000e+00 0.000000000000000e+00 9.536991499585633e-01 5.162380762937747e-03 1.629837486991614e-02
2.723528359868746e-09 5.486161160643561e+04 0.000000000000000e+00 0.000000000000000e+00 9.542581700154859e-01 5.276153940534624e-03 1.625819948351289e-02
2.726846761261448e-09 5.496723960339789e+04 0.000000000000000e+00 0.000000000000000e+00 9.548114974999183e-01 5.387410630278620e-03 1.621874957627972e-02
2.730157982026965e-09 5.507263903389802e+04 0.000000000000000e+00 0.000000000000000e+00 9.553555080124311e-01 5.495381020908794e-03 1.618037877060286e-02
2.733497573368640e-09 5.517894152788492e+04 0.000000000000000e+00 0.000000000000000e+00 9.558959708692589e-01 5.601155450340428e-03 1.614278842578578e-02
2.736877697224404e-09 5.528653421186646e+04 0.000000000000000e+00 0.000000000000000e+00 9.564346106378797e-01 5.704963518554981e-03 1.610598107510462e-02
2.740240696124259e-09 5.539358179157135e+04 0.000000000000000e+00 0.000000000000000e+00 9.569621926988130e-01 5.804922977920426e-03 1.607069046418382e-02
2.743575062390533e-09 5.549971796624263e+04 0.000000000000000e+00 0.000000000000000e+00 9.574771161302854e-01 5.900683938288768e-03 1.603708822443182e-02
2.746920392983745e-09 5.560620314627986e+04 0.000000000000000e+00 0.000000000000000e+00 9.579855943178220e-01 5.993343414410257e-03 1.600482363731224e-02
2.750311166370448e-09 5.571413481535952e+04 0.000000000000000e+00 0.000000000000000e+00 9.584927201058128e-01 6.083709830571772e-03 1.597363695087947e-02
2.753707219246570e-09 5.582223453580678e+04 0.000000000000000e+00 0.000000000000000e+00 9.589924164403938e-01 6.170579399360820e-03 1.594393770375564e-02
2.757034326826472e-09 5.592813965931476e+04 0.000000000000000e+00 0.000000000000000e+00 9.594741475661492e-01 6.252120607093180e-03 1.591630932193567e-02
2.760337249143444e-09 5.603327494199367e+04 0.000000000000000e+00 0.000000000000000e+00 9.599448642454061e-01 6.329584143155287e-03 1.589027585629819e-02
2.763611466691479e-09 5.613749652349929e+04 0.000000000000000e+00 0.000000000000000e+00 9.604042807815033e-01 6.402971013508243e-03 1.586577319125027e-02
2.766886279854647e-09 5.624173706402339e+04 0.000000000000000e+00 0.000000000000000e+00 9.608567858820913e-01 6.473033450142147e-03 1.584248192270085e-02
2.770126823064931e-09 5.634488675806733e+04 0.000000000000000e+00 0.000000000000000e+00 9.612978799781843e-01 6.539141820194624e-03 1.582053337515085e-02
2.773300449529951e-09 5.644590642595437e+04 0.000000000000000e+00 0.000000000000000e+00 9.617236318024261e-01 6.600860201005798e-03 1.579999586187062e-02
2.776413150396983e-09 5.654498677182526e+04 0.000000000000000e+00 0.000000000000000e+00 9.621353923108298e-01 6.658580359982595e-03 1.578067538426186e-02
2.779493345050440e-09 5.664303241278185e+04 0.000000000000000e+00 0.000000000000000e+00 9.625373288516834e-01 6.713057417184093e-03 1.576226700499334e-02
2.782559947431310e-09 5.674064539826442e+04 0.000000000000000e+00 0.000000000000000e+00 9.629321636274333e-01 6.764788701054676e-03 1.574455658420271e-02
2.785645266135245e-09 5.683885414281345e+04 0.000000000000000e+00 0.000000000000000e+00 9.633241523002355e-01 6.814418825652443e-03 1.572728149612183e-02
2.788778906688315e-09 5.693860101959229e+04 0.000000000000000e+00 0.000000000000000e+00 9.637169784886712e-01 6.862448966366961e-03 1.571022346887195e-02
2.791986698800931e-09 5.704070821381910e+04 0.000000000000000e+00 0.000000000000000e+00 9.641136486117352e-01 6.909233892581599e-03 1.569320813804739e-02
2.795299819959030e-09 5.714616813569386e+04 0.000000000000000e+00 0.000000000000000e+00 9.645176236528911e-01 6.955118304853992e-03 1.567605414758788e-02
2.798752416339975e-09 5.725606769179958e+04 0.000000000000000e+00 0.000000000000000e+00 9.649324813200155e-01 7.000380999832805e-03 1.565858749720055e-02
2.802280005161152e-09 5.736835433141681e+04 0.000000000000000e+00 0.000000000000000e+00 9.653499776750264e-01 7.043983241421825e-03 1.564113626692783e-02
2.805845849992015e-09 5.748185869764291e+04 0.000000000000000e+00 0.000000000000000e+00 9.657655243741914e-01 7.085369192173509e-03 1.562387745221036e-02
2.809470079950553e-09 5.759722152020352e+04 0.000000000000000e+00 0.000000000000000e+00 9.661812511451817e-01 7.124671415919177e-03 1.560671683673128e-02
2.813151953954948e-09 5.771441920973169e+04 0.000000000000000e+00 0.000000000000000e+00 9.665968110774136e-01 7.161733162694153e-03 1.558966861645352e-02
2.816868559842070e-09 5.783272244942370e+04 0.000000000000000e+00 0.000000000000000e+00 9.670094351422555e-01 7.196182899770701e-03 1.557284617339889e-02
2.820587604333068e-09 5.795110331228789e+04 0.000000000000000e+00 0.000000000000000e+00 9.674155212806913e-01 7.227637432090349e-03 1.555639155473997e-02
2.824231651833139e-09 5.806709694678749e+04 0.000000000000000e+00 0.000000000000000e+00 9.678069185048611e-01 7.255487201947734e-03 1.554062047995235e-02
2.827840734644080e-09 5.818197762066533e+04 0.000000000000000e+00 0.000000000000000e+00 9.681882963784874e-01 7.280152791580079e-03 1.552532720514753e-02
2.831407501426677e-09 5.829551133352659e+04 0.000000000000000e+00 0.000000000000000e+00 9.685591711423254e-01 7.301661125082589e-03 1.551050886885122e-02
2.834955245706427e-09 5.840843954131623e+04 0.000000000000000e+00 0.000000000000000e+00 9.689222073340510e-01 7.320224115065285e-03 1.549603279414357e-02
2.838496126731736e-09 5.852114928493189e+04 0.000000000000000e+00 0.000000000000000e+00 9.692788065188093e-01 7.335942764219141e-03 1.548181118581495e-02
2.842022133215751e-09 5.863338555719288e+04 0.000000000000000e+00 0.000000000000000e+00 9.696283159169380e-01 7.348822550909255e-03 1.546783091694797e-02
2.845521568193611e-09 5.874477603214391e+04 0.000000000000000e+00 0.000000000000000e+00 9.699697779407161e-01 7.358897445486727e-03 1.545408490335754e-02
2.849036288389068e-09 5.885665305068230e+04 0.000000000000000e+00 0.000000000000000e+00 9.703073942904342e-01 7.366352173612456e-03 1.544035273748022e-02
2.852587931334351e-09 5.896970535685016e+04 0.000000000000000e+00 0.000000000000000e+00 9.706432235494947e-01 7.371240933290064e-03 1.542648892198480e-02
2.856213712084909e-09 5.908511754265388e+04 0.000000000000000e+00 0.000000000000000e+00 9.709806336218108e-01 7.373583816262010e-03 1.541228055759891e-02
2.859833646662210e-09 5.920034363898326e+04 0.000000000000000e+00 0.000000000000000e+00 9.713121627553892e-01 7.373354388822848e-03 1.539796572443362e-02
2.863480286872647e-09 5.931641980201698e+04 0.000000000000000e+00 0.000000000000000e+00 9.716408537168632e-01 7.370665405461794e-03 1.538334645631699e-02
2.867160469972227e-09 5.943356366837328e+04 0.000000000000000e+00 0.000000000000000e+00 9.719673057982361e-01 7.365603003680515e-03 1.536832548567393e-02
2.870889954416769e-09 5.955227684527991e+04 0.000000000000000e+00 0.000000000000000e+00 9.722928509133621e-01 7.358236145969150e-03 1.535276996391746e-02
2.874673727286844e-09 5.967271807644180e+04 0.000000000000000e+00 0.000000000000000e+00 9.726178181890511e-01 7.348643331680240e-03 1.533659120903491e-02
2.878498615767584e-09 5.979446805813880e+04 0.000000000000000e+00 0.000000000000000e+00 9.729409913652814e-01 7.336964239844940e-03 1.531978274045154e-02
2.882239256446301e-09 5.991353634900849e+04 0.000000000000000e+00 0.000000000000000e+00 9.732520022922410e-01 7.323776374535028e-03 1.530286080129735e-02
2.885969711066232e-09 6.003228040755689e+04 0.000000000000000e+00 0.000000000000000e+00 9.735572695410425e-01 7.309061569675569e-03 1.528548240319676e-02
2.889655427441417e-09 6.014960040354599e+04 0.000000000000000e+00 0.000000000000000e+00 9.738541536606424e-01 7.293134249721098e-03 1.526779791936546e-02
2.893323182498692e-09 6.026634867302911e+04 0.000000000000000e+00 0.000000000000000e+00 9.741449814795399e-01 7.276049155160967e-03 1.524967961649899e-02
2.896955517118840e-09 6.038196947498118e+04 0.000000000000000e+00 0.000000000000000e+00 9.744285138264929e-01 7.258025367560868e-03 1.523121703607918e-02
2.900586219720015e-09 6.049753832815590e+04 0.000000000000000e+00 0.000000000000000e+00 9.747074767352985e-01 7.239013618854808e-03 1.521224432751162e-02
2.904173062395163e-09 6.061171107652442e+04 0.000000000000000e+00 0.000000000000000e+00 9.749787365486200e-01 7.219327876220855e-03 1.519298901070864e-02
2.907735828450059e-09 6.072511744226779e+04 0.000000000000000e+00 0.000000000000000e+00 9.752439200229406e-01 7.198952268005378e-03 1.517335805631281e-02
2.911286805758464e-09 6.083814856055576e+04 0.000000000000000e+00 0.000000000000000e+00 9.755040135975793e-01 7.177882380567921e-03 1.515328678146167e-02
2.914844326126265e-09 6.095138795089287e+04 0.000000000000000e+00 0.000000000000000e+00 9.757603777471349e-01 7.156056172532106e-03 1.513266324647776e-02
2.918426913959233e-09 6.106542526342841e+04 0.000000000000000e+00 0.000000000000000e+00 9.760143048271807e-01 7.133389910227967e-03 1.511135721673064e-02
2.922056389488278e-09 6.118095505768416e+04 0.000000000000000e+00 0.000000000000000e+00 9.762672341674347e-01 7.109762914767171e-03 1.508919927260883e-02
2.925675842102479e-09 6.129616581265155e+04 0.000000000000000e+00 0.000000000000000e+00 9.765151833976691e-01 7.085563681491836e-03 1.506649457887575e-02
2.929304947675638e-09 6.141168383084566e+04 0.000000000000000e+00 0.000000000000000e+00 9.767595468833299e-01 7.060702412918545e-03 1.504308218769726e-02
2.932973960662549e-09 6.152847214147271e+04 0.000000000000000e+00 0.000000000000000e+00 9.770023343171325e-01 7.035008683941622e-03 1.501870953069765e-02
2.936717258589662e-09 6.164762501518583e+04 0.000000000000000e+00 0.000000000000000e+00 9.772457016905581e-01 7.008274142169093e-03 1.499306396580782e-02
2.940456792592854e-09 6.176665807947947e+04 0.000000000000000e+00 0.000000000000000e+00 9.774845840882876e-01 6.981092968092682e-03 1.496659879360568e-02
2.944211637893046e-09 6.188617851749367e+04 0.000000000000000e+00 0.000000000000000e+00 9.777203181849223e-01 6.953395746833498e-03 1.493912029542943e-02
2.947980035965409e-09 6.200613035364459e+04 0.000000000000000e+00 0.000000000000000e+00 9.779529128458415e-01 6.925261631980478e-03 1.491058283591818e-02
2.951734055705441e-09 6.212562451326272e+04 0.000000000000000e+00 0.000000000000000e+00 9.781808365317608e-01 6.896961776538577e-03 1.488116469360589e-02
2.955452065565462e-09 6.224397244280003e+04 0.000000000000000e+00 0.000000000000000e+00 9.784030496811418e-01 6.868715341663566e-03 1.485104454163062e-02
2.959151185730790e-09 6.236171909468063e+04 0.000000000000000e+00 0.000000000000000e+00 9.786208427898682e-01 6.840434598970424e-03 1.482012299879847e-02
2.962813403799645e-09 6.247829111634835e+04 0.000000000000000e+00 0.000000000000000e+00 9.788334171328542e-01 6.812273142318527e-03 1.478861562215992e-02
2.966414232496401e-09 6.259290905361156e+04 0.000000000000000e+00 0.000000000000000e+00 9.790396460119162e-01 6.784417379104306e-03 1.475683491084362e-02
2.969968980738948e-09 6.270606020446126e+04 0.000000000000000e+00 0.000000000000000e+00 9.792406774854634e-01 6.756738676309219e-03 1.472476503515626e-02
2.973479726029344e-09 6.281781069784188e+04 0.000000000000000e+00 0.000000000000000e+00 9.794368596436892e-01 6.729200866998360e-03 1.469250477055974e-02
2.976960341955051e-09 6.292860214375801e+04 0.000000000000000e+00 0.000000000000000e+00 9.796291618569682e-01 6.701675215465579e-03 1.466003733458699e-02
2.980422490553665e-09 6.303880575639562e+04 0.000000000000000e+00 0.000000000000000e+00 9.798183865787415e-01 6.674052019584049e-03 1.462735019649669e-02
2.983877233850567e-09 6.314877365095874e+04 0.000000000000000e+00 0.000000000000000e+00 9.800052698506251e-01 6.646231608729405e-03 1.459441840369472e-02
2.987327779865510e-09 6.325860794188760e+04 0.000000000000000e+00 0.000000000000000e+00 9.801901032342464e-01 6.618184430048761e-03 1.456127304541838e-02
2.990753645595157e-09 6.336765663493608e+04 0.000000000000000e+00 0.000000000000000e+00 9.803719230569766e-01 6.590082631526345e-03 1.452815609336850e-02
2.994164773179129e-09 6.347623619823731e+04 0.000000000000000e+00 0.000000000000000e+00 9.805513890661214e-01 6.561863852564328e-03 1.449500125819231e-02
2.997579956004489e-09 6.358494484388103e+04 0.000000000000000e+00 0.000000000000000e+00 9.807295957773591e-01 6.533395973550727e-03 1.446163833499428e-02
3.001018250446227e-09 6.369438915512266e+04 0.000000000000000e+00 0.000000000000000e+00 9.809076144920955e-01 6.504543550162316e-03 1.442787826907402e-02
3.004495493834154e-09 6.380507324982707e+04 0.000000000000000e+00 0.000000000000000e+00 9.810863169159914e-01 6.475195026105208e-03 1.439354978916218e-02
3.008018112675128e-09 6.391720169006099e+04 0.000000000000000e+00 0.000000000000000e+00 9.812660673061245e-01 6.445313594767891e-03 1.435856334143201e-02
3.011606412169244e-09 6.403142081041757e+04 0.000000000000000e+00 0.000000000000000e+00 9.814479086871892e-01 6.414741209213618e-03 1.432268247489253e-02
3.015275072573828e-09 6.414819789800059e+04 0.000000000000000e+00 0.000000000000000e+00 9.816325597791333e-01 6.383359681229255e-03 1.428571581881891e-02
3.019044295550258e-09 6.426817599166344e+04 0.000000000000000e+00 0.000000000000000e+00 9.818209730816798e-01 6.350997197852573e-03 1.424740510737157e-02
3.022781624825296e-09 6.438713887728033e+04 0.000000000000000e+00 0.000000000000000e+00 9.820065243929555e-01 6.318774912811350e-03 1.420904621853538e-02
3.026521847949381e-09 6.450619387697327e+04 0.000000000000000e+00 0.000000000000000e+00 9.821909338287309e-01 6.286404716127999e-03 1.417025010570548e-02
3.030244282349173e-09 6.462468264398572e+04 0.000000000000000e+00 0.000000000000000e+00 9.823731584508181e-01 6.254077431855763e-03 1.413119397149137e-02
3.033956103895276e-09 6.474283359337315e+04 0.000000000000000e+00 0.000000000000000e+00 9.825535187531991e-01 6.221761672053207e-03 1.409176692028328e-02
3.037584436347190e-09 6.485832700235374e+04 0.000000000000000e+00 0.000000000000000e+00 9.827284942733100e-01 6.190134284943797e-03 1.405271653901926e-02
3.041170700800226e-09 6.497248134534081e+04 0.000000000000000e+00 0.000000000000000e+00 9.829001129586868e-01 6.158912007477598e-03 1.401358163008306e-02
3.044706414475746e-09 6.508502660710416e+04 0.000000000000000e+00 0.000000000000000e+00 9.830680084852024e-01 6.128259428219210e-03 1.397443076861402e-02
3.048210716192154e-09 6.519657199515449e+04 0.000000000000000e+00 0.000000000000000e+00 9.832331423654886e-01 6.098122208198681e-03 1.393502623189834e-02
3.051689871740996e-09 6.530731695583125e+04 0.000000000000000e+00 0.000000000000000e+00 9.833958760602032e-01 6.068571280932035e-03 1.389526413289243e-02
3.055157389675494e-09 6.541769147973828e+04 0.000000000000000e+00 0.000000000000000e+00 9.835569211411387e-01 6.039627544268286e-03 1.385495040242204e-02
3.058623494137253e-09 6.552802101141064e+04 0.000000000000000e+00 0.000000000000000e+00 9.837168433817949e-01 6.011345787022217e-03 1.381391868817669e-02
3.062100669077903e-09 6.563870292737058e+04 0.000000000000000e+00 0.000000000000000e+00 9.838763167150557e-01 5.983762787127770e-03 1.377196732489478e-02
3.065601682608052e-09 6.575014364920155e+04 0.000000000000000e+00 0.000000000000000e+00 9.840360247947585e-01 5.956908076923165e-03 1.372888341381050e-02
3.069141108425444e-09 6.586280707211056e+04 0.000000000000000e+00 0.000000000000000e+00 9.841967214631890e-01 5.930787485676429e-03 1.368442692333666e-02
3.072654123389452e-09 6.597462981144610e+04 0.000000000000000e+00 0.000000000000000e+00 9.843555673268236e-01 5.905933143664145e-03 1.363938251991798e-02
3.076299351995561e-09 6.609066104171853e+04 0.000000000000000e+00 0.000000000000000e+00 9.845197531456115e-01 5.881311543866477e-03 1.359167942954582e-02
3.079894555910574e-09 6.620509993661808e+04 0.000000000000000e+00 0.000000000000000e+00 9.846811098373509e-01 5.858156943349247e-03 1.354368921296785e-02
3.083535759119007e-09 6.632100303450289e+04 0.000000000000000e+00 0.000000000000000e+00 9.848439208646467e-01 5.835817256340126e-03 1.349419143122906e-02
3.087189698824151e-09 6.643731154766960e+04 0.000000000000000e+00 0.000000000000000e+00 9.850066305593637e-01 5.814456307682037e-03 1.344369997313350e-02
3.090894069720439e-09 6.655522533550758e+04 0.000000000000000e+00 0.000000000000000e+00 9.851707939757373e-01 5.793809283022366e-03 1.339178462106154e-02
3.094652588892167e-09 6.667486271648483e+04 0.000000000000000e+00 0.000000000000000e+00 9.853364077623235e-01 5.773814038893086e-03 1.333849291605124e-02
3.098432092709231e-09 6.679516805946891e+04 0.000000000000000e+00 0.000000000000000e+00 9.855018338498157e-01 5.754582968747103e-03 1.328441410968034e-02
3.102208359713271e-09 6.691537037149446e+04 0.000000000000000e+00 0.000000000000000e+00 9.856658509196448e-01 5.736153433344237e-03 1.323002348636856e-02
3.105936566068388e-09 6.703404286555114e+04 0.000000000000000e+00 0.000000000000000e+00 9.858263993166513e-01 5.718637123821151e-03 1.317608486766478e-02
3.109649353941824e-09 6.715222457409296e+04 0.000000000000000e+00 0.000000000000000e+00 9.859847882098548e-01 5.701786152753458e-03 1.312221879111078e-02
3.113268266929044e-09 6.726741815220007e+04 0.000000000000000e+00 0.000000000000000e+00 9.861376467187709e-01 5.685850617972019e-03 1.306962093972095e-02
3.116882790105478e-09 6.738247199829000e+04 0.000000000000000e+00 0.000000000000000e+00 9.862887275340543e-01 5.670366159886873e-03 1.301702558273457e-02
3.120512113063901e-09 6.749799693607198e+04 0.000000000000000e+00 0.000000000000000e+00 9.864387682739262e-01 5.655204424178419e-03 1.296416429979012e-02
3.124229596228960e-09 6.761632810038801e+04 0.000000000000000e+00 0.000000000000000e+00 9.865906825982106e-01 5.640041449089111e-03 1.290997261175478e-02
3.127965326974954e-09 6.773524010324503e+04 0.000000000000000e+00 0.000000000000000e+00 9.867415234517677e-01 5.625132764466965e-03 1.285547196350442e-02
3.131604526227769e-09 6.785107941324143e+04 0.000000000000000e+00 0.000000000000000e+00 9.868867136879514e-01 5.610879556061472e-03 1.280235059687360e-02
3.135159010554687e-09 6.796422216339574e+04 0.000000000000000e+00 0.000000000000000e+00 9.870268404637879e-01 5.597184070782827e-03 1.275046409033942e-02
3.138693710513071e-09 6.807673515754046e+04 0.000000000000000e+00 0.000000000000000e+00 9.871645166325715e-01 5.583760010270400e-03 1.269889778382861e-02
3.142240204644797e-09 6.818962357188258e+04 0.000000000000000e+00 0.000000000000000e+00 9.873009630107115e-01 5.570456823292011e-03 1.264722368214236e-02
3.145800171806418e-09 6.830294084608594e+04 0.000000000000000e+00 0.000000000000000e+00 9.874362203449185e-01 5.557238783445502e-03 1.259544653403522e-02
3.149434853889955e-09 6.841863637011842e+04 0.000000000000000e+00 0.000000000000000e+00 9.875725463016727e-01 5.543863107557114e-03 1.254270468989927e-02
3.153161515225937e-09 6.853725968468863e+04 0.000000000000000e+00 0.000000000000000e+00 9.877104771376767e-01 5.530255724212544e-03 1.248877446494903e-02
3.156861104167820e-09 6.865502125819041e+04 0.000000000000000e+00 0.000000000000000e+00 9.878456000997790e-01 5.516830110054433e-03 1.243539041936738e-02
3.160550845898825e-09 6.877246938523476e+04 0.000000000000000e+00 0.000000000000000e+00 9.879786051841783e-01 5.503525102359015e-03 1.238231148426958e-02
3.164234075259138e-09 6.888971021708177e+04 0.000000000000000e+00 0.000000000000000e+00 9.881096663610117e-01 5.490339309609956e-03 1.232949826026420e-02
3.167918132495932e-09 6.900697740105561e+04 0.000000000000000e+00 0.000000000000000e+00 9.882390941808561e-01 5.477266534802020e-03 1.227685805869079e-02
3.171614670942282e-09 6.912464187426878e+04 0.000000000000000e+00 0.000000000000000e+00 9.883673353098413e-01 5.464293702242376e-03 1.222424375103286e-02
3.175334780031912e-09 6.924305662435992e+04 0.000000000000000e+00 0.000000000000000e+00 9.884947962540926e-01 5.451416551146462e-03 1.217152552887749e-02
3.179095066972131e-09 6.936275027515586e+04 0.000000000000000e+00 0.000000000000000e+00 9.886220469653484e-01 5.438618387773812e-03 1.211850687586554e-02
3.182914763790584e-09 6.948433500110974e+04 0.000000000000000e+00 0.000000000000000e+00 9.887497118555267e-01 5.425879853762490e-03 1.206496857376934e-02
3.186669709876412e-09 6.960385864723034e+04 0.000000000000000e+00 0.000000000000000e+00 9.888736905217075e-01 5.413632031615843e-03 1.201269154647773e-02
3.190439064262378e-09 6.972384092378864e+04 0.000000000000000e+00 0.000000000000000e+00 9.889966378183490e-01 5.401645308709665e-03 1.196061893945328e-02
3.194196572488393e-09 6.984344612536441e+04 0.000000000000000e+00 0.000000000000000e+00 9.891177079378010e-01 5.390016567804803e-03 1.190916372878024e-02
3.197978120047623e-09 6.996381652268210e+04 0.000000000000000e+00 0.000000000000000e+00 9.892380438081446e-01 5.378645359911198e-03 1.185788754267974e-02
3.201795697222709e-09 7.008533377829204e+04 0.000000000000000e+00 0.000000000000000e+00 9.893579782188168e-01 5.367497560033432e-03 1.180668543441330e-02
3.205664034358546e-09 7.020846677363492e+04 0.000000000000000e+00 0.000000000000000e+00 9.894779005219118e-01 5.356523382274162e-03 1.175541626552708e-02
3.209491206233153e-09 7.033028943801612e+04 0.000000000000000e+00 0.000000000000000e+00 9.895949443992950e-01 5.345945559143975e-03 1.170532039216238e-02
3.213332615992468e-09 7.045256530834339e+04 0.000000000000000e+00 0.000000000000000e+00 9.897107932109559e-01 5.335580696001855e-03 1.165567537851507e-02
3.217182804710603e-09 7.057512062160899e+04 0.000000000000000e+00 0.000000000000000e+00 9.898252507386665e-01 5.325412737956710e-03 1.160654977386122e-02
3.221079226734009e-09 7.069914758668840e+04 0.000000000000000e+00 0.000000000000000e+00 9.899393802730919e-01 5.315325855283225e-03 1.155746049320934e-02
3.225008839222466e-09 7.082423103708314e+04 0.000000000000000e+00 0.000000000000000e+00 9.900527504447555e-01 5.305343884450256e-03 1.150856289532532e-02
3.228896009932489e-09 7.094796352371159e+04 0.000000000000000e+00 0.000000000000000e+00 9.901632097299009e-01 5.295648146902261e-03 1.146076549931660e-02
3.232791485813119e-09 7.107196037213110e+04 0.000000000000000e+00 0.000000000000000e+00 9.902722462786978e-01 5.286123406071210e-03 1.141341613976320e-02
3.236571905697072e-09 7.119229487442989e+04 0.000000000000000e+00 0.000000000000000e+00 9.903765283502918e-01 5.277061056847008e-03 1.136797455212399e-02
3.240264390664519e-09 7.130983032140225e+04 0.000000000000000e+00 0.000000000000000e+00 9.904769691109857e-01 5.268392557843351e-03 1.132406904844137e-02
3.243900652448631e-09 7.142557612886574e+04 0.000000000000000e+00 0.000000000000000e+00 9.905745576557645e-01 5.260038966805558e-03 1.128129320571798e-02
3.247520559753256e-09 7.154080135707885e+04 0.000000000000000e+00 0.000000000000000e+00 9.906704478236233e-01 5.251905618435389e-03 1.123916226095360e-02
3.251169040316058e-09 7.165693610034775e+04 0.000000000000000e+00 0.000000000000000e+00 9.907658687527069e-01 5.243893329126715e-03 1.119714964045553e-02
3.254813977229950e-09 7.177295804576858e+04 0.000000000000000e+00 0.000000000000000e+00 9.908600224519247e-01 5.236069143179731e-03 1.115561538218733e-02
3.258516197161718e-09 7.189080336627943e+04 0.000000000000000e+00 0.000000000000000e+00 9.909545011931905e-01 5.228316891728466e-03 1.111385777353852e-02
3.262290056748019e-09 7.201092904781834e+04 0.000000000000000e+00 0.000000000000000e+00 9.910496646969416e-01 5.220632528679443e-03 1.107171201089383e-02
3.266170303805878e-09 7.213444114775353e+04 0.000000000000000e+00 0.000000000000000e+00 9.911463613539506e-01 5.212993381969926e-03 1.102879197783389e-02
3.270056931798820e-09 7.225815635916076e+04 0.000000000000000e+00 0.000000000000000e+00 9.912421141721548e-01 5.205641184805180e-03 1.098619219682426e-02
3.273885498821399e-09 7.238002343248115e+04 0.000000000000000e+00 0.000000000000000e+00 9.913354098674790e-01 5.198742002624308e-03 1.094459186301488e-02
3.277703873871261e-09 7.250156608523401e+04 0.000000000000000e+00 0.000000000000000e+00 9.914274695130830e-01 5.192271373547380e-03 1.090345915875787e-02
3.281529700158437e-09 7.262334591823703e+04 0.000000000000000e+00 0.000000000000000e+00 9.915187310372137e-01 5.186270301710949e-03 1.086261845181976e-02
3.285343558614607e-09 7.274474480334748e+04 0.000000000000000e+00 0.000000000000000e+00 9.916087231034915e-01 5.180828851710786e-03 1.082230976636146e-02
3.288960519195890e-09 7.285987623444341e+04 0.000000000000000e+00 0.000000000000000e+00 9.916931414953883e-01 5.176185864034404e-03 1.078449537434134e-02
3.292470374335318e-09 7.297159839343870e+04 0.000000000000000e+00 0.000000000000000e+00 9.917741324582872e-01 5.172174732817485e-03 1.074823279565894e-02
3.295869630572794e-09 7.307980008004473e+04 0.000000000000000e+00 0.000000000000000e+00 9.918516377685747e-01 5.168729680549293e-03 1.071354851243945e-02
3.299235862797053e-09 7.318695057966196e+04 0.000000000000000e+00 0.000000000000000e+00 9.919274217864212e-01 5.165711788592269e-03 1.067963106148913e-02
3.302649190049612e-09 7.329560016058898e+04 0.000000000000000e+00 0.000000000000000e+00 9.920032355396367e-01 5.163018844461925e-03 1.064565278028320e-02
3.305939284609032e-09 7.340032712306328e+04 0.000000000000000e+00 0.000000000000000e+00 9.920753322629414e-01 5.160735572714054e-03 1.061323850181494e-02
3.309222658231270e-09 7.350484015146262e+04 0.000000000000000e+00 0.000000000000000e+00 9.921463290659174e-01 5.158778074497954e-03 1.058114998982207e-02
3.312407356023119e-09 7.360621223062795e+04 0.000000000000000e+00 0.000000000000000e+00 9.922143259218708e-01 5.157211851571392e-03 1.055019076744995e-02
3.315614136813772e-09 7.370828723347686e+04 0.000000000000000e+00 0.000000000000000e+00 9.922819707493072e-01 5.156036694998780e-03 1.051910298496633e-02
3.318762929166913e-09 7.380851640703133e+04 0.000000000000000e+00 0.000000000000000e+00 9.923476420143433e-01 5.155345209410974e-03 1.048859091736218e-02
3.321880209194705e-09 7.390774251211628e+04 0.000000000000000e+00 0.000000000000000e+00 9.924119594185239e-01 5.155193364047318e-03 1.045834998242503e-02
3.324923606653221e-09 7.400461686197949e+04 0.000000000000000e+00 0.000000000000000e+00 9.924741070263765e-01 5.155616947372712e-03 1.042877002165230e-02
3.327864377480077e-09 7.409822450469842e+04 0.000000000000000e+00 0.000000000000000e+00 9.925335571279496e-01 5.156597436985732e-03 1.040013708461414e-02
3.330753651370877e-09 7.419019294903183e+04 0.000000000000000e+00 0.000000000000000e+00 9.925913736786219e-01 5.158119227286792e-03 1.037197958134952e-02
3.333613899168755e-09 7.428123746413182e+04 0.000000000000000e+00 0.000000000000000e+00 9.926480056226248e-01 5.160154836877279e-03 1.034411426860040e-02
3.336493659505026e-09 7.437290308261935e+04 0.000000000000000e+00 0.000000000000000e+00 9.927043821547813e-01 5.162700795580178e-03 1.031611270938000e-02
3.339445724299493e-09 7.446687022349275e+04 0.000000000000000e+00 0.000000000000000e+00 9.927614642338847e-01 5.165774279678991e-03 1.028751635747332e-02
3.342530265762839e-09 7.456505422770545e+04 0.000000000000000e+00 0.000000000000000e+00 9.928202919339212e-01 5.169416229931720e-03 1.025781345818712e-02
3.345606327082932e-09 7.466296830057476e+04 0.000000000000000e+00 0.000000000000000e+00 9.928780931710820e-01 5.173390412822249e-03 1.022842716960869e-02
3.348732630722195e-09 7.476248163613373e+04 0.000000000000000e+00 0.000000000000000e+00 9.929359074560135e-01 5.177697298626641e-03 1.019885720183544e-02
3.351845827035235e-09 7.486157775254088e+04 0.000000000000000e+00 0.000000000000000e+00 9.929925150503376e-01 5.182166817758831e-03 1.016975257023897e-02
3.355020156054233e-09 7.496261978341560e+04 0.000000000000000e+00 0.000000000000000e+00 9.930492087370660e-01 5.186840093656189e-03 1.014046593461349e-02
3.358260557506987e-09 7.506576496517716e+04 0.000000000000000e+00 0.000000000000000e+00 9.931059925962157e-01 5.191664085331307e-03 1.011100318431470e-02
3.361540371531062e-09 7.517016468804791e+04 0.000000000000000e+00 0.000000000000000e+00 9.931623357605229e-01 5.196542385274712e-03 1.008164536586252e-02
3.364892466110198e-09 7.527686517244413e+04 0.000000000000000e+00 0.000000000000000e+00 9.932187403767694e-01 5.201480454164908e-03 1.005213182768941e-02
3.368324060770138e-09 7.538609622300757e+04 0.000000000000000e+00 0.000000000000000e+00 9.932752554577171e-01 5.206450531698674e-03 1.002243373627839e-02
3.371864615201550e-09 7.549879557081657e+04 0.000000000000000e+00 0.000000000000000e+00 9.933322820201274e-01 5.211464363207597e-03 9.992333688472591e-03
3.375541093384592e-09 7.561582150601671e+04 0.000000000000000e+00 0.000000000000000e+00 9.933901496652027e-01 5.216532031727530e-03 9.961647821787848e-03
3.379390166591093e-09 7.573834131144415e+04 0.000000000000000e+00 0.000000000000000e+00 9.934493054667908e-01 5.221677943849524e-03 9.930126244276237e-03
3.383362691265439e-09 7.586479069913951e+04 0.000000000000000e+00 0.000000000000000e+00 9.935088891181695e-01 5.226806482987787e-03 9.898218751966751e-03
3.387478367597621e-09 7.599579674562608e+04 0.000000000000000e+00 0.000000000000000e+00 9.935691135225410e-01 5.231925552606232e-03 9.865806062350692e-03
3.391756881832929e-09 7.613198608355380e+04 0.000000000000000e+00 0.000000000000000e+00 9.936301730750399e-01 5.237041895087098e-03 9.832778951402268e-03
3.396228378959342e-09 7.627431825769173e+04 0.000000000000000e+00 0.000000000000000e+00 9.936923863214406e-01 5.242172810076521e-03 9.798960687416390e-03
3.400922597363300e-09 7.642373987028030e+04 0.000000000000000e+00 0.000000000000000e+00 9.937560325324449e-01 5.247329573478527e-03 9.764195052265770e-03
3.405873590651300e-09 7.658133488128033e+04 0.000000000000000e+00 0.000000000000000e+00 9.938214131298708e-01 5.252521668427864e-03 9.728312858653582e-03
3.411114727309597e-09 7.674816544259794e+04 0.000000000000000e+00 0.000000000000000e+00 9.938887804038326e-01 5.257748772595384e-03 9.691170904931233e-03
3.416552331977676e-09 7.692124977489881e+04 0.000000000000000e+00 0.000000000000000e+00 9.939567930343747e-01 5.262866331970144e-03 9.653512405372161e-03
3.422209617997583e-09 7.710132678180937e+04 0.000000000000000e+00 0.000000000000000e+00 9.940256329979033e-01 5.267862877019413e-03 9.615241748821448e-03
3.428099004019773e-09 7.728879176125095e+04 0.000000000000000e+00 0.000000000000000e+00 9.940953270840025e-01 5.272707172671343e-03 9.576347314836926e-03
3.434243781956664e-09 7.748438611782258e+04 0.000000000000000e+00 0.000000000000000e+00 9.941660081670259e-01 5.277369654970197e-03 9.536755255750569e-03
3.440588119949536e-09 7.768633266826485e+04 0.000000000000000e+00 0.000000000000000e+00 9.942369169961687e-01 5.281744969564829e-03 9.496892512971311e-03
3.447008876411757e-09 7.789071169413519e+04 0.000000000000000e+00 0.000000000000000e+00 9.943066550672481e-01 5.285689225014982e-03 9.457552221843529e-03
3.453531973436577e-09 7.809834832128884e+04 0.000000000000000e+00 0.000000000000000e+00 9.943755075088155e-01 5.289192597948750e-03 9.418575850188571e-03
3.460113874246460e-09 7.830785673105548e+04 0.000000000000000e+00 0.000000000000000e+00 9.944430303014283e-01 5.292195578625705e-03 9.380216104611873e-03
3.466754072489112e-09 7.851922080574113e+04 0.000000000000000e+00 0.000000000000000e+00 9.945092455801063e-01 5.294674149878038e-03 9.342459188077313e-03
3.473434076384256e-09 7.873185193369818e+04 0.000000000000000e+00 0.000000000000000e+00 9.945740039983959e-01 5.296597352591870e-03 9.305387989967650e-03
3.480148504796907e-09 7.894557882808018e+04 0.000000000000000e+00 0.000000000000000e+00 9.946372950891034e-01 5.297945683558357e-03 9.269005059399905e-03
3.486888140399761e-09 7.916010809224668e+04 0.000000000000000e+00 0.000000000000000e+00 9.946990784996913e-01 5.298701710964381e-03 9.233329629022641e-03
3.493648296061630e-09 7.937529053017810e+04 0.000000000000000e+00 0.000000000000000e+00 9.947593615206042e-01 5.298853284944343e-03 9.198353129666870e-03
3.500423960267093e-09 7.956397647151120e+04 0.000000000000000e+00 0.000000000000000e+00 9.948181523497133e-01 5.298391397043320e-03 9.164066330734248e-03
3.507211917013719e-09 7.934790909756729e+04 0.000000000000000e+00 0.000000000000000e+00 9.948752701659288e-01 5.297589660310093e-03 9.130517808075693e-03
3.514095462597495e-09 7.912879903643602e+04 0.000000000000000e+00 0.000000000000000e+00 9.949282928149522e-01 5.300667484333200e-03 9.098321234670198e-03
3.520815666038450e-09 7.891488831719381e+04 0.000000000000000e+00 0.000000000000000e+00 9.949752355301473e-01 5.307264042857950e-03 9.068734722995405e-03
3.527424110762030e-09 7.870453498841234e+04 0.000000000000000e+00 0.000000000000000e+00 9.950168480413317e-01 5.316983417026974e-03 9.041472580542607e-03
3.534162821016995e-09 7.849003517898401e+04 0.000000000000000e+00 0.000000000000000e+00 9.950548065326396e-01 5.329933003607381e-03 9.015584213778851e-03
3.540865704490511e-09 7.827667577142818e+04 0.000000000000000e+00 0.000000000000000e+00 9.950882279832736e-01 5.345666522451607e-03 8.991791512950478e-03
3.547646727790143e-09 7.806082909595664e+04 0.000000000000000e+00 0.000000000000000e+00 9.951178262013142e-01 5.364240525239146e-03 8.969730213043871e-03
3.554432854398269e-09 7.784481997713049e+04 0.000000000000000e+00 0.000000000000000e+00 9.951433736064765e-01 5.385305319519777e-03 8.949690378631601e-03
3.561243002179218e-09 7.762804624062561e+04 0.000000000000000e+00 0.000000000000000e+00 9.951650921011174e-01 5.408730091492819e-03 8.931630728333329e-03
3.568054672898544e-09 7.741122402748663e+04 0.000000000000000e+00 0.000000000000000e+00 9.951830556198508e-01 5.434263074025425e-03 8.915616313225955e-03
3.574874173196970e-09 7.719415259110436e+04 0.000000000000000e+00 0.000000000000000e+00 9.951974375960233e-01 5.461751014426508e-03 8.901622069130909e-03
3.581696335046078e-09 7.697699643493269e+04 0.000000000000000e+00 0.000000000000000e+00 9.952083751141159e-01 5.491009090559819e-03 8.889643056449757e-03
3.588523004367685e-09 7.675969680145517e+04 0.000000000000000e+00 0.000000000000000e+00 9.952160154368370e-01 5.521888612921269e-03 8.879653505483307e-03
3.595352421814949e-09 7.654230969242116e+04 0.000000000000000e+00 0.000000000000000e+00 9.952204934184372e-01 5.554235267056255e-03 8.871629109658908e-03
3.602184643750289e-09 7.632483331375910e+04 0.000000000000000e+00 0.000000000000000e+00 9.952219404504170e-01 5.587911246237091e-03 8.865538297364285e-03
3.609018827897214e-09 7.610729447596242e+04 0.000000000000000e+00 0.000000000000000e+00 9.952204815383613e-01 5.622783018287952e-03 8.861346785143439e-03
3.615854737191793e-09 7.588970072501044e+04 0.000000000000000e+00 0.000000000000000e+00 9.952162363937067e-01 5.658727944217596e-03 8.859016517390935e-03
3.622691970012308e-09 7.567206484491943e+04 0.000000000000000e+00 0.000000000000000e+00 9.952093193623081e-01 5.695630290233353e-03 8.858506927258080e-03
3.629530337060102e-09 7.545439286125277e+04 0.000000000000000e+00 0.000000000000000e+00 9.951998395101098e-01 5.733382771147650e-03 8.859775215409716e-03
3.636369632047814e-09 7.523669134034116e+04 0.000000000000000e+00 0.000000000000000e+00 9.951879009605866e-01 5.771885048834903e-03 8.862776831675223e-03
3.643209725393635e-09 7.501896440690169e+04 0.000000000000000e+00 0.000000000000000e+00 9.951736030233853e-01 5.811043899805192e-03 8.867465809264121e-03
3.650050497890813e-09 7.480121585540308e+04 0.000000000000000e+00 0.000000000000000e+00 9.951570405064160e-01 5.850772550761264e-03 8.873795038625157e-03
3.656891863838250e-09 7.458344841379607e+04 0.000000000000000e+00 0.000000000000000e+00 9.951383038888464e-01 5.890990513863260e-03 8.881716529270538e-03
3.663733750831322e-09 7.436566438679135e+04 0.000000000000000e+00 0.000000000000000e+00 9.951174795604881e-01 5.931623200015839e-03 8.891181619811093e-03
3.670576104017445e-09 7.414786552040094e+04 0.000000000000000e+00 0.000000000000000e+00 9.950946499932335e-01 5.972601683449042e-03 8.902141185956168e-03
3.677418878803983e-09 7.393005323405251e+04 0.000000000000000e+00 0.000000000000000e+00 9.950698939260735e-01 6.013862413154832e-03 8.914545819872362e-03
3.684262040565441e-09 7.371222862990985e+04 0.000000000000000e+00 0.000000000000000e+00 9.950432865160822e-01 6.055346974449993e-03 8.928346004559454e-03
3.691105561529437e-09 7.349439259199522e+04 0.000000000000000e+00 0.000000000000000e+00 9.950148994849251e-01 6.097001842257287e-03 8.943492272265621e-03
3.697949419828227e-09 7.327654581638063e+04 0.000000000000000e+00 0.000000000000000e+00 9.949848012463051e-01 6.138778153411199e-03 8.959935355933849e-03
3.704793597978318e-09 7.305868885958297e+04 0.000000000000000e+00 0.000000000000000e+00 9.949530570253499e-01 6.180631480759566e-03 8.977626329525642e-03
3.711638082094905e-09 7.284082216356917e+04 0.000000000000000e+00 0.000000000000000e+00 9.949197289665237e-01 6.222521615868703e-03 8.996516740063616e-03
3.718482861062040e-09 7.262294608217099e+04 0.000000000000000e+00 0.000000000000000e+00 9.948848762345933e-01 6.264412355206079e-03 9.016558729745180e-03
3.725327925989322e-09 7.240506089837859e+04 0.000000000000000e+00 0.000000000000000e+00 9.948485551084870e-01 6.306271291517913e-03 9.037705148836679e-03
3.732173269725291e-09 7.218716683983008e+04 0.000000000000000e+00 0.000000000000000e+00 9.948108190701708e-01 6.348069609030751e-03 9.059909658675893e-03
3.739018886503174e-09 7.196926409008750e+04 0.000000000000000e+00 0.000000000000000e+00 9.947717188890868e-01 6.389781883091698e-03 9.083126824938635e-03
3.745864771645417e-09 7.175135279804205e+04 0.000000000000000e+00 0.000000000000000e+00 9.947313027032526e-01 6.431385884095292e-03 9.107312200980914e-03
3.752710921338209e-09 7.153343308509106e+04 0.000000000000000e+00 0.000000000000000e+00 9.946896160975441e-01 6.472862386119899e-03 9.132422401404305e-03
3.759557332448810e-09 7.131550505095278e+04 0.000000000000000e+00 0.000000000000000e+00 9.946467021797428e-01 6.514194980500981e-03 9.158415165964242e-03
3.766404002383356e-09 7.109756877819244e+04 0.000000000000000e+00 0.000000000000000e+00 9.946026016546932e-01 6.555369894716723e-03 9.185249414109330e-03
3.773250928972975e-09 7.087962433584739e+04 0.000000000000000e+00 0.000000000000000e+00 9.945573528968582e-01 6.596375816880940e-03 9.212885290483296e-03
3.780098110383829e-09 7.066167178229050e+04 0.000000000000000e+00 0.000000000000000e+00 9.945109920214554e-01 6.637203726145097e-03 9.241284201812899e-03
3.786945545046000e-09 7.044371116749388e+04 0.000000000000000e+00 0.000000000000000e+00 9.944635529542926e-01 6.677846729257833e-03 9.270408845653128e-03
3.793793231596475e-09 7.022574253484348e+04 0.000000000000000e+00 0.000000000000000e+00 9.944150675003740e-01 6.718299903477293e-03 9.300223231497491e-03
3.800641168834564e-09 7.000776592255846e+04 0.000000000000000e+00 0.000000000000000e+00 9.943655654113041e-01 6.758560145992422e-03 9.330692694796206e-03
3.807489355685815e-09 6.978978136483979e+04 0.000000000000000e+00 0.000000000000000e+00 9.943150744514996e-01 6.798626029940508e-03 9.361783904426062e-03
3.814337791173852e-09 6.957178889276639e+04 0.000000000000000e+00 0.000000000000000e+00 9.942636204631895e-01 6.838497667074487e-03 9.393464864169889e-03
3.821186474397388e-09 6.935378853502710e+04 0.000000000000000e+00 0.000000000000000e+00 9.942112274301900e-01 6.878176577072378e-03 9.425704908745646e-03
3.828035404512868e-09 6.913578031847319e+04 0.000000000000000e+00 0.000000000000000e+00 9.941579175404113e-01 6.917665563455968e-03 9.458474694924184e-03
3.834884580719688e-09 6.891776426858864e+04 0.000000000000000e+00 0.000000000000000e+00 9.941037112470850e-01 6.956968596027843e-03 9.491746188237855e-03
3.841734002249249e-09 6.869974040983869e+04 0.000000000000000e+00 0.000000000000000e+00 9.940486273286667e-01 6.996090699727515e-03 9.525492645777690e-03
3.848583668355818e-09 6.848170876596079e+04 0.000000000000000e+00 0.000000000000000e+00 9.939926829473992e-01 7.035037849761567e-03 9.559688595534169e-03
3.855433578309614e-09 6.826366936018459e+04 0.000000000000000e+00 0.000000000000000e+00 9.939358937065099e-01 7.073816872854140e-03 9.594309812719718e-03
3.862283731391129e-09 6.804562221541273e+04 0.000000000000000e+00 0.000000000000000e+00 9.938782737060258e-01 7.112435354438238e-03 9.629333293474505e-03
3.869134126886877e-09 6.782756735435620e+04 0.000000000000000e+00 0.000000000000000e+00 9.938198355971934e-01 7.150901551601072e-03 9.664737226333622e-03
3.875984764085980e-09 6.760950479964289e+04 0.000000000000000e+00 0.000000000000000e+00 9.937605906354929e-01 7.189224311582107e-03 9.700500961800605e-03
3.882835642277597e-09 6.739143457389963e+04 0.000000000000000e+00 0.000000000000000e+00 9.937005487322439e-01 7.227412995618437e-03 9.736604980347188e-03
3.889686760748993e-09 6.717335669981348e+04 0.000000000000000e+00 0.000000000000000e+00 9.936397185047979e-01 7.265477407926483e-03 9.773030859130999e-03
3.896538118783789e-09 6.695527120018745e+04 0.000000000000000e+00 0.000000000000000e+00 9.935781073253234e-01 7.303427729605034e-03 9.809761237695808e-03
3.903389715661379e-09 6.673717809795914e+04 0.000000000000000e+00 0.000000000000000e+00 9.935157213681755e-01 7.341274457252021e-03 9.846779782902373e-03
3.910241550655723e-09 6.651907741623916e+04 0.000000000000000e+00 0.000000000000000e+00 9.934525656558728e-01 7.379028346073339e-03 9.884071153300457e-03
3.917093623035139e-09 6.630096917831765e+04 0.000000000000000e+00 0.000000000000000e+00 9.933886441036707e-01 7.416700357282495e-03 9.921620963149443e-03
3.923945932061785e-09 6.608285340768090e+04 0.000000000000000e+00 0.000000000000000e+00 9.933239595627527e-01 7.454301609577284e-03 9.959415746259616e-03
3.930798476991693e-09 6.586473012801004e+04 0.000000000000000e+00 0.000000000000000e+00 9.932585138620389e-01 7.491843334495187e-03 9.997442919819514e-03
3.937651257074776e-09 6.564659936318120e+04 0.000000000000000e+00 0.000000000000000e+00 9.931923078486300e-01 7.529336835446002e-03 1.003569074835009e-02
3.944504271554774e-09 6.542846113726678e+04 0.000000000000000e+00 0.000000000000000e+00 9.931253414268929e-01 7.566793450228243e-03 1.007414830791376e-02
3.951357519669648e-09 6.521031547452331e+04 0.000000000000000e+00 0.000000000000000e+00 9.930576135961987e-01 7.604224516843689e-03 1.011280545069485e-02
3.958211000651580e-09 6.499216239939114e+04 0.000000000000000e+00 0.000000000000000e+00 9.929891224873320e-01 7.641641342423412e-03 1.015165277004766e-02
3.965064713727531e-09 6.477400193647689e+04 0.000000000000000e+00 0.000000000000000e+00 9.929198653975736e-01 7.679055175093371e-03 1.019068156610565e-02
3.971918658119327e-09 6.455583411055066e+04 0.000000000000000e+00 0.000000000000000e+00 9.928498388244830e-01 7.716477178603444e-03 1.022988381202338e-02
3.978772833044130e-09 6.433765894653086e+04 0.000000000000000e+00 0.000000000000000e+00 9.927790384983822e-01 7.753918409559582e-03 1.026925212092309e-02
3.985627237714799e-09 6.411947646947303e+04 0.000000000000000e+00 0.000000000000000e+00 9.927074594135648e-01 7.791389797097544e-03 1.030877971360047e-02
3.992481871340218e-09 6.390128670455915e+04 0.000000000000000e+00 0.000000000000000e+00 9.926350958582419e-01 7.828902124845978e-03 1.034846038703932e-02
3.999336733125807e-09 6.368308967708151e+04 0.000000000000000e+00 0.000000000000000e+00 9.925619414432408e-01 7.866466015033052e-03 1.038828848377706e-02
4.006191822273775e-09 6.346488541243458e+04 0.000000000000000e+00 0.000000000000000e+00 9.924879891294753e-01 7.904091914593566e-03 1.042825886215258e-02
4.013047137983574e-09 6.324667393610057e+04 0.000000000000000e+00 0.000000000000000e+00 9.924132312542038e-01 7.941790083144004e-03 1.046836686746608e-02
4.019902679452283e-09 6.302845527363726e+04 0.000000000000000e+00 0.000000000000000e+00 9.923376595560932e-01 7.979570582695010e-03 1.050860830407046e-02
4.026758445875060e-09 6.281022945066360e+04 0.000000000000000e+00 0.000000000000000e+00 9.922612651991087e-01 8.017443268978726e-03 1.054897940841067e-02
4.033614436445478e-09 6.259199649284891e+04 0.000000000000000e+00 0.000000000000000e+00 9.921840387952490e-01 8.055417784272314e-03 1.058947682302058e-02
4.040470650355839e-09 6.237375642590303e+04 0.000000000000000e+00 0.000000000000000e+00 9.921059704261468e-01 8.093503551606073e-03 1.063009757148376e-02
4.047327086797741e-09 6.215550927555822e+04 0.000000000000000e+00 0.000000000000000e+00 9.920270496635546e-01 8.131709770250963e-03 1.067083903436183e-02
4.054183744962248e-09 6.193725506756365e+04 0.000000000000000e+00 0.000000000000000e+00 9.919472655887400e-01 8.170045412380705e-03 1.071169892608469e-02
4.061040624040459e-09 6.171899382766753e+04 0.000000000000000e+00 0.000000000000000e+00 9.918666068108091e-01 8.208519220816640e-03 1.075267527280215e-02
4.067897723223614e-09 6.150072558161343e+04 0.000000000000000e+00 0.000000000000000e+00 9.917850614839845e-01 8.247139707759622e-03 1.079376639118370e-02
4.074755041703782e-09 6.128245035511861e+04 0.000000000000000e+00 0.000000000000000e+00 9.917026173238532e-01 8.285915154428440e-03 1.083497086816184e-02
4.081612578673895e-09 6.106416817387281e+04 0.000000000000000e+00 0.000000000000000e+00 9.916192616226197e-01 8.324853611516764e-03 1.087628754159849e-02
4.088470333328380e-09 6.084587906351827e+04 0.000000000000000e+00 0.000000000000000e+00 9.915349812633721e-01 8.363962900398694e-03 1.091771548186670e-02
4.095328304863319e-09 6.062758304964445e+04 0.000000000000000e+00 0.000000000000000e+00 9.914497627333997e-01 8.403250615004897e-03 1.095925397432428e-02
4.102186492476864e-09 6.040928015777499e+04 0.000000000000000e+00 0.000000000000000e+00 9.913635921365749e-01 8.442724124305337e-03 1.100090250266514e-02
4.109044895369607e-09 6.019097041335585e+04 0.000000000000000e+00 0.000000000000000e+00 9.912764552048269e-01 8.482390575333353e-03 1.104266073312676e-02
4.115903512744960e-09 5.997265384174317e+04 0.000000000000000e+00 0.000000000000000e+00 9.911883373087303e-01 8.522256896691650e-03 1.108452849953315e-02
4.122762343809347e-09 5.975433046819729e+04 0.000000000000000e+00 0.000000000000000e+00 9.910992234672354e-01 8.562329802483223e-03 1.112650578915015e-02
4.129621387772665e-09 5.953600031786795e+04 0.000000000000000e+00 0.000000000000000e+00 9.910090983565552e-01 8.602615796617741e-03 1.116859272933349e-02
4.136480643848704e-09 5.931766341578097e+04 0.000000000000000e+00 0.000000000000000e+00 9.909179463182369e-01 8.643121177442963e-03 1.121078957494452e-02
4.143340111255359e-09 5.909931978683161e+04 0.000000000000000e+00 0.000000000000000e+00 9.908257513664447e-01 8.683852042655085e-03 1.125309669650909e-02
4.150196828976300e-09 5.888106368309691e+04 0.000000000000000e+00 0.000000000000000e+00 9.907325370552714e-01 8.724797239610059e-03 1.129549627980554e-02
4.157050523466155e-09 5.866290381179648e+04 0.000000000000000e+00 0.000000000000000e+00 9.906382918052609e-01 8.765960572229900e-03 1.133798707470476e-02
4.163900631176047e-09 5.844485811124825e+04 0.000000000000000e+00 0.000000000000000e+00 9.905430079668089e-01 8.807343913739800e-03 1.138056609553962e-02
4.170746909454064e-09 5.822693430530241e+04 0.000000000000000e+00 0.000000000000000e+00 9.904466735286767e-01 8.848950740480572e-03 1.142323239364897e-02
4.177589052988599e-09 5.800914211232934e+04 0.000000000000000e+00 0.000000000000000e+00 9.903492772880060e-01 8.890783931410727e-03 1.146598467744585e-02
4.184426871966275e-09 5.779148757427638e+04 0.000000000000000e+00 0.000000000000000e+00 9.902508063646627e-01 8.932846819606422e-03 1.150882241397011e-02
4.191260186226049e-09 5.757397642584770e+04 0.000000000000000e+00 0.000000000000000e+00 9.901512476447939e-01 8.975142587572061e-03 1.155174516534951e-02
4.198088867483195e-09 5.735661275047295e+04 0.000000000000000e+00 0.000000000000000e+00 9.900505871621788e-01 9.017674529226477e-03 1.159475284814582e-02
4.204912805038967e-09 5.713940007180267e+04 0.000000000000000e+00 0.000000000000000e+00 9.899488105675505e-01 9.060445858799225e-03 1.163784551455968e-02
4.211731913535546e-09 5.692234110686056e+04 0.000000000000000e+00 0.000000000000000e+00 9.898459030019534e-01 9.103459767897344e-03 1.168102339705558e-02
4.218546121108405e-09 5.670543814316561e+04 0.000000000000000e+00 0.000000000000000e+00 9.897418492578438e-01 9.146719364286866e-03 1.172428682990114e-02
4.225355369622296e-09 5.648869303122022e+04 0.000000000000000e+00 0.000000000000000e+00 9.896366337663497e-01 9.190227682409497e-03 1.176763624697515e-02
4.232159609969836e-09 5.627210733416097e+04 0.000000000000000e+00 0.000000000000000e+00 9.895302406599861e-01 9.233987663252759e-03 1.181107214859795e-02
4.238958800957431e-09 5.605568236322064e+04 0.000000000000000e+00 0.000000000000000e+00 9.894226537833378e-01 9.278002155428016e-03 1.185459509133100e-02
4.245752907098898e-09 5.583941924795954e+04 0.000000000000000e+00 0.000000000000000e+00 9.893138567216222e-01 9.322273908994415e-03 1.189820567110778e-02
4.252541897589320e-09 5.562331896892864e+04 0.000000000000000e+00 0.000000000000000e+00 9.892038328120916e-01 9.366805576086408e-03 1.194190451416200e-02
4.259325745143081e-09 5.540738239465606e+04 0.000000000000000e+00 0.000000000000000e+00 9.890925651582341e-01 9.411599710275449e-03 1.198569226737451e-02
4.266104425277547e-09 5.519161030444823e+04 0.000000000000000e+00 0.000000000000000e+00 9.889800366374395e-01 9.456658768346553e-03 1.202956959176135e-02
4.272877915655716e-09 5.497600340931403e+04 0.000000000000000e+00 0.000000000000000e+00 9.888662299080345e-01 9.501985112111954e-03 1.207353715662598e-02
4.279646195626307e-09 5.476056236660414e+04 0.000000000000000e+00 0.000000000000000e+00 9.887511274133104e-01 9.547581011173652e-03 1.211759563526435e-02
4.286409245836963e-09 5.454528779232324e+04 0.000000000000000e+00 0.000000000000000e+00 9.886347113844401e-01 9.593448645873899e-03 1.216174570141741e-02
4.293167047947802e-09 5.433018027024785e+04 0.000000000000000e+00 0.000000000000000e+00 9.885169638417360e-01 9.639590110631865e-03 1.220598802664190e-02
4.299919584399768e-09 5.411524035930015e+04 0.000000000000000e+00 0.000000000000000e+00 9.883978665949364e-01 9.686007417391682e-03 1.225032327829717e-02
4.306666838238305e-09 5.390046859916034e+04 0.000000000000000e+00 0.000000000000000e+00 9.882774012424564e-01 9.732702499200807e-03 1.229475211814412e-02
4.313408792973088e-09 5.368586551473185e+04 0.000000000000000e+00 0.000000000000000e+00 9.881555491698847e-01 9.779677213805132e-03 1.233927520142229e-02
4.320145432470350e-09 5.347143161956837e+04 0.000000000000000e+00 0.000000000000000e+00 9.880322915477607e-01 9.826933347248946e-03 1.238389317637440e-02
4.326876740867163e-09 5.325716741860264e+04 0.000000000000000e+00 0.000000000000000e+00 9.879076093287915e-01 9.874472617417727e-03 1.242860668413998e-02
4.333602702505791e-09 5.304307341023581e+04 0.000000000000000e+00 0.000000000000000e+00 9.877814832445254e-01 9.922296677519349e-03 1.247341635899749e-02
4.340323301881109e-09 5.282915008801138e+04 0.000000000000000e+00 0.000000000000000e+00 9.876538938015975e-01 9.970407119463244e-03 1.251832282890061e-02
4.347038523600233e-09 5.261539794190005e+04 0.000000000000000e+00 0.000000000000000e+00 9.875248212775556e-01 1.001880547713821e-02 1.256332671629540e-02
4.353748352350403e-09 5.240181745932211e+04 0.000000000000000e+00 0.000000000000000e+00 9.873942457163322e-01 1.006749322956774e-02 1.260842863918467e-02
4.360452772873751e-09 5.218840912595059e+04 0.000000000000000e+00 0.000000000000000e+00 9.872621469233891e-01 1.011647180393891e-02 1.265362921242360e-02
4.367151769947496e-09 5.197517342634166e+04 0.000000000000000e+00 0.000000000000000e+00 9.871285044605573e-01 1.016574257850041e-02 1.269892904923051e-02
4.373845328368282e-09 5.176211084443317e+04 0.000000000000000e+00 0.000000000000000e+00 9.869932976406030e-01 1.021530688532590e-02 1.274432876289833e-02
4.380533432939791e-09 5.154922186393894e+04 0.000000000000000e+00 0.000000000000000e+00 9.868565055215298e-01 1.026516601294187e-02 1.278982896869569e-02
4.387216068462522e-09 5.133650696867410e+04 0.000000000000000e+00 0.000000000000000e+00 9.867181069006502e-01 1.031532120881759e-02 1.283543028594524e-02
4.393893219725947e-09 5.112396664280481e+04 0.000000000000000e+00 0.000000000000000e+00 9.865780803084164e-01 1.036577368172359e-02 1.288113334027645e-02
4.400564871502212e-09 5.091160137104875e+04 0.000000000000000e+00 0.000000000000000e+00 9.864364040020348e-01 1.041652460395849e-02 1.292693876604375e-02
4.407231008540618e-09 5.069941163885070e+04 0.000000000000000e+00 0.000000000000000e+00 9.862930559588802e-01 1.046757511344368e-02 1.297284720890122e-02
4.413891615563419e-09 5.048739793251643e+04 0.000000000000000e+00 0.000000000000000e+00 9.861480138697025e-01 1.051892631569539e-02 1.301885932853527e-02
4.420546677262232e-09 5.027556073932691e+04 0.000000000000000e+00 0.000000000000000e+00 9.860012551316429e-01 1.057057928567459e-02 1.306497580154788e-02
4.427196178294754e-09 5.006390054764277e+04 0.000000000000000e+00 0.000000000000000e+00 9.858527568410673e-01 1.062253506951805e-02 1.311119732448703e-02
4.433840103282665e-09 4.985241784697121e+04 0.000000000000000e+00 0.000000000000000e+00 9.857024957862026e-01 1.067479468616299e-02 1.315752461702865e-02
4.440478436808689e-09 4.964111312805935e+04 0.000000000000000e+00 0.000000000000000e+00 9.855504484396216e-01 1.072735912885602e-02 1.320395842529570e-02
4.447111163415287e-09 4.942998688293591e+04 0.000000000000000e+00 0.000000000000000e+00 9.853965909505216e-01 1.078022936657098e-02 1.325049952533065e-02
4.453738267602230e-09 4.921903960498850e+04 0.000000000000000e+00 0.000000000000000e+00 9.852408991368633e-01 1.083340634532116e-02 1.329714872670257e-02
4.460359733825474e-09 4.900827178899946e+04 0.000000000000000e+00 0.000000000000000e+00 9.850833484773139e-01 1.088689098939057e-02 1.334390687626564e-02
4.466975546495252e-09 4.879768393120641e+04 0.000000000000000e+00 0.000000000000000e+00 9.849239141030450e-01 1.094068420247496e-02 1.339077486205542e-02
4.473585689974966e-09 4.858727652933780e+04 0.000000000000000e+00 0.000000000000000e+00 9.847625707893489e-01 1.099478686875126e-02 1.343775361733468e-02
4.480190148579587e-09 4.837705008266353e+04 0.000000000000000e+00 0.000000000000000e+00 9.845992929471031e-01 1.104919985387261e-02 1.348484412478098e-02
4.486788906574577e-09 4.816700509202960e+04 0.000000000000000e+00 0.000000000000000e+00 9.844340546140611e-01 1.110392400590377e-02 1.353204742082457e-02
4.493381948174485e-09 4.795714205990243e+04 0.000000000000000e+00 0.000000000000000e+00 9.842668294459890e-01 1.115896015619773e-02 1.357936460013223e-02
4.499969257541836e-09 4.774746149040450e+04 0.000000000000000e+00 0.000000000000000e+00 9.840975907076311e-01 1.121430912022593e-02 1.362679682024326e-02
4.506550818785853e-09 4.753796388935506e+04 0.000000000000000e+00 0.000000000000000e+00 9.839263112635178e-01 1.126997169836630e-02 1.367434530635628e-02
4.513126615961416e-09 4.732864976430292e+04 0.000000000000000e+00 0.000000000000000e+00 9.837529635686014e-01 1.132594867666060e-02 1.372201135627202e-02
4.519696633067625e-09 4.711951962457263e+04 0.000000000000000e+00 0.000000000000000e+00 9.835775196587369e-01 1.138224082754409e-02 1.376979634548935e-02
4.526260854047054e-09 4.691057398128792e+04 0.000000000000000e+00 0.000000000000000e+00 9.833999511409772e-01 1.143884891056556e-02 1.381770173246510e-02
4.532819262784114e-09 4.670181334742388e+04 0.000000000000000e+00 0.000000000000000e+00 9.832202291837209e-01 1.149577367309339e-02 1.386572906402816e-02
4.539371843104484e-09 4.649323823782517e+04 0.000000000000000e+00 0.000000000000000e+00 9.830383245066576e-01 1.155301585103366e-02 1.391387998096441e-02
4.545918578773273e-09 4.628484916926441e+04 0.000000000000000e+00 0.000000000000000e+00 9.828542073705727e-01 1.161057616955035e-02 1.396215622375775e-02
4.552459453494797e-09 4.607664666044934e+04 0.000000000000000e+00 0.000000000000000e+00 9.826678475669257e-01 1.166845534382233e-02 1.401055963851039e-02
4.558994450910339e-09 4.586863123209408e+04 0.000000000000000e+00 0.000000000000000e+00 9.824792144073015e-01 1.172665407981676e-02 1.405909218301764e-02
4.565523554598085e-09 4.566080340692122e+04 0.000000000000000e+00 0.000000000000000e+00 9.822882767126085e-01 1.178517307512587e-02 1.410775593303007e-02
4.572046748071276e-09 4.545316370972060e+04 0.000000000000000e+00 0.000000000000000e+00 9.820950028021340e-01 1.184401301984461e-02 1.415655308867528e-02
4.578564014777460e-09 4.524571266737310e+04 0.000000000000000e+00 0.000000000000000e+00 9.818993604823640e-01 1.190317459752582e-02 1.420548598106201e-02
4.585075338097124e-09 4.503845080889431e+04 0.000000000000000e+00 0.000000000000000e+00 9.817013170356143e-01 1.196265848621053e-02 1.425455707905493e-02
4.591580701342804e-09 4.483137866546264e+04 0.000000000000000e+00 0.000000000000000e+00 9.815008392084273e-01 1.202246535955586e-02 1.430376899622894e-02
4.598080087757770e-09 4.462449677046141e+04 0.000000000000000e+00 0.000000000000000e+00 9.812978931997598e-01 1.208259588806573e-02 1.435312449799657e-02
4.604573480515316e-09 4.441780565950130e+04 0.000000000000000e+00 0.000000000000000e+00 9.810924446489130e-01 1.214305074044756e-02 1.440262650891609e-02
4.611060862717118e-09 4.421130587047266e+04 0.000000000000000e+00 0.000000000000000e+00 9.808844586232472e-01 1.220383058509531e-02 1.445227812016805e-02
4.617542217392705e-09 4.400499794356238e+04 0.000000000000000e+00 0.000000000000000e+00 9.806738996056046e-01 1.226493609173214e-02 1.450208259721456e-02
4.624017527497983e-09 4.379888242130080e+04 0.000000000000000e+00 0.000000000000000e+00 9.804607314814889e-01 1.232636793320925e-02 1.455204338762399e-02
4.630486775914490e-09 4.359295984858551e+04 0.000000000000000e+00 0.000000000000000e+00 9.802449175259400e-01 1.238812678749189e-02 1.460216412907117e-02
4.636949945448257e-09 4.338723077271751e+04 0.000000000000000e+00 0.000000000000000e+00 9.800264203901189e-01 1.245021333983844e-02 1.465244865750161e-02
4.643407018828884e-09 4.318169574343071e+04 0.000000000000000e+00 0.000000000000000e+00 9.798052020875717e-01 1.251262828519460e-02 1.470290101546022e-02
4.649857978708434e-09 4.297635531292714e+04 0.000000000000000e+00 0.000000000000000e+00 9.795812239801628e-01 1.257537233081622e-02 1.475352546057688e-02
4.656302807660708e-09 4.277121003589989e+04 0.000000000000000e+00 0.000000000000000e+00 9.793544467636439e-01 1.263844619914319e-02 1.480432647420746e-02
4.662741488180179e-09 4.256626046956724e+04 0.000000000000000e+00 0.000000000000000e+00 9.791248304528583e-01 1.270185063093542e-02 1.485530877021809e-02
4.669174002681256e-09 4.236150717369591e+04 0.000000000000000e+00 0.000000000000000e+00 9.788923343665370e-01 1.276558638869528e-02 1.490647730391038e-02
4.675600333497273e-09 4.215695071063334e+04 0.000000000000000e+00 0.000000000000000e+00 9.786569171116832e-01 1.282965426038887e-02 1.495783728107401e-02
4.682020462879952e-09 4.195259164532478e+04 0.000000000000000e+00 0.000000000000000e+00 9.784185365674923e-01 1.289405506349197e-02 1.500939416716307e-02
4.688434372998522e-09 4.174843054534126e+04 0.000000000000000e+00 0.000000000000000e+00 9.781771498688063e-01 1.295878964937126e-02 1.506115369657857e-02
4.694842045939117e-09 4.154446798089889e+04 0.000000000000000e+00 0.000000000000000e+00 9.779327133890563e-01 1.302385890802554e-02 1.511312188205001e-02
4.701243463704016e-09 4.134070452488288e+04 0.000000000000000e+00 0.000000000000000e+00 9.776851827226690e-01 1.308926377320155e-02 1.516530502409904e-02
4.707638608211340e-09 4.113714075285738e+04 0.000000000000000e+00 0.000000000000000e+00 9.774345126668873e-01 1.315500522790875e-02 1.521770972057553e-02
4.714027461294345e-09 4.093377724308773e+04 0.000000000000000e+00 0.000000000000000e+00 9.771806572029973e-01 1.322108431034351e-02 1.527034287624312e-02
4.720410004701194e-09 4.073061457654800e+04 0.000000000000000e+00 0.000000000000000e+00 9.769235694768897e-01 1.328750212024916e-02 1.532321171240371e-02
4.726786220094496e-09 4.052765333693547e+04 0.000000000000000e+00 0.000000000000000e+00 9.766632017789447e-01 1.335425982572319e-02 1.537632377653658e-02
4.733156089051224e-09 4.032489411067330e+04 0.000000000000000e+00 0.000000000000000e+00 9.763995055231711e-01 1.342135867049479e-02 1.542968695193663e-02
4.739519593062457e-09 4.012233748691875e+04 0.000000000000000e+00 0.000000000000000e+00 9.761324312255762e-01 1.348879998168423e-02 1.548330946732552e-02
4.745876713533373e-09 3.991998405756334e+04 0.000000000000000e+00 0.000000000000000e+00 9.758619284817046e-01 1.355658517806455e-02 1.553719990641595e-02
4.752227431783373e-09 3.971783441722909e+04 0.000000000000000e+00 0.000000000000000e+00 9.755879459432952e-01 1.362471577883955e-02 1.559136721740338e-02
4.758571729046200e-09 3.951588916326439e+04 0.000000000000000e+00 0.000000000000000e+00 9.753104312940162e-01 1.369319341295158e-02 1.564582072235787e-02
4.764909586470372e-09 3.931414889573069e+04 0.000000000000000e+00 0.000000000000000e+00 9.750293312242020e-01 1.376201982893523e-02 1.570057012649077e-02
4.771240985119470e-09 3.911261421739283e+04 0.000000000000000e+00 0.000000000000000e+00 9.747445914045609e-01 1.383119690532495e-02 1.575562552726356e-02
4.777565905973005e-09 3.891128573369179e+04 0.000000000000000e+00 0.000000000000000e+00 9.744561564587582e-01 1.390072666163450e-02 1.581099742331373e-02
4.783884329926906e-09 3.871016405272909e+04 0.000000000000000e+00 0.000000000000000e+00 9.741639699348563e-01 1.397061126990794e-02 1.586669672315783e-02
4.790196237794586e-09 3.850924978523271e+04 0.000000000000000e+00 0.000000000000000e+00 9.738679742755038e-01 1.404085306685975e-02 1.592273475364605e-02
4.796501610308000e-09 3.830854354452358e+04 0.000000000000000e+00 0.000000000000000e+00 9.735681107868350e-01 1.411145456660396e-02 1.597912326812820e-02
4.802800428118927e-09 3.810804594647472e+04 0.000000000000000e+00 0.000000000000000e+00 9.732643196059985e-01 1.418241847397875e-02 1.603587445429695e-02
4.809092671800459e-09 3.790775760946381e+04 0.000000000000000e+00 0.000000000000000e+00 9.729565396672458e-01 1.425374769846841e-02 1.609300094167029e-02
4.815378321848719e-09 3.770767915431854e+04 0.000000000000000e+00 0.000000000000000e+00 9.726447086665067e-01 1.432544536872258e-02 1.615051580867441e-02
4.821657358684586e-09 3.750781120426168e+04 0.000000000000000e+00 0.000000000000000e+00 9.723287630243881e-01 1.439751484766771e-02 1.620843258928495e-02
4.827929762656070e-09 3.730815438483548e+04 0.000000000000000e+00 0.000000000000000e+00 9.720086378474878e-01 1.446995974821281e-02 1.626676527919083e-02
4.834195514040619e-09 3.710870932382831e+04 0.000000000000000e+00 0.000000000000000e+00 9.716842668879826e-01 1.454278394953382e-02 1.632552834143186e-02
4.840454593047563e-09 3.690947665119676e+04 0.000000000000000e+00 0.000000000000000e+00 9.713555825014039e-01 1.461599161392822e-02 1.638473671146830e-02
4.846706979821345e-09 3.671045699896280e+04 0.000000000000000e+00 0.000000000000000e+00 9.710225156024853e-01 1.468958720423391e-02 1.644440580164392e-02
4.852952654444446e-09 3.651165100112076e+04 0.000000000000000e+00 0.000000000000000e+00 9.706849956190629e-01 1.476357550178343e-02 1.650455150498682e-02
4.859191596941054e-09 3.631305929352050e+04 0.000000000000000e+00 0.000000000000000e+00 9.703429504438925e-01 1.483796162488592e-02 1.656519019831185e-02
4.865423787280812e-09 3.611468251374809e+04 0.000000000000000e+00 0.000000000000000e+00 9.699963063843376e-01 1.491275104780641e-02 1.662633874457084e-02
4.871649205382910e-09 3.591652130099558e+04 0.000000000000000e+00 0.000000000000000e+00 9.696449881098392e-01 1.498794962021900e-02 1.668801449440568e-02
4.877867831120718e-09 3.571857629591344e+04 0.000000000000000e+00 0.000000000000000e+00 9.692889185970746e-01 1.506356358710687e-02 1.675023528685768e-02
4.884079644326579e-09 3.552084814045818e+04 0.000000000000000e+00 0.000000000000000e+00 9.689280190727516e-01 1.513959960907091e-02 1.681301944918010e-02
4.890284624796918e-09 3.532333747772954e+04 0.000000000000000e+00 0.000000000000000e+00 9.685622089539545e-01 1.521606478301246e-02 1.687638579570650e-02
4.896482752298090e-09 3.512604495178448e+04 0.000000000000000e+00 0.000000000000000e+00 9.681914057859449e-01 1.529296666315395e-02 1.694035362572849e-02
4.902674006572262e-09 3.492897120744982e+04 0.000000000000000e+00 0.000000000000000e+00 9.678155251773863e-01 1.537031328234513e-02 1.700494272032613e-02
4.908858367344131e-09 3.473211689010852e+04 0.000000000000000e+00 0.000000000000000e+00 9.674344807328821e-01 1.544811317361598e-02 1.707017333810831e-02
4.915035814327415e-09 3.453548264549296e+04 0.000000000000000e+00 0.000000000000000e+00 9.670481839828220e-01 1.552637539191151e-02 1.713606620980161e-02
4.921206327232705e-09 3.433906911943512e+04 0.000000000000000e+00 0.000000000000000e+00 9.666565443103905e-01 1.560510953597169e-02 1.720264253165368e-02
4.927369885775132e-09 3.414287695762241e+04 0.000000000000000e+00 0.000000000000000e+00 9.662594688757667e-01 1.568432577027811e-02 1.726992395758456e-02
4.933526469682716e-09 3.394690680533202e+04 0.000000000000000e+00 0.000000000000000e+00 9.658568625374241e-01 1.576403484701395e-02 1.733793259004477e-02
4.939676058705464e-09 3.375115930714121e+04 0.000000000000000e+00 0.000000000000000e+00 9.654486277704745e-01 1.584424812797105e-02 1.740669096953184e-02
4.945818632624524e-09 3.355563510663607e+04 0.000000000000000e+00 0.000000000000000e+00 9.650346645820708e-01 1.592497760632403e-02 1.747622206270851e-02
4.951954171262500e-09 3.336033484608303e+04 0.000000000000000e+00 0.000000000000000e+00 9.646148704237637e-01 1.600623592821077e-02 1.754654924908746e-02
4.958082562600931e-09 3.316526209114044e+04 0.000000000000000e+00 0.000000000000000e+00 9.641891464770660e-01 1.608803521056304e-02 1.761769522915069e-02
4.964203700533269e-09 3.297042021928469e+04 0.000000000000000e+00 0.000000000000000e+00 9.637573911572592e-01 1.617038830285939e-02 1.768968309871090e-02
4.970317570609553e-09 3.277580969047223e+04 0.000000000000000e+00 0.000000000000000e+00 9.633194938739802e-01 1.625330994965518e-02 1.776253736310981e-02
4.976424120872196e-09 3.258143215856447e+04 0.000000000000000e+00 0.000000000000000e+00 9.628753438371427e-01 1.633681512575281e-02 1.783628241213853e-02
4.982523325477200e-09 3.238728844620143e+04 0.000000000000000e+00 0.000000000000000e+00 9.624248254664192e-01 1.642091989483220e-02 1.791094325430379e-02
4.988615149838970e-09 3.219337965427676e+04 0.000000000000000e+00 0.000000000000000e+00 9.619678207594647e-01 1.650564096612252e-02 1.798654507743368e-02
4.994699567851382e-09 3.199970661377422e+04 0.000000000000000e+00 0.000000000000000e+00 9.615042079260145e-01 1.659099594342952e-02 1.806311343469807e-02
5.000776552272396e-09 3.180627019183485e+04 0.000000000000000e+00 0.000000000000000e+00 9.610338619763449e-01 1.667700321260596e-02 1.814067410082609e-02
5.006846079163006e-09 3.161307115046091e+04 0.000000000000000e+00 0.000000000000000e+00 9.605566542694913e-01 1.676368201816887e-02 1.821925310031955e-02
5.012908125095243e-09 3.142011023538777e+04 0.000000000000000e+00 0.000000000000000e+00 9.600724526040365e-01 1.685105243980480e-02 1.829887664288228e-02
5.018962668215108e-09 3.122738814224985e+04 0.000000000000000e+00 0.000000000000000e+00 9.595811210136693e-01 1.693913542065447e-02 1.837957110595016e-02
5.025009687390907e-09 3.103490554368988e+04 0.000000000000000e+00 0.000000000000000e+00 9.590825197099289e-01 1.702795276753312e-02 1.846136299056745e-02
5.031049162432831e-09 3.084266308236941e+04 0.000000000000000e+00 0.000000000000000e+00 9.585765049391025e-01 1.711752716470439e-02 1.854427888941378e-02
5.037081073814459e-09 3.065066137983376e+04 0.000000000000000e+00 0.000000000000000e+00 9.580629288773745e-01 1.720788217904026e-02 1.862834544638074e-02
5.043105402697690e-09 3.045890103571823e+04 0.000000000000000e+00 0.000000000000000e+00 9.575416394996118e-01 1.729904226790192e-02 1.871358931846330e-02
5.049122130834567e-09 3.026738263087344e+04 0.000000000000000e+00 0.000000000000000e+00 9.570124804565840e-01 1.739103278355163e-02 1.880003713424693e-02
5.055131240559809e-09 3.007610672760268e+04 0.000000000000000e+00 0.000000000000000e+00 9.564752909428186e-01 1.748387997713132e-02 1.888771545200044e-02
5.061132714757359e-09 2.988507387072694e+04 0.000000000000000e+00 0.000000000000000e+00 9.559299055649344e-01 1.757761100043437e-02 1.897665071581948e-02
5.067126198238931e-09 2.969429536624059e+04 0.000000000000000e+00 0.000000000000000e+00 9.553761855017099e-01 1.767224863798441e-02 1.906686405930634e-02
5.073111698602137e-09 2.950377097230409e+04 0.000000000000000e+00 0.000000000000000e+00 9.548139550916009e-01 1.776782203027061e-02 1.915838168599459e-02
5.079089117746561e-09 2.931350381155064e+04 0.000000000000000e+00 0.000000000000000e+00 9.542430437675852e-01 1.786435952817767e-02 1.925122789102203e-02
5.085058431804716e-09 2.912349464370599e+04 0.000000000000000e+00 0.000000000000000e+00 9.536632692618248e-01 1.796189148557934e-02 1.934542775175618e-02
5.091019591238152e-09 2.893374504562794e+04 0.000000000000000e+00 0.000000000000000e+00 9.530744467704947e-01 1.806044868948739e-02 1.944100554833735e-02
5.096972569976501e-09 2.874425584716210e+04 0.000000000000000e+00 0.000000000000000e+00 9.524763840918959e-01 1.816006313358319e-02 1.953798548792699e-02
5.102917337915117e-09 2.855502800656909e+04 0.000000000000000e+00 0.000000000000000e+00 9.518688841162163e-01 1.826076756733809e-02 1.963639122155536e-02
5.108853873938639e-09 2.836606219597180e+04 0.000000000000000e+00 0.000000000000000e+00 9.512517433724709e-01 1.836259569559516e-02 1.973624600677517e-02
5.114782157986218e-09 2.817735905392678e+04 0.000000000000000e+00 0.000000000000000e+00 9.506247526576042e-01 1.846558203307522e-02 1.983757252874803e-02
5.120702174250151e-09 2.798891908360892e+04 0.000000000000000e+00 0.000000000000000e+00 9.499876965475305e-01 1.856976193985480e-02 1.994039290386491e-02
5.126613908744878e-09 2.780074273019237e+04 0.000000000000000e+00 0.000000000000000e+00 9.493403534889461e-01 1.867517155966198e-02 2.004472858824274e-02
5.132517349987637e-09 2.761283035918483e+04 0.000000000000000e+00 0.000000000000000e+00 9.486824955691021e-01 1.878184780794611e-02 2.015060033874342e-02
5.138412488196841e-09 2.742518228194389e+04 0.000000000000000e+00 0.000000000000000e+00 9.480138884448478e-01 1.888982833153075e-02 2.025802814819368e-02
5.144299315375914e-09 2.723779875300847e+04 0.000000000000000e+00 0.000000000000000e+00 9.473342911773930e-01 1.899915148068037e-02 2.036703119632064e-02
5.150177825020182e-09 2.705067997942873e+04 0.000000000000000e+00 0.000000000000000e+00 9.466434561094998e-01 1.910985627147907e-02 2.047762779438889e-02
5.156048012086157e-09 2.686382612174392e+04 0.000000000000000e+00 0.000000000000000e+00 9.459411287140460e-01 1.922198234979262e-02 2.058983533531902e-02
5.161909872874720e-09 2.667723729770066e+04 0.000000000000000e+00 0.000000000000000e+00 9.452270474529629e-01 1.933556995048298e-02 2.070367024321615e-02
5.167763404999089e-09 2.649091358327256e+04 0.000000000000000e+00 0.000000000000000e+00 9.445009436268590e-01 1.945065985490775e-02 2.081914792576480e-02
5.173608607339873e-09 2.630485501409094e+04 0.000000000000000e+00 0.000000000000000e+00 9.437625412266907e-01 1.956729334481569e-02 2.093628272793663e-02
5.179445480031399e-09 2.611906158588002e+04 0.000000000000000e+00 0.000000000000000e+00 9.430115567823061e-01 1.968551215338450e-02 2.105508788814271e-02
5.185274024451172e-09 2.593353325479253e+04 0.000000000000000e+00 0.000000000000000e+00 9.422476992113978e-01 1.980535841279335e-02 2.117557549656915e-02
5.191094243222723e-09 2.574826993731880e+04 0.000000000000000e+00 0.000000000000000e+00 9.414706696678348e-01 1.992687459847046e-02 2.129775645618022e-02
5.196906140223415e-09 2.556327151003859e+04 0.000000000000000e+00 0.000000000000000e+00 9.406801613907249e-01 2.005010346981722e-02 2.142164044649598e-02
5.202709720599013e-09 2.537853780915709e+04 0.000000000000000e+00 0.000000000000000e+00 9.398758595543470e-01 2.017508800744254e-02 2.154723589044745e-02
5.208504990782263e-09 2.519406862991361e+04 0.000000000000000e+00 0.000000000000000e+00 9.390574411197485e-01 2.030187134688837e-02 2.167454992450311e-02
5.214291958514958e-09 2.500986372587927e+04 0.000000000000000e+00 0.000000000000000e+00 9.382245746885792e-01 2.043049670891798e-02 2.180358837228537e-02
5.220070632873024e-09 2.482592280815838e+04 0.000000000000000e+00 0.000000000000000e+00 9.373769203597834e-01 2.056100732649286e-02 2.193435572186924e-02
5.225841024293708e-09 2.464224554452298e+04 0.000000000000000e+00 0.000000000000000e+00 9.365141295898844e-01 2.069344636861132e-02 2.206685510691002e-02
5.231603144604854e-09 2.445883155848115e+04 0.000000000000000e+00 0.000000000000000e+00 9.356358450575184e-01 2.082785686126280e-02 2.220108829172438e-02
5.237357007055268e-09 2.427568042831032e+04 0.000000000000000e+00 0.000000000000000e+00 9.347417005330489e-01 2.096428160579191e-02 2.233705566037666e-02
5.243102626346845e-09 2.409279168603460e+04 0.000000000000000e+00 0.000000000000000e+00 9.338313207538765e-01 2.110276309506458e-02 2.247475620980425e-02
5.248840018667662e-09 2.391016481637148e+04 0.000000000000000e+00 0.000000000000000e+00 9.329043213062862e-01 2.124334342785236e-02 2.261418754692014e-02
5.254569201725865e-09 2.372779925565322e+04 0.000000000000000e+00 0.000000000000000e+00 9.319603085145929e-01 2.138606422191282e-02 2.275534588957875e-02
5.260290194784830e-09 2.354569439070746e+04 0.000000000000000e+00 0.000000000000000e+00 9.309988793382199e-01 2.153096652629792e-02 2.289822607123995e-02
5.266003018698790e-09 2.336384955772341e+04 0.000000000000000e+00 0.000000000000000e+00 9.300196212775419e-01 2.167809073341288e-02 2.304282154906733e-02
5.271707695949825e-09 2.318226404107420e+04 0.000000000000000e+00 0.000000000000000e+00 9.290221122889984e-01 2.182747649139479e-02 2.318912441517568e-02
5.277404250684908e-09 2.300093707213779e+04 0.000000000000000e+00 0.000000000000000e+00 9.280059207103142e-01 2.197916261730781e-02 2.333712541063021e-02
5.283092708754490e-09 2.281986782806880e+04 0.000000000000000e+00 0.000000000000000e+00 9.269706051961331e-01 2.213318701168201e-02 2.348681394182245e-02
5.288773097751427e-09 2.263905543055934e+04 0.000000000000000e+00 0.000000000000000e+00 9.259157146647645e-01 2.228958657479006e-02 2.363817809874443e-02
5.294445447050930e-09 2.245849894456739e+04 0.000000000000000e+00 0.000000000000000e+00 9.248407882563543e-01 2.244839712501427e-02 2.379120467470840e-02
5.300109787851225e-09 2.227819737702258e+04 0.000000000000000e+00 0.000000000000000e+00 9.237453553028925e-01 2.260965331951816e-02 2.394587918702723e-02
5.305766153215232e-09 2.209814967549944e+04 0.000000000000000e+00 0.000000000000000e+00 9.226289353102922e-01 2.277338857732119e-02 2.410218589819705e-02
5.311414578112876e-09 2.191835472687080e+04 0.000000000000000e+00 0.000000000000000e+00 9.214910379528378e-01 2.293963500470782e-02 2.426010783712821e-02
5.317055099464383e-09 2.173881135592924e+04 0.000000000000000e+00 0.000000000000000e+00 9.203311630800985e-01 2.310842332276647e-02 2.441962682002877e-02
5.322687756184747e-09 2.155951832397210e+04 0.000000000000000e+00 0.000000000000000e+00 9.191488007363959e-01 2.327978279669057e-02 2.458072347058566e-02
5.328312589228541e-09 2.138047432737481e+04 0.000000000000000e+00 0.000000000000000e+00 9.179434311930629e-01 2.345374116629327e-02 2.474337723911292e-02
5.333929641636279e-09 2.120167799611526e+04 0.000000000000000e+00 0.000000000000000e+00 9.167145249933119e-01 2.363032457710935e-02 2.490756642044479e-02
5.339538958581341e-09 2.102312789228012e+04 0.000000000000000e+00 0.000000000000000e+00 9.154615430099552e-01 2.380955751128069e-02 2.507326817033705e-02
5.345140587418284e-09 2.084482250852702e+04 0.000000000000000e+00 0.000000000000000e+00 9.141839365158458e-01 2.399146271739300e-02 2.524045852023063e-02
5.350734577731830e-09 2.066676026652521e+04 0.000000000000000e+00 0.000000000000000e+00 9.128811472672476e-01 2.417606113833943e-02 2.540911239021550e-02
5.356320981387318e-09 2.048893951534969e+04 0.000000000000000e+00 0.000000000000000e+00 9.115526076000362e-01 2.436337183632842e-02 2.557920360009304e-02
5.361899852582191e-09 2.031135852984229e+04 0.000000000000000e+00 0.000000000000000e+00 9.101977405389350e-01 2.455341191415528e-02 2.575070487841002e-02
5.367471247898620e-09 2.013401550893653e+04 0.000000000000000e+00 0.000000000000000e+00 9.088159599199070e-01 2.474619643195538e-02 2.592358786936053e-02
5.373035195925739e-09 1.995690954261205e+04 0.000000000000000e+00 0.000000000000000e+00 9.074066782717060e-01 2.494173725383276e-02 2.609782217833930e-02
5.378591709863208e-09 1.978004021071063e+04 0.000000000000000e+00 0.000000000000000e+00 9.059693045192477e-01 2.514004331722740e-02 2.627337573191632e-02
5.384140864454475e-09 1.960340513407438e+04 0.000000000000000e+00 0.000000000000000e+00 9.045032242663176e-01 2.534112325744791e-02 2.645021722081632e-02
5.389681952884351e-09 1.942702681132957e+04 0.000000000000000e+00 0.000000000000000e+00 9.030080270482742e-01 2.554495457597645e-02 2.662828891591232e-02
5.395214522249310e-09 1.925091965884316e+04 0.000000000000000e+00 0.000000000000000e+00 9.014832421620895e-01 2.575151987899452e-02 2.680753941206665e-02
5.400738637612364e-09 1.907508160559517e+04 0.000000000000000e+00 0.000000000000000e+00 8.999282579195359e-01 2.596081740250575e-02 2.698793264992087e-02
5.406254177284256e-09 1.889951652507497e+04 0.000000000000000e+00 0.000000000000000e+00 8.983425108321458e-01 2.617283532629284e-02 2.716942524479286e-02
5.411761177075142e-09 1.872422327740987e+04 0.000000000000000e+00 0.000000000000000e+00 8.967253899947611e-01 2.638756449921782e-02 2.735197774002300e-02
5.417259635546275e-09 1.854920190839659e+04 0.000000000000000e+00 0.000000000000000e+00 8.950762915120108e-01 2.660499107074107e-02 2.753554825977617e-02
5.422749605626710e-09 1.837445073325104e+04 0.000000000000000e+00 0.000000000000000e+00 8.933945918911643e-01 2.682509991368612e-02 2.772009557020698e-02
5.428231140056047e-09 1.819996807321954e+04 0.000000000000000e+00 0.000000000000000e+00 8.916796639445229e-01 2.704787243004123e-02 2.790557729728749e-02
5.433704314623183e-09 1.802575151586664e+04 0.000000000000000e+00 0.000000000000000e+00 8.899308697837882e-01 2.727328736671210e-02 2.809195074407101e-02
5.439169211884995e-09 1.785179843332529e+04 0.000000000000000e+00 0.000000000000000e+00 8.881475658606799e-01 2.750132006204789e-02 2.827917238792116e-02
5.444625926205514e-09 1.767810582189511e+04 0.000000000000000e+00 0.000000000000000e+00 8.863291015099793e-01 2.773194253289862e-02 2.846719811081766e-02
5.450074558320322e-09 1.750467047506292e+04 0.000000000000000e+00 0.000000000000000e+00 8.844748208695582e-01 2.796512312588549e-02 2.865598308875962e-02
5.455515215885651e-09 1.733148896602443e+04 0.000000000000000e+00 0.000000000000000e+00 8.825840629370579e-01 2.820082640171560e-02 2.884548190549011e-02
5.460948011355691e-09 1.715855771525160e+04 0.000000000000000e+00 0.000000000000000e+00 8.806561625621612e-01 2.843901289442012e-02 2.903564859671685e-02
5.466373061604699e-09 1.698587300252130e+04 0.000000000000000e+00 0.000000000000000e+00 8.786904509049120e-01 2.867963892838699e-02 2.922643678024770e-02
5.471790486919333e-09 1.681343099899028e+04 0.000000000000000e+00 0.000000000000000e+00 8.766862561602988e-01 2.892265639144264e-02 2.941779979213241e-02
5.477200410534172e-09 1.664122778198003e+04 0.000000000000000e+00 0.000000000000000e+00 8.746429041434799e-01 2.916801251358919e-02 2.960969087190985e-02
5.482602958052496e-09 1.646925935341400e+04 0.000000000000000e+00 0.000000000000000e+00 8.725597189698306e-01 2.941564962361183e-02 2.980206337570249e-02
5.487998257057749e-09 1.629752165218502e+04 0.000000000000000e+00 0.000000000000000e+00 8.704360237237502e-01 2.966550489954515e-02 2.999487102941846e-02
5.493386436729904e-09 1.612601056636688e+04 0.000000000000000e+00 0.000000000000000e+00 8.682711411897264e-01 2.991751010971032e-02 3.018806821663483e-02
5.498767627543072e-09 1.595472194283962e+04 0.000000000000000e+00 0.000000000000000e+00 8.660643946226055e-01 3.017159135531811e-02 3.038161030459107e-02
5.504141960989314e-09 1.578365159608090e+04 0.000000000000000e+00 0.000000000000000e+00 8.638151085834361e-01 3.042766882235191e-02 3.057545400643531e-02
5.509509569346641e-09 1.561279531555091e+04 0.000000000000000e+00 0.000000000000000e+00 8.615226098378925e-01 3.068565655607880e-02 3.076955777961520e-02
5.514870585473861e-09 1.544214887222244e+04 0.000000000000000e+00 0.000000000000000e+00 8.591862283263091e-01 3.094546227154219e-02 3.096388225786380e-02
5.520225142635972e-09 1.527170802413881e+04 0.000000000000000e+00 0.000000000000000e+00 8.568052982033930e-01 3.120698721495194e-02 3.115839071348431e-02
5.525573374354579e-09 1.510146852117538e+04 0.000000000000000e+00 0.000000000000000e+00 8.543791589466597e-01 3.147012608971918e-02 3.135304954452219e-02
5.530915414284219e-09 1.493142610897608e+04 0.000000000000000e+00 0.000000000000000e+00 8.519071565271329e-01 3.173476705897913e-02 3.154782877970822e-02
5.536251396112731e-09 1.476157653212485e+04 0.000000000000000e+00 0.000000000000000e+00 8.493886446346433e-01 3.200079183267905e-02 3.174270259205111e-02
5.541581421372335e-09 1.459191655875071e+04 0.000000000000000e+00 0.000000000000000e+00 8.468230014822065e-01 3.226807424397829e-02 3.193764863241098e-02
5.546905514474995e-09 1.442244541179674e+04 0.000000000000000e+00 0.000000000000000e+00 8.442096547718534e-01 3.253647822286174e-02 3.213264687077076e-02
5.552223827448103e-09 1.425315825208078e+04 0.000000000000000e+00 0.000000000000000e+00 8.415479837567823e-01 3.280586834867098e-02 3.232768758373933e-02
5.557536452355750e-09 1.408405214911176e+04 0.000000000000000e+00 0.000000000000000e+00 8.388374107503548e-01 3.307610094778011e-02 3.252276490379231e-02
5.562843516765258e-09 1.391512304229569e+04 0.000000000000000e+00 0.000000000000000e+00 8.360773554671626e-01 3.334702932802040e-02 3.271788071000507e-02
5.568145133163939e-09 1.374636735105027e+04 0.000000000000000e+00 0.000000000000000e+00 8.332672616293362e-01 3.361850173864846e-02 3.291304308724464e-02
5.573441424392688e-09 1.357778116522832e+04 0.000000000000000e+00 0.000000000000000e+00 8.304065852968986e-01 3.389036316710732e-02 3.310826751453916e-02
5.578732510019773e-09 1.340936067885371e+04 0.000000000000000e+00 0.000000000000000e+00 8.274948033021884e-01 3.416245517051569e-02 3.330357653682065e-02
5.584018513105907e-09 1.324110197478227e+04 0.000000000000000e+00 0.000000000000000e+00 8.245314110343342e-01 3.443461673618552e-02 3.349900010675474e-02
5.589299556540089e-09 1.307300114133566e+04 0.000000000000000e+00 0.000000000000000e+00 8.215159258175868e-01 3.470668460679621e-02 3.369457545300004e-02
5.594575764856632e-09 1.290505421446357e+04 0.000000000000000e+00 0.000000000000000e+00 8.184478873338005e-01 3.497849387933925e-02 3.389034705817878e-02
5.599847263288148e-09 1.273725720788818e+04 0.000000000000000e+00 0.000000000000000e+00 8.153268595971591e-01 3.524987846278627e-02 3.408636643633989e-02
5.605114178307266e-09 1.256960609586069e+04 0.000000000000000e+00 0.000000000000000e+00 8.121524321028101e-01 3.552067161705448e-02 3.428269186340695e-02
5.610376637450441e-09 1.240209681876959e+04 0.000000000000000e+00 0.000000000000000e+00 8.089242213927131e-01 3.579070646642569e-02 3.447938797557022e-02
5.615634769556328e-09 1.223472527555317e+04 0.000000000000000e+00 0.000000000000000e+00 8.056418723714096e-01 3.605981654880610e-02 3.467652527679044e-02
5.620888704824842e-09 1.206748732181939e+04 0.000000000000000e+00 0.000000000000000e+00 8.023050597070833e-01 3.632783637120472e-02 3.487417953511730e-02
5.626138574995453e-09 1.190037876417071e+04 0.000000000000000e+00 0.000000000000000e+00 7.989134891233133e-01 3.659460198384124e-02 3.507243108427561e-02
5.631384513481289e-09 1.173339535593535e+04 0.000000000000000e+00 0.000000000000000e+00 7.954668986650588e-01 3.685995155881431e-02 3.527136403323784e-02
5.636626655534278e-09 1.156653279191074e+04 0.000000000000000e+00 0.000000000000000e+00 7.919650598763039e-01 3.712372596940327e-02 3.547106539862869e-02
5.641865138393600e-09 1.139978670363808e+04 0.000000000000000e+00 0.000000000000000e+00 7.884077789047110e-01 3.738576935932132e-02 3.567162417245375e-02
5.647100101433141e-09 1.123315265470881e+04 0.000000000000000e+00 0.000000000000000e+00 7.847948975103095e-01 3.764592969541385e-02 3.587313034107079e-02
5.652331686291589e-09 1.106662613662348e+04 0.000000000000000e+00 0.000000000000000e+00 7.811262939786887e-01 3.790405929796846e-02 3.607567386976298e-02
5.657560036986693e-09 1.090020256515471e+04 0.000000000000000e+00 0.000000000000000e+00 7.774018839307945e-01 3.816001534683033e-02 3.627934366637814e-02
5.662785300007635e-09 1.073387727740708e+04 0.000000000000000e+00 0.000000000000000e+00 7.736216210304783e-01 3.841366036451207e-02 3.648422653475434e-02
5.668007536716404e-09 1.056764832016777e+04 0.000000000000000e+00 0.000000000000000e+00 7.697855621751460e-01 3.866485853132123e-02 3.669040264515359e-02
5.673226874536487e-09 1.040151163742122e+04 0.000000000000000e+00 0.000000000000000e+00 7.658937597473384e-01 3.891348342781777e-02 3.689795041221570e-02
5.678443449034852e-09 1.023546291393686e+04 0.000000000000000e+00 0.000000000000000e+00 7.619463025884806e-01 3.915941565916353e-02 3.710694320052444e-02
5.683657400135087e-09 1.006949769580847e+04 0.000000000000000e+00 0.000000000000000e+00 7.579433189484089e-01 3.940254311991220e-02 3.731744814950951e-02
5.688868873144291e-09 9.903611357767522e+03 0.000000000000000e+00 0.000000000000000e+00 7.538849758488134e-01 3.964276149321390e-02 3.752952520383147e-02
5.694078018776765e-09 9.737799102428755e+03 0.000000000000000e+00 0.000000000000000e+00 7.497714791177826e-01 3.987997470769480e-02 3.774322612378914e-02
5.699284989166192e-09 9.572056087226674e+03 0.000000000000000e+00 0.000000000000000e+00 7.456030765999255e-01 4.011409521953373e-02 3.795859335566409e-02
5.704489940826154e-09 9.406377330179213e+03 0.000000000000000e+00 0.000000000000000e+00 7.413800559441031e-01 4.034504460597421e-02 3.817565922287335e-02
5.709693032759343e-09 9.240757770073516e+03 0.000000000000000e+00 0.000000000000000e+00 7.371027461835308e-01 4.057275392405331e-02 3.839444496873492e-02
5.714894427147464e-09 9.075192244505528e+03 0.000000000000000e+00 0.000000000000000e+00 7.327715172710896e-01 4.079716415422912e-02 3.861495997434564e-02
5.720094288776988e-09 8.909675508159009e+03 0.000000000000000e+00 0.000000000000000e+00 7.283867806285669e-01 4.101822654049562e-02 3.883720101293082e-02
5.725292785169400e-09 8.744202228659438e+03 0.000000000000000e+00 0.000000000000000e+00 7.239489891098855e-01 4.123590289406010e-02 3.906115164603508e-02
5.730490086395841e-09 8.578766992474313e+03 0.000000000000000e+00 0.000000000000000e+00 7.194586371940527e-01 4.145016579609685e-02 3.928678174260881e-02
5.735686268105783e-09 8.413367391606100e+03 0.000000000000000e+00 0.000000000000000e+00 7.149163458230252e-01 4.166099485089012e-02 3.951404290228806e-02
5.740881345679649e-09 8.248002936480789e+03 0.000000000000000e+00 0.000000000000000e+00 7.103228367614758e-01 4.186837830777689e-02 3.974286969742623e-02
5.746075514633842e-09 8.082667403617955e+03 0.000000000000000e+00 0.000000000000000e+00 7.056787201562791e-01 4.207232231869305e-02 3.997319038032513e-02
5.751268893231496e-09 7.917357028585059e+03 0.000000000000000e+00 0.000000000000000e+00 7.009847183823925e-01 4.227284030890164e-02 4.020491587520514e-02
5.756461652045384e-09 7.752066381882220e+03 0.000000000000000e+00 0.000000000000000e+00 6.962415506379995e-01 4.246995751639606e-02 4.043794603017008e-02
5.761653945252117e-09 7.586790555915429e+03 0.000000000000000e+00 0.000000000000000e+00 6.914499931363307e-01 4.266370762250728e-02 4.067216728883095e-02
5.766845944301809e-09 7.421524093258021e+03 0.000000000000000e+00 0.000000000000000e+00 6.866108473498931e-01 4.285413312694442e-02 4.090745513741401e-02
5.772037819341590e-09 7.256261577958712e+03 0.000000000000000e+00 0.000000000000000e+00 6.817249553474404e-01 4.304128358289641e-02 4.114367439640727e-02
5.777229747710269e-09 7.090997365147862e+03 0.000000000000000e+00 0.000000000000000e+00 6.767931901124231e-01 4.322521468141852e-02 4.138068090330982e-02
5.782421908676730e-09 6.925725748519649e+03 0.000000000000000e+00 0.000000000000000e+00 6.718164583445704e-01 4.340598670989852e-02 4.161832271304514e-02
5.787614485332816e-09 6.760440900079710e+03 0.000000000000000e+00 0.000000000000000e+00 6.667956963739313e-01 4.358366317734454e-02 4.185644173457226e-02
5.792807662871347e-09 6.595136924957498e+03 0.000000000000000e+00 0.000000000000000e+00 6.617318693138007e-01 4.375830926667826e-02 4.209487527820192e-02
5.798001628763791e-09 6.429807855750875e+03 0.000000000000000e+00 0.000000000000000e+00 6.566259682905815e-01 4.392999035356884e-02 4.233345773059556e-02
5.803196572004411e-09 6.264447676585574e+03 0.000000000000000e+00 0.000000000000000e+00 6.514790085107165e-01 4.409877054273947e-02 4.257202219248402e-02
5.808392682880963e-09 6.099050330414209e+03 0.000000000000000e+00 0.000000000000000e+00 6.462920268178164e-01 4.426471131741902e-02 4.281040211325138e-02
5.813590152532663e-09 5.933609733086576e+03 0.000000000000000e+00 0.000000000000000e+00 6.410660795113731e-01 4.442787031977724e-02 4.304843285845820e-02
5.818789172687416e-09 5.768119781713920e+03 0.000000000000000e+00 0.000000000000000e+00 6.358022400885632e-01 4.458830031135860e-02 4.328595320231297e-02
5.823989935388485e-09 5.602574363369281e+03 0.000000000000000e+00 0.000000000000000e+00 6.305015971289294e-01 4.474604833637595e-02 4.352280671437894e-02
5.829192632819080e-09 5.436967360671146e+03 0.000000000000000e+00 0.000000000000000e+00 6.251652522321827e-01 4.490115511221403e-02 4.375884302737931e-02
5.834397457175358e-09 5.271292655825810e+03 0.000000000000000e+00 0.000000000000000e+00 6.197943180614482e-01 4.505365465847846e-02 4.399391896890592e-02
5.839604600616541e-09 5.105544132215246e+03 0.000000000000000e+00 0.000000000000000e+00 6.143899164515342e-01 4.520357417060304e-02 4.422789954569663e-02
5.844814259006427e-09 4.939715555301149e+03 0.000000000000000e+00 0.000000000000000e+00 6.089531726918470e-01 4.535093423814959e-02 4.446065893456130e-02
5.850026624758601e-09 4.773800800368848e+03 0.000000000000000e+00 0.000000000000000e+00 6.034852211875771e-01 4.549574899102353e-02 4.469208080972020e-02
5.855241891555238e-09 4.607793702323287e+03 0.000000000000000e+00 0.000000000000000e+00 5.979871989106782e-01 4.563802680141509e-02 4.492205901912620e-02
5.860460252805962e-09 4.441688104744901e+03 0.000000000000000e+00 0.000000000000000e+00 5.924602453478417e-01 4.577777101362875e-02 4.515049777668840e-02
5.865681902759027e-09 4.275477824519761e+03 0.000000000000000e+00 0.000000000000000e+00 5.869054996720845e-01 4.591498093151236e-02 4.537731175267497e-02
5.870907036295073e-09 4.109156658404378e+03 0.000000000000000e+00 0.000000000000000e+00 5.813240992637213e-01 4.604965293431519e-02 4.560242586343715e-02
5.876135733177773e-09 3.942722067442189e+03 0.000000000000000e+00 0.000000000000000e+00 5.757173016705793e-01 4.618177891016644e-02 4.582576987716888e-02
5.881368147382593e-09 3.776169150441922e+03 0.000000000000000e+00 0.000000000000000e+00 5.700862817902658e-01 4.631135245092729e-02 4.604728587767376e-02
5.886604470177373e-09 3.609491819159090e+03 0.000000000000000e+00 0.000000000000000e+00 5.644321684853242e-01 4.643836926547328e-02 4.626692548880079e-02
5.891844886694965e-09 3.442684180632085e+03 0.000000000000000e+00 0.000000000000000e+00 5.587560890661118e-01 4.656282759062379e-02 4.648464657899022e-02
5.897087021061637e-09 3.275821861270511e+03 0.000000000000000e+00 0.000000000000000e+00 5.530619313934576e-01 4.668467243664243e-02 4.670030683929687e-02
5.902329338123042e-09 3.108953726555005e+03 0.000000000000000e+00 0.000000000000000e+00 5.473526832165810e-01 4.680387781657969e-02 4.691380532191824e-02
5.907572132569782e-09 2.942070396192310e+03 0.000000000000000e+00 0.000000000000000e+00 5.416293429985169e-01 4.692046707117702e-02 4.712511776930776e-02
5.912814965229711e-09 2.775185849466056e+03 0.000000000000000e+00 0.000000000000000e+00 5.358936901984062e-01 4.703445573081409e-02 4.733418802388620e-02
5.918057915810041e-09 2.608297549216843e+03 0.000000000000000e+00 0.000000000000000e+00 5.301469224428850e-01 4.714587943707266e-02 4.754097620098641e-02
5.923300886885139e-09 2.441408596598912e+03 0.000000000000000e+00 0.000000000000000e+00 5.243904103861805e-01 4.725477900350508e-02 4.774542766783813e-02
5.928543932535320e-09 2.274517270182355e+03 0.000000000000000e+00 0.000000000000000e+00 5.186253380498929e-01 4.736120693439594e-02 4.794748346163179e-02
5.933787071878143e-09 2.107622961436371e+03 0.000000000000000e+00 0.000000000000000e+00 5.128529055042107e-01 4.746522276285147e-02 4.814707056325027e-02
5.939030378206491e-09 1.940723337376061e+03 0.000000000000000e+00 0.000000000000000e+00 5.070742307234339e-01 4.756689357081930e-02 4.834410355755921e-02
5.944273931958051e-09 1.773815837590291e+03 0.000000000000000e+00 0.000000000000000e+00 5.012904005717845e-01 4.766629145060473e-02 4.853848168340429e-02
5.949517847184965e-09 1.606896831686648e+03 0.000000000000000e+00 0.000000000000000e+00 4.955024412172004e-01 4.776349217291107e-02 4.873008951278005e-02
5.954762261325394e-09 1.439961944872576e+03 0.000000000000000e+00 0.000000000000000e+00 4.897113286382849e-01 4.785857310614733e-02 4.891879708933760e-02
5.960007343866412e-09 1.273005782206984e+03 0.000000000000000e+00 0.000000000000000e+00 4.839179781216437e-01 4.795161161110435e-02 4.910446160272972e-02
5.965253294598836e-09 1.106021984150620e+03 0.000000000000000e+00 0.000000000000000e+00 4.781232448598932e-01 4.804268353280049e-02 4.928692940551530e-02
5.970500346403882e-09 9.390031378641365e+02 0.000000000000000e+00 0.000000000000000e+00 4.723279192056843e-01 4.813186217272724e-02 4.946603875891451e-02
5.975748765003121e-09 7.719407851672927e+02 0.000000000000000e+00 0.000000000000000e+00 4.665327249219293e-01 4.821921766059421e-02 4.964162283099281e-02
5.980998849871888e-09 6.048253934640376e+02 0.000000000000000e+00 0.000000000000000e+00 4.607383158714702e-01 4.830481678118639e-02 4.981351288412978e-02
5.986250934516576e-09 4.376463469162271e+02 0.000000000000000e+00 0.000000000000000e+00 4.549452732237040e-01 4.838872315001110e-02 4.998154139321941e-02
5.991505387403170e-09 2.703919168872484e+02 0.000000000000000e+00 0.000000000000000e+00 4.491541018852291e-01 4.847099764240443e-02 5.014554498166118e-02
5.996762613183344e-09 1.030492229142619e+02 0.000000000000000e+00 0.000000000000000e+00 4.433652266776837e-01 4.855169893846659e-02 5.030536705504990e-02
6.002023054629136e-09 -6.439582887439472e+01 0.000000000000000e+00 0.000000000000000e+00 4.375789879451464e-01 4.863088406663310e-02 5.046086008687496e-02
6.007287195194782e-09 -2.319586273050166e+02 0.000000000000000e+00 0.000000000000000e+00 4.317956368055264e-01 4.870860884706809e-02 5.061188753453314e-02
6.012555562276920e-09 -3.996559599339907e+02 0.000000000000000e+00 0.000000000000000e+00 4.260153300787090e-01 4.878492817379006e-02 5.075832539537330e-02
6.017828731072639e-09 -5.675061358533077e+02 0.000000000000000e+00 0.000000000000000e+00 4.202381250963961e-01 4.885989610854092e-02 5.090006341904467e-02
6.023107328945316e-09 -7.355291246594984e+02 0.000000000000000e+00 0.000000000000000e+00 4.144639745706320e-01 4.893356579179494e-02 5.103700599205618e-02
6.028392040131032e-09 -9.037467062634249e+02 0.000000000000000e+00 0.000000000000000e+00 4.086927217656108e-01 4.900598920030533e-02 5.116907269884023e-02
6.033683610575339e-09 -1.072182624849536e+03 0.000000000000000e+00 0.000000000000000e+00 4.029240962453088e-01 4.907721679766761e-02 5.129619854918676e-02
6.038982852586139e-09 -1.240862736981320e+03 0.000000000000000e+00 0.000000000000000e+00 3.971577105581437e-01 4.914729713393538e-02 5.141833384702576e-02
6.044290700721201e-09 -1.409816790556565e+03 0.000000000000000e+00 0.000000000000000e+00 3.913930024275954e-01 4.921627709018245e-02 5.153544478659709e-02
6.049608214739662e-09 -1.579078518756267e+03 0.000000000000000e+00 0.000000000000000e+00 3.856292353509312e-01 4.928420149590765e-02 5.164751223954883e-02
6.054936420864244e-09 -1.748680587264256e+03 0.000000000000000e+00 0.000000000000000e+00 3.798656732971980e-01 4.935111095766446e-02 5.175452696952036e-02
6.060243320995505e-09 -1.917604464941274e+03 0.000000000000000e+00 0.000000000000000e+00 3.741369175671274e-01 4.941665767925315e-02 5.185587355889451e-02
6.065499289838725e-09 -2.084907149368367e+03 0.000000000000000e+00 0.000000000000000e+00 3.684746369898796e-01 4.948054121681435e-02 5.195112106127382e-02
6.070717797774480e-09 -2.251017416076310e+03 0.000000000000000e+00 0.000000000000000e+00 3.628642034026937e-01 4.954296433425691e-02 5.204068244616267e-02
6.075895861708745e-09 -2.415840310233137e+03 0.000000000000000e+00 0.000000000000000e+00 3.573086681357316e-01 4.960393493176285e-02 5.212465655225072e-02
6.081042620985462e-09 -2.579666746191836e+03 0.000000000000000e+00 0.000000000000000e+00 3.517981502697912e-01 4.966359202148161e-02 5.220333536746349e-02
6.086163876028983e-09 -2.742681357193991e+03 0.000000000000000e+00 0.000000000000000e+00 3.463263886887786e-01 4.972202988017765e-02 5.227692925274684e-02
6.091269022476578e-09 -2.905183215662536e+03 0.000000000000000e+00 0.000000000000000e+00 3.408833511792245e-01 4.977937420712408e-02 5.234567452510237e-02
6.096366781595954e-09 -3.067449928170647e+03 0.000000000000000e+00 0.000000000000000e+00 3.354597890781776e-01 4.983573489284757e-02 5.240976534013499e-02
6.101466722547439e-09 -3.229786090551767e+03 0.000000000000000e+00 0.000000000000000e+00 3.300456221067010e-01 4.989122206778229e-02 5.246937522188731e-02
6.106577892400117e-09 -3.392479679958955e+03 0.000000000000000e+00 0.000000000000000e+00 3.246313902103909e-01 4.994593155462397e-02 5.252463997367053e-02
6.111708972763383e-09 -3.555807040602061e+03 0.000000000000000e+00 0.000000000000000e+00 3.192080824833269e-01 4.999994672172656e-02 5.257566269551284e-02
6.116867686181532e-09 -3.720013988700633e+03 0.000000000000000e+00 0.000000000000000e+00 3.137677545627002e-01 5.005333296042038e-02 5.262251130366339e-02
6.122060631331719e-09 -3.885310566672091e+03 0.000000000000000e+00 0.000000000000000e+00 3.083036888738253e-01 5.010613692537738e-02 5.266522250905060e-02
6.127292959430364e-09 -4.051860742827716e+03 0.000000000000000e+00 0.000000000000000e+00 3.028107179347785e-01 5.015838459511911e-02 5.270380540873073e-02
6.132568232023901e-09 -4.219777884711430e+03 0.000000000000000e+00 0.000000000000000e+00 2.972853541060639e-01 5.021008147206864e-02 5.273824772155967e-02
6.137888325473329e-09 -4.389121718748886e+03 0.000000000000000e+00 0.000000000000000e+00 2.917258690145227e-01 5.026121349297367e-02 5.276852275253036e-02
6.143253487530279e-09 -4.559900131119422e+03 0.000000000000000e+00 0.000000000000000e+00 2.861322146304452e-01 5.031174948090254e-02 5.279459720427428e-02
6.148647427439599e-09 -4.731594570981193e+03 0.000000000000000e+00 0.000000000000000e+00 2.805213799742725e-01 5.036151580681392e-02 5.281638322873126e-02
6.154054994438090e-09 -4.903722774563289e+03 0.000000000000000e+00 0.000000000000000e+00 2.749089742054663e-01 5.041035956642349e-02 5.283385866559031e-02
6.159477053685973e-09 -5.076312280770831e+03 0.000000000000000e+00 0.000000000000000e+00 2.692940008904071e-01 5.045826958658148e-02 5.284708924522019e-02
6.164906751862181e-09 -5.249144941618931e+03 0.000000000000000e+00 0.000000000000000e+00 2.636834028515680e-01 5.050517346138804e-02 5.285612913071165e-02
6.170343530762349e-09 -5.422202988910854e+03 0.000000000000000e+00 0.000000000000000e+00 2.580776200623352e-01 5.055105330411298e-02 5.286106165797863e-02
6.175784581982175e-09 -5.595397028361144e+03 0.000000000000000e+00 0.000000000000000e+00 2.524793921856451e-01 5.059587556275344e-02 5.286197574189982e-02
6.181228986737098e-09 -5.768697814148934e+03 0.000000000000000e+00 0.000000000000000e+00 2.468895088200685e-01 5.063962361411032e-02 5.285897247987682e-02
6.186675454863567e-09 -5.942064279092925e+03 0.000000000000000e+00 0.000000000000000e+00 2.413091300463644e-01 5.068228002392332e-02 5.285216243870314e-02
6.192123344371602e-09 -6.115475988017397e+03 0.000000000000000e+00 0.000000000000000e+00 2.357387456936552e-01 5.072383423838450e-02 5.284166580927449e-02
6.197572041422582e-09 -6.288913401832149e+03 0.000000000000000e+00 0.000000000000000e+00 2.301788099666883e-01 5.076427817029207e-02 5.282761233248123e-02
6.203019011349604e-09 -6.462295839583816e+03 0.000000000000000e+00 0.000000000000000e+00 2.246317079498862e-01 5.080359387740262e-02 5.281014783938753e-02
6.208457592831635e-09 -6.635411264838469e+03 0.000000000000000e+00 0.000000000000000e+00 2.191039541619784e-01 5.084174187246135e-02 5.278944826745615e-02
6.213889112766668e-09 -6.808301914071005e+03 0.000000000000000e+00 0.000000000000000e+00 2.135939657954442e-01 5.087873977953871e-02 5.276567391178166e-02
6.219311394597791e-09 -6.980898505323128e+03 0.000000000000000e+00 0.000000000000000e+00 2.081036982638053e-01 5.091458683475033e-02 5.273900090189047e-02
6.224724449431172e-09 -7.153201392115146e+03 0.000000000000000e+00 0.000000000000000e+00 2.026328956712680e-01 5.094929977014005e-02 5.270959734441003e-02
6.230127515722590e-09 -7.325186333741626e+03 0.000000000000000e+00 0.000000000000000e+00 1.971820770780660e-01 5.098289408419591e-02 5.267763257480236e-02
6.235520485561573e-09 -7.496849895305544e+03 0.000000000000000e+00 0.000000000000000e+00 1.917511012546304e-01 5.101539177208363e-02 5.264326771135826e-02
6.240903130917826e-09 -7.668184818377196e+03 0.000000000000000e+00 0.000000000000000e+00 1.863399441783817e-01 5.104681579809772e-02 5.260665752921619e-02
6.246275451285758e-09 -7.839191086863144e+03 0.000000000000000e+00 0.000000000000000e+00 1.809483500957895e-01 5.107719067162882e-02 5.256794697513847e-02
6.251637463880314e-09 -8.009869248732040e+03 0.000000000000000e+00 0.000000000000000e+00 1.755760409661580e-01 5.110653966507223e-02 5.252727169406166e-02
6.256989281770633e-09 -8.180222903086420e+03 0.000000000000000e+00 0.000000000000000e+00 1.702226375015135e-01 5.113488331541258e-02 5.248475760641783e-02
6.262331051882540e-09 -8.350256726720527e+03 0.000000000000000e+00 0.000000000000000e+00 1.648877199060140e-01 5.116223705267626e-02 5.244052250573647e-02
6.267662967777755e-09 -8.519976880895290e+03 0.000000000000000e+00 0.000000000000000e+00 1.595708138202355e-01 5.118860928791500e-02 5.239467854251942e-02
6.272985247789513e-09 -8.689390315373381e+03 0.000000000000000e+00 0.000000000000000e+00 1.542714105711149e-01 5.121399989696871e-02 5.234733672849758e-02
6.278298132786220e-09 -8.858504697234313e+03 0.000000000000000e+00 0.000000000000000e+00 1.489889678345276e-01 5.123840009844995e-02 5.229861309643395e-02
6.283594204451627e-09 -9.027083894138006e+03 0.000000000000000e+00 0.000000000000000e+00 1.437304700300273e-01 5.126176535117386e-02 5.224870862177695e-02
6.288862213204007e-09 -9.194769820776535e+03 0.000000000000000e+00 0.000000000000000e+00 1.385065999872523e-01 5.128404045164004e-02 5.219788823156572e-02
6.294106709662276e-09 -9.361707327848837e+03 0.000000000000000e+00 0.000000000000000e+00 1.333124456173848e-01 5.130523708481365e-02 5.214629114893291e-02
6.299325390300927e-09 -9.527823091860677e+03 0.000000000000000e+00 0.000000000000000e+00 1.281498609567637e-01 5.132535285183010e-02 5.209413475736363e-02
6.304520094083228e-09 -9.693175648830969e+03 0.000000000000000e+00 0.000000000000000e+00 1.230166244642309e-01 5.134441344602703e-02 5.204160195657243e-02
6.309620036109685e-09 -9.855511845429490e+03 0.000000000000000e+00 0.000000000000000e+00 1.179816374857159e-01 5.136224312068421e-02 5.198960284621824e-02
6.314611718042477e-09 -1.001440201621877e+04 0.000000000000000e+00 0.000000000000000e+00 1.130573967832803e-01 5.137886809889723e-02 5.193846593061537e-02
6.319547056989874e-09 -1.017149873408121e+04 0.000000000000000e+00 0.000000000000000e+00 1.081924817863795e-01 5.139448269052573e-02 5.188780611268919e-02
6.324269656153828e-09 -1.032182373431817e+04 0.000000000000000e+00 0.000000000000000e+00 1.035394566130812e-01 5.140871974338555e-02 5.183930258448680e-02
6.328898244434015e-09 -1.046915627518399e+04 0.000000000000000e+00 0.000000000000000e+00 9.898139790009688e-02 5.142191828323431e-02 5.179182630806308e-02
6.333453415784731e-09 -1.061415188260341e+04 0.000000000000000e+00 0.000000000000000e+00 9.449787581050129e-02 5.143411909278127e-02 5.174518986411806e-02
6.338036980518776e-09 -1.076005127948440e+04 0.000000000000000e+00 0.000000000000000e+00 8.998916154763091e-02 5.144549392879091e-02 5.169837379185948e-02
6.342679039868222e-09 -1.090781261780246e+04 0.000000000000000e+00 0.000000000000000e+00 8.542586712646690e-02 5.145599651578144e-02 5.165107671756867e-02
6.347457562654479e-09 -1.105991772222447e+04 0.000000000000000e+00 0.000000000000000e+00 8.073190197467710e-02 5.146560473789077e-02 5.160253139301943e-02
6.352280758995603e-09 -1.121344483006298e+04 0.000000000000000e+00 0.000000000000000e+00 7.599677124672602e-02 5.147399864156288e-02 5.155369365772667e-02
6.357021671738682e-09 -1.136435276962866e+04 0.000000000000000e+00 0.000000000000000e+00 7.134366996912420e-02 5.148091303831782e-02 5.150590598446646e-02
6.361740661341716e-09 -1.151456287397307e+04 0.000000000000000e+00 0.000000000000000e+00 6.671295036642701e-02 5.148633668333453e-02 5.145866784236945e-02
6.366436945617755e-09 -1.166405024531236e+04 0.000000000000000e+00 0.000000000000000e+00 6.210477731035961e-02 5.149018100965657e-02 5.141208852524771e-02
6.371140869411681e-09 -1.181378079005851e+04 0.000000000000000e+00 0.000000000000000e+00 5.748893917074901e-02 5.149236179959659e-02 5.136599372043301e-02
6.375867654469930e-09 -1.196423903144921e+04 0.000000000000000e+00 0.000000000000000e+00 5.284992972712854e-02 5.149276658198976e-02 5.132038200803429e-02
6.380641395479949e-09 -1.211619192720621e+04 0.000000000000000e+00 0.000000000000000e+00 4.816346623307968e-02 5.149125667548038e-02 5.127520149441544e-02
6.385460394945845e-09 -1.226958544435710e+04 0.000000000000000e+00 0.000000000000000e+00 4.343025247366951e-02 5.148769466574130e-02 5.123067725138449e-02
6.390267904263237e-09 -1.242261321872177e+04 0.000000000000000e+00 0.000000000000000e+00 3.870452163930224e-02 5.148205254800393e-02 5.118754533305126e-02
6.395085993761426e-09 -1.257597777070093e+04 0.000000000000000e+00 0.000000000000000e+00 3.396339411880787e-02 5.147423312594171e-02 5.114584552445527e-02
6.399898261907118e-09 -1.272915702327504e+04 0.000000000000000e+00 0.000000000000000e+00 2.922149077979364e-02 5.146422188432705e-02 5.110596514902149e-02
6.404709069072492e-09 -1.288228977140129e+04 0.000000000000000e+00 0.000000000000000e+00 2.447298584130702e-02 5.145198793659717e-02 5.106813049916545e-02
6.409513169995963e-09 -1.303520905321784e+04 0.000000000000000e+00 0.000000000000000e+00 1.972133438947907e-02 5.143755427533318e-02 5.103265976637845e-02
6.414310921316498e-09 -1.318792622089559e+04 0.000000000000000e+00 0.000000000000000e+00 1.496435246567394e-02 5.142096465574805e-02 5.099984398367730e-02
6.419100406462773e-09 -1.334038026807456e+04 0.000000000000000e+00 0.000000000000000e+00 1.020194939231027e-02 5.140231716572331e-02 5.097000585505140e-02
6.423881308141149e-09 -1.349256109498455e+04 0.000000000000000e+00 0.000000000000000e+00 5.432313933747679e-03 5.138176307241239e-02 5.094347075173629e-02
6.428652847975956e-09 -1.364444392515844e+04 0.000000000000000e+00 0.000000000000000e+00 6.539500182104190e-04 5.135953094366123e-02 5.092057441740744e-02
6.433414755096117e-09 -1.379602013650205e+04 0.000000000000000e+00 0.000000000000000e+00 -4.135276461415377e-03 5.133594164811699e-02 5.090164647432784e-02
6.438166714580630e-09 -1.394727970476857e+04 0.000000000000000e+00 0.000000000000000e+00 -8.937580069054332e-03 5.131143269419516e-02 5.088699468360341e-02
6.442908599259012e-09 -1.409821858199582e+04 0.000000000000000e+00 0.000000000000000e+00 -1.375547311825642e-02 5.128657927877118e-02 5.087687528891274e-02
6.447640314418955e-09 -1.424883375339740e+04 0.000000000000000e+00 0.000000000000000e+00 -1.859159168426220e-02 5.126211461163069e-02 5.087145262467035e-02
6.452361846829454e-09 -1.439912479781728e+04 0.000000000000000e+00 0.000000000000000e+00 -2.344872157885777e-02 5.123894165055658e-02 5.087074448663614e-02
6.457073216614611e-09 -1.454909235582561e+04 0.000000000000000e+00 0.000000000000000e+00 -2.832972072912939e-02 5.121813185122071e-02 5.087455451662597e-02
6.461774483510623e-09 -1.469873832888450e+04 0.000000000000000e+00 0.000000000000000e+00 -3.323749043190938e-02 5.120090325733857e-02 5.088239411644420e-02
6.466465729625370e-09 -1.484806533056903e+04 0.000000000000000e+00 0.000000000000000e+00 -3.817491565679655e-02 5.118857158372422e-02 5.089339982531217e-02
6.471124044293718e-09 -1.499634409175805e+04 0.000000000000000e+00 0.000000000000000e+00 -4.312042614235485e-02 5.118249001901220e-02 5.090618756389235e-02
6.475588277196162e-09 -1.513844503846555e+04 0.000000000000000e+00 0.000000000000000e+00 -4.790352460041961e-02 5.118365019327230e-02 5.091850496285182e-02
6.480003620219596e-09 -1.527898977199071e+04 0.000000000000000e+00 0.000000000000000e+00 -5.267793064934563e-02 5.119237262316639e-02 5.092874483632320e-02
6.484385305423079e-09 -1.541846314383209e+04 0.000000000000000e+00 0.000000000000000e+00 -5.746072074189332e-02 5.120900578255642e-02 5.093457214990013e-02
6.488662462801633e-09 -1.555460929166785e+04 0.000000000000000e+00 0.000000000000000e+00 -6.217446039069945e-02 5.123298157517857e-02 5.093342741725331e-02
6.492955585901941e-09 -1.569126364421108e+04 0.000000000000000e+00 0.000000000000000e+00 -6.695122176112708e-02 5.126415257226957e-02 5.092265116200568e-02
6.497165394902964e-09 -1.582526602660819e+04 0.000000000000000e+00 0.000000000000000e+00 -7.168087852273627e-02 5.130047089383217e-02 5.089986520371124e-02
6.501324865127914e-09 -1.595766607599705e+04 0.000000000000000e+00 0.000000000000000e+00 -7.639874426043994e-02 5.134006561864058e-02 5.086287618541614e-02
6.505486323810147e-09 -1.609012941994707e+04 0.000000000000000e+00 0.000000000000000e+00 -8.116320032850383e-02 5.138078941938474e-02 5.080926524502302e-02
6.509573701146182e-09 -1.622023468140942e+04 0.000000000000000e+00 0.000000000000000e+00 -8.588606459484519e-02 5.141879044996638e-02 5.073886590080155e-02
6.513682587698138e-09 -1.635102460247893e+04 0.000000000000000e+00 0.000000000000000e+00 -9.067570936176227e-02 5.145138106550421e-02 5.064963690358826e-02
6.517717782699028e-09 -1.647946884862522e+04 0.000000000000000e+00 0.000000000000000e+00 -9.541962177320688e-02 5.147420612514669e-02 5.054418673729549e-02
6.521727371820960e-09 -1.660709803432983e+04 0.000000000000000e+00 0.000000000000000e+00 -1.001710418744768e-01 5.148419338964930e-02 5.042315650089603e-02
6.525692330377695e-09 -1.673330658502157e+04 0.000000000000000e+00 0.000000000000000e+00 -1.049044935814680e-01 5.147833221272106e-02 5.028974382752752e-02
6.529589438303648e-09 -1.685735538305719e+04 0.000000000000000e+00 0.000000000000000e+00 -1.095885263112045e-01 5.145465980849120e-02 5.014832012889890e-02
6.533407245210428e-09 -1.697887995125406e+04 0.000000000000000e+00 0.000000000000000e+00 -1.142050094759294e-01 5.141240801689766e-02 5.000344716335980e-02
6.537225909692605e-09 -1.710043181692364e+04 0.000000000000000e+00 0.000000000000000e+00 -1.188465652476802e-01 5.135027254591349e-02 4.985629479999426e-02
6.541023187274542e-09 -1.722130291641512e+04 0.000000000000000e+00 0.000000000000000e+00 -1.234825745288893e-01 5.126873422203677e-02 4.971194977264116e-02
6.544729923010099e-09 -1.733929197942498e+04 0.000000000000000e+00 0.000000000000000e+00 -1.280243979589791e-01 5.117102469004131e-02 4.957700689893802e-02
6.548409587226239e-09 -1.745641932920838e+04 0.000000000000000e+00 0.000000000000000e+00 -1.325449036193745e-01 5.105799967567008e-02 4.945263004206680e-02
6.551981390768479e-09 -1.757011336710852e+04 0.000000000000000e+00 0.000000000000000e+00 -1.369406479454060e-01 5.093534149330084e-02 4.934414701415597e-02
6.555566728282751e-09 -1.768423820471835e+04 0.000000000000000e+00 0.000000000000000e+00 -1.413561199874923e-01 5.080222625393974e-02 4.924995914075275e-02
6.559116986978160e-09 -1.779724644884421e+04 0.000000000000000e+00 0.000000000000000e+00 -1.457274236115055e-01 5.066381215380238e-02 4.917304667017600e-02
6.562542530422192e-09 -1.790628488322296e+04 0.000000000000000e+00 0.000000000000000e+00 -1.499407284324658e-01 5.052735165593147e-02 4.911529785264510e-02
6.565955019346695e-09 -1.801490777933917e+04 0.000000000000000e+00 0.000000000000000e+00 -1.541294116908362e-01 5.039181763776719e-02 4.907418187411983e-02
6.569379402377164e-09 -1.812390927660699e+04 0.000000000000000e+00 0.000000000000000e+00 -1.583202264061788e-01 5.025941322862529e-02 4.904901084142532e-02
6.572778019074364e-09 -1.823209060601379e+04 0.000000000000000e+00 0.000000000000000e+00 -1.624637656712717e-01 5.013455166196505e-02 4.903893218903570e-02
6.576139094862620e-09 -1.833907697117530e+04 0.000000000000000e+00 0.000000000000000e+00 -1.665429649007025e-01 5.002006372991132e-02 4.904199626683946e-02
6.579428039979990e-09 -1.844376734577277e+04 0.000000000000000e+00 0.000000000000000e+00 -1.705141405762016e-01 4.991874321664150e-02 4.905558809612427e-02
6.582719490168357e-09 -1.854853745925663e+04 0.000000000000000e+00 0.000000000000000e+00 -1.744653697238405e-01 4.982946442618427e-02 4.907744075749035e-02
6.585880098171570e-09 -1.864914273663406e+04 0.000000000000000e+00 0.000000000000000e+00 -1.782365373975678e-01 4.975611090300436e-02 4.910388387031300e-02
6.589058023917505e-09 -1.875029925488299e+04 0.000000000000000e+00 0.000000000000000e+00 -1.820036163978755e-01 4.969498044500719e-02 4.913355506719014e-02
6.592232335879200e-09 -1.885134074280686e+04 0.000000000000000e+00 0.000000000000000e+00 -1.857405083797214e-01 4.964652377677689e-02 4.916396017404787e-02
6.595372107426825e-09 -1.895128277520361e+04 0.000000000000000e+00 0.000000000000000e+00 -1.894105813581611e-01 4.961052348482561e-02 4.919260559609889e-02
6.598487921554422e-09 -1.905046221923617e+04 0.000000000000000e+00 0.000000000000000e+00 -1.930264337795606e-01 4.958568233377685e-02 4.921766488102564e-02
6.601562341258314e-09 -1.914832403783888e+04 0.000000000000000e+00 0.000000000000000e+00 -1.965685412129307e-01 4.957067234614048e-02 4.923741856055659e-02
6.604632733055778e-09 -1.924605764419791e+04 0.000000000000000e+00 0.000000000000000e+00 -2.000804419092322e-01 4.956372722336787e-02 4.925082535780396e-02
6.607723889172112e-09 -1.934445219935458e+04 0.000000000000000e+00 0.000000000000000e+00 -2.035904164741016e-01 4.956328443519541e-02 4.925683026629286e-02
6.610858739374672e-09 -1.944423758047259e+04 0.000000000000000e+00 0.000000000000000e+00 -2.071239916329331e-01 4.956779434253857e-02 4.925442179956616e-02
6.614035179126915e-09 -1.954534679807319e+04 0.000000000000000e+00 0.000000000000000e+00 -2.106782649121315e-01 4.957557756518712e-02 4.924275137339228e-02
6.617224152961638e-09 -1.964685498791055e+04 0.000000000000000e+00 0.000000000000000e+00 -2.142208182740626e-01 4.958473441419942e-02 4.922153989466914e-02
6.620428553738271e-09 -1.974885423256028e+04 0.000000000000000e+00 0.000000000000000e+00 -2.177552454603770e-01 4.959342219154271e-02 4.919085789993335e-02
6.623538658669970e-09 -1.984785194724316e+04 0.000000000000000e+00 0.000000000000000e+00 -2.211625919724383e-01 4.959975098973166e-02 4.915259960575238e-02
6.626685369383077e-09 -1.994801486013742e+04 0.000000000000000e+00 0.000000000000000e+00 -2.245871460608802e-01 4.960258703747098e-02 4.910619914173251e-02
6.629813167618994e-09 -2.004757577018545e+04 0.000000000000000e+00 0.000000000000000e+00 -2.279691119104680e-01 4.960069532138048e-02 4.905338118460741e-02
6.632929484170183e-09 -2.014677120685764e+04 0.000000000000000e+00 0.000000000000000e+00 -2.313174158464786e-01 4.959325555325940e-02 4.899523881851688e-02
6.636054286853028e-09 -2.024623676548995e+04 0.000000000000000e+00 0.000000000000000e+00 -2.346540026570496e-01 4.957963459673508e-02 4.893260309244152e-02
6.639124621709859e-09 -2.034396855937236e+04 0.000000000000000e+00 0.000000000000000e+00 -2.379128170511108e-01 4.955996568416206e-02 4.886797897049396e-02
6.642152850264585e-09 -2.044036006803171e+04 0.000000000000000e+00 0.000000000000000e+00 -2.411083022369155e-01 4.953443386689841e-02 4.880230844604112e-02
6.645206679285915e-09 -2.053756646485212e+04 0.000000000000000e+00 0.000000000000000e+00 -2.443121855147055e-01 4.950269371591371e-02 4.873508623272507e-02
6.648186730922810e-09 -2.063242445458829e+04 0.000000000000000e+00 0.000000000000000e+00 -2.474213246276494e-01 4.946628126997669e-02 4.866925734244693e-02
6.651183675567095e-09 -2.072782016545044e+04 0.000000000000000e+00 0.000000000000000e+00 -2.505308453786653e-01 4.942467545306175e-02 4.860342322051427e-02
6.654074464822783e-09 -2.081983684534640e+04 0.000000000000000e+00 0.000000000000000e+00 -2.535145684275187e-01 4.938030143437427e-02 4.854063641157097e-02
6.656948012720610e-09 -2.091130471577647e+04 0.000000000000000e+00 0.000000000000000e+00 -2.564653139579087e-01 4.933251255585477e-02 4.847917120736497e-02
6.659779659383607e-09 -2.100143882847763e+04 0.000000000000000e+00 0.000000000000000e+00 -2.593586069987285e-01 4.928226105127764e-02 4.841963369772349e-02
6.662641379686269e-09 -2.109253021486064e+04 0.000000000000000e+00 0.000000000000000e+00 -2.622681539678709e-01 4.922866106888387e-02 4.836054381989594e-02
6.665533354608304e-09 -2.118458463568854e+04 0.000000000000000e+00 0.000000000000000e+00 -2.651939903994716e-01 4.917195964663149e-02 4.830190053773371e-02
6.668496548690980e-09 -2.127890603280829e+04 0.000000000000000e+00 0.000000000000000e+00 -2.681770025154149e-01 4.911151072297872e-02 4.824287147007891e-02
6.671534226836861e-09 -2.137559833129614e+04 0.000000000000000e+00 0.000000000000000e+00 -2.712197447649656e-01 4.904733374896506e-02 4.818339123559651e-02
6.674562380237441e-09 -2.147198744772467e+04 0.000000000000000e+00 0.000000000000000e+00 -2.742383160703886e-01 4.898136815826865e-02 4.812505702489336e-02
6.677657460842641e-09 -2.157050692324176e+04 0.000000000000000e+00 0.000000000000000e+00 -2.773087219778688e-01 4.891207375372722e-02 4.806639480854814e-02
6.680787037176744e-09 -2.167012443191294e+04 0.000000000000000e+00 0.000000000000000e+00 -2.803986411873756e-01 4.884028208933085e-02 4.800804330355545e-02
6.683977566524105e-09 -2.177168213525540e+04 0.000000000000000e+00 0.000000000000000e+00 -2.835339282396969e-01 4.876550899067433e-02 4.794957025297621e-02
6.687197389982307e-09 -2.187417229910661e+04 0.000000000000000e+00 0.000000000000000e+00 -2.866834780975018e-01 4.868867346441559e-02 4.789162355894224e-02
6.690379187818979e-09 -2.197545206983171e+04 0.000000000000000e+00 0.000000000000000e+00 -2.897822962018255e-01 4.861167015353672e-02 4.783543469136292e-02
6.693458382834703e-09 -2.207346589133101e+04 0.000000000000000e+00 0.000000000000000e+00 -2.927691633126294e-01 4.853643096686408e-02 4.778208579725875e-02
6.696463985346147e-09 -2.216913719066413e+04 0.000000000000000e+00 0.000000000000000e+00 -2.956736697593100e-01 4.846259822401459e-02 4.773098537722790e-02
6.699409271184234e-09 -2.226288855065416e+04 0.000000000000000e+00 0.000000000000000e+00 -2.985097835957355e-01 4.839016587875498e-02 4.768179799771367e-02
6.702374889336015e-09 -2.235728710828994e+04 0.000000000000000e+00 0.000000000000000e+00 -3.013555188884738e-01 4.831744103849720e-02 4.763307863713772e-02
6.705358984227283e-09 -2.245227379881006e+04 0.000000000000000e+00 0.000000000000000e+00 -3.042093041024559e-01 4.824477872291593e-02 4.758472768935941e-02
6.708404962409475e-09 -2.254923029565925e+04 0.000000000000000e+00 0.000000000000000e+00 -3.071125407086439e-01 4.817144008641482e-02 4.753587645539974e-02
6.711538171005623e-09 -2.264896342282223e+04 0.000000000000000e+00 0.000000000000000e+00 -3.100890401182549e-01 4.809717119387467e-02 4.748589520669906e-02
6.714803088720050e-09 -2.275288898143011e+04 0.000000000000000e+00 0.000000000000000e+00 -3.131803624474419e-01 4.802132206141940e-02 4.743377029230084e-02
6.718232793356170e-09 -2.286205987066686e+04 0.000000000000000e+00 0.000000000000000e+00 -3.164168646512214e-01 4.794359733568555e-02 4.737854228660107e-02
6.721548964564571e-09 -2.296761687865806e+04 0.000000000000000e+00 0.000000000000000e+00 -3.195373551276709e-01 4.787058694274512e-02 4.732418408163257e-02
6.724861776036837e-09 -2.307306694292660e+04 0.000000000000000e+00 0.000000000000000e+00 -3.226463122818529e-01 4.779983431553123e-02 4.726852669376091e-02
6.728184298999212e-09 -2.317882613352625e+04 0.000000000000000e+00 0.000000000000000e+00 -3.257565056281140e-01 4.773108740969658e-02 4.721091014624658e-02
6.731539593113586e-09 -2.328562846229220e+04 0.000000000000000e+00 0.000000000000000e+00 -3.288898104282583e-01 4.766385331234014e-02 4.715047533598210e-02
6.734940152297116e-09 -2.339387162295927e+04 0.000000000000000e+00 0.000000000000000e+00 -3.320580722891512e-01 4.759782548204771e-02 4.708651139236036e-02
6.738279270508586e-09 -2.350015905674401e+04 0.000000000000000e+00 0.000000000000000e+00 -3.351627934865946e-01 4.753488730115749e-02 4.702067277861417e-02
6.741674295384813e-09 -2.360822605493832e+04 0.000000000000000e+00 0.000000000000000e+00 -3.383131320335088e-01 4.747254904489105e-02 4.695038124671890e-02
6.745093929511431e-09 -2.371707638990170e+04 0.000000000000000e+00 0.000000000000000e+00 -3.414803094705219e-01 4.741115589780550e-02 4.687591458876773e-02
6.748589297294145e-09 -2.382833740201029e+04 0.000000000000000e+00 0.000000000000000e+00 -3.447115938375930e-01 4.734950774371076e-02 4.679582536053799e-02
6.752176447258660e-09 -2.394251993170319e+04 0.000000000000000e+00 0.000000000000000e+00 -3.480216720428048e-01 4.728703356682587e-02 4.670933739452394e-02
6.755714168076441e-09 -2.405512908278901e+04 0.000000000000000e+00 0.000000000000000e+00 -3.512810503047517e-01 4.722587434120476e-02 4.661970049839893e-02
6.759274204422478e-09 -2.416844855920073e+04 0.000000000000000e+00 0.000000000000000e+00 -3.545560185219047e-01 4.716442841324339e-02 4.652518056079161e-02
6.762871667876903e-09 -2.428295937747357e+04 0.000000000000000e+00 0.000000000000000e+00 -3.578605971429779e-01 4.710211732080231e-02 4.642533020236785e-02
6.766532140453260e-09 -2.439947583838946e+04 0.000000000000000e+00 0.000000000000000e+00 -3.612182544010732e-01 4.703819177058898e-02 4.631936329365174e-02
6.770285387116403e-09 -2.451894539020595e+04 0.000000000000000e+00 0.000000000000000e+00 -3.646561124836622e-01 4.697182703691156e-02 4.620628135431203e-02
6.774171787645311e-09 -2.464265336120806e+04 0.000000000000000e+00 0.000000000000000e+00 -3.682107773419069e-01 4.690198854057871e-02 4.608464586890692e-02
6.778085767526716e-09 -2.476723921026565e+04 0.000000000000000e+00 0.000000000000000e+00 -3.717860645523894e-01 4.683033077792008e-02 4.595765528954506e-02
6.782019899972062e-09 -2.489246653535664e+04 0.000000000000000e+00 0.000000000000000e+00 -3.753754543844873e-01 4.675682292841280e-02 4.582569365683153e-02
6.785972584512294e-09 -2.501828439196884e+04 0.000000000000000e+00 0.000000000000000e+00 -3.789776961159377e-01 4.668138311994924e-02 4.568897688942648e-02
6.789947304468429e-09 -2.514480365765376e+04 0.000000000000000e+00 0.000000000000000e+00 -3.825961067045304e-01 4.660388140818269e-02 4.554753908938836e-02
6.793951778519924e-09 -2.527227002560952e+04 0.000000000000000e+00 0.000000000000000e+00 -3.862377831684810e-01 4.652414391671016e-02 4.540123123624495e-02
6.797973239692416e-09 -2.540027711042035e+04 0.000000000000000e+00 0.000000000000000e+00 -3.898912533967498e-01 4.644245245866498e-02 4.525062714196824e-02
6.802088926470867e-09 -2.553128348942207e+04 0.000000000000000e+00 0.000000000000000e+00 -3.936263179053731e-01 4.635725064431107e-02 4.509285086675262e-02
6.806281619097815e-09 -2.566474104071080e+04 0.000000000000000e+00 0.000000000000000e+00 -3.974272335187212e-01 4.626893151512041e-02 4.492844022450281e-02
6.810447111457368e-09 -2.579733278059767e+04 0.000000000000000e+00 0.000000000000000e+00 -4.012000270732829e-01 4.617983926896858e-02 4.476146538846395e-02
6.814621677055380e-09 -2.593021333063467e+04 0.000000000000000e+00 0.000000000000000e+00 -4.049775715532479e-01 4.608936708359427e-02 4.459054414329893e-02
6.818758654031076e-09 -2.606189739766254e+04 0.000000000000000e+00 0.000000000000000e+00 -4.087179545018887e-01 4.599871390342751e-02 4.441760078404965e-02
6.822880902641551e-09 -2.619311264626471e+04 0.000000000000000e+00 0.000000000000000e+00 -4.124418780414665e-01 4.590755034414352e-02 4.424170676774630e-02
6.826984159272727e-09 -2.632372336138996e+04 0.000000000000000e+00 0.000000000000000e+00 -4.161455616696546e-01 4.581612186941640e-02 4.406300657786237e-02
6.831039527044849e-09 -2.645280972678771e+04 0.000000000000000e+00 0.000000000000000e+00 -4.198031272301150e-01 4.572520977998218e-02 4.388274020350936e-02
6.835055320451645e-09 -2.658063640101319e+04 0.000000000000000e+00 0.000000000000000e+00 -4.234221451485551e-01 4.563473144436853e-02 4.370054967080689e-02
6.839035263621610e-09 -2.670732192675814e+04 0.000000000000000e+00 0.000000000000000e+00 -4.270060213434975e-01 4.554467411718745e-02 4.351625864143015e-02
6.842991923251149e-09 -2.683326631439280e+04 0.000000000000000e+00 0.000000000000000e+00 -4.305660552479261e-01 4.545479200537794e-02 4.332926419150899e-02
6.846939397427927e-09 -2.695891831998516e+04 0.000000000000000e+00 0.000000000000000e+00 -4.341148680106532e-01 4.536477458892521e-02 4.313885327351796e-02
6.850896327458764e-09 -2.708487131476046e+04 0.000000000000000e+00 0.000000000000000e+00 -4.376690931700213e-01 4.527418040455093e-02 4.294404934245570e-02
6.854862158200523e-09 -2.721110762796381e+04 0.000000000000000e+00 0.000000000000000e+00 -4.412281629772098e-01 4.518298922890056e-02 4.274479038843152e-02
6.858861575860809e-09 -2.733841304598851e+04 0.000000000000000e+00 0.000000000000000e+00 -4.448140431121670e-01 4.509057939001665e-02 4.253973955233481e-02
6.862880398447090e-09 -2.746633614199171e+04 0.000000000000000e+00 0.000000000000000e+00 -4.484139717239505e-01 4.499722001119458e-02 4.232952473741827e-02
6.866881555257233e-09 -2.759369691887573e+04 0.000000000000000e+00 0.000000000000000e+00 -4.519948871238924e-01 4.490372263198877e-02 4.211608711114897e-02
6.870909153988329e-09 -2.772189936824465e+04 0.000000000000000e+00 0.000000000000000e+00 -4.555960962796103e-01 4.480899343748698e-02 4.189711021303772e-02
6.874969338981651e-09 -2.785113907055560e+04 0.000000000000000e+00 0.000000000000000e+00 -4.592229754174958e-01 4.471282309351642e-02 4.167222462258479e-02
6.879082779994738e-09 -2.798207396462556e+04 0.000000000000000e+00 0.000000000000000e+00 -4.628937814357564e-01 4.461465189906152e-02 4.144023096422770e-02
6.883270970505583e-09 -2.811538820910786e+04 0.000000000000000e+00 0.000000000000000e+00 -4.666274168092214e-01 4.451388861444031e-02 4.119981316474809e-02
6.887486445252535e-09 -2.824957093779915e+04 0.000000000000000e+00 0.000000000000000e+00 -4.703816125346952e-01 4.441161716738654e-02 4.095362543424878e-02
6.891765725282328e-09 -2.838578465172236e+04 0.000000000000000e+00 0.000000000000000e+00 -4.741886394785504e-01 4.430688419933525e-02 4.069951564037041e-02
6.896095778282046e-09 -2.852361451947334e+04 0.000000000000000e+00 0.000000000000000e+00 -4.780367718826098e-01 4.419993860850394e-02 4.043819044959161e-02
6.900268587033486e-09 -2.865643914734711e+04 0.000000000000000e+00 0.000000000000000e+00 -4.817421378018898e-01 4.409594275662077e-02 4.018240473016434e-02
6.904368762720906e-09 -2.878695179298673e+04 0.000000000000000e+00 0.000000000000000e+00 -4.853798963134232e-01 4.399280322893771e-02 3.992742242093938e-02
6.908383354659361e-09 -2.891474022328714e+04 0.000000000000000e+00 0.000000000000000e+00 -4.889387235811388e-01 4.389084453552370e-02 3.967434090914131e-02
6.912310133431182e-09 -2.903973347367983e+04 0.000000000000000e+00 0.000000000000000e+00 -4.924167641019925e-01 4.379011941151199e-02 3.942360597715704e-02
6.916150964249821e-09 -2.916199091575307e+04 0.000000000000000e+00 0.000000000000000e+00 -4.958157592384916e-01 4.369057248492454e-02 3.917539906911661e-02
6.919918737958529e-09 -2.928192287779158e+04 0.000000000000000e+00 0.000000000000000e+00 -4.991471423707521e-01 4.359185564528721e-02 3.892917023928651e-02
6.923634277605689e-09 -2.940019217801147e+04 0.000000000000000e+00 0.000000000000000e+00 -5.024292788422645e-01 4.349339805792006e-02 3.868380552388750e-02
6.927325439103733e-09 -2.951768549764429e+04 0.000000000000000e+00 0.000000000000000e+00 -5.056866439176647e-01 4.339441867075400e-02 3.843766452634213e-02
6.931004455056086e-09 -2.963479221255047e+04 0.000000000000000e+00 0.000000000000000e+00 -5.089299049736936e-01 4.329453343511593e-02 3.819008996173417e-02
6.934688686733565e-09 -2.975206494914379e+04 0.000000000000000e+00 0.000000000000000e+00 -5.121741927434341e-01 4.319320160027132e-02 3.794004898882676e-02
6.938351661111464e-09 -2.986866104487612e+04 0.000000000000000e+00 0.000000000000000e+00 -5.153961957218073e-01 4.309109185930751e-02 3.768947051836300e-02
6.942001991197733e-09 -2.998485466030545e+04 0.000000000000000e+00 0.000000000000000e+00 -5.186034279357784e-01 4.298791005187744e-02 3.743791778665208e-02
6.945675026266253e-09 -3.010177099776643e+04 0.000000000000000e+00 0.000000000000000e+00 -5.218267243882772e-01 4.288257170311984e-02 3.718307340132847e-02
6.949393581320544e-09 -3.022013628137638e+04 0.000000000000000e+00 0.000000000000000e+00 -5.250858139986614e-01 4.277429538209479e-02 3.692342535976460e-02
6.953186154647929e-09 -3.034085763979473e+04 0.000000000000000e+00 0.000000000000000e+00 -5.284052645811469e-01 4.266207669482901e-02 3.665702625457044e-02
6.957074735762214e-09 -3.046463502098518e+04 0.000000000000000e+00 0.000000000000000e+00 -5.318038258575934e-01 4.254503591145186e-02 3.638235215224118e-02
6.961041371586263e-09 -3.059089696075373e+04 0.000000000000000e+00 0.000000000000000e+00 -5.352654314599897e-01 4.242346145960955e-02 3.610069969171381e-02
6.965072217380483e-09 -3.071920276735201e+04 0.000000000000000e+00 0.000000000000000e+00 -5.387776851042165e-01 4.229752841747113e-02 3.581312823942256e-02
6.969032983017793e-09 -3.084527785327329e+04 0.000000000000000e+00 0.000000000000000e+00 -5.422239944999316e-01 4.217131581366133e-02 3.552936469142643e-02
6.972982722399360e-09 -3.097100196257350e+04 0.000000000000000e+00 0.000000000000000e+00 -5.456556806681208e-01 4.204288052367271e-02 3.524542970123353e-02
6.976897246651905e-09 -3.109560513950265e+04 0.000000000000000e+00 0.000000000000000e+00 -5.490518055170419e-01 4.191293571207202e-02 3.496327942530979e-02
6.980803370280750e-09 -3.121994091627438e+04 0.000000000000000e+00 0.000000000000000e+00 -5.524355263399738e-01 4.178052715950552e-02 3.468122140747346e-02
6.984710232907705e-09 -3.134430021608657e+04 0.000000000000000e+00 0.000000000000000e+00 -5.558146118615860e-01 4.164526533453669e-02 3.439882885635822e-02
6.988604847333128e-09 -3.146826964353517e+04 0.000000000000000e+00 0.000000000000000e+00 -5.591777562260651e-01 4.150754915086566e-02 3.411727157637193e-02
6.992522935818295e-09 -3.159298627351232e+04 0.000000000000000e+00 0.000000000000000e+00 -5.625555224031413e-01 4.136606010403911e-02 3.383420817398936e-02
6.996427696983186e-09 -3.171727868170944e+04 0.000000000000000e+00 0.000000000000000e+00 -5.659161217728895e-01 4.122210323794492e-02 3.355250802798791e-02
7.000363235480479e-09 -3.184255076282398e+04 0.000000000000000e+00 0.000000000000000e+00 -5.692971799834258e-01 4.107403621157327e-02 3.326920878886820e-02
7.004348851414947e-09 -3.196941685827127e+04 0.000000000000000e+00 0.000000000000000e+00 -5.727148389484189e-01 4.092106524922612e-02 3.298312945401804e-02
7.008204942005898e-09 -3.209216003398328e+04 0.000000000000000e+00 0.000000000000000e+00 -5.760156941892405e-01 4.077022122225819e-02 3.270724837968004e-02
7.011945421598454e-09 -3.221122319732120e+04 0.000000000000000e+00 0.000000000000000e+00 -5.792121015296685e-01 4.062126296522737e-02 3.244061886169101e-02
7.015622627261516e-09 -3.232827228892955e+04 0.000000000000000e+00 0.000000000000000e+00 -5.823489086284295e-01 4.047232555167658e-02 3.217954946798279e-02
7.019238381479671e-09 -3.244336532029451e+04 0.000000000000000e+00 0.000000000000000e+00 -5.854277934510972e-01 4.032349267002150e-02 3.192392946252058e-02
7.022821652636993e-09 -3.255742438371980e+04 0.000000000000000e+00 0.000000000000000e+00 -5.884734045576698e-01 4.017368866032338e-02 3.167172952099542e-02
7.026389560490876e-09 -3.267099441800816e+04 0.000000000000000e+00 0.000000000000000e+00 -5.915001995701498e-01 4.002226218118714e-02 3.142176490044668e-02
7.029966471345967e-09 -3.278485102672553e+04 0.000000000000000e+00 0.000000000000000e+00 -5.945286399147189e-01 3.986819476143438e-02 3.117235709877597e-02
7.033573987974227e-09 -3.289968184746028e+04 0.000000000000000e+00 0.000000000000000e+00 -5.975766973837178e-01 3.971051777180999e-02 3.092203901433015e-02
7.037235930131013e-09 -3.301624508657409e+04 0.000000000000000e+00 0.000000000000000e+00 -6.006640483828997e-01 3.954809507671861e-02 3.066921083508663e-02
7.040975509324313e-09 -3.313527958931356e+04 0.000000000000000e+00 0.000000000000000e+00 -6.038096712237232e-01 3.937973840384668e-02 3.041233888950675e-02
7.044816546905699e-09 -3.325754361284945e+04 0.000000000000000e+00 0.000000000000000e+00 -6.070328505205421e-01 3.920414540242797e-02 3.014987468567107e-02
7.048605958084982e-09 -3.337816431696756e+04 0.000000000000000e+00 0.000000000000000e+00 -6.102052889421102e-01 3.902820577122418e-02 2.989225714841225e-02
7.052400169898933e-09 -3.349893783003315e+04 0.000000000000000e+00 0.000000000000000e+00 -6.133741289232989e-01 3.884927149404067e-02 2.963563575201441e-02
7.056121259799382e-09 -3.361738380030230e+04 0.000000000000000e+00 0.000000000000000e+00 -6.164745990858005e-01 3.867102179291612e-02 2.938522774781055e-02
7.059815120246173e-09 -3.373496303014199e+04 0.000000000000000e+00 0.000000000000000e+00 -6.195450021182689e-01 3.849130711390664e-02 2.913791705864900e-02
7.063473880133087e-09 -3.385142497445971e+04 0.000000000000000e+00 0.000000000000000e+00 -6.225788563662368e-01 3.831054521613551e-02 2.889421593378300e-02
7.067120911739492e-09 -3.396751359601407e+04 0.000000000000000e+00 0.000000000000000e+00 -6.255954648218640e-01 3.812763068552123e-02 2.865257256408262e-02
7.070767391804858e-09 -3.408358466147188e+04 0.000000000000000e+00 0.000000000000000e+00 -6.286039061985715e-01 3.794205045788956e-02 2.841226256919752e-02
7.074433772696093e-09 -3.420028918989139e+04 0.000000000000000e+00 0.000000000000000e+00 -6.316207555316653e-01 3.775281158062256e-02 2.817196196394772e-02
7.078127627661834e-09 -3.431786824526388e+04 0.000000000000000e+00 0.000000000000000e+00 -6.346518788491410e-01 3.755957280011871e-02 2.793119232402212e-02
7.081818196086583e-09 -3.443534268678739e+04 0.000000000000000e+00 0.000000000000000e+00 -6.376718539524211e-01 3.736404057381070e-02 2.769193493344497e-02
7.085578415865844e-09 -3.455503419978366e+04 0.000000000000000e+00 0.000000000000000e+00 -6.407397586122252e-01 3.716241503060422e-02 2.744945999923098e-02
7.089354843375074e-09 -3.467524162084807e+04 0.000000000000000e+00 0.000000000000000e+00 -6.438116187305362e-01 3.695761353866945e-02 2.720717241293720e-02
7.093053103049425e-09 -3.479296088245018e+04 0.000000000000000e+00 0.000000000000000e+00 -6.468109862230167e-01 3.675492712032018e-02 2.697100036195153e-02
7.096741868976004e-09 -3.491037794867497e+04 0.000000000000000e+00 0.000000000000000e+00 -6.497935643864740e-01 3.655075585044378e-02 2.673645902416101e-02
7.100339007839213e-09 -3.502487843488849e+04 0.000000000000000e+00 0.000000000000000e+00 -6.526933646591003e-01 3.634979621873263e-02 2.650864118303687e-02
7.103838070288720e-09 -3.513625705189376e+04 0.000000000000000e+00 0.000000000000000e+00 -6.555057746158550e-01 3.615260082252283e-02 2.628782778199076e-02
7.107286904743284e-09 -3.524603686216364e+04 0.000000000000000e+00 0.000000000000000e+00 -6.582695519512872e-01 3.595661618905104e-02 2.607091014272698e-02
7.110705826649224e-09 -3.535486452643879e+04 0.000000000000000e+00 0.000000000000000e+00 -6.610010898293890e-01 3.576077698480752e-02 2.585654419706755e-02
7.114129062905814e-09 -3.546382952076029e+04 0.000000000000000e+00 0.000000000000000e+00 -6.637276271167341e-01 3.556317590992879e-02 2.564253955221661e-02
7.117584986338516e-09 -3.557383498021264e+04 0.000000000000000e+00 0.000000000000000e+00 -6.664714436861873e-01 3.536219419589100e-02 2.542709245173223e-02
7.121045232066465e-09 -3.568397802259577e+04 0.000000000000000e+00 0.000000000000000e+00 -6.692098482949713e-01 3.515951161874071e-02 2.521192670497540e-02
7.124502950552091e-09 -3.579404062035730e+04 0.000000000000000e+00 0.000000000000000e+00 -6.719373650290825e-01 3.495559128115970e-02 2.499741614501754e-02
7.127998914128513e-09 -3.590532059716863e+04 0.000000000000000e+00 0.000000000000000e+00 -6.746858671289021e-01 3.474807922226665e-02 2.478098824366286e-02
7.131554583650054e-09 -3.601850107323953e+04 0.000000000000000e+00 0.000000000000000e+00 -6.774717239235756e-01 3.453572822261690e-02 2.456126738672977e-02
7.135134873391545e-09 -3.613246523525142e+04 0.000000000000000e+00 0.000000000000000e+00 -6.802671287895538e-01 3.432067902393190e-02 2.434034910640864e-02
7.138765176787622e-09 -3.624802138133322e+04 0.000000000000000e+00 0.000000000000000e+00 -6.830914969071109e-01 3.410146220408675e-02 2.411659223015085e-02
7.142407725491079e-09 -3.636396730765486e+04 0.000000000000000e+00 0.000000000000000e+00 -6.859152159943428e-01 3.388042065654378e-02 2.389222487228717e-02
7.145970419133824e-09 -3.647737136844784e+04 0.000000000000000e+00 0.000000000000000e+00 -6.886673378786713e-01 3.366325169493693e-02 2.367280284402010e-02
7.149488361598912e-09 -3.658935095501416e+04 0.000000000000000e+00 0.000000000000000e+00 -6.913753733437333e-01 3.344792264605105e-02 2.345608062164234e-02
7.152800952888309e-09 -3.669479401064433e+04 0.000000000000000e+00 0.000000000000000e+00 -6.939169754708606e-01 3.324439055784609e-02 2.325185627015668e-02
7.156024248403437e-09 -3.679739469350003e+04 0.000000000000000e+00 0.000000000000000e+00 -6.963820393456656e-01 3.304563635795182e-02 2.305295902611506e-02
7.159171826820773e-09 -3.689758522627769e+04 0.000000000000000e+00 0.000000000000000e+00 -6.987814583446997e-01 3.285087337073983e-02 2.285852063286515e-02
7.162267535945803e-09 -3.699612470820237e+04 0.000000000000000e+00 0.000000000000000e+00 -7.011337586167343e-01 3.265865297077633e-02 2.266705080565928e-02
7.165331167531323e-09 -3.709364313033193e+04 0.000000000000000e+00 0.000000000000000e+00 -7.034541741283039e-01 3.246775250131397e-02 2.247731437629657e-02
7.168385011428634e-09 -3.719085000066955e+04 0.000000000000000e+00 0.000000000000000e+00 -7.057596276756005e-01 3.227677218626081e-02 2.228792396880043e-02
7.171450448086856e-09 -3.728842588004778e+04 0.000000000000000e+00 0.000000000000000e+00 -7.080661437343289e-01 3.208434852614835e-02 2.209754734575895e-02
7.174549907777352e-09 -3.738708474617906e+04 0.000000000000000e+00 0.000000000000000e+00 -7.103903163555320e-01 3.188903280019306e-02 2.190478398887048e-02
7.177706343333228e-09 -3.748755721043282e+04 0.000000000000000e+00 0.000000000000000e+00 -7.127488916130142e-01 3.168932405989616e-02 2.170819536154175e-02
7.180944241410090e-09 -3.759062270726488e+04 0.000000000000000e+00 0.000000000000000e+00 -7.151594935506217e-01 3.148360504795823e-02 2.150623942144277e-02
7.184224893558059e-09 -3.769504910844777e+04 0.000000000000000e+00 0.000000000000000e+00 -7.175927944155879e-01 3.127428100446434e-02 2.130130352954585e-02
7.187560033910306e-09 -3.780120992304081e+04 0.000000000000000e+00 0.000000000000000e+00 -7.200570021987865e-01 3.106057108204676e-02 2.109263581968342e-02
7.190962557980965e-09 -3.790951562800770e+04 0.000000000000000e+00 0.000000000000000e+00 -7.225610193195652e-01 3.084162128175005e-02 2.087939737769987e-02
7.194360212068392e-09 -3.801766631659379e+04 0.000000000000000e+00 0.000000000000000e+00 -7.250514626549429e-01 3.062209356649422e-02 2.066606831062472e-02
7.197784670670745e-09 -3.812667021938940e+04 0.000000000000000e+00 0.000000000000000e+00 -7.275513262467398e-01 3.039998424035512e-02 2.045062488963504e-02
7.201219657558727e-09 -3.823600924792503e+04 0.000000000000000e+00 0.000000000000000e+00 -7.300485122851635e-01 3.017639873497702e-02 2.023403165688619e-02
7.204678853209615e-09 -3.834611886531721e+04 0.000000000000000e+00 0.000000000000000e+00 -7.325527029739090e-01 2.995050755183240e-02 2.001536210148670e-02
7.208165501933359e-09 -3.845710234115900e+04 0.000000000000000e+00 0.000000000000000e+00 -7.350659180602376e-01 2.972216173972180e-02 1.979433434413027e-02
7.211693039435487e-09 -3.856938734724011e+04 0.000000000000000e+00 0.000000000000000e+00 -7.375974097037826e-01 2.949054383014742e-02 1.957001465466167e-02
7.215274046044072e-09 -3.868337432784032e+04 0.000000000000000e+00 0.000000000000000e+00 -7.401556384867380e-01 2.925488437213024e-02 1.934151563451938e-02
7.218923888339286e-09 -3.879955241639816e+04 0.000000000000000e+00 0.000000000000000e+00 -7.427508528944161e-01 2.901421893188766e-02 1.910776926885684e-02
7.222520259569330e-09 -3.891402846808916e+04 0.000000000000000e+00 0.000000000000000e+00 -7.452961539283304e-01 2.877666720091103e-02 1.887655591670789e-02
7.225998821932148e-09 -3.902475454706834e+04 0.000000000000000e+00 0.000000000000000e+00 -7.477469059466505e-01 2.854654362788753e-02 1.865206776576598e-02
7.229333068031684e-09 -3.913088689671354e+04 0.000000000000000e+00 0.000000000000000e+00 -7.500856635584889e-01 2.832565616409475e-02 1.843613187044419e-02
7.232528854314391e-09 -3.923261193350517e+04 0.000000000000000e+00 0.000000000000000e+00 -7.523177473252732e-01 2.811365626541262e-02 1.822850716515283e-02
7.235660278808686e-09 -3.933228827094239e+04 0.000000000000000e+00 0.000000000000000e+00 -7.544956046708007e-01 2.790564767245154e-02 1.802450580660406e-02
7.238737384514308e-09 -3.943023558763559e+04 0.000000000000000e+00 0.000000000000000e+00 -7.566266217838817e-01 2.770096744376566e-02 1.782356843082218e-02
7.241785458830619e-09 -3.952725880650606e+04 0.000000000000000e+00 0.000000000000000e+00 -7.587285344210640e-01 2.749793263355533e-02 1.762413542304779e-02
7.244822539665448e-09 -3.962393209199260e+04 0.000000000000000e+00 0.000000000000000e+00 -7.608138253360828e-01 2.729533663423249e-02 1.742510971202004e-02
7.247870768608029e-09 -3.972096023277013e+04 0.000000000000000e+00 0.000000000000000e+00 -7.628975570070702e-01 2.709169467800423e-02 1.722511856089694e-02
7.250950817870491e-09 -3.981900124578760e+04 0.000000000000000e+00 0.000000000000000e+00 -7.649935250288074e-01 2.688561532433049e-02 1.702287978260612e-02
7.254085173668719e-09 -3.991877088952695e+04 0.000000000000000e+00 0.000000000000000e+00 -7.671164815369890e-01 2.667558099604925e-02 1.681699007477823e-02
7.257296951086051e-09 -4.002100493994277e+04 0.000000000000000e+00 0.000000000000000e+00 -7.692812915102029e-01 2.646002631226299e-02 1.660600634774629e-02
7.260589441898746e-09 -4.012580817752779e+04 0.000000000000000e+00 0.000000000000000e+00 -7.714892507459136e-01 2.623871271509252e-02 1.638979058197758e-02
7.263912143707151e-09 -4.023157306097342e+04 0.000000000000000e+00 0.000000000000000e+00 -7.737058761445273e-01 2.601502583018230e-02 1.617173427018417e-02
7.267309278022709e-09 -4.033970720470706e+04 0.000000000000000e+00 0.000000000000000e+00 -7.759599206473438e-01 2.578598125500044e-02 1.594902856846171e-02
7.270778093061511e-09 -4.045012301672643e+04 0.000000000000000e+00 0.000000000000000e+00 -7.782486264816185e-01 2.555174911738198e-02 1.572195041633203e-02
7.274345575176471e-09 -4.056367949932397e+04 0.000000000000000e+00 0.000000000000000e+00 -7.805886481494083e-01 2.531048612918328e-02 1.548885063976337e-02
7.277901014828052e-09 -4.067685265840678e+04 0.000000000000000e+00 0.000000000000000e+00 -7.829069119120561e-01 2.506966834528091e-02 1.525705982605170e-02
7.281391688310077e-09 -4.078796424628359e+04 0.000000000000000e+00 0.000000000000000e+00 -7.851694713662122e-01 2.483288205386775e-02 1.503009466636972e-02
7.284840173355762e-09 -4.089773293452345e+04 0.000000000000000e+00 0.000000000000000e+00 -7.873914475912618e-01 2.459862013883468e-02 1.480656724284606e-02
7.288249802422981e-09 -4.100626479855498e+04 0.000000000000000e+00 0.000000000000000e+00 -7.895753431464555e-01 2.436668341340969e-02 1.458634016157466e-02
7.291646665708914e-09 -4.111439031514772e+04 0.000000000000000e+00 0.000000000000000e+00 -7.917380150002378e-01 2.413532896734414e-02 1.436781443510333e-02
7.295055242528370e-09 -4.122288868509269e+04 0.000000000000000e+00 0.000000000000000e+00 -7.938948942086466e-01 2.390292399674954e-02 1.414951533513477e-02
7.298476841674066e-09 -4.133180156855598e+04 0.000000000000000e+00 0.000000000000000e+00 -7.960465272084113e-01 2.366941872132918e-02 1.393146317759756e-02
7.301865544946107e-09 -4.143966734383939e+04 0.000000000000000e+00 0.000000000000000e+00 -7.981640854781495e-01 2.343799421858768e-02 1.371665606306802e-02
7.305280405778593e-09 -4.154836574013160e+04 0.000000000000000e+00 0.000000000000000e+00 -8.002842783057665e-01 2.320466644928828e-02 1.350143575094374e-02
7.308526110641472e-09 -4.165167973468052e+04 0.000000000000000e+00 0.000000000000000e+00 -8.022868164038491e-01 2.298282718930007e-02 1.329808072838214e-02
7.311718481834260e-09 -4.175329606578380e+04 0.000000000000000e+00 0.000000000000000e+00 -8.042441787974479e-01 2.276460512714073e-02 1.309928526718349e-02
7.314852693679004e-09 -4.185306112734144e+04 0.000000000000000e+00 0.000000000000000e+00 -8.061539161107866e-01 2.255036478165452e-02 1.290533241944859e-02
7.317949399837269e-09 -4.195163234581963e+04 0.000000000000000e+00 0.000000000000000e+00 -8.080290075937404e-01 2.233872729345734e-02 1.271492729446129e-02
7.321020500599444e-09 -4.204938851922633e+04 0.000000000000000e+00 0.000000000000000e+00 -8.098768896794974e-01 2.212891384982695e-02 1.252732740736357e-02
7.324085456343067e-09 -4.214694909061743e+04 0.000000000000000e+00 0.000000000000000e+00 -8.117093289154411e-01 2.191963501288820e-02 1.234134007646225e-02
7.327162613308138e-09 -4.224489803894956e+04 0.000000000000000e+00 0.000000000000000e+00 -8.135371501701264e-01 2.170968748663401e-02 1.215585711055824e-02
7.330273410341947e-09 -4.234391778392682e+04 0.000000000000000e+00 0.000000000000000e+00 -8.153727222735172e-01 2.149767127230202e-02 1.196960129624233e-02
7.333440299397576e-09 -4.244472299341221e+04 0.000000000000000e+00 0.000000000000000e+00 -8.172286745864272e-01 2.128213684428587e-02 1.178125476217785e-02
7.336687883454044e-09 -4.254809680455089e+04 0.000000000000000e+00 0.000000000000000e+00 -8.191185189488748e-01 2.106151429072446e-02 1.158939290407598e-02
7.339926742726811e-09 -4.265119289719885e+04 0.000000000000000e+00 0.000000000000000e+00 -8.209898662675571e-01 2.084198415709605e-02 1.139927309805239e-02
7.343221125756054e-09 -4.275605636590728e+04 0.000000000000000e+00 0.000000000000000e+00 -8.228794704172206e-01 2.061930807774929e-02 1.120708702971610e-02
7.346558658655661e-09 -4.286229333764815e+04 0.000000000000000e+00 0.000000000000000e+00 -8.247796334995194e-01 2.039446539157029e-02 1.101352557907679e-02
7.349954610730786e-09 -4.297038984949999e+04 0.000000000000000e+00 0.000000000000000e+00 -8.266984009374913e-01 2.016658995823474e-02 1.081766078215589e-02
7.353345054015966e-09 -4.307831101112183e+04 0.000000000000000e+00 0.000000000000000e+00 -8.285994264271224e-01 1.994012787099265e-02 1.062309116271626e-02
7.356760583244066e-09 -4.318703068310722e+04 0.000000000000000e+00 0.000000000000000e+00 -8.304997491353254e-01 1.971319024819927e-02 1.042795201096013e-02
7.360141009206148e-09 -4.329463298343151e+04 0.000000000000000e+00 0.000000000000000e+00 -8.323660682429077e-01 1.948991784214208e-02 1.023553945436325e-02
7.363490230421853e-09 -4.340124200582905e+04 0.000000000000000e+00 0.000000000000000e+00 -8.342010095932172e-01 1.927016106545117e-02 1.004546734808022e-02
7.366833407556526e-09 -4.350765863915205e+04 0.000000000000000e+00 0.000000000000000e+00 -8.360186087239911e-01 1.905238895309812e-02 9.856144143578599e-03
7.370207267620456e-09 -4.361505194044702e+04 0.000000000000000e+00 0.000000000000000e+00 -8.378386696842488e-01 1.883436727754601e-02 9.665325242814127e-03
7.373628185023607e-09 -4.372394312337114e+04 0.000000000000000e+00 0.000000000000000e+00 -8.396695432939971e-01 1.861523193045083e-02 9.471904709883018e-03
7.377048956608371e-09 -4.383282966475183e+04 0.000000000000000e+00 0.000000000000000e+00 -8.414857592005889e-01 1.839816176284459e-02 9.278349776628553e-03
7.380442748745097e-09 -4.394085742362910e+04 0.000000000000000e+00 0.000000000000000e+00 -8.432733251395786e-01 1.818492481587171e-02 9.085981125889472e-03
7.383817030187780e-09 -4.404826413782636e+04 0.000000000000000e+00 0.000000000000000e+00 -8.450365186223415e-01 1.797506686729674e-02 8.894193212424921e-03
7.387169282447487e-09 -4.415496964135101e+04 0.000000000000000e+00 0.000000000000000e+00 -8.467743521641041e-01 1.776872798031564e-02 8.702960989098741e-03
7.390508945422782e-09 -4.426127441550686e+04 0.000000000000000e+00 0.000000000000000e+00 -8.484920027534855e-01 1.756528041102055e-02 8.511596097235856e-03
7.393845777051734e-09 -4.436748906510947e+04 0.000000000000000e+00 0.000000000000000e+00 -8.501946673899528e-01 1.736406450654143e-02 8.319404027245746e-03
7.397194971127290e-09 -4.447409722360923e+04 0.000000000000000e+00 0.000000000000000e+00 -8.518901350802323e-01 1.716408620792804e-02 8.125386700173955e-03
7.400573915735687e-09 -4.458165237098127e+04 0.000000000000000e+00 0.000000000000000e+00 -8.535870597342746e-01 1.696422428919026e-02 7.928422062538232e-03
7.404003536228565e-09 -4.469082058185542e+04 0.000000000000000e+00 0.000000000000000e+00 -8.552955782237367e-01 1.676315899567469e-02 7.727180425332600e-03
7.407465982667303e-09 -4.480103367503863e+04 0.000000000000000e+00 0.000000000000000e+00 -8.570064586065095e-01 1.656183238802784e-02 7.522621952257969e-03
7.410928959580798e-09 -4.491126365375779e+04 0.000000000000000e+00 0.000000000000000e+00 -8.587037302009112e-01 1.636197178328477e-02 7.316624721415433e-03
7.414411688379522e-09 -4.502212235451087e+04 0.000000000000000e+00 0.000000000000000e+00 -8.603968225728500e-01 1.616231444017607e-02 7.108050997272885e-03
7.417893907690141e-09 -4.513296483775390e+04 0.000000000000000e+00 0.000000000000000e+00 -8.620759299021754e-01 1.596388049290836e-02 6.898134683844651e-03
7.421313185880747e-09 -4.524180384292214e+04 0.000000000000000e+00 0.000000000000000e+00 -8.637115105167340e-01 1.577006370829024e-02 6.690718794289697e-03
7.424729017766344e-09 -4.535053314879489e+04 0.000000000000000e+00 0.000000000000000e+00 -8.653324570197974e-01 1.557735368616779e-02 6.482295149612799e-03
7.428168391305832e-09 -4.546001180878470e+04 0.000000000000000e+00 0.000000000000000e+00 -8.669515214861276e-01 1.538414657062557e-02 6.271280929518844e-03
7.431581786928893e-09 -4.556866356601237e+04 0.000000000000000e+00 0.000000000000000e+00 -8.685455330873094e-01 1.519315542644548e-02 6.060800630141731e-03
7.435035120526930e-09 -4.567858658846694e+04 0.000000000000000e+00 0.000000000000000e+00 -8.701452031729353e-01 1.500065762283323e-02 5.846893377252867e-03
7.438458599399592e-09 -4.578755930549790e+04 0.000000000000000e+00 0.000000000000000e+00 -8.717182761932736e-01 1.481053393970441e-02 5.633989228342965e-03
7.441868735621100e-09 -4.589610731275185e+04 0.000000000000000e+00 0.000000000000000e+00 -8.732726314954006e-01 1.462187389734753e-02 5.421198663830401e-03
7.445296164495359e-09 -4.600520576223869e+04 0.000000000000000e+00 0.000000000000000e+00 -8.748222409573065e-01 1.443303399345660e-02 5.206727547000497e-03
7.448760017474285e-09 -4.611546362698662e+04 0.000000000000000e+00 0.000000000000000e+00 -8.763754933400053e-01 1.424305643670851e-02 4.989472778804336e-03
7.452282439263440e-09 -4.622758579486633e+04 0.000000000000000e+00 0.000000000000000e+00 -8.779418221588755e-01 1.405086638282576e-02 4.768116339428098e-03
7.455775011617024e-09 -4.633875782570215e+04 0.000000000000000e+00 0.000000000000000e+00 -8.794818901044303e-01 1.386141484305855e-02 4.548267280790550e-03
7.459276298953742e-09 -4.645020726306689e+04 0.000000000000000e+00 0.000000000000000e+00 -8.810128465477166e-01 1.367272271176342e-02 4.327534151069010e-03
7.462771310956140e-09 -4.656145695033630e+04 0.000000000000000e+00 0.000000000000000e+00 -8.825281849961847e-01 1.348571309350083e-02 4.106854208106046e-03
7.466277398439982e-09 -4.667305918112952e+04 0.000000000000000e+00 0.000000000000000e+00 -8.840354236544600e-01 1.329955816545673e-02 3.885089488609045e-03
7.469763318672466e-09 -4.678401946837432e+04 0.000000000000000e+00 0.000000000000000e+00 -8.855212314782783e-01 1.311597899104206e-02 3.664141180979563e-03
7.473249015323334e-09 -4.689497263879520e+04 0.000000000000000e+00 0.000000000000000e+00 -8.869942093509727e-01 1.293394611697596e-02 3.442649616151314e-03
7.476739688496629e-09 -4.700608421684484e+04 0.000000000000000e+00 0.000000000000000e+00 -8.884565052981092e-01 1.275318443998121e-02 3.220164765687699e-03
7.480227432320656e-09 -4.711710255081126e+04 0.000000000000000e+00 0.000000000000000e+00 -8.899047601932343e-01 1.257405559633848e-02 2.997063967512579e-03
7.483694493483519e-09 -4.722746253522558e+04 0.000000000000000e+00 0.000000000000000e+00 -8.913316813944107e-01 1.239736728964079e-02 2.774370597651915e-03
7.487167868775070e-09 -4.733802350459831e+04 0.000000000000000e+00 0.000000000000000e+00 -8.927483474753077e-01 1.222161132193384e-02 2.550253415841960e-03
7.490662027104668e-09 -4.744924601861853e+04 0.000000000000000e+00 0.000000000000000e+00 -8.941603838729425e-01 1.204591262520341e-02 2.323687914682261e-03
7.494153538080619e-09 -4.756038426475503e+04 0.000000000000000e+00 0.000000000000000e+00 -8.955581131554486e-01 1.187127201757474e-02 2.096140373940427e-03
7.497572625919625e-09 -4.766921721084364e+04 0.000000000000000e+00 0.000000000000000e+00 -8.969139603591536e-01 1.170095149309420e-02 1.872195036143673e-03
7.501010236303598e-09 -4.777863974785028e+04 0.000000000000000e+00 0.000000000000000e+00 -8.982641062940883e-01 1.153020666900213e-02 1.645976025669620e-03
7.504393124259677e-09 -4.788632041587751e+04 0.000000000000000e+00 0.000000000000000e+00 -8.995799341544077e-01 1.136247522392240e-02 1.422413712082962e-03
7.507793952863362e-09 -4.799457215245444e+04 0.000000000000000e+00 0.000000000000000e+00 -9.008897711870876e-01 1.119397793405418e-02 1.196862507703782e-03
7.511123321419208e-09 -4.810054924506199e+04 0.000000000000000e+00 0.000000000000000e+00 -9.021594834310721e-01 1.102899146302521e-02 9.754328719639012e-04
7.514427220902435e-09 -4.820571563190884e+04 0.000000000000000e+00 0.000000000000000e+00 -9.034070818124311e-01 1.086512201798203e-02 7.552766318362635e-04
7.517708653942340e-09 -4.831016688965404e+04 0.000000000000000e+00 0.000000000000000e+00 -9.046339385336956e-01 1.070213464091243e-02 5.363919112437303e-04
7.520987856257491e-09 -4.841454714122496e+04 0.000000000000000e+00 0.000000000000000e+00 -9.058477305110312e-01 1.053896472223134e-02 3.176226754403618e-04
7.524275823596737e-09 -4.851920639217812e+04 0.000000000000000e+00 0.000000000000000e+00 -9.070524815216161e-01 1.037502708043790e-02 9.842280413013771e-05
7.527589985088850e-09 -4.862469942891302e+04 0.000000000000000e+00 0.000000000000000e+00 -9.082543746205324e-01 1.020943529083331e-02 -1.221865882089405e-04
7.530946944925226e-09 -4.873155477925707e+04 0.000000000000000e+00 0.000000000000000e+00 -9.094590371866432e-01 1.004136150909424e-02 -3.451302346456171e-04
7.534361165362228e-09 -4.884023279112793e+04 0.000000000000000e+00 0.000000000000000e+00 -9.106710823290671e-01 9.870103787170070e-03 -5.711896089229725e-04
7.537724613573434e-09 -4.894729467285734e+04 0.000000000000000e+00 0.000000000000000e+00 -9.118522001572699e-01 9.701132553944419e-03 -7.930817721647998e-04
7.541085975520197e-09 -4.905429014672701e+04 0.000000000000000e+00 0.000000000000000e+00 -9.130197629490420e-01 9.532082585101480e-03 -1.013932852776510e-03
7.544420164192519e-09 -4.916042066840721e+04 0.000000000000000e+00 0.000000000000000e+00 -9.141652308413927e-01 9.364297246474642e-03 -1.232029915059984e-03
7.547744063227101e-09 -4.926622366074562e+04 0.000000000000000e+00 0.000000000000000e+00 -9.152945899725904e-01 9.197011791254440e-03 -1.448439094233311e-03
7.551058968261154e-09 -4.937174036515558e+04 0.000000000000000e+00 0.000000000000000e+00 -9.164083648993967e-01 9.030239929477475e-03 -1.663217910831541e-03
7.554380402437392e-09 -4.947746489861610e+04 0.000000000000000e+00 0.000000000000000e+00 -9.175117474757004e-01 8.863272484166721e-03 -1.877351732413215e-03
7.557723218875525e-09 -4.958387005061167e+04 0.000000000000000e+00 0.000000000000000e+00 -9.186094740196479e-01 8.695426310118052e-03 -2.091774030335532e-03
7.561109344729405e-09 -4.969165378412691e+04 0.000000000000000e+00 0.000000000000000e+00 -9.197083313546685e-01 8.525657192338474e-03 -2.307857725959376e-03
7.564563546572221e-09 -4.980160444367115e+04 0.000000000000000e+00 0.000000000000000e+00 -9.208156670101990e-01 8.352775346340883e-03 -2.527134668939907e-03
7.568096788263630e-09 -4.991407101973638e+04 0.000000000000000e+00 0.000000000000000e+00 -9.219340965605666e-01 8.176277062329589e-03 -2.750243987558313e-03
7.571701528197428e-09 -5.002881345554133e+04 0.000000000000000e+00 0.000000000000000e+00 -9.230603187022361e-01 7.996570189534724e-03 -2.976663878396269e-03
7.575334001055288e-09 -5.014443865773641e+04 0.000000000000000e+00 0.000000000000000e+00 -9.241800895101355e-01 7.815840254666577e-03 -3.203642262824062e-03
7.578980200435810e-09 -5.026050078871818e+04 0.000000000000000e+00 0.000000000000000e+00 -9.252888760850679e-01 7.634759189208562e-03 -3.430347386384319e-03
7.582534550409493e-09 -5.037363926227621e+04 0.000000000000000e+00 0.000000000000000e+00 -9.263551699566508e-01 7.458502620939391e-03 -3.650325368403005e-03
7.586043894275846e-09 -5.048534514694406e+04 0.000000000000000e+00 0.000000000000000e+00 -9.273938887103149e-01 7.284664085473286e-03 -3.866613132156335e-03
7.589493101690024e-09 -5.059513682888720e+04 0.000000000000000e+00 0.000000000000000e+00 -9.284012442323925e-01 7.113896585271362e-03 -4.078394841997823e-03
7.592905081728811e-09 -5.070374352666797e+04 0.000000000000000e+00 0.000000000000000e+00 -9.293845374404029e-01 6.944961665888635e-03 -4.287175711896662e-03
7.596261122674800e-09 -5.081056962782257e+04 0.000000000000000e+00 0.000000000000000e+00 -9.303389671687582e-01 6.778673939114534e-03 -4.491883238582618e-03
7.599576708349526e-09 -5.091610799769802e+04 0.000000000000000e+00 0.000000000000000e+00 -9.312695109173508e-01 6.614155006753829e-03 -4.693503603505288e-03
7.602876803139909e-09 -5.102115327741027e+04 0.000000000000000e+00 0.000000000000000e+00 -9.321834998371974e-01 6.450053381509419e-03 -4.893547049809818e-03
7.606186797343268e-09 -5.112651366522429e+04 0.000000000000000e+00 0.000000000000000e+00 -9.330879992031059e-01 6.284988973737342e-03 -5.093485558574160e-03
7.609536669221104e-09 -5.123314339884071e+04 0.000000000000000e+00 0.000000000000000e+00 -9.339909171894685e-01 6.117341919197209e-03 -5.294992335724167e-03
7.612894792389361e-09 -5.134003577918861e+04 0.000000000000000e+00 0.000000000000000e+00 -9.348834839692417e-01 5.948576607244721e-03 -5.495970309799899e-03
7.616253623316200e-09 -5.144695068819189e+04 0.000000000000000e+00 0.000000000000000e+00 -9.357636640040526e-01 5.778985052894981e-03 -5.695741175188557e-03
7.619648140592484e-09 -5.155500152897818e+04 0.000000000000000e+00 0.000000000000000e+00 -9.366404290299355e-01 5.606731120466404e-03 -5.896104811174456e-03
7.623059001634130e-09 -5.166357260797371e+04 0.000000000000000e+00 0.000000000000000e+00 -9.375085443722854e-01 5.432745237656022e-03 -6.095599508367779e-03
7.626469089505600e-09 -5.177211907619812e+04 0.000000000000000e+00 0.000000000000000e+00 -9.383636450337424e-01 5.257894393213119e-03 -6.292921118317009e-03
7.629858151853405e-09 -5.187999628121810e+04 0.000000000000000e+00 0.000000000000000e+00 -9.392008818070635e-01 5.083256474716510e-03 -6.486639820786341e-03
7.633272917881824e-09 -5.198869165980312e+04 0.000000000000000e+00 0.000000000000000e+00 -9.400318733620244e-01 4.906486962858368e-03 -6.679162298985594e-03
7.636717461572167e-09 -5.209833489080591e+04 0.000000000000000e+00 0.000000000000000e+00 -9.408574486388018e-01 4.727447874977663e-03 -6.870413782066704e-03
7.640156812142468e-09 -5.220781281966382e+04 0.000000000000000e+00 0.000000000000000e+00 -9.416692770761194e-01 4.548065319701414e-03 -7.058209210409530e-03
7.643639473966574e-09 -5.231866938854859e+04 0.000000000000000e+00 0.000000000000000e+00 -9.424787680805586e-01 4.365944847895002e-03 -7.244963479620628e-03
7.647173491286251e-09 -5.243116065362837e+04 0.000000000000000e+00 0.000000000000000e+00 -9.432874797001038e-01 4.180810609524879e-03 -7.430815597039238e-03
7.650712177184621e-09 -5.254380052418340e+04 0.000000000000000e+00 0.000000000000000e+00 -9.440846645208072e-01 3.995273067503790e-03 -7.613102086701837e-03
7.654292383011207e-09 -5.265776201510092e+04 0.000000000000000e+00 0.000000000000000e+00 -9.448785849564920e-01 3.807579745485934e-03 -7.793561530193585e-03
7.657934008168632e-09 -5.277367854403932e+04 0.000000000000000e+00 0.000000000000000e+00 -9.456733243574470e-01 3.616869296222615e-03 -7.972971425022990e-03
7.661674363161175e-09 -5.289273774123567e+04 0.000000000000000e+00 0.000000000000000e+00 -9.464763886816286e-01 3.421378851562399e-03 -8.152871913175194e-03
7.665513638483347e-09 -5.301494567031851e+04 0.000000000000000e+00 0.000000000000000e+00 -9.472869995516363e-01 3.221293905485084e-03 -8.332929852467457e-03
7.669283873295758e-09 -5.313495597172099e+04 0.000000000000000e+00 0.000000000000000e+00 -9.480698435772954e-01 3.025499087203211e-03 -8.505245269890946e-03
7.673072820472821e-09 -5.325556190618975e+04 0.000000000000000e+00 0.000000000000000e+00 -9.488435889210353e-01 2.829538103460980e-03 -8.673992589296790e-03
7.676865198890592e-09 -5.337627706044238e+04 0.000000000000000e+00 0.000000000000000e+00 -9.496052104065893e-01 2.634291180129267e-03 -8.838552831891593e-03
7.680606056792045e-09 -5.349535226572651e+04 0.000000000000000e+00 0.000000000000000e+00 -9.503441222131587e-01 2.442625242322871e-03 -8.996751647517521e-03
7.684292759621059e-09 -5.361270366151621e+04 0.000000000000000e+00 0.000000000000000e+00 -9.510604851610178e-01 2.254668431738468e-03 -9.148808954419182e-03
7.687913081897676e-09 -5.372794209869806e+04 0.000000000000000e+00 0.000000000000000e+00 -9.517526352773548e-01 2.071003166134701e-03 -9.294586084923366e-03
7.691469014998731e-09 -5.384113096476548e+04 0.000000000000000e+00 0.000000000000000e+00 -9.524216601531948e-01 1.891456747648159e-03 -9.434545478570715e-03
7.694967195738104e-09 -5.395248151606545e+04 0.000000000000000e+00 0.000000000000000e+00 -9.530694293628990e-01 1.715599014882094e-03 -9.569309341741586e-03
7.698424693914454e-09 -5.406253710116494e+04 0.000000000000000e+00 0.000000000000000e+00 -9.536995788734637e-01 1.542460654306077e-03 -9.699850821349472e-03
7.701865266873791e-09 -5.417205393987428e+04 0.000000000000000e+00 0.000000000000000e+00 -9.543167077996856e-01 1.370730734788013e-03 -9.827317321181427e-03
7.705276968135482e-09 -5.428065176390448e+04 0.000000000000000e+00 0.000000000000000e+00 -9.549188904853168e-01 1.200866293952936e-03 -9.951480933655901e-03
7.708712047840723e-09 -5.438999374690522e+04 0.000000000000000e+00 0.000000000000000e+00 -9.555153664493956e-01 1.030120870818648e-03 -1.007440195066533e-02
7.712131912287507e-09 -5.449885141318721e+04 0.000000000000000e+00 0.000000000000000e+00 -9.560994288761744e-01 8.602514548520129e-04 -1.019481614182050e-02
7.715568218726258e-09 -5.460823244432839e+04 0.000000000000000e+00 0.000000000000000e+00 -9.566764975934245e-01 6.895178802592253e-04 -1.031393883480494e-02
7.719063729914543e-09 -5.471949802117811e+04 0.000000000000000e+00 0.000000000000000e+00 -9.572534618129140e-01 5.156187130944863e-04 -1.043326219098775e-02
7.722507844145634e-09 -5.482912758206837e+04 0.000000000000000e+00 0.000000000000000e+00 -9.578121424293604e-01 3.438776917371249e-04 -1.054902679414938e-02
7.725963671877703e-09 -5.493912999527490e+04 0.000000000000000e+00 0.000000000000000e+00 -9.583630260882628e-01 1.709989094112585e-04 -1.066337870760041e-02
7.729394998573503e-09 -5.504835251627486e+04 0.000000000000000e+00 0.000000000000000e+00 -9.589005303091083e-01 -1.343048822441961e-06 -1.077507820193923e-02
7.732785888912321e-09 -5.515628790805594e+04 0.000000000000000e+00 0.000000000000000e+00 -9.594225778183118e-01 -1.724398728851442e-04 -1.088357625363228e-02
7.736165269311148e-09 -5.526385692706819e+04 0.000000000000000e+00 0.000000000000000e+00 -9.599339843136614e-01 -3.438133322603871e-04 -1.098973691995067e-02
7.739543811752329e-09 -5.537139927306014e+04 0.000000000000000e+00 0.000000000000000e+00 -9.604365838690980e-01 -5.160533637822314e-04 -1.109378018864572e-02
7.742944712627735e-09 -5.547965331011741e+04 0.000000000000000e+00 0.000000000000000e+00 -9.609339194056575e-01 -6.903786261417027e-04 -1.119625794021600e-02
7.746387254384227e-09 -5.558923281758659e+04 0.000000000000000e+00 0.000000000000000e+00 -9.614287484519992e-01 -8.678088756273586e-04 -1.129752828503256e-02
7.749895443428049e-09 -5.570090194311162e+04 0.000000000000000e+00 0.000000000000000e+00 -9.619242980775075e-01 -1.049609771717690e-03 -1.139800570867964e-02
7.753461004899961e-09 -5.581439728974218e+04 0.000000000000000e+00 0.000000000000000e+00 -9.624191236766937e-01 -1.235367849405757e-03 -1.149711484546486e-02
7.757098816040258e-09 -5.593019241474477e+04 0.000000000000000e+00 0.000000000000000e+00 -9.629149719377659e-01 -1.425850565519042e-03 -1.159489743529381e-02
7.760770083543909e-09 -5.604705248886852e+04 0.000000000000000e+00 0.000000000000000e+00 -9.634063238910338e-01 -1.618984543537874e-03 -1.168994821413325e-02
7.764433729608379e-09 -5.616366996504845e+04 0.000000000000000e+00 0.000000000000000e+00 -9.638877213427516e-01 -1.812507707617788e-03 -1.178095652012823e-02
7.768091624070560e-09 -5.628010436204138e+04 0.000000000000000e+00 0.000000000000000e+00 -9.643595495078566e-01 -2.006374429454469e-03 -1.186780398143693e-02
7.771765587161346e-09 -5.639705023936851e+04 0.000000000000000e+00 0.000000000000000e+00 -9.648246418812180e-01 -2.201575541271496e-03 -1.195083494964500e-02
7.775451367203018e-09 -5.651437226192484e+04 0.000000000000000e+00 0.000000000000000e+00 -9.652824022420166e-01 -2.397701026663888e-03 -1.202978197792521e-02
7.779122571828912e-09 -5.663123033458740e+04 0.000000000000000e+00 0.000000000000000e+00 -9.657295993426330e-01 -2.593146546263322e-03 -1.210400166206823e-02
7.782737420288591e-09 -5.674629453476462e+04 0.000000000000000e+00 0.000000000000000e+00 -9.661614350563027e-01 -2.785491614433559e-03 -1.217273618049252e-02
7.786261141756090e-09 -5.685845807269091e+04 0.000000000000000e+00 0.000000000000000e+00 -9.665743141543927e-01 -2.972717725609279e-03 -1.223558516629857e-02
7.789721901873858e-09 -5.696861748861051e+04 0.000000000000000e+00 0.000000000000000e+00 -9.669721017944141e-01 -3.156182376622786e-03 -1.229335108336321e-02
7.793124761375325e-09 -5.707693387067164e+04 0.000000000000000e+00 0.000000000000000e+00 -9.673558445618536e-01 -3.336037153453660e-03 -1.234637042178842e-02
7.796479129346652e-09 -5.718370671938882e+04 0.000000000000000e+00 0.000000000000000e+00 -9.677270300675148e-01 -3.512675892004465e-03 -1.239502434091190e-02
7.799826492754645e-09 -5.729025660593024e+04 0.000000000000000e+00 0.000000000000000e+00 -9.680905197891952e-01 -3.688169369785562e-03 -1.244007604532456e-02
7.803147290048457e-09 -5.739596086679351e+04 0.000000000000000e+00 0.000000000000000e+00 -9.684444232421049e-01 -3.861371241156339e-03 -1.248139160694400e-02
7.806481827777342e-09 -5.750210249928918e+04 0.000000000000000e+00 0.000000000000000e+00 -9.687932101407057e-01 -4.034241973694420e-03 -1.251958792843602e-02
7.809795012367691e-09 -5.760756444027520e+04 0.000000000000000e+00 0.000000000000000e+00 -9.691334012613703e-01 -4.204810959819835e-03 -1.255437796234512e-02
7.813089589398487e-09 -5.771243408424481e+04 0.000000000000000e+00 0.000000000000000e+00 -9.694655644523257e-01 -4.373075070631905e-03 -1.258597125128907e-02
7.816391092278793e-09 -5.781752418485138e+04 0.000000000000000e+00 0.000000000000000e+00 -9.697924799315053e-01 -4.540170663471190e-03 -1.261477393589528e-02
7.819722008370216e-09 -5.792355053704626e+04 0.000000000000000e+00 0.000000000000000e+00 -9.701164551497277e-01 -4.707030172440886e-03 -1.264110268651837e-02
7.823115400253538e-09 -5.803156555546197e+04 0.000000000000000e+00 0.000000000000000e+00 -9.704406411330153e-01 -4.875053932032626e-03 -1.266530008255880e-02
7.826594331675341e-09 -5.814230338195349e+04 0.000000000000000e+00 0.000000000000000e+00 -9.707670311149891e-01 -5.045073349196212e-03 -1.268757794938165e-02
7.830149624825395e-09 -5.825547187774788e+04 0.000000000000000e+00 0.000000000000000e+00 -9.710945112221115e-01 -5.216318470747516e-03 -1.270793521960213e-02
7.833700707248004e-09 -5.836850634192488e+04 0.000000000000000e+00 0.000000000000000e+00 -9.714156197852891e-01 -5.384708239240078e-03 -1.272605714783817e-02
7.837283607256733e-09 -5.848255359132353e+04 0.000000000000000e+00 0.000000000000000e+00 -9.717336075180012e-01 -5.551837897450369e-03 -1.274230202226724e-02
7.840880510800010e-09 -5.859704658707097e+04 0.000000000000000e+00 0.000000000000000e+00 -9.720467909694475e-01 -5.716793886255021e-03 -1.275668519205545e-02
7.844507046899417e-09 -5.871248281637533e+04 0.000000000000000e+00 0.000000000000000e+00 -9.723563662268585e-01 -5.880254308716487e-03 -1.276929409861553e-02
7.848166804720494e-09 -5.882897652592404e+04 0.000000000000000e+00 0.000000000000000e+00 -9.726623797740064e-01 -6.042347915678738e-03 -1.278006146935330e-02
7.851874522404482e-09 -5.894699684532327e+04 0.000000000000000e+00 0.000000000000000e+00 -9.729657223196325e-01 -6.203678444582657e-03 -1.278885087448461e-02
7.855628075050448e-09 -5.906647613687546e+04 0.000000000000000e+00 0.000000000000000e+00 -9.732658399879256e-01 -6.364072584817238e-03 -1.279539354667853e-02
7.859356122143877e-09 -5.918514356147519e+04 0.000000000000000e+00 0.000000000000000e+00 -9.735568902622597e-01 -6.520453536408128e-03 -1.279932590492181e-02
7.863081298660604e-09 -5.930371961278061e+04 0.000000000000000e+00 0.000000000000000e+00 -9.738406596016800e-01 -6.673753322125615e-03 -1.280049727246836e-02
7.866745237400220e-09 -5.942034640509975e+04 0.000000000000000e+00 0.000000000000000e+00 -9.741128899269997e-01 -6.821564718777266e-03 -1.279878420589012e-02
7.870317866137698e-09 -5.953406670978010e+04 0.000000000000000e+00 0.000000000000000e+00 -9.743718165540933e-01 -6.962759729330043e-03 -1.279425896372527e-02
7.873795548595260e-09 -5.964476478050509e+04 0.000000000000000e+00 0.000000000000000e+00 -9.746177505402641e-01 -7.097324832738745e-03 -1.278708545426076e-02
7.877183093478641e-09 -5.975259368313223e+04 0.000000000000000e+00 0.000000000000000e+00 -9.748516025236275e-01 -7.225593050162459e-03 -1.277745708171943e-02
7.880490727480999e-09 -5.985787894341505e+04 0.000000000000000e+00 0.000000000000000e+00 -9.750746014084424e-01 -7.348104664218207e-03 -1.276555921990727e-02
7.883733015955689e-09 -5.996108419095042e+04 0.000000000000000e+00 0.000000000000000e+00 -9.752881800059047e-01 -7.465546741633403e-03 -1.275154068031623e-02
7.886858045161361e-09 -6.006055696002824e+04 0.000000000000000e+00 0.000000000000000e+00 -9.754894508887114e-01 -7.576254037170746e-03 -1.273586243825612e-02
7.889900800179948e-09 -6.015741086039341e+04 0.000000000000000e+00 0.000000000000000e+00 -9.756811983627851e-01 -7.681709315586625e-03 -1.271860522171793e-02
7.892915713316077e-09 -6.025337852611496e+04 0.000000000000000e+00 0.000000000000000e+00 -9.758671761847032e-01 -7.783943143342006e-03 -1.269962287380166e-02
7.895907696007544e-09 -6.034861629311339e+04 0.000000000000000e+00 0.000000000000000e+00 -9.760478957023934e-01 -7.883203050332216e-03 -1.267898345532542e-02
7.898909151302411e-09 -6.044415558244289e+04 0.000000000000000e+00 0.000000000000000e+00 -9.762254482164446e-01 -7.980602921218478e-03 -1.265653213730611e-02
7.901940176503817e-09 -6.054063611113087e+04 0.000000000000000e+00 0.000000000000000e+00 -9.764010671191936e-01 -8.076774183566400e-03 -1.263214312620305e-02
7.905029123734961e-09 -6.063896035528819e+04 0.000000000000000e+00 0.000000000000000e+00 -9.765763612780941e-01 -8.172537454287181e-03 -1.260557786008911e-02
7.908202237189412e-09 -6.073996369354166e+04 0.000000000000000e+00 0.000000000000000e+00 -9.767527042748763e-01 -8.268558876769437e-03 -1.257656189283506e-02
7.911427940994459e-09 -6.084264103464636e+04 0.000000000000000e+00 0.000000000000000e+00 -9.769282628537194e-01 -8.363731268027039e-03 -1.254534132792681e-02
7.914678871769745e-09 -6.094612137515364e+04 0.000000000000000e+00 0.000000000000000e+00 -9.771015863366612e-01 -8.457150554427962e-03 -1.251219242552370e-02
7.917997618643157e-09 -6.105176036910847e+04 0.000000000000000e+00 0.000000000000000e+00 -9.772749600933834e-01 -8.549913665460306e-03 -1.247669359655228e-02
7.921395532874856e-09 -6.115991933834395e+04 0.000000000000000e+00 0.000000000000000e+00 -9.774489253401433e-01 -8.642137624538875e-03 -1.243869788844459e-02
7.924906315391449e-09 -6.127167101667120e+04 0.000000000000000e+00 0.000000000000000e+00 -9.776251002749973e-01 -8.734469327992045e-03 -1.239777963288621e-02
7.928558539744751e-09 -6.138792492849291e+04 0.000000000000000e+00 0.000000000000000e+00 -9.778047391917998e-01 -8.827300089253864e-03 -1.235351964807880e-02
7.932198443320623e-09 -6.150378665778850e+04 0.000000000000000e+00 0.000000000000000e+00 -9.779803353010469e-01 -8.916526637077239e-03 -1.230776342293148e-02
7.935860555927204e-09 -6.162035532248781e+04 0.000000000000000e+00 0.000000000000000e+00 -9.781537455178061e-01 -9.002962316502234e-03 -1.226015968355661e-02
7.939522655786768e-09 -6.173692358143697e+04 0.000000000000000e+00 0.000000000000000e+00 -9.783240887359025e-01 -9.086046389247192e-03 -1.221105671207407e-02
7.943202926907481e-09 -6.185407024959293e+04 0.000000000000000e+00 0.000000000000000e+00 -9.784923655978399e-01 -9.166173402523693e-03 -1.216026899204405e-02
7.946908158166243e-09 -6.197201142361902e+04 0.000000000000000e+00 0.000000000000000e+00 -9.786589990130787e-01 -9.243453940810897e-03 -1.210773588880822e-02
7.950659498749717e-09 -6.209142030303526e+04 0.000000000000000e+00 0.000000000000000e+00 -9.788250058904364e-01 -9.318268159842330e-03 -1.205316803857436e-02
7.954478201514721e-09 -6.221297338728508e+04 0.000000000000000e+00 0.000000000000000e+00 -9.789913366525064e-01 -9.390935200833938e-03 -1.199623587656221e-02
7.958315160081068e-09 -6.233510757173967e+04 0.000000000000000e+00 0.000000000000000e+00 -9.791558961746817e-01 -9.460468200571363e-03 -1.193765142112581e-02
7.962177726804911e-09 -6.245805688916404e+04 0.000000000000000e+00 0.000000000000000e+00 -9.793190676868683e-01 -9.527012124948579e-03 -1.187731012267789e-02
7.966086826382358e-09 -6.258248739332186e+04 0.000000000000000e+00 0.000000000000000e+00 -9.794817700687936e-01 -9.590905788629485e-03 -1.181488405911504e-02
7.970062927469086e-09 -6.270905062175904e+04 0.000000000000000e+00 0.000000000000000e+00 -9.796448570398729e-01 -9.652410157410949e-03 -1.175003663686731e-02
7.973981829140681e-09 -6.283379313626412e+04 0.000000000000000e+00 0.000000000000000e+00 -9.798033659047714e-01 -9.709668628014851e-03 -1.168483627996686e-02
7.977781798731415e-09 -6.295474992505695e+04 0.000000000000000e+00 0.000000000000000e+00 -9.799550769026550e-01 -9.762069446766814e-03 -1.162046832981052e-02
7.981533558216882e-09 -6.307417213853776e+04 0.000000000000000e+00 0.000000000000000e+00 -9.801030478677218e-01 -9.810845532403606e-03 -1.155591586815186e-02
7.985253455843724e-09 -6.319258015755928e+04 0.000000000000000e+00 0.000000000000000e+00 -9.802480957854696e-01 -9.856349086579168e-03 -1.149104525344615e-02
7.988993968759340e-09 -6.331164438160317e+04 0.000000000000000e+00 0.000000000000000e+00 -9.803923855677256e-01 -9.899271144727058e-03 -1.142508360960084e-02
7.992705253914130e-09 -6.342977825712482e+04 0.000000000000000e+00 0.000000000000000e+00 -9.805341296579986e-01 -9.939079294175366e-03 -1.135905173658078e-02
7.996443958149694e-09 -6.354878490909457e+04 0.000000000000000e+00 0.000000000000000e+00 -9.806756046814752e-01 -9.976404602004796e-03 -1.129210861033312e-02
8.000207786573643e-09 -6.366859128881883e+04 0.000000000000000e+00 0.000000000000000e+00 -9.808168182415385e-01 -1.001118507171684e-02 -1.122445655339071e-02
8.004053006874278e-09 -6.379098845244350e+04 0.000000000000000e+00 0.000000000000000e+00 -9.809599430964211e-01 -1.004384132173303e-02 -1.115526321608844e-02
8.007980333388715e-09 -6.391599913802520e+04 0.000000000000000e+00 0.000000000000000e+00 -9.811050565907454e-01 -1.007422286347085e-02 -1.108470305531287e-02
8.011907306651769e-09 -6.404099857926616e+04 0.000000000000000e+00 0.000000000000000e+00 -9.812492115619528e-01 -1.010164100725270e-02 -1.101443961415454e-02
8.015878475063467e-09 -6.416740479578057e+04 0.000000000000000e+00 0.000000000000000e+00 -9.813941276175606e-01 -1.012641353583305e-02 -1.094386738322544e-02
8.019867417133059e-09 -6.429437676539710e+04 0.000000000000000e+00 0.000000000000000e+00 -9.815389182116162e-01 -1.014838377621207e-02 -1.087362775977063e-02
8.023881137672270e-09 -6.442213745819809e+04 0.000000000000000e+00 0.000000000000000e+00 -9.816838986903247e-01 -1.016764183576958e-02 -1.080375114603056e-02
8.027909222871385e-09 -6.455035539232500e+04 0.000000000000000e+00 0.000000000000000e+00 -9.818287376827839e-01 -1.018421517244449e-02 -1.073454484094691e-02
8.031955271082220e-09 -6.467914510687351e+04 0.000000000000000e+00 0.000000000000000e+00 -9.819735868895985e-01 -1.019822234157991e-02 -1.066604460692903e-02
8.036004956555748e-09 -6.480805059908939e+04 0.000000000000000e+00 0.000000000000000e+00 -9.821179403909396e-01 -1.020974215390139e-02 -1.059855355642348e-02
8.040103534960917e-09 -6.493851240165586e+04 0.000000000000000e+00 0.000000000000000e+00 -9.822633820299829e-01 -1.021901120539756e-02 -1.053136823134960e-02
8.044055786539151e-09 -6.506431647665960e+04 0.000000000000000e+00 0.000000000000000e+00 -9.824030200692212e-01 -1.022582136282199e-02 -1.046761901122609e-02
8.048013459637278e-09 -6.519029312400136e+04 0.000000000000000e+00 0.000000000000000e+00 -9.825421955906976e-01 -1.023067667333756e-02 -1.040479645404309e-02
8.051925683358565e-09 -6.531482307274618e+04 0.000000000000000e+00 0.000000000000000e+00 -9.826791077987500e-01 -1.023365806302498e-02 -1.034364557326542e-02
8.055852762822171e-09 -6.543982589445569e+04 0.000000000000000e+00 0.000000000000000e+00 -9.828158349579909e-01 -1.023492651297106e-02 -1.028317074656531e-02
8.059803293121164e-09 -6.556557517943949e+04 0.000000000000000e+00 0.000000000000000e+00 -9.829526354101175e-01 -1.023453634648844e-02 -1.022320016668643e-02
8.063816750582930e-09 -6.569332749822532e+04 0.000000000000000e+00 0.000000000000000e+00 -9.830908157824543e-01 -1.023248981263255e-02 -1.016311340962286e-02
8.067918470200402e-09 -6.582388928868485e+04 0.000000000000000e+00 0.000000000000000e+00 -9.832311665428196e-01 -1.022872877846005e-02 -1.010252878867696e-02
8.072026962037894e-09 -6.595466664560276e+04 0.000000000000000e+00 0.000000000000000e+00 -9.833708462459722e-01 -1.022330933968734e-02 -1.004261927165820e-02
8.076168513865841e-09 -6.608649633470060e+04 0.000000000000000e+00 0.000000000000000e+00 -9.835106860946353e-01 -1.021620268855222e-02 -9.982974577811761e-03
8.080325970279270e-09 -6.621883228247782e+04 0.000000000000000e+00 0.000000000000000e+00 -9.836500368908963e-01 -1.020743416656617e-02 -9.923818014114502e-03
8.084499909784794e-09 -6.635169290337198e+04 0.000000000000000e+00 0.000000000000000e+00 -9.837888391702597e-01 -1.019700390618448e-02 -9.865123098703720e-03
8.088680899767501e-09 -6.648477794792506e+04 0.000000000000000e+00 0.000000000000000e+00 -9.839266961276941e-01 -1.018493790159478e-02 -9.807010385893060e-03
8.092826776661305e-09 -6.661674530814495e+04 0.000000000000000e+00 0.000000000000000e+00 -9.840621586742060e-01 -1.017138597206047e-02 -9.750049521056528e-03
8.096943799481073e-09 -6.674779421466260e+04 0.000000000000000e+00 0.000000000000000e+00 -9.841953853852223e-01 -1.015637178817738e-02 -9.694150130067882e-03
8.101032233298944e-09 -6.687793310498627e+04 0.000000000000000e+00 0.000000000000000e+00 -9.843263478766683e-01 -1.013993378071752e-02 -9.639316759319420e-03
8.105086924041257e-09 -6.700699791985583e+04 0.000000000000000e+00 0.000000000000000e+00 -9.844548617689891e-01 -1.012213738519105e-02 -9.585630617091986e-03
8.109064070618869e-09 -6.713359442730148e+04 0.000000000000000e+00 0.000000000000000e+00 -9.845795661870214e-01 -1.010325138333859e-02 -9.533663938670752e-03
8.112952014858421e-09 -6.725735153613953e+04 0.000000000000000e+00 0.000000000000000e+00 -9.847001613316757e-01 -1.008343991967670e-02 -9.483542042563554e-03
8.116770644274396e-09 -6.737890228561722e+04 0.000000000000000e+00 0.000000000000000e+00 -9.848173338916157e-01 -1.006270546715057e-02 -9.434975425129584e-03
8.120564210507825e-09 -6.749965524921656e+04 0.000000000000000e+00 0.000000000000000e+00 -9.849324878436703e-01 -1.004087694434260e-02 -9.387375242227101e-03
8.124270373151463e-09 -6.761762607014406e+04 0.000000000000000e+00 0.000000000000000e+00 -9.850438120855742e-01 -1.001838780699613e-02 -9.341469265627667e-03
8.127965074873926e-09 -6.773523207862010e+04 0.000000000000000e+00 0.000000000000000e+00 -9.851536532110876e-01 -9.994837936493492e-03 -9.296273625825371e-03
8.131672597083893e-09 -6.785324617588795e+04 0.000000000000000e+00 0.000000000000000e+00 -9.852627680730061e-01 -9.970081482998669e-03 -9.251457795610528e-03
8.135446063128248e-09 -6.797335933059765e+04 0.000000000000000e+00 0.000000000000000e+00 -9.853727257110475e-01 -9.943731258363148e-03 -9.206359244145408e-03
8.139255127614911e-09 -6.809460561891930e+04 0.000000000000000e+00 0.000000000000000e+00 -9.854826561392837e-01 -9.915951983892970e-03 -9.161309927006566e-03
8.143084614245050e-09 -6.821650196425751e+04 0.000000000000000e+00 0.000000000000000e+00 -9.855921553872532e-01 -9.886825314815283e-03 -9.116451668967856e-03
8.146912066318488e-09 -6.833833354764446e+04 0.000000000000000e+00 0.000000000000000e+00 -9.857006268623631e-01 -9.856512864597888e-03 -9.072009513826976e-03
8.150725779383924e-09 -6.845972780482416e+04 0.000000000000000e+00 0.000000000000000e+00 -9.858077851981764e-01 -9.825121926545827e-03 -9.028090521803584e-03
8.154556955840824e-09 -6.858167793901873e+04 0.000000000000000e+00 0.000000000000000e+00 -9.859145263968971e-01 -9.792413495774317e-03 -8.984331240530111e-03
8.158398100074293e-09 -6.870394535739582e+04 0.000000000000000e+00 0.000000000000000e+00 -9.860206429653472e-01 -9.758474121429692e-03 -8.940829815716655e-03
8.162092166872576e-09 -6.882153115560752e+04 0.000000000000000e+00 0.000000000000000e+00 -9.861218622088099e-01 -9.724798289749415e-03 -8.899352023058313e-03
8.165735136674656e-09 -6.893749048591462e+04 0.000000000000000e+00 0.000000000000000e+00 -9.862208598532447e-01 -9.690640678367305e-03 -8.858839360945689e-03
8.169313036082218e-09 -6.905137856123442e+04 0.000000000000000e+00 0.000000000000000e+00 -9.863172864063587e-01 -9.656222014937288e-03 -8.819472473145174e-03
8.172877055595620e-09 -6.916482482580120e+04 0.000000000000000e+00 0.000000000000000e+00 -9.864125349804114e-01 -9.621115297359026e-03 -8.780732494651439e-03
8.176437953225640e-09 -6.927817171773358e+04 0.000000000000000e+00 0.000000000000000e+00 -9.865068983321964e-01 -9.585247867549527e-03 -8.742559238817499e-03
8.179965361485999e-09 -6.939045260992144e+04 0.000000000000000e+00 0.000000000000000e+00 -9.865995987632014e-01 -9.548955743686591e-03 -8.705329937896262e-03
8.183420979068926e-09 -6.950044833387305e+04 0.000000000000000e+00 0.000000000000000e+00 -9.866896899418112e-01 -9.512677447013765e-03 -8.669482632693612e-03
8.186862933134381e-09 -6.961000913455554e+04 0.000000000000000e+00 0.000000000000000e+00 -9.867787373525334e-01 -9.475836428522445e-03 -8.634460779652641e-03
8.190301254210050e-09 -6.971945429358151e+04 0.000000000000000e+00 0.000000000000000e+00 -9.868670406613266e-01 -9.438339563148931e-03 -8.600219339333501e-03
8.193770723247125e-09 -6.982989092301247e+04 0.000000000000000e+00 0.000000000000000e+00 -9.869555212845106e-01 -9.399813431530622e-03 -8.566482071239520e-03
8.197292082729213e-09 -6.994197927660802e+04 0.000000000000000e+00 0.000000000000000e+00 -9.870447240466403e-01 -9.360025850443801e-03 -8.533130771858268e-03
8.200893465866089e-09 -7.005661486224832e+04 0.000000000000000e+00 0.000000000000000e+00 -9.871353625695140e-01 -9.318654193345335e-03 -8.499996929286695e-03
8.204596427634142e-09 -7.017448379614153e+04 0.000000000000000e+00 0.000000000000000e+00 -9.872279642276715e-01 -9.275445706159744e-03 -8.466994226619147e-03
8.208275565955286e-09 -7.029159440616729e+04 0.000000000000000e+00 0.000000000000000e+00 -9.873194117830379e-01 -9.231899976532993e-03 -8.435282544922909e-03
8.212002812059356e-09 -7.041023633448382e+04 0.000000000000000e+00 0.000000000000000e+00 -9.874114907001954e-01 -9.187222980871544e-03 -8.404271919569588e-03
8.215725760720640e-09 -7.052874147094798e+04 0.000000000000000e+00 0.000000000000000e+00 -9.875029031456781e-01 -9.142101323905170e-03 -8.374413244036484e-03
8.219509616160486e-09 -7.064918533038732e+04 0.000000000000000e+00 0.000000000000000e+00 -9.875952205930728e-01 -9.095804156395569e-03 -8.345209909943599e-03
8.223344791276405e-09 -7.077126274585165e+04 0.000000000000000e+00 0.000000000000000e+00 -9.876881666605056e-01 -9.048502620146611e-03 -8.316773671876845e-03
8.227289306780887e-09 -7.089682057397983e+04 0.000000000000000e+00 0.000000000000000e+00 -9.877830762246801e-01 -8.999532972582531e-03 -8.288738829979051e-03
8.231338491478448e-09 -7.102571012600161e+04 0.000000000000000e+00 0.000000000000000e+00 -9.878797499211783e-01 -8.949005863841163e-03 -8.261219328682222e-03
8.235445218415711e-09 -7.115643130440041e+04 0.000000000000000e+00 0.000000000000000e+00 -9.879769870698993e-01 -8.897573632750304e-03 -8.234587373797141e-03
8.239681618368544e-09 -7.129128010308192e+04 0.000000000000000e+00 0.000000000000000e+00 -9.880763896626297e-01 -8.844400731429619e-03 -8.208454535082423e-03
8.244063505577457e-09 -7.143075990495588e+04 0.000000000000000e+00 0.000000000000000e+00 -9.881781922669537e-01 -8.789361671762263e-03 -8.182839479322020e-03
8.248513075250778e-09 -7.157239410658402e+04 0.000000000000000e+00 0.000000000000000e+00 -9.882804764204240e-01 -8.733517210258595e-03 -8.158272755060661e-03
8.252999522998122e-09 -7.171520217376668e+04 0.000000000000000e+00 0.000000000000000e+00 -9.883824543626101e-01 -8.677339959291810e-03 -8.134952533169895e-03
8.257524897081038e-09 -7.185924930469391e+04 0.000000000000000e+00 0.000000000000000e+00 -9.884841020211561e-01 -8.620888927875376e-03 -8.112883902345011e-03
8.262078925611350e-09 -7.200420853501001e+04 0.000000000000000e+00 0.000000000000000e+00 -9.885851288189219e-01 -8.564374864660173e-03 -8.092123085412940e-03
8.266661571918851e-09 -7.215007869746615e+04 0.000000000000000e+00 0.000000000000000e+00 -9.886854859430334e-01 -8.507877281486900e-03 -8.072667968304068e-03
8.271270323623969e-09 -7.229677982053670e+04 0.000000000000000e+00 0.000000000000000e+00 -9.887850829691108e-01 -8.451502754883341e-03 -8.054520375275591e-03
8.275906276897874e-09 -7.244434679643367e+04 0.000000000000000e+00 0.000000000000000e+00 -9.888839205406813e-01 -8.395309989912171e-03 -8.037661999379888e-03
8.280570544641777e-09 -7.259281504990291e+04 0.000000000000000e+00 0.000000000000000e+00 -9.889820102196893e-01 -8.339355002721012e-03 -8.022070869008574e-03
8.285265960460758e-09 -7.274227477739553e+04 0.000000000000000e+00 0.000000000000000e+00 -9.890794076674289e-01 -8.283671591436934e-03 -8.007716263912636e-03
8.289996168086317e-09 -7.289284196248723e+04 0.000000000000000e+00 0.000000000000000e+00 -9.891761891814276e-01 -8.228283734163504e-03 -7.994562420453726e-03
8.294766296227182e-09 -7.304467985704732e+04 0.000000000000000e+00 0.000000000000000e+00 -9.892724609784471e-01 -8.173198800642776e-03 -7.982566299823768e-03
8.299583045311160e-09 -7.319800174231701e+04 0.000000000000000e+00 0.000000000000000e+00 -9.893683560422942e-01 -8.118407580879828e-03 -7.971676722731899e-03
8.304455455316639e-09 -7.335309536974547e+04 0.000000000000000e+00 0.000000000000000e+00 -9.894640448585699e-01 -8.063876118494216e-03 -7.961831636713202e-03
8.309376325703868e-09 -7.350973153903389e+04 0.000000000000000e+00 0.000000000000000e+00 -9.895593764569601e-01 -8.009748619549260e-03 -7.952986065023992e-03
8.314290243642874e-09 -7.366614640502202e+04 0.000000000000000e+00 0.000000000000000e+00 -9.896532974954627e-01 -7.956670366894705e-03 -7.945136964684086e-03
8.319164470807141e-09 -7.382129787441122e+04 0.000000000000000e+00 0.000000000000000e+00 -9.897452324010887e-01 -7.904989695900302e-03 -7.938200560869378e-03
8.324100980434414e-09 -7.397843185617146e+04 0.000000000000000e+00 0.000000000000000e+00 -9.898371106262585e-01 -7.853622410320244e-03 -7.931925123872155e-03
8.329109011989516e-09 -7.413784245160241e+04 0.000000000000000e+00 0.000000000000000e+00 -9.899290815009599e-01 -7.802486161823991e-03 -7.926198673615803e-03
8.334246102447437e-09 -7.430136111950004e+04 0.000000000000000e+00 0.000000000000000e+00 -9.900221502595137e-01 -7.751008968738786e-03 -7.920867959168994e-03
8.339146428603149e-09 -7.445734334558890e+04 0.000000000000000e+00 0.000000000000000e+00 -9.901098034047237e-01 -7.702781929447736e-03 -7.916134593501446e-03
8.343938845758840e-09 -7.460989072152619e+04 0.000000000000000e+00 0.000000000000000e+00 -9.901944740431057e-01 -7.656398236603811e-03 -7.911766158308520e-03
8.348474394885258e-09 -7.475426173414729e+04 0.000000000000000e+00 0.000000000000000e+00 -9.902736843045334e-01 -7.613181018385674e-03 -7.907790615868675e-03
8.352860237298431e-09 -7.489386743408303e+04 0.000000000000000e+00 0.000000000000000e+00 -9.903494321686136e-01 -7.571999341049998e-03 -7.904064001701811e-03
8.357092761116092e-09 -7.502859285155001e+04 0.000000000000000e+00 0.000000000000000e+00 -9.904217553604561e-01 -7.532819453654266e-03 -7.900549064966464e-03
8.361228285175365e-09 -7.516023067081175e+04 0.000000000000000e+00 0.000000000000000e+00 -9.904916917992027e-01 -7.495074949866239e-03 -7.897177999421533e-03
8.365295376344682e-09 -7.528969020353220e+04 0.000000000000000e+00 0.000000000000000e+00 -9.905597791583898e-01 -7.458485268917276e-03 -7.893911146270955e-03
8.369337524757094e-09 -7.541835578364148e+04 0.000000000000000e+00 0.000000000000000e+00 -9.906267807296161e-01 -7.422658261434391e-03 -7.890702866240863e-03
8.373305749698556e-09 -7.554466830658836e+04 0.000000000000000e+00 0.000000000000000e+00 -9.906919306403997e-01 -7.388029506961308e-03 -7.887572908678489e-03
8.377239758709233e-09 -7.566989170263181e+04 0.000000000000000e+00 0.000000000000000e+00 -9.907559203233667e-01 -7.354251401496752e-03 -7.884481204276086e-03
8.381092170581653e-09 -7.579251778109607e+04 0.000000000000000e+00 0.000000000000000e+00 -9.908180262992685e-01 -7.321727582373934e-03 -7.881448375838991e-03
8.384915435375793e-09 -7.591421607924343e+04 0.000000000000000e+00 0.000000000000000e+00 -9.908791282744446e-01 -7.290009703014571e-03 -7.878427925729188e-03
8.388711046389287e-09 -7.603503413021372e+04 0.000000000000000e+00 0.000000000000000e+00 -9.909392738684157e-01 -7.259089485208479e-03 -7.875409166046959e-03
8.392504673894519e-09 -7.615578904415517e+04 0.000000000000000e+00 0.000000000000000e+00 -9.909988824068028e-01 -7.228764930025354e-03 -7.872365304968565e-03
8.396307807181049e-09 -7.627684653651291e+04 0.000000000000000e+00 0.000000000000000e+00 -9.910581370250627e-01 -7.198957056636246e-03 -7.869279659197597e-03
8.400137841344533e-09 -7.639876031037874e+04 0.000000000000000e+00 0.000000000000000e+00 -9.911173014147785e-01 -7.169546035377374e-03 -7.866131167900343e-03
8.404007999801698e-09 -7.652195128018007e+04 0.000000000000000e+00 0.000000000000000e+00 -9.911765633038948e-01 -7.140450900704816e-03 -7.862900815714200e-03
8.407933304312779e-09 -7.664689760339598e+04 0.000000000000000e+00 0.000000000000000e+00 -9.912361274391588e-01 -7.111582481173279e-03 -7.859566365305232e-03
8.411928255695053e-09 -7.677406085537611e+04 0.000000000000000e+00 0.000000000000000e+00 -9.912961807303696e-01 -7.082860959413362e-03 -7.856102653459762e-03
8.416009201018486e-09 -7.690396137951856e+04 0.000000000000000e+00 0.000000000000000e+00 -9.913569289101700e-01 -7.054198331654380e-03 -7.852477996550216e-03
8.420194549973253e-09 -7.703718517446166e+04 0.000000000000000e+00 0.000000000000000e+00 -9.914186003563343e-01 -7.025497552901745e-03 -7.848651625594831e-03
8.424506722193356e-09 -7.717444587932025e+04 0.000000000000000e+00 0.000000000000000e+00 -9.914814752546079e-01 -6.996640103853704e-03 -7.844569058081220e-03
8.428974065236236e-09 -7.731664582487260e+04 0.000000000000000e+00 0.000000000000000e+00 -9.915459131331462e-01 -6.967475174187483e-03 -7.840156370052151e-03
8.433525589277755e-09 -7.746152533483443e+04 0.000000000000000e+00 0.000000000000000e+00 -9.916108687200087e-01 -6.938485600084056e-03 -7.835415346586497e-03
8.438086265473596e-09 -7.760669616691634e+04 0.000000000000000e+00 0.000000000000000e+00 -9.916752989816692e-01 -6.910123350622996e-03 -7.830356797542317e-03
8.442699530570038e-09 -7.775354095569477e+04 0.000000000000000e+00 0.000000000000000e+00 -9.917398538964193e-01 -6.882073800676441e-03 -7.824875979048957e-03
8.447304831864326e-09 -7.790013224877746e+04 0.000000000000000e+00 0.000000000000000e+00 -9.918037452545139e-01 -6.854650083045263e-03 -7.818976691130847e-03
8.451863112341983e-09 -7.804522682278109e+04 0.000000000000000e+00 0.000000000000000e+00 -9.918665100064231e-01 -6.828003479112547e-03 -7.812661235350571e-03
8.456403622875866e-09 -7.818975576190678e+04 0.000000000000000e+00 0.000000000000000e+00 -9.919286213372452e-01 -6.801874101284870e-03 -7.805860802662840e-03
8.460984344976547e-09 -7.833556467495748e+04 0.000000000000000e+00 0.000000000000000e+00 -9.919909210531100e-01 -6.775844703972210e-03 -7.798462686289859e-03
8.465595050981693e-09 -7.848232800533000e+04 0.000000000000000e+00 0.000000000000000e+00 -9.920533092355207e-01 -6.749888069345980e-03 -7.790459695956480e-03
8.470258817903865e-09 -7.863078031714843e+04 0.000000000000000e+00 0.000000000000000e+00 -9.921161180057229e-01 -6.723781868170043e-03 -7.781814699403232e-03
8.474923903619286e-09 -7.877927460745977e+04 0.000000000000000e+00 0.000000000000000e+00 -9.921786592927515e-01 -6.697722391430267e-03 -7.772654728038061e-03
8.479582340456128e-09 -7.892755725739272e+04 0.000000000000000e+00 0.000000000000000e+00 -9.922408118914887e-01 -6.671668435779306e-03 -7.763076682529376e-03
8.484239373313743e-09 -7.907579521727885e+04 0.000000000000000e+00 0.000000000000000e+00 -9.923026058484709e-01 -6.645525470935454e-03 -7.753186090143640e-03
8.488727424349755e-09 -7.921865431872488e+04 0.000000000000000e+00 0.000000000000000e+00 -9.923617947635830e-01 -6.620206908706888e-03 -7.743469637420289e-03
8.493082359924704e-09 -7.935727622344485e+04 0.000000000000000e+00 0.000000000000000e+00 -9.924188230506429e-01 -6.595515868906857e-03 -7.734005686231130e-03
8.497304827984234e-09 -7.949168155618926e+04 0.000000000000000e+00 0.000000000000000e+00 -9.924736765175513e-01 -6.571475263957980e-03 -7.724917030703344e-03
8.501424389733420e-09 -7.953213181255509e+04 0.000000000000000e+00 0.000000000000000e+00 -9.925267220708759e-01 -6.547952863816926e-03 -7.716234533318879e-03
8.505463748159833e-09 -7.940355504045839e+04 0.000000000000000e+00 0.000000000000000e+00 -9.925777766101528e-01 -6.524786071104322e-03 -7.708528423575913e-03
8.509455223257941e-09 -7.927650244203996e+04 0.000000000000000e+00 0.000000000000000e+00 -9.926264053822746e-01 -6.501710896628392e-03 -7.702747457298029e-03
8.513430578826236e-09 -7.914996294419157e+04 0.000000000000000e+00 0.000000000000000e+00 -9.926729953830663e-01 -6.478616803367936e-03 -7.698776147458598e-03
8.517416487519596e-09 -7.902308752993931e+04 0.000000000000000e+00 0.000000000000000e+00 -9.927178494024429e-01 -6.455417745975960e-03 -7.696534629577550e-03
8.521339808062417e-09 -7.889820435839455e+04 0.000000000000000e+00 0.000000000000000e+00 -9.927601758138395e-01 -6.432607523237268e-03 -7.695974193834975e-03
8.525268546403423e-09 -7.877314873297740e+04 0.000000000000000e+00 0.000000000000000e+00 -9.928007611780563e-01 -6.409863007475005e-03 -7.696969737317319e-03
8.529202349984104e-09 -7.864793187597379e+04 0.000000000000000e+00 0.000000000000000e+00 -9.928396054924765e-01 -6.387264451926354e-03 -7.699449498364912e-03
8.533178334982787e-09 -7.852137234273387e+04 0.000000000000000e+00 0.000000000000000e+00 -9.928770564362751e-01 -6.364688580485852e-03 -7.703379900984379e-03
8.537215505184239e-09 -7.839286522400100e+04 0.000000000000000e+00 0.000000000000000e+00 -9.929132331568931e-01 -6.342132849838732e-03 -7.708753532780279e-03
8.541343954161143e-09 -7.826145261160558e+04 0.000000000000000e+00 0.000000000000000e+00 -9.929483107044399e-01 -6.319551870467817e-03 -7.715607696067539e-03
8.545589703894767e-09 -7.812630620015811e+04 0.000000000000000e+00 0.000000000000000e+00 -9.929823752484137e-01 -6.296944165834569e-03 -7.724011419118564e-03
8.549983701454076e-09 -7.798644091385856e+04 0.000000000000000e+00 0.000000000000000e+00 -9.930155022887857e-01 -6.274302237262409e-03 -7.734080463240793e-03
8.554284493495434e-09 -7.784954245134011e+04 0.000000000000000e+00 0.000000000000000e+00 -9.930458399377481e-01 -6.252955995662556e-03 -7.745252366067493e-03
8.558532957170860e-09 -7.771430965244201e+04 0.000000000000000e+00 0.000000000000000e+00 -9.930738277013870e-01 -6.232709725259430e-03 -7.757514027512414e-03
8.562722009383452e-09 -7.758096797914121e+04 0.000000000000000e+00 0.000000000000000e+00 -9.930995576197393e-01 -6.213584411758170e-03 -7.770756486994704e-03
8.566893219270875e-09 -7.744819424468976e+04 0.000000000000000e+00 0.000000000000000e+00 -9.931234200158316e-01 -6.195365666840093e-03 -7.785036619209340e-03
8.570961944802481e-09 -7.731868268860190e+04 0.000000000000000e+00 0.000000000000000e+00 -9.931450928235444e-01 -6.178367102906071e-03 -7.799988168017016e-03
8.574995401885733e-09 -7.719029376209220e+04 0.000000000000000e+00 0.000000000000000e+00 -9.931651211126673e-01 -6.162238264395135e-03 -7.815761589999488e-03
8.579005830149217e-09 -7.706263786568242e+04 0.000000000000000e+00 0.000000000000000e+00 -9.931837038905663e-01 -6.146873426592288e-03 -7.832343733768444e-03
8.583037659390291e-09 -7.693430075499853e+04 0.000000000000000e+00 0.000000000000000e+00 -9.932011587121842e-01 -6.132052809650968e-03 -7.849873711164424e-03
8.587122364367525e-09 -7.680428055735878e+04 0.000000000000000e+00 0.000000000000000e+00 -9.932176967193365e-01 -6.117620486823492e-03 -7.868469482225937e-03
8.591302659380508e-09 -7.667121763437903e+04 0.000000000000000e+00 0.000000000000000e+00 -9.932335337273663e-01 -6.103391735430227e-03 -7.888327638576047e-03
8.595514077787264e-09 -7.653716402300633e+04 0.000000000000000e+00 0.000000000000000e+00 -9.932484616603134e-01 -6.089537974957244e-03 -7.909147573379899e-03
8.599680175264264e-09 -7.640455302163292e+04 0.000000000000000e+00 0.000000000000000e+00 -9.932622795095170e-01 -6.076237077255599e-03 -7.930517382062088e-03
8.603821723466407e-09 -7.627272344794801e+04 0.000000000000000e+00 0.000000000000000e+00 -9.932751300930397e-01 -6.063349827451022e-03 -7.952484560571552e-03
8.607916333045328e-09 -7.614238797704469e+04 0.000000000000000e+00 0.000000000000000e+00 -9.932869941767828e-01 -6.050884824755683e-03 -7.974874898812670e-03
8.611968522125762e-09 -7.601340279254585e+04 0.000000000000000e+00 0.000000000000000e+00 -9.932979270814519e-01 -6.038781765043364e-03 -7.997649782538464e-03
8.616071517344769e-09 -7.588280039842842e+04 0.000000000000000e+00 0.000000000000000e+00 -9.933081915501244e-01 -6.026742740990933e-03 -8.021282433185473e-03
8.620199353332029e-09 -7.575140729809938e+04 0.000000000000000e+00 0.000000000000000e+00 -9.933177032294360e-01 -6.014845629651627e-03 -8.045599158595724e-03
8.624354408890687e-09 -7.561914777190302e+04 0.000000000000000e+00 0.000000000000000e+00 -9.933264589271840e-01 -6.003103548720265e-03 -8.070588264633095e-03
8.628444601515382e-09 -7.548895289701935e+04 0.000000000000000e+00 0.000000000000000e+00 -9.933342780317803e-01 -5.991805336880367e-03 -8.095678419056281e-03
8.632514094258689e-09 -7.535941691982458e+04 0.000000000000000e+00 0.000000000000000e+00 -9.933412816057868e-01 -5.980869377794649e-03 -8.121124124275255e-03
8.636545353003352e-09 -7.523109796860548e+04 0.000000000000000e+00 0.000000000000000e+00 -9.933474574454412e-01 -5.970392819687523e-03 -8.146836729280994e-03
8.640559549402746e-09 -7.510332212870441e+04 0.000000000000000e+00 0.000000000000000e+00 -9.933528446450279e-01 -5.960376567953814e-03 -8.172993765713475e-03
8.644550160745100e-09 -7.497629702448560e+04 0.000000000000000e+00 0.000000000000000e+00 -9.933574175230244e-01 -5.950895547303063e-03 -8.199617494187138e-03
8.648492248537529e-09 -7.485081647283211e+04 0.000000000000000e+00 0.000000000000000e+00 -9.933611215364144e-01 -5.942058564905987e-03 -8.226603423429383e-03
8.652337755309022e-09 -7.472841019055684e+04 0.000000000000000e+00 0.000000000000000e+00 -9.933638973999709e-01 -5.933998252354391e-03 -8.253652917335744e-03
8.656132622724272e-09 -7.460761580905375e+04 0.000000000000000e+00 0.000000000000000e+00 -9.933657732387253e-01 -5.926630132509522e-03 -8.281084044037027e-03
8.659894863037670e-09 -7.448785998045836e+04 0.000000000000000e+00 0.000000000000000e+00 -9.933667404491480e-01 -5.919928475863007e-03 -8.309014145772635e-03
8.663678078316667e-09 -7.436743649797174e+04 0.000000000000000e+00 0.000000000000000e+00 -9.933667882898409e-01 -5.913808430273238e-03 -8.337818638469087e-03
8.667483151424357e-09 -7.424631725918876e+04 0.000000000000000e+00 0.000000000000000e+00 -9.933658878500906e-01 -5.908275790421088e-03 -8.367477692346416e-03
8.671315326862024e-09 -7.412433532644877e+04 0.000000000000000e+00 0.000000000000000e+00 -9.933640272457167e-01 -5.903317960995860e-03 -8.397986109332081e-03
8.675237597777941e-09 -7.399948556556599e+04 0.000000000000000e+00 0.000000000000000e+00 -9.933611645075016e-01 -5.898854617293441e-03 -8.429792894164467e-03
8.679295052291755e-09 -7.387033277711718e+04 0.000000000000000e+00 0.000000000000000e+00 -9.933572359527691e-01 -5.894850790281118e-03 -8.463218949725590e-03
8.683415633992957e-09 -7.373917058788514e+04 0.000000000000000e+00 0.000000000000000e+00 -9.933523026469212e-01 -5.891377678726937e-03 -8.497616871852347e-03
8.687530765847353e-09 -7.360818187266473e+04 0.000000000000000e+00 0.000000000000000e+00 -9.933465015528278e-01 -5.888459634914108e-03 -8.532331726110292e-03
8.691630151484058e-09 -7.347769437512042e+04 0.000000000000000e+00 0.000000000000000e+00 -9.933399369251946e-01 -5.886057567050330e-03 -8.567185535911428e-03
8.695781328775865e-09 -7.334555829799203e+04 0.000000000000000e+00 0.000000000000000e+00 -9.933325789097553e-01 -5.884101086474585e-03 -8.602673075731598e-03
8.699966455606629e-09 -7.321234157347553e+04 0.000000000000000e+00 0.000000000000000e+00 -9.933245125463545e-01 -5.882577913246534e-03 -8.638591579238977e-03
8.703980205776090e-09 -7.308457993751440e+04 0.000000000000000e+00 0.000000000000000e+00 -9.933162069624205e-01 -5.881509730805960e-03 -8.673158500921119e-03
8.707901822636684e-09 -7.295975099585918e+04 0.000000000000000e+00 0.000000000000000e+00 -9.933075921749711e-01 -5.880822412848278e-03 -8.707024984262067e-03
8.711690213929766e-09 -7.283916275572713e+04 0.000000000000000e+00 0.000000000000000e+00 -9.932988093540535e-01 -5.880484766850554e-03 -8.739834742889375e-03
8.715375789197577e-09 -7.272184725132525e+04 0.000000000000000e+00 0.000000000000000e+00 -9.932898251082148e-01 -5.880465622492436e-03 -8.771849953758555e-03
8.718964224526428e-09 -7.260762380721478e+04 0.000000000000000e+00 0.000000000000000e+00 -9.932806408759776e-01 -5.880746904391176e-03 -8.803123104887704e-03
8.722481067126744e-09 -7.249567923043152e+04 0.000000000000000e+00 0.000000000000000e+00 -9.932711949903286e-01 -5.881319870103794e-03 -8.833876299593283e-03
8.725948179028559e-09 -7.238531763094617e+04 0.000000000000000e+00 0.000000000000000e+00 -9.932614210843851e-01 -5.882183207342336e-03 -8.864298236298206e-03
8.729394688202030e-09 -7.227561183667228e+04 0.000000000000000e+00 0.000000000000000e+00 -9.932512206288879e-01 -5.883343958218324e-03 -8.894640067534773e-03
8.732846344946981e-09 -7.216574219010919e+04 0.000000000000000e+00 0.000000000000000e+00 -9.932404918448771e-01 -5.884814575578442e-03 -8.925124749766835e-03
8.736297248558152e-09 -7.205589651653889e+04 0.000000000000000e+00 0.000000000000000e+00 -9.932292249303301e-01 -5.886594776375593e-03 -8.955699596767022e-03
8.739791749061613e-09 -7.194466311078631e+04 0.000000000000000e+00 0.000000000000000e+00 -9.932172458136497e-01 -5.888712610261508e-03 -8.986754823545037e-03
8.743353437913027e-09 -7.183129103349474e+04 0.000000000000000e+00 0.000000000000000e+00 -9.932044318144563e-01 -5.891193219294163e-03 -9.018502573407415e-03
8.747004178613530e-09 -7.171508434780838e+04 0.000000000000000e+00 0.000000000000000e+00 -9.931906566439144e-01 -5.894066060341407e-03 -9.051141819386075e-03
8.750711442899922e-09 -7.159707846050293e+04 0.000000000000000e+00 0.000000000000000e+00 -9.931760016451581e-01 -5.897314566526517e-03 -9.084387995076104e-03
8.754473292062170e-09 -7.147733508263534e+04 0.000000000000000e+00 0.000000000000000e+00 -9.931604524722724e-01 -5.900940214405575e-03 -9.118220942833745e-03
8.758279690424823e-09 -7.135617365967670e+04 0.000000000000000e+00 0.000000000000000e+00 -9.931440394311337e-01 -5.904933546801022e-03 -9.152541166549540e-03
8.762121756616935e-09 -7.123387689444455e+04 0.000000000000000e+00 0.000000000000000e+00 -9.931268017554957e-01 -5.909282929890546e-03 -9.187251074522203e-03
8.765963950242921e-09 -7.111157607286616e+04 0.000000000000000e+00 0.000000000000000e+00 -9.931089143016651e-01 -5.913940791189991e-03 -9.222007038096012e-03
8.769839842560077e-09 -7.098820258863270e+04 0.000000000000000e+00 0.000000000000000e+00 -9.930902444365809e-01 -5.918944302628387e-03 -9.257078903189308e-03
8.773754279201024e-09 -7.086360220046736e+04 0.000000000000000e+00 0.000000000000000e+00 -9.930707824715046e-01 -5.924302777379417e-03 -9.292477284746593e-03
8.777732168564046e-09 -7.073698204942782e+04 0.000000000000000e+00 0.000000000000000e+00 -9.930504134371685e-01 -5.930060520691005e-03 -9.328390917998596e-03
8.781791733623491e-09 -7.060776208022507e+04 0.000000000000000e+00 0.000000000000000e+00 -9.930290428883637e-01 -5.936262245605479e-03 -9.364947953217257e-03
8.785958148083614e-09 -7.047514098896546e+04 0.000000000000000e+00 0.000000000000000e+00 -9.930065281097281e-01 -5.942973402532342e-03 -9.402337961151374e-03
8.790256187950773e-09 -7.033833013087256e+04 0.000000000000000e+00 0.000000000000000e+00 -9.929827139325552e-01 -5.950270232137914e-03 -9.440746349514757e-03
8.794714648118208e-09 -7.019641293602744e+04 0.000000000000000e+00 0.000000000000000e+00 -9.929574078425453e-01 -5.958248044550840e-03 -9.480393336926263e-03
8.799364921000320e-09 -7.004839015284460e+04 0.000000000000000e+00 0.000000000000000e+00 -9.929303851253092e-01 -5.967020607302923e-03 -9.521520839912929e-03
8.804060506082656e-09 -6.989892503753213e+04 0.000000000000000e+00 0.000000000000000e+00 -9.929024550631245e-01 -5.976347657263565e-03 -9.562831016353995e-03
8.808917763845388e-09 -6.974431372097008e+04 0.000000000000000e+00 0.000000000000000e+00 -9.928729103083423e-01 -5.986500710268820e-03 -9.605321795347396e-03
8.813923815398999e-09 -6.958496615094408e+04 0.000000000000000e+00 0.000000000000000e+00 -9.928417790989904e-01 -5.997503252011899e-03 -9.648868484592595e-03
8.819131957856139e-09 -6.941918582766794e+04 0.000000000000000e+00 0.000000000000000e+00 -9.928086753674502e-01 -6.009530515366233e-03 -9.693915523894541e-03
8.824542414401695e-09 -6.924696564694610e+04 0.000000000000000e+00 0.000000000000000e+00 -9.927735242555608e-01 -6.022645997645830e-03 -9.740452239377240e-03
8.830187149152684e-09 -6.906728815933362e+04 0.000000000000000e+00 0.000000000000000e+00 -9.927360385172405e-01 -6.036994457569573e-03 -9.788736649510885e-03
8.836028513292625e-09 -6.888135176387934e+04 0.000000000000000e+00 0.000000000000000e+00 -9.926963798565293e-01 -6.052539842459915e-03 -9.838441742913434e-03
8.842146149665761e-09 -6.868662135011466e+04 0.000000000000000e+00 0.000000000000000e+00 -9.926539219378239e-01 -6.069562009778175e-03 -9.890219506040118e-03
8.848473702482473e-09 -6.848520908842371e+04 0.000000000000000e+00 0.000000000000000e+00 -9.926090183486843e-01 -6.087934013709676e-03 -9.943504067263383e-03
8.854857706238027e-09 -6.828199993754100e+04 0.000000000000000e+00 0.000000000000000e+00 -9.925626896707807e-01 -6.107218098669067e-03 -9.997025840066717e-03
8.861341971172032e-09 -6.807559937422813e+04 0.000000000000000e+00 0.000000000000000e+00 -9.925146018471721e-01 -6.127540107453198e-03 -1.005114509928395e-02
8.867878040436552e-09 -6.786754982786026e+04 0.000000000000000e+00 0.000000000000000e+00 -9.924650897265146e-01 -6.148732028364689e-03 -1.010546376260022e-02
8.874469201050218e-09 -6.765774666938474e+04 0.000000000000000e+00 0.000000000000000e+00 -9.924141229599307e-01 -6.170780601917536e-03 -1.016000634942387e-02
8.881096134535309e-09 -6.744680482504603e+04 0.000000000000000e+00 0.000000000000000e+00 -9.923618477367462e-01 -6.193591424202954e-03 -1.021461302853618e-02
8.887753442472248e-09 -6.723489613187630e+04 0.000000000000000e+00 0.000000000000000e+00 -9.923083121247958e-01 -6.217112006525098e-03 -1.026923657344891e-02
8.894432604266655e-09 -6.702229180881823e+04 0.000000000000000e+00 0.000000000000000e+00 -9.922535937148513e-01 -6.241275790917195e-03 -1.032380451567007e-02
8.901129267964742e-09 -6.680913038286330e+04 0.000000000000000e+00 0.000000000000000e+00 -9.921977412447642e-01 -6.266029338656539e-03 -1.037827790794513e-02
8.907838980604603e-09 -6.659555359619130e+04 0.000000000000000e+00 0.000000000000000e+00 -9.921408071930589e-01 -6.291318096312443e-03 -1.043261713714241e-02
8.914558834921133e-09 -6.638165398992466e+04 0.000000000000000e+00 0.000000000000000e+00 -9.920828335145975e-01 -6.317093244842214e-03 -1.048679503721932e-02
8.921286307783283e-09 -6.616751187781911e+04 0.000000000000000e+00 0.000000000000000e+00 -9.920238604702306e-01 -6.343307780712805e-03 -1.054078755925822e-02
8.928019576704665e-09 -6.595318527141810e+04 0.000000000000000e+00 0.000000000000000e+00 -9.919639234393467e-01 -6.369917880561502e-03 -1.059457607085234e-02
8.934757163908843e-09 -6.573872120980658e+04 0.000000000000000e+00 0.000000000000000e+00 -9.919030555480564e-01 -6.396881356939674e-03 -1.064814424003268e-02
8.941497955685080e-09 -6.552415514349833e+04 0.000000000000000e+00 0.000000000000000e+00 -9.918412871867610e-01 -6.424157258758808e-03 -1.070147774247472e-02
8.948241069362420e-09 -6.530951516878245e+04 0.000000000000000e+00 0.000000000000000e+00 -9.917786468693149e-01 -6.451704519762446e-03 -1.075456264108254e-02
8.954985821894071e-09 -6.509482302771369e+04 0.000000000000000e+00 0.000000000000000e+00 -9.917151610848179e-01 -6.479480678909778e-03 -1.080738442071344e-02
8.961731668704796e-09 -6.488009605466019e+04 0.000000000000000e+00 0.000000000000000e+00 -9.916508540968375e-01 -6.507440232804919e-03 -1.085992668976896e-02
8.968478172884177e-09 -6.466534815691246e+04 0.000000000000000e+00 0.000000000000000e+00 -9.915857468216027e-01 -6.535533158066834e-03 -1.091217010850652e-02
8.975224971472658e-09 -6.445059088783203e+04 0.000000000000000e+00 0.000000000000000e+00 -9.915198546167286e-01 -6.563704144057395e-03 -1.096409150548783e-02
8.981971753456956e-09 -6.423583414727917e+04 0.000000000000000e+00 0.000000000000000e+00 -9.914531832867105e-01 -6.591893881375116e-03 -1.101566372609080e-02
8.988718242929393e-09 -6.402108671766800e+04 0.000000000000000e+00 0.000000000000000e+00 -9.913857230053673e-01 -6.620044313501387e-03 -1.106685694210240e-02
8.995464194505856e-09 -6.380635640981747e+04 0.000000000000000e+00 0.000000000000000e+00 -9.913174406447784e-01 -6.648109797007916e-03 -1.111764269920741e-02
9.002098209307155e-09 -6.359518916018317e+04 0.000000000000000e+00 0.000000000000000e+00 -9.912494022947423e-01 -6.675607050252968e-03 -1.116719685971588e-02
9.007948163769440e-09 -6.340897932627613e+04 0.000000000000000e+00 0.000000000000000e+00 -9.911884991367801e-01 -6.699756092541607e-03 -1.121069243590086e-02
9.013499512913067e-09 -6.323227439486871e+04 0.000000000000000e+00 0.000000000000000e+00 -9.911299002221339e-01 -6.722658738049843e-03 -1.125174450645491e-02
9.018651304350425e-09 -6.306828778026190e+04 0.000000000000000e+00 0.000000000000000e+00 -9.910747503939342e-01 -6.743948915519246e-03 -1.128969992188626e-02
9.023553328091659e-09 -6.291225151834764e+04 0.000000000000000e+00 0.000000000000000e+00 -9.910215691412380e-01 -6.764290998144729e-03 -1.132571181518681e-02
9.028228774664426e-09 -6.276342743170408e+04 0.000000000000000e+00 0.000000000000000e+00 -9.909701943676111e-01 -6.783799111562181e-03 -1.136000536755511e-02
9.032754055269735e-09 -6.261938327626150e+04 0.000000000000000e+00 0.000000000000000e+00 -9.909198758979784e-01 -6.802793650650433e-03 -1.139317488811200e-02
9.037172259599158e-09 -6.247874746453797e+04 0.000000000000000e+00 0.000000000000000e+00 -9.908702057797354e-01 -6.821442996938211e-03 -1.142556144339522e-02
9.041537415142844e-09 -6.233980024810945e+04 0.000000000000000e+00 0.000000000000000e+00 -9.908206362997107e-01 -6.839955661420340e-03 -1.145757372900964e-02
9.045863843960859e-09 -6.220208574164497e+04 0.000000000000000e+00 0.000000000000000e+00 -9.907710502460493e-01 -6.858367692619399e-03 -1.148932563136120e-02
9.050118225318248e-09 -6.206666457707969e+04 0.000000000000000e+00 0.000000000000000e+00 -9.907218710717557e-01 -6.876509962434833e-03 -1.152058006237799e-02
9.054363690798643e-09 -6.193152721369351e+04 0.000000000000000e+00 0.000000000000000e+00 -9.906724136459438e-01 -6.894632225535061e-03 -1.155179129278827e-02
9.058614578330786e-09 -6.179621726103986e+04 0.000000000000000e+00 0.000000000000000e+00 -9.906225362770311e-01 -6.912779917712691e-03 -1.158305979583337e-02
9.062910453747936e-09 -6.165947529953058e+04 0.000000000000000e+00 0.000000000000000e+00 -9.905717928952182e-01 -6.931113069450930e-03 -1.161466820294141e-02
9.067277640969604e-09 -6.152046341278333e+04 0.000000000000000e+00 0.000000000000000e+00 -9.905198785781582e-01 -6.949740357642363e-03 -1.164680465838233e-02
9.071750085202773e-09 -6.137810109130101e+04 0.000000000000000e+00 0.000000000000000e+00 -9.904663871153256e-01 -6.968808835354256e-03 -1.167971458786313e-02
9.076359005516643e-09 -6.123139460124719e+04 0.000000000000000e+00 0.000000000000000e+00 -9.904109321065347e-01 -6.988459173041456e-03 -1.171362688655456e-02
9.081139649422963e-09 -6.107922197947658e+04 0.000000000000000e+00 0.000000000000000e+00 -9.903530664617172e-01 -7.008854713227129e-03 -1.174880370660404e-02
9.086129186050427e-09 -6.092040009587679e+04 0.000000000000000e+00 0.000000000000000e+00 -9.902923057162323e-01 -7.030172433174404e-03 -1.178552636470190e-02
9.091370290436324e-09 -6.075357056182157e+04 0.000000000000000e+00 0.000000000000000e+00 -9.902280825248122e-01 -7.052618570194380e-03 -1.182412251081040e-02
9.096913056292641e-09 -6.057713884493482e+04 0.000000000000000e+00 0.000000000000000e+00 -9.901597194098551e-01 -7.076437243756332e-03 -1.186498154174601e-02
9.102601846121861e-09 -6.039605904062853e+04 0.000000000000000e+00 0.000000000000000e+00 -9.900890456144652e-01 -7.100977270211330e-03 -1.190701739624923e-02
9.108503496268444e-09 -6.020820368198302e+04 0.000000000000000e+00 0.000000000000000e+00 -9.900151778419077e-01 -7.126554218014421e-03 -1.195075097556236e-02
9.114604542186298e-09 -6.001400135881161e+04 0.000000000000000e+00 0.000000000000000e+00 -9.899382070046383e-01 -7.153130601361904e-03 -1.199612925088279e-02
9.120946599185056e-09 -5.981212741466703e+04 0.000000000000000e+00 0.000000000000000e+00 -9.898575295145918e-01 -7.180908830998272e-03 -1.204350259955186e-02
9.127324584468009e-09 -5.960910983771717e+04 0.000000000000000e+00 0.000000000000000e+00 -9.897756520394392e-01 -7.208985146166236e-03 -1.209142047996233e-02
9.133804573338453e-09 -5.940284538573481e+04 0.000000000000000e+00 0.000000000000000e+00 -9.896916913956265e-01 -7.237653256973359e-03 -1.214039714742897e-02
9.140328618377528e-09 -5.919517858235024e+04 0.000000000000000e+00 0.000000000000000e+00 -9.896063395829944e-01 -7.266646997753485e-03 -1.219003479125373e-02
9.146905543556246e-09 -5.898582855184253e+04 0.000000000000000e+00 0.000000000000000e+00 -9.895194419074692e-01 -7.295995564491049e-03 -1.224042013759558e-02
9.153514227587906e-09 -5.877546760564831e+04 0.000000000000000e+00 0.000000000000000e+00 -9.894312339950139e-01 -7.325589988935922e-03 -1.229141276019490e-02
9.160151807596654e-09 -5.856418687193626e+04 0.000000000000000e+00 0.000000000000000e+00 -9.893417174753254e-01 -7.355402269723396e-03 -1.234300292054051e-02
9.166809230496338e-09 -5.835227451938867e+04 0.000000000000000e+00 0.000000000000000e+00 -9.892509780460801e-01 -7.385375657783958e-03 -1.239512993015559e-02
9.173482914437591e-09 -5.813984456181200e+04 0.000000000000000e+00 0.000000000000000e+00 -9.891590308272018e-01 -7.415478720865654e-03 -1.244777055238499e-02
9.180168408609174e-09 -5.792703867292809e+04 0.000000000000000e+00 0.000000000000000e+00 -9.890659042165456e-01 -7.445677147641048e-03 -1.250089175672274e-02
9.186863108498713e-09 -5.771393975694074e+04 0.000000000000000e+00 0.000000000000000e+00 -9.889716029011614e-01 -7.475946718187625e-03 -1.255447210452230e-02
9.193564576940980e-09 -5.750062539122849e+04 0.000000000000000e+00 0.000000000000000e+00 -9.888761304313866e-01 -7.506265960707502e-03 -1.260848947443797e-02
9.200271131951919e-09 -5.728714911500675e+04 0.000000000000000e+00 0.000000000000000e+00 -9.887794809421728e-01 -7.536619049749758e-03 -1.266292616733215e-02
9.206981367478534e-09 -5.707355568433244e+04 0.000000000000000e+00 0.000000000000000e+00 -9.886816456931264e-01 -7.566993673492324e-03 -1.271776565954565e-02
9.213694245440188e-09 -5.685987814233845e+04 0.000000000000000e+00 0.000000000000000e+00 -9.885826116755900e-01 -7.597381428264086e-03 -1.277299374410129e-02
9.220408936102285e-09 -5.664614290029732e+04 0.000000000000000e+00 0.000000000000000e+00 -9.884823638063304e-01 -7.627776981268253e-03 -1.282859761781713e-02
9.227124808426584e-09 -5.643237004478008e+04 0.000000000000000e+00 0.000000000000000e+00 -9.883808849945954e-01 -7.658177872552780e-03 -1.288456608616230e-02
9.233841365983437e-09 -5.621857537763318e+04 0.000000000000000e+00 0.000000000000000e+00 -9.882781570065613e-01 -7.688584034149303e-03 -1.294088926799062e-02
9.240558225500014e-09 -5.600477109880978e+04 0.000000000000000e+00 0.000000000000000e+00 -9.881741607111924e-01 -7.718997488694666e-03 -1.299755858243331e-02
9.247275086399955e-09 -5.579096677595253e+04 0.000000000000000e+00 0.000000000000000e+00 -9.880688764631400e-01 -7.749422001634682e-03 -1.305456660859294e-02
9.253991714177770e-09 -5.557716987360299e+04 0.000000000000000e+00 0.000000000000000e+00 -9.879622842812474e-01 -7.779862801094798e-03 -1.311190700911614e-02
9.260707924141781e-09 -5.536338627067993e+04 0.000000000000000e+00 0.000000000000000e+00 -9.878543640249444e-01 -7.810326309532361e-03 -1.316957441327621e-02
9.267423570554601e-09 -5.514962060614840e+04 0.000000000000000e+00 0.000000000000000e+00 -9.877450954920424e-01 -7.840819914079143e-03 -1.322756430529649e-02
9.274138537406524e-09 -5.493587657271206e+04 0.000000000000000e+00 0.000000000000000e+00 -9.876344584965311e-01 -7.871351759761402e-03 -1.328587289011628e-02
9.280852731705988e-09 -5.472215713038421e+04 0.000000000000000e+00 0.000000000000000e+00 -9.875224329131812e-01 -7.901930569138779e-03 -1.334449694572004e-02
9.287566078086531e-09 -5.450846467815393e+04 0.000000000000000e+00 0.000000000000000e+00 -9.874089987085285e-01 -7.932565480157838e-03 -1.340343365199033e-02
9.294278514733906e-09 -5.429480118362973e+04 0.000000000000000e+00 0.000000000000000e+00 -9.872941359585915e-01 -7.963265897212364e-03 -1.346268039395034e-02
9.300989990172474e-09 -5.408116828533215e+04 0.000000000000000e+00 0.000000000000000e+00 -9.871778248608873e-01 -7.994041345392376e-03 -1.352223453075480e-02
9.307700460779076e-09 -5.386756737182943e+04 0.000000000000000e+00 0.000000000000000e+00 -9.870600457424622e-01 -8.024901315747186e-03 -1.358209312145390e-02
9.314409888804777e-09 -5.365399964470750e+04 0.000000000000000e+00 0.000000000000000e+00 -9.869407790662267e-01 -8.055855084089847e-03 -1.364225259407952e-02
9.321118240782872e-09 -5.344046616924468e+04 0.000000000000000e+00 0.000000000000000e+00 -9.868200054347258e-01 -8.086911479805666e-03 -1.370270834106978e-02
9.327825486188082e-09 -5.322696791709076e+04 0.000000000000000e+00 0.000000000000000e+00 -9.866977055880338e-01 -8.118078572595829e-03 -1.376345421903900e-02
9.334531596239563e-09 -5.301350580436849e+04 0.000000000000000e+00 0.000000000000000e+00 -9.865738603873823e-01 -8.149363234918891e-03 -1.382448192620580e-02
9.341236542730130e-09 -5.280008072894038e+04 0.000000000000000e+00 0.000000000000000e+00 -9.864484507684568e-01 -8.180770527043184e-03 -1.388578022697531e-02
9.347940296761214e-09 -5.258669361067656e+04 0.000000000000000e+00 0.000000000000000e+00 -9.863214576352957e-01 -8.212302844401609e-03 -1.394733399338230e-02
9.354642827243756e-09 -5.237334543917241e+04 0.000000000000000e+00 0.000000000000000e+00 -9.861928616451733e-01 -8.243958773026130e-03 -1.400912304278015e-02
9.361344099019820e-09 -5.216003733353987e+04 0.000000000000000e+00 0.000000000000000e+00 -9.860626428034430e-01 -8.275731638549460e-03 -1.407112078151461e-02
9.368044070478222e-09 -5.194677061830398e+04 0.000000000000000e+00 0.000000000000000e+00 -9.859307797442868e-01 -8.307607843804288e-03 -1.413329273559515e-02
9.374742690650920e-09 -5.173354691582799e+04 0.000000000000000e+00 0.000000000000000e+00 -9.857972485251157e-01 -8.339565322903593e-03 -1.419559519693389e-02
9.381439896078325e-09 -5.152036824609335e+04 0.000000000000000e+00 0.000000000000000e+00 -9.856620207368114e-01 -8.371572845719977e-03 -1.425797449130994e-02
9.388135608370244e-09 -5.130723710433733e+04 0.000000000000000e+00 0.000000000000000e+00 -9.855250607993467e-01 -8.403591454080086e-03 -1.432036784154895e-02
9.394829734465884e-09 -5.109415645277700e+04 0.000000000000000e+00 0.000000000000000e+00 -9.853863226045060e-01 -8.435579711485740e-03 -1.438270744890806e-02
9.401522172875694e-09 -5.088112952192513e+04 0.000000000000000e+00 0.000000000000000e+00 -9.852457463431750e-01 -8.467503948092656e-03 -1.444492995812397e-02
9.407932091323073e-09 -5.067709548078189e+04 0.000000000000000e+00 0.000000000000000e+00 -9.851091989278953e-01 -8.497993856868806e-03 -1.450445599734988e-02
9.413798882762143e-09 -5.049034970925845e+04 0.000000000000000e+00 0.000000000000000e+00 -9.849824413911281e-01 -8.525821829932593e-03 -1.455893423387867e-02
9.419360137784210e-09 -5.031332946394714e+04 0.000000000000000e+00 0.000000000000000e+00 -9.848606954172191e-01 -8.552182069424390e-03 -1.461056412580260e-02
9.424600457755878e-09 -5.014652489857230e+04 0.000000000000000e+00 0.000000000000000e+00 -9.847445102538447e-01 -8.577041773101503e-03 -1.465926927388938e-02
9.429616765912270e-09 -4.998685085073989e+04 0.000000000000000e+00 0.000000000000000e+00 -9.846319511493457e-01 -8.600897041534338e-03 -1.470599941427203e-02
9.434447503543652e-09 -4.983308369617700e+04 0.000000000000000e+00 0.000000000000000e+00 -9.845223125024971e-01 -8.623948209275745e-03 -1.475116770093560e-02
9.439154892779877e-09 -4.968324284297645e+04 0.000000000000000e+00 0.000000000000000e+00 -9.844143125695968e-01 -8.646498787840688e-03 -1.479539609006538e-02
9.443784502444584e-09 -4.953587779043162e+04 0.000000000000000e+00 0.000000000000000e+00 -9.843069983524089e-01 -8.668764198069326e-03 -1.483914497413751e-02
9.448386517458663e-09 -4.938939110289687e+04 0.000000000000000e+00 0.000000000000000e+00 -9.841992694358460e-01 -8.690978730718685e-03 -1.488291046071427e-02
9.452918810817042e-09 -4.924512372459115e+04 0.000000000000000e+00 0.000000000000000e+00 -9.840921542672370e-01 -8.712923252250832e-03 -1.492631403879070e-02
9.457425491276920e-09 -4.910167163016608e+04 0.000000000000000e+00 0.000000000000000e+00 -9.839846677055570e-01 -8.734801405017607e-03 -1.496977285098667e-02
9.461931227299109e-09 -4.895824959812636e+04 0.000000000000000e+00 0.000000000000000e+00 -9.838762509575265e-01 -8.756725501939455e-03 -1.501352031100357e-02
9.466471402203667e-09 -4.881373134241394e+04 0.000000000000000e+00 0.000000000000000e+00 -9.837660632661095e-01 -8.778865393330580e-03 -1.505789376871885e-02
9.471076173098429e-09 -4.866715693247253e+04 0.000000000000000e+00 0.000000000000000e+00 -9.836533595894819e-01 -8.801370374792974e-03 -1.510318582448405e-02
9.475779102916643e-09 -4.851745802695593e+04 0.000000000000000e+00 0.000000000000000e+00 -9.835372833368071e-01 -8.824411876972625e-03 -1.514972884703279e-02
9.480613126043841e-09 -4.836358629181311e+04 0.000000000000000e+00 0.000000000000000e+00 -9.834169618179143e-01 -8.848163534961531e-03 -1.519785792561525e-02
9.485613549716178e-09 -4.820441786281189e+04 0.000000000000000e+00 0.000000000000000e+00 -9.832914299975475e-01 -8.872816060473188e-03 -1.524794164024836e-02
9.490817506812931e-09 -4.803877076369459e+04 0.000000000000000e+00 0.000000000000000e+00 -9.831596389687111e-01 -8.898574488219568e-03 -1.530037861836151e-02
9.496265756833455e-09 -4.786534757930120e+04 0.000000000000000e+00 0.000000000000000e+00 -9.830204041836291e-01 -8.925667100293293e-03 -1.535561738659210e-02
9.502003866174102e-09 -4.768269788618805e+04 0.000000000000000e+00 0.000000000000000e+00 -9.828723656020577e-01 -8.954351248553047e-03 -1.541417076590334e-02
9.508002024155818e-09 -4.749177058774081e+04 0.000000000000000e+00 0.000000000000000e+00 -9.827160514264841e-01 -8.984502060243380e-03 -1.547580972468603e-02
9.514171143369940e-09 -4.729540142425069e+04 0.000000000000000e+00 0.000000000000000e+00 -9.825535495523799e-01 -9.015682353244498e-03 -1.553970044775466e-02
9.520456561066546e-09 -4.709533036508825e+04 0.000000000000000e+00 0.000000000000000e+00 -9.823861179407714e-01 -9.047618475357851e-03 -1.560533663019027e-02
9.526817872605288e-09 -4.689284352990059e+04 0.000000000000000e+00 0.000000000000000e+00 -9.822146868581793e-01 -9.080099844241104e-03 -1.567234041203740e-02
9.533247614863601e-09 -4.668817847725711e+04 0.000000000000000e+00 0.000000000000000e+00 -9.820393373077031e-01 -9.113079637969134e-03 -1.574066084229385e-02
9.539726771612330e-09 -4.648194051253165e+04 0.000000000000000e+00 0.000000000000000e+00 -9.818604727381310e-01 -9.146445982236896e-03 -1.581011966713852e-02
9.546246124345218e-09 -4.627442306989188e+04 0.000000000000000e+00 0.000000000000000e+00 -9.816782457890404e-01 -9.180134948643450e-03 -1.588063215606079e-02
9.552795149758556e-09 -4.606596111649846e+04 0.000000000000000e+00 0.000000000000000e+00 -9.814928557257671e-01 -9.214074178133710e-03 -1.595209284458845e-02
9.559367215064996e-09 -4.585676578052989e+04 0.000000000000000e+00 0.000000000000000e+00 -9.813044036063020e-01 -9.248211633555357e-03 -1.602443135488905e-02
9.565956409955328e-09 -4.564702519297149e+04 0.000000000000000e+00 0.000000000000000e+00 -9.811129777976246e-01 -9.282500026597119e-03 -1.609758020741616e-02
9.572558557841626e-09 -4.543687229874588e+04 0.000000000000000e+00 0.000000000000000e+00 -9.809186237781843e-01 -9.316902951583550e-03 -1.617148683088801e-02
9.579170222521892e-09 -4.522641647555977e+04 0.000000000000000e+00 0.000000000000000e+00 -9.807213709700500e-01 -9.351390101774487e-03 -1.624610393858549e-02
9.585788831988174e-09 -4.501573959296906e+04 0.000000000000000e+00 0.000000000000000e+00 -9.805212280725846e-01 -9.385938155402482e-03 -1.632139179665897e-02
9.592412336765935e-09 -4.480490688777437e+04 0.000000000000000e+00 0.000000000000000e+00 -9.803181921508315e-01 -9.420528992934316e-03 -1.639731526666659e-02
9.599039167781537e-09 -4.459396830514084e+04 0.000000000000000e+00 0.000000000000000e+00 -9.801122491482731e-01 -9.455149367189036e-03 -1.647384399305449e-02
9.605668092264073e-09 -4.438296308538512e+04 0.000000000000000e+00 0.000000000000000e+00 -9.799033775819598e-01 -9.489789937238903e-03 -1.655095133089459e-02
9.612298156509394e-09 -4.417192158585319e+04 0.000000000000000e+00 0.000000000000000e+00 -9.796915497368377e-01 -9.524444710461655e-03 -1.662861412527577e-02
9.618928613495753e-09 -4.396086758498573e+04 0.000000000000000e+00 0.000000000000000e+00 -9.794767334132468e-01 -9.559110378282824e-03 -1.670681221712528e-02
9.625558880494566e-09 -4.374981963160970e+04 0.000000000000000e+00 0.000000000000000e+00 -9.792588928185761e-01 -9.593785807629962e-03 -1.678552819976222e-02
9.632188499382843e-09 -4.353879230823279e+04 0.000000000000000e+00 0.000000000000000e+00 -9.790379894346288e-01 -9.628471556923755e-03 -1.686474713097620e-02
9.638817109391897e-09 -4.332779709847890e+04 0.000000000000000e+00 0.000000000000000e+00 -9.788139825408426e-01 -9.663169477761503e-03 -1.694445632539483e-02
9.645444424323607e-09 -4.311684311231722e+04 0.000000000000000e+00 0.000000000000000e+00 -9.785868296386480e-01 -9.697882364961842e-03 -1.702464514741932e-02
9.652070215788756e-09 -4.290593761960233e+04 0.000000000000000e+00 0.000000000000000e+00 -9.783564867190180e-01 -9.732613665684148e-03 -1.710530483331863e-02
9.658694299819184e-09 -4.269508647622257e+04 0.000000000000000e+00 0.000000000000000e+00 -9.781229084541717e-01 -9.767367233945279e-03 -1.718642832071349e-02
9.665316526730195e-09 -4.248429444678986e+04 0.000000000000000e+00 0.000000000000000e+00 -9.778860483122912e-01 -9.802147129107647e-03 -1.726801009178581e-02
9.671936773178389e-09 -4.227356545744653e+04 0.000000000000000e+00 0.000000000000000e+00 -9.776458586263354e-01 -9.836957451170882e-03 -1.735004602430076e-02
9.678554936075640e-09 -4.206290278958956e+04 0.000000000000000e+00 0.000000000000000e+00 -9.774022906244869e-01 -9.871802209113652e-03 -1.743253325185852e-02
9.685170927858853e-09 -4.185230923043882e+04 0.000000000000000e+00 0.000000000000000e+00 -9.771552944359659e-01 -9.906685217480045e-03 -1.751547003187304e-02
9.691783925684256e-09 -4.164181097192504e+04 0.000000000000000e+00 0.000000000000000e+00 -9.769048472570965e-01 -9.941605983286167e-03 -1.759884637437557e-02
9.698391979810918e-09 -4.143147007622964e+04 0.000000000000000e+00 0.000000000000000e+00 -9.766509702127111e-01 -9.976557518103465e-03 -1.768263881152115e-02
9.704995478996539e-09 -4.122127416881065e+04 0.000000000000000e+00 0.000000000000000e+00 -9.763935969073422e-01 -1.001154504333977e-02 -1.776685328418167e-02
9.711593766068341e-09 -4.101124416812734e+04 0.000000000000000e+00 0.000000000000000e+00 -9.761327003446579e-01 -1.004656768612054e-02 -1.785148329967521e-02
9.718186810265483e-09 -4.080138105332763e+04 0.000000000000000e+00 0.000000000000000e+00 -9.758682288980279e-01 -1.008162753197270e-02 -1.793653064537486e-02
9.724774326998323e-09 -4.059169388318121e+04 0.000000000000000e+00 0.000000000000000e+00 -9.756001401977216e-01 -1.011672485790848e-02 -1.802199433287142e-02
9.731356219117193e-09 -4.038218575005806e+04 0.000000000000000e+00 0.000000000000000e+00 -9.753283836441338e-01 -1.015186054656278e-02 -1.810787608743769e-02
9.737932340565512e-09 -4.017286130308355e+04 0.000000000000000e+00 0.000000000000000e+00 -9.750529096859025e-01 -1.018703482199977e-02 -1.819417730913194e-02
9.744502607819119e-09 -3.996372320091428e+04 0.000000000000000e+00 0.000000000000000e+00 -9.747736651978053e-01 -1.022224788596083e-02 -1.828090044155087e-02
9.751066934194908e-09 -3.975477420275922e+04 0.000000000000000e+00 0.000000000000000e+00 -9.744905960751971e-01 -1.025749959111780e-02 -1.836804808807590e-02
9.757625256890573e-09 -3.954601630767786e+04 0.000000000000000e+00 0.000000000000000e+00 -9.742036460234330e-01 -1.029278962489622e-02 -1.845562332034029e-02
9.764177518049883e-09 -3.933745135729121e+04 0.000000000000000e+00 0.000000000000000e+00 -9.739127572829828e-01 -1.032811744361383e-02 -1.854362939865275e-02
9.770723670625164e-09 -3.912908084917327e+04 0.000000000000000e+00 0.000000000000000e+00 -9.736178703123972e-01 -1.036348234455844e-02 -1.863206981839201e-02
9.777263672394497e-09 -3.892090612728946e+04 0.000000000000000e+00 0.000000000000000e+00 -9.733189239889962e-01 -1.039888347394920e-02 -1.872094820643111e-02
9.783797486716558e-09 -3.871292835796931e+04 0.000000000000000e+00 0.000000000000000e+00 -9.730158555210722e-01 -1.043431987267335e-02 -1.881026831027886e-02
9.790325080339477e-09 -3.850514859965278e+04 0.000000000000000e+00 0.000000000000000e+00 -9.727086004950753e-01 -1.046979050591127e-02 -1.890003395249574e-02
9.796846423122377e-09 -3.829756781175373e+04 0.000000000000000e+00 0.000000000000000e+00 -9.723970928398910e-01 -1.050529430318478e-02 -1.899024901440949e-02
9.803361487089664e-09 -3.809018688476301e+04 0.000000000000000e+00 0.000000000000000e+00 -9.720812648236961e-01 -1.054083019423847e-02 -1.908091741457920e-02
9.809870246072464e-09 -3.788300665166172e+04 0.000000000000000e+00 0.000000000000000e+00 -9.717610470248862e-01 -1.057639714749429e-02 -1.917204309854160e-02
9.816372675239303e-09 -3.767602790286028e+04 0.000000000000000e+00 0.000000000000000e+00 -9.714363683087834e-01 -1.061199420701256e-02 -1.926363003019042e-02
9.822868750832026e-09 -3.746925139460417e+04 0.000000000000000e+00 0.000000000000000e+00 -9.711071557945444e-01 -1.064762052958348e-02 -1.935568218881686e-02
9.829358449911191e-09 -3.726267785707855e+04 0.000000000000000e+00 0.000000000000000e+00 -9.707733348211174e-01 -1.068327542075140e-02 -1.944820356890040e-02
9.835841750186870e-09 -3.705630799979391e+04 0.000000000000000e+00 0.000000000000000e+00 -9.704348289081043e-01 -1.071895837012373e-02 -1.954119818346018e-02
9.842318629875438e-09 -3.685014251614447e+04 0.000000000000000e+00 0.000000000000000e+00 -9.700915597140828e-01 -1.075466908558201e-02 -1.963467006993165e-02
9.848789067597997e-09 -3.664418208664176e+04 0.000000000000000e+00 0.000000000000000e+00 -9.697434469912887e-01 -1.079040752645379e-02 -1.972862329858562e-02
9.855253042299906e-09 -3.643842738147580e+04 0.000000000000000e+00 0.000000000000000e+00 -9.693904085374281e-01 -1.082617393551543e-02 -1.982306198302173e-02
9.861710533193312e-09 -3.623287906234453e+04 0.000000000000000e+00 0.000000000000000e+00 -9.690323601442922e-01 -1.086196886983310e-02 -1.991799029259799e-02
9.868161519714232e-09 -3.602753778381981e+04 0.000000000000000e+00 0.000000000000000e+00 -9.686692155434170e-01 -1.089779323039838e-02 -2.001341246653020e-02
9.874605981492865e-09 -3.582240419429254e+04 0.000000000000000e+00 0.000000000000000e+00 -9.683008863486809e-01 -1.093364829055880e-02 -2.010933282951192e-02
9.881043898333587e-09 -3.561747893660946e+04 0.000000000000000e+00 0.000000000000000e+00 -9.679272819958842e-01 -1.096953572323253e-02 -2.020575580868945e-02
9.887475250203188e-09 -3.541276264844739e+04 0.000000000000000e+00 0.000000000000000e+00 -9.675483096792470e-01 -1.100545762690664e-02 -2.030268595187127e-02
9.893900017225264e-09 -3.520825596249197e+04 0.000000000000000e+00 0.000000000000000e+00 -9.671638742848278e-01 -1.104141655041131e-02 -2.040012794685436e-02
9.900318179680012e-09 -3.500395950644397e+04 0.000000000000000e+00 0.000000000000000e+00 -9.667738783207902e-01 -1.107741551646479e-02 -2.049808664178152e-02
9.906729718008328e-09 -3.479987390288904e+04 0.000000000000000e+00 0.000000000000000e+00 -9.663782218444846e-01 -1.111345804397490e-02 -2.059656706644862e-02
9.913134612819312e-09 -3.459599976905870e+04 0.000000000000000e+00 0.000000000000000e+00 -9.659768023863039e-01 -1.114954816907673e-02 -2.069557445449164e-02
9.919532844900795e-09 -3.439233771649525e+04 0.000000000000000e+00 0.000000000000000e+00 -9.655695148702531e-01 -1.118569046488047e-02 -2.079511426639873e-02
9.925924395232918e-09 -3.418888835061965e+04 0.000000000000000e+00 0.000000000000000e+00 -9.651562515311470e-01 -1.122189005989698e-02 -2.089519221330329e-02
9.932309245003117e-09 -3.398565227025439e+04 0.000000000000000e+00 0.000000000000000e+00 -9.647369018284673e-01 -1.125815265509022e-02 -2.099581428149259e-02
9.938687375624026e-09 -3.378263006705369e+04 0.000000000000000e+00 0.000000000000000e+00 -9.643113523567063e-01 -1.129448453951542e-02 -2.109698675761656e-02
9.945058768752526e-09 -3.357982232489721e+04 0.000000000000000e+00 0.000000000000000e+00 -9.638794867522469e-01 -1.133089260447460e-02 -2.119871625453126e-02
9.951423406311105e-09 -3.337722961920995e+04 0.000000000000000e+00 0.000000000000000e+00 -9.634411855966294e-01 -1.136738435613117e-02 -2.130100973775644e-02
9.957781270510310e-09 -3.317485251624787e+04 0.000000000000000e+00 0.000000000000000e+00 -9.629963263162249e-01 -1.140396792650493e-02 -2.140387455248616e-02
9.964132343873112e-09 -3.297269157232203e+04 0.000000000000000e+00 0.000000000000000e+00 -9.625447830781914e-01 -1.144065208277621e-02 -2.150731845112081e-02
9.970476609260398e-09 -3.277074733298734e+04 0.000000000000000e+00 0.000000000000000e+00 -9.620864266827036e-01 -1.147744623481479e-02 -2.161134962125699e-02
9.976814049898333e-09 -3.256902033217160e+04 0.000000000000000e+00 0.000000000000000e+00 -9.616211244513404e-01 -1.151436044085661e-02 -2.171597671409103e-02
9.983144649406724e-09 -3.236751109127247e+04 0.000000000000000e+00 0.000000000000000e+00 -9.611487401116255e-01 -1.155140541124222e-02 -2.182120887315843e-02
9.989468391828969e-09 -3.216622011820444e+04 0.000000000000000e+00 0.000000000000000e+00 -9.606691336776171e-01 -1.158859251014139e-02 -2.192705576334615e-02
9.995785190003724e-09 -3.196515018739921e+04 0.000000000000000e+00 0.000000000000000e+00 -9.601821668476604e-01 -1.162593331941294e-02 -2.203352640896883e-02
1.000209496416631e-08 -3.176430383784553e+04 0.000000000000000e+00 0.000000000000000e+00 -9.596876971744357e-01 -1.166344010535315e-02 -2.214063049492056e-02
1.000839771154513e-08 -3.156368115776574e+04 0.000000000000000e+00 0.000000000000000e+00 -9.591855723722923e-01 -1.170112624148295e-02 -2.224837957184376e-02
1.001469339888979e-08 -3.136328320555301e+04 0.000000000000000e+00 0.000000000000000e+00 -9.586756384038515e-01 -1.173900554790407e-02 -2.235678530566031e-02
1.002098201426162e-08 -3.116311036122679e+04 0.000000000000000e+00 0.000000000000000e+00 -9.581577352815217e-01 -1.177709259883414e-02 -2.246586037235960e-02
1.002726353984087e-08 -3.096316319200760e+04 0.000000000000000e+00 0.000000000000000e+00 -9.576316990678789e-01 -1.181540254360411e-02 -2.257561802994750e-02
1.003353796517169e-08 -3.076344203071531e+04 0.000000000000000e+00 0.000000000000000e+00 -9.570973606477404e-01 -1.185395117473622e-02 -2.268607237142668e-02
1.003980527993834e-08 -3.056394720571057e+04 0.000000000000000e+00 0.000000000000000e+00 -9.565545461589009e-01 -1.189275486666320e-02 -2.279723822921076e-02
1.004606484555265e-08 -3.036469904388534e+04 0.000000000000000e+00 0.000000000000000e+00 -9.560031322095310e-01 -1.193182651705821e-02 -2.290912011159576e-02
1.005231680095674e-08 -3.016569312257524e+04 0.000000000000000e+00 0.000000000000000e+00 -9.554429244342071e-01 -1.197118447763967e-02 -2.302173678407982e-02
1.005856018790073e-08 -2.996695994382081e+04 0.000000000000000e+00 0.000000000000000e+00 -9.548738225782162e-01 -1.201084045889004e-02 -2.313508822527558e-02
1.006479361138787e-08 -2.976854391174816e+04 0.000000000000000e+00 0.000000000000000e+00 -9.542957675851370e-01 -1.205080355261051e-02 -2.324916677497162e-02
1.007101720933505e-08 -2.957044063632612e+04 0.000000000000000e+00 0.000000000000000e+00 -9.537085593848603e-01 -1.209109317580264e-02 -2.336399268940397e-02
1.007723045764262e-08 -2.937266680016475e+04 0.000000000000000e+00 0.000000000000000e+00 -9.531120556078313e-01 -1.213172469847121e-02 -2.347957495820909e-02
1.008343329095815e-08 -2.917522448349648e+04 0.000000000000000e+00 0.000000000000000e+00 -9.525060672890318e-01 -1.217271682378361e-02 -2.359593156860461e-02
1.008962547094839e-08 -2.897812127270398e+04 0.000000000000000e+00 0.000000000000000e+00 -9.518904178640594e-01 -1.221408735054069e-02 -2.371307805655869e-02
1.009580690739105e-08 -2.878136003965251e+04 0.000000000000000e+00 0.000000000000000e+00 -9.512649120188914e-01 -1.225585530783698e-02 -2.383103342237666e-02
1.010197747588670e-08 -2.858494474409843e+04 0.000000000000000e+00 0.000000000000000e+00 -9.506293531087875e-01 -1.229803968523793e-02 -2.394981678139422e-02
1.010813710718615e-08 -2.838887759031243e+04 0.000000000000000e+00 0.000000000000000e+00 -9.499835339785553e-01 -1.234066001729417e-02 -2.406944904558214e-02
1.011428573252639e-08 -2.819316076708833e+04 0.000000000000000e+00 0.000000000000000e+00 -9.493272421937208e-01 -1.238373597258140e-02 -2.418995190462397e-02
1.012042330704512e-08 -2.799779570243838e+04 0.000000000000000e+00 0.000000000000000e+00 -9.486602573694117e-01 -1.242728748761040e-02 -2.431134827447796e-02
1.012654979260093e-08 -2.780278361044070e+04 0.000000000000000e+00 0.000000000000000e+00 -9.479823527241144e-01 -1.247133461368144e-02 -2.443366196704423e-02
1.013266516327705e-08 -2.760812531605189e+04 0.000000000000000e+00 0.000000000000000e+00 -9.472932942654593e-01 -1.251589752634279e-02 -2.455691779038578e-02
1.013876939959520e-08 -2.741382143928493e+04 0.000000000000000e+00 0.000000000000000e+00 -9.465928412027491e-01 -1.256099645385865e-02 -2.468114142493661e-02
1.014486248939152e-08 -2.721987236732766e+04 0.000000000000000e+00 0.000000000000000e+00 -9.458807456451159e-01 -1.260665165576340e-02 -2.480635942541340e-02
1.015094442562897e-08 -2.702627832417561e+04 0.000000000000000e+00 0.000000000000000e+00 -9.451567526505578e-01 -1.265288338025276e-02 -2.493259915766930e-02
1.015701520622233e-08 -2.683303937620354e+04 0.000000000000000e+00 0.000000000000000e+00 -9.444206000554946e-01 -1.269971183870996e-02 -2.505988877142492e-02
1.016307483308632e-08 -2.664015546246430e+04 0.000000000000000e+00 0.000000000000000e+00 -9.436720184007986e-01 -1.274715717661005e-02 -2.518825715323564e-02
1.016912331183029e-08 -2.644762640440647e+04 0.000000000000000e+00 0.000000000000000e+00 -9.429107307877029e-01 -1.279523945205065e-02 -2.531773388870251e-02
1.017516065129155e-08 -2.625545192072980e+04 0.000000000000000e+00 0.000000000000000e+00 -9.421364527580763e-01 -1.284397861591019e-02 -2.544834921762422e-02
1.018118686329835e-08 -2.606363163492952e+04 0.000000000000000e+00 0.000000000000000e+00 -9.413488921512532e-01 -1.289339449697774e-02 -2.558013399036916e-02
1.018720196242356e-08 -2.587216508313648e+04 0.000000000000000e+00 0.000000000000000e+00 -9.405477489662906e-01 -1.294350679035886e-02 -2.571311962069028e-02
1.019320596583166e-08 -2.568105171898865e+04 0.000000000000000e+00 0.000000000000000e+00 -9.397327152166056e-01 -1.299433505017455e-02 -2.584733803735517e-02
1.019919889314536e-08 -2.549029091787548e+04 0.000000000000000e+00 0.000000000000000e+00 -9.389034747863209e-01 -1.304589868609038e-02 -2.598282163323953e-02
1.020518076635608e-08 -2.529988197978832e+04 0.000000000000000e+00 0.000000000000000e+00 -9.380597032853085e-01 -1.309821696398309e-02 -2.611960321262173e-02
1.021115160975356e-08 -2.510982413156110e+04 0.000000000000000e+00 0.000000000000000e+00 -9.372010679064428e-01 -1.315130901060025e-02 -2.625771593636349e-02
1.021711144987840e-08 -2.492011652838013e+04 0.000000000000000e+00 0.000000000000000e+00 -9.363272272849128e-01 -1.320519382226938e-02 -2.639719326528370e-02
1.022306031548886e-08 -2.473075825484117e+04 0.000000000000000e+00 0.000000000000000e+00 -9.354378313612507e-01 -1.325989027756194e-02 -2.653806890175253e-02
1.022899823754000e-08 -2.454174832561446e+04 0.000000000000000e+00 0.000000000000000e+00 -9.345325212488818e-01 -1.331541715383360e-02 -2.668037672968214e-02
1.023492524917284e-08 -2.435308568578859e+04 0.000000000000000e+00 0.000000000000000e+00 -9.336109291071071e-01 -1.337179314751642e-02 -2.682415075307755e-02
1.024084134714977e-08 -2.416477043841984e+04 0.000000000000000e+00 0.000000000000000e+00 -9.326726841557584e-01 -1.342903651475775e-02 -2.696942409292038e-02
1.024674642050448e-08 -2.397680611567520e+04 0.000000000000000e+00 0.000000000000000e+00 -9.317174247516860e-01 -1.348716434564208e-02 -2.711622710181774e-02
1.025264053932830e-08 -2.378919048647899e+04 0.000000000000000e+00 0.000000000000000e+00 -9.307447522778978e-01 -1.354619546982930e-02 -2.726459434502345e-02
1.025852369200123e-08 -2.360192392070650e+04 0.000000000000000e+00 0.000000000000000e+00 -9.297542726122843e-01 -1.360614788890811e-02 -2.741455815748311e-02
1.026439592079871e-08 -2.341500507268955e+04 0.000000000000000e+00 0.000000000000000e+00 -9.287455740579603e-01 -1.366704018273860e-02 -2.756615192020143e-02
1.027025724778292e-08 -2.322843324016649e+04 0.000000000000000e+00 0.000000000000000e+00 -9.277182394596150e-01 -1.372889078910838e-02 -2.771940815035067e-02
1.027610771275659e-08 -2.304220715617729e+04 0.000000000000000e+00 0.000000000000000e+00 -9.266718397302032e-01 -1.379171844090781e-02 -2.787435939472607e-02
1.028194735242148e-08 -2.285632565246900e+04 0.000000000000000e+00 0.000000000000000e+00 -9.256059373640830e-01 -1.385554198715407e-02 -2.803103763181412e-02
1.028777621086937e-08 -2.267078732555608e+04 0.000000000000000e+00 0.000000000000000e+00 -9.245200845502468e-01 -1.392038054945490e-02 -2.818947447802255e-02
1.029359433360780e-08 -2.248559072688865e+04 0.000000000000000e+00 0.000000000000000e+00 -9.234138242097047e-01 -1.398625350010797e-02 -2.834970096549275e-02
1.029940177036444e-08 -2.230073427358607e+04 0.000000000000000e+00 0.000000000000000e+00 -9.222866894697095e-01 -1.405318053750050e-02 -2.851174755145584e-02
1.030519857332273e-08 -2.211621630459763e+04 0.000000000000000e+00 0.000000000000000e+00 -9.211382039952749e-01 -1.412118171013047e-02 -2.867564400611603e-02
1.031098479783451e-08 -2.193203505802004e+04 0.000000000000000e+00 0.000000000000000e+00 -9.199678818729726e-01 -1.419027746879285e-02 -2.884141936839754e-02
1.031676050188008e-08 -2.174818868828238e+04 0.000000000000000e+00 0.000000000000000e+00 -9.187752277510596e-01 -1.426048870384773e-02 -2.900910186855496e-02
1.032252574623329e-08 -2.156467526089311e+04 0.000000000000000e+00 0.000000000000000e+00 -9.175597368578079e-01 -1.433183679041845e-02 -2.917871887191256e-02
1.032828059428901e-08 -2.138149275793101e+04 0.000000000000000e+00 0.000000000000000e+00 -9.163208951027854e-01 -1.440434362905227e-02 -2.935029681499425e-02
1.033402507636708e-08 -2.119864021428532e+04 0.000000000000000e+00 0.000000000000000e+00 -9.150581870403086e-01 -1.447803121932586e-02 -2.952386007522632e-02
1.033975915201622e-08 -2.101611891756065e+04 0.000000000000000e+00 0.000000000000000e+00 -9.137711052904094e-01 -1.455292115706716e-02 -2.969942969518975e-02
1.034548291374350e-08 -2.083392592316524e+04 0.000000000000000e+00 0.000000000000000e+00 -9.124591055150816e-01 -1.462903736033451e-02 -2.987702947194636e-02
1.035119639633643e-08 -2.065206012377849e+04 0.000000000000000e+00 0.000000000000000e+00 -9.111216483660274e-01 -1.470640361894262e-02 -3.005668020624825e-02
1.035689967463668e-08 -2.047051913711573e+04 0.000000000000000e+00 0.000000000000000e+00 -9.097581775987504e-01 -1.478504494247545e-02 -3.023840263419673e-02
1.036259281047314e-08 -2.028930099510239e+04 0.000000000000000e+00 0.000000000000000e+00 -9.083681323452580e-01 -1.486498688386818e-02 -3.042221575887495e-02
1.036827587955176e-08 -2.010840328794350e+04 0.000000000000000e+00 0.000000000000000e+00 -9.069509409478113e-01 -1.494625595399463e-02 -3.060813765682370e-02
1.037394895670243e-08 -1.992782363372919e+04 0.000000000000000e+00 0.000000000000000e+00 -9.055060246401931e-01 -1.502887945705415e-02 -3.079618498346804e-02
1.037961212317756e-08 -1.974755944611548e+04 0.000000000000000e+00 0.000000000000000e+00 -9.040327959368507e-01 -1.511288563780787e-02 -3.098637318310460e-02
1.038526546246416e-08 -1.956760806762794e+04 0.000000000000000e+00 0.000000000000000e+00 -9.025306598679953e-01 -1.519830366307369e-02 -3.117871633421710e-02
1.039090906218329e-08 -1.938796670920163e+04 0.000000000000000e+00 0.000000000000000e+00 -9.009990137034567e-01 -1.528516369217725e-02 -3.137322719877543e-02
1.039654301284537e-08 -1.920863248980033e+04 0.000000000000000e+00 0.000000000000000e+00 -8.994372475017764e-01 -1.537349689986766e-02 -3.156991717381173e-02
1.040216740829646e-08 -1.902960242221162e+04 0.000000000000000e+00 0.000000000000000e+00 -8.978447442336506e-01 -1.546333552408141e-02 -3.176879630647416e-02
1.040778219487929e-08 -1.885087821439881e+04 0.000000000000000e+00 0.000000000000000e+00 -8.962209238780541e-01 -1.555471039896700e-02 -3.196986792145315e-02
1.041338737640459e-08 -1.867245974506303e+04 0.000000000000000e+00 0.000000000000000e+00 -8.945651874680255e-01 -1.564765423500961e-02 -3.217313570121261e-02
1.041898304204252e-08 -1.849434417582993e+04 0.000000000000000e+00 0.000000000000000e+00 -8.928769074334421e-01 -1.574220220816662e-02 -3.237860485389869e-02
1.042456925369224e-08 -1.831652953638764e+04 0.000000000000000e+00 0.000000000000000e+00 -8.911554602865983e-01 -1.583839013532699e-02 -3.258627816590825e-02
1.043014610102842e-08 -1.813901297230323e+04 0.000000000000000e+00 0.000000000000000e+00 -8.894002105253059e-01 -1.593625543797584e-02 -3.279615804572143e-02
1.043571367006520e-08 -1.796179174566172e+04 0.000000000000000e+00 0.000000000000000e+00 -8.876105203632564e-01 -1.603583662840048e-02 -3.300824545011576e-02
1.044127205791590e-08 -1.778486276524944e+04 0.000000000000000e+00 0.000000000000000e+00 -8.857857454658108e-01 -1.613717358719042e-02 -3.322254051303340e-02
1.044682136392785e-08 -1.760822286874318e+04 0.000000000000000e+00 0.000000000000000e+00 -8.839252380700608e-01 -1.624030741482119e-02 -3.343904231288610e-02
1.045236169345059e-08 -1.743186870276260e+04 0.000000000000000e+00 0.000000000000000e+00 -8.820283461374337e-01 -1.634528049981920e-02 -3.365774912970750e-02
1.045789315516137e-08 -1.725579680800391e+04 0.000000000000000e+00 0.000000000000000e+00 -8.800944146335095e-01 -1.645213645691049e-02 -3.387865847533186e-02
1.046341586186643e-08 -1.708000359373250e+04 0.000000000000000e+00 0.000000000000000e+00 -8.781227856968478e-01 -1.656092011637592e-02 -3.410176727661586e-02
1.046892992957825e-08 -1.690448536715671e+04 0.000000000000000e+00 0.000000000000000e+00 -8.761127994301021e-01 -1.667167746516856e-02 -3.432707201287019e-02
1.047443547757000e-08 -1.672923833169332e+04 0.000000000000000e+00 0.000000000000000e+00 -8.740637943939553e-01 -1.678445558976350e-02 -3.455456891481608e-02
1.047993262798486e-08 -1.655425859940439e+04 0.000000000000000e+00 0.000000000000000e+00 -8.719751082987627e-01 -1.689930259119307e-02 -3.478425417066929e-02
1.048542150573000e-08 -1.637954219437121e+04 0.000000000000000e+00 0.000000000000000e+00 -8.698460786353219e-01 -1.701626748505660e-02 -3.501612417024233e-02
1.049090223826326e-08 -1.620508505948436e+04 0.000000000000000e+00 0.000000000000000e+00 -8.676760433873936e-01 -1.713540007687674e-02 -3.525017577279555e-02
1.049637495546843e-08 -1.603088306041508e+04 0.000000000000000e+00 0.000000000000000e+00 -8.654643417538062e-01 -1.725675081527779e-02 -3.548640660800371e-02
1.050183978951072e-08 -1.585693199021360e+04 0.000000000000000e+00 0.000000000000000e+00 -8.632103149208886e-01 -1.738037061923860e-02 -3.572481540660836e-02
1.050729687472498e-08 -1.568322757286906e+04 0.000000000000000e+00 0.000000000000000e+00 -8.609133068641484e-01 -1.750631067919835e-02 -3.596540236355836e-02
1.051274634750632e-08 -1.550976546679014e+04 0.000000000000000e+00 0.000000000000000e+00 -8.585726651891656e-01 -1.763462223011061e-02 -3.620816953240857e-02
1.051818834621832e-08 -1.533654126772725e+04 0.000000000000000e+00 0.000000000000000e+00 -8.561877420024557e-01 -1.776535629561886e-02 -3.645312125093433e-02
1.052362301111080e-08 -1.516355051138981e+04 0.000000000000000e+00 0.000000000000000e+00 -8.537578948108626e-01 -1.789856340204784e-02 -3.670026459601673e-02
1.052905048425126e-08 -1.499078867562935e+04 0.000000000000000e+00 0.000000000000000e+00 -8.512824874414918e-01 -1.803429326117550e-02 -3.694960986524927e-02
1.053447090947016e-08 -1.481825118217968e+04 0.000000000000000e+00 0.000000000000000e+00 -8.487608909740401e-01 -1.817259442062044e-02 -3.720117108120522e-02
1.053988443232043e-08 -1.464593339794743e+04 0.000000000000000e+00 0.000000000000000e+00 -8.461924846759575e-01 -1.831351388060570e-02 -3.745496651270222e-02
1.054529120005314e-08 -1.447383063578549e+04 0.000000000000000e+00 0.000000000000000e+00 -8.435766569287828e-01 -1.845709667584783e-02 -3.771101920564390e-02
1.055069136161001e-08 -1.430193815473125e+04 0.000000000000000e+00 0.000000000000000e+00 -8.409128061340453e-01 -1.860338542127558e-02 -3.796935751385096e-02
1.055608506763348e-08 -1.413025115968724e+04 0.000000000000000e+00 0.000000000000000e+00 -8.382003415871669e-01 -1.875241982040293e-02 -3.823001561798224e-02
1.056147247049493e-08 -1.395876480052172e+04 0.000000000000000e+00 0.000000000000000e+00 -8.354386843088756e-01 -1.890423613549166e-02 -3.849303401813995e-02
1.056685372434102e-08 -1.378747417059418e+04 0.000000000000000e+00 0.000000000000000e+00 -8.326272678262181e-01 -1.905886661920387e-02 -3.875845998309928e-02
1.057222898515747e-08 -1.361637430472508e+04 0.000000000000000e+00 0.000000000000000e+00 -8.297655388988798e-01 -1.921633890836324e-02 -3.902634793644408e-02
1.057759826582421e-08 -1.344546479293308e+04 0.000000000000000e+00 0.000000000000000e+00 -8.268530372110982e-01 -1.937667097824600e-02 -3.929675248018157e-02
1.058296143476721e-08 -1.327474982335012e+04 0.000000000000000e+00 0.000000000000000e+00 -8.238894040586596e-01 -1.953987001956784e-02 -3.956972812168078e-02
1.058831871137054e-08 -1.310422241276408e+04 0.000000000000000e+00 0.000000000000000e+00 -8.208741105400209e-01 -1.970594693002904e-02 -3.984535429782068e-02
1.059367016143858e-08 -1.293388046655632e+04 0.000000000000000e+00 0.000000000000000e+00 -8.178067311790600e-01 -1.987490037721304e-02 -4.012371004707879e-02
1.059901595201452e-08 -1.276371866757756e+04 0.000000000000000e+00 0.000000000000000e+00 -8.146868031041409e-01 -2.004672396467544e-02 -4.040488661089760e-02
1.060435621514778e-08 -1.259373281256361e+04 0.000000000000000e+00 0.000000000000000e+00 -8.115139029811178e-01 -2.022140126539968e-02 -4.068897996182272e-02
1.060969111515721e-08 -1.242391767108301e+04 0.000000000000000e+00 0.000000000000000e+00 -8.082876088613170e-01 -2.039890730067048e-02 -4.097609352963589e-02
1.061502081164098e-08 -1.225426816296872e+04 0.000000000000000e+00 0.000000000000000e+00 -8.050075223802642e-01 -2.057920670174929e-02 -4.126633525928553e-02
1.062034547691654e-08 -1.208477880318569e+04 0.000000000000000e+00 0.000000000000000e+00 -8.016732592065560e-01 -2.076225370894848e-02 -4.155981725823530e-02
1.062566528572476e-08 -1.191544402955930e+04 0.000000000000000e+00 0.000000000000000e+00 -7.982844563096860e-01 -2.094799132131425e-02 -4.185665370636771e-02
1.063098041949930e-08 -1.174625806687695e+04 0.000000000000000e+00 0.000000000000000e+00 -7.948407706148956e-01 -2.113635102984531e-02 -4.215695929631581e-02
1.063629106330065e-08 -1.157721502447976e+04 0.000000000000000e+00 0.000000000000000e+00 -7.913418824551752e-01 -2.132725240078530e-02 -4.246084704940871e-02
1.064159740667044e-08 -1.140830886907072e+04 0.000000000000000e+00 0.000000000000000e+00 -7.877874968031381e-01 -2.152060290556787e-02 -4.276842616105066e-02
1.064689964257028e-08 -1.123953345849090e+04 0.000000000000000e+00 0.000000000000000e+00 -7.841773459597120e-01 -2.171629779401185e-02 -4.307979960465815e-02
1.065219796739114e-08 -1.107088254142181e+04 0.000000000000000e+00 0.000000000000000e+00 -7.805111917406694e-01 -2.191422011411629e-02 -4.339506172271428e-02
1.065749258047683e-08 -1.090234977255238e+04 0.000000000000000e+00 0.000000000000000e+00 -7.767888281323395e-01 -2.211424081619238e-02 -4.371429578494940e-02
1.066278368395161e-08 -1.073392871806800e+04 0.000000000000000e+00 0.000000000000000e+00 -7.730100838296358e-01 -2.231621896455522e-02 -4.403757163028785e-02
1.066807148243713e-08 -1.056561286465930e+04 0.000000000000000e+00 0.000000000000000e+00 -7.691748248673660e-01 -2.252000203941277e-02 -4.436494343937196e-02
1.067335608692215e-08 -1.039739867944404e+04 0.000000000000000e+00 0.000000000000000e+00 -7.652830279836533e-01 -2.272542257357941e-02 -4.469644170959694e-02
1.067863767798422e-08 -1.022928041446026e+04 0.000000000000000e+00 0.000000000000000e+00 -7.613346657171947e-01 -2.293230500781162e-02 -4.503208148182158e-02
1.068391645388137e-08 -1.006125175895910e+04 0.000000000000000e+00 0.000000000000000e+00 -7.573297442755222e-01 -2.314046439656960e-02 -4.537185786816868e-02
1.068919261398964e-08 -9.893306366604136e+03 0.000000000000000e+00 0.000000000000000e+00 -7.532683171775069e-01 -2.334970660077594e-02 -4.571574400352171e-02
1.069446636566174e-08 -9.725437637153353e+03 0.000000000000000e+00 0.000000000000000e+00 -7.491504812885679e-01 -2.355982959584172e-02 -4.606369087602147e-02
1.069973791948332e-08 -9.557638867457466e+03 0.000000000000000e+00 0.000000000000000e+00 -7.449763812225750e-01 -2.377062454358563e-02 -4.641562686485370e-02
1.070500749083860e-08 -9.389903201623540e+03 0.000000000000000e+00 0.000000000000000e+00 -7.407462085371460e-01 -2.398187736091864e-02 -4.677145814695797e-02
1.071027529851010e-08 -9.222223675588271e+03 0.000000000000000e+00 0.000000000000000e+00 -7.364602027888623e-01 -2.419337042482446e-02 -4.713106937731426e-02
1.071554156501935e-08 -9.054593206271093e+03 0.000000000000000e+00 0.000000000000000e+00 -7.321186507756550e-01 -2.440488459914766e-02 -4.749432493372975e-02
1.072080651625534e-08 -8.887004603401932e+03 0.000000000000000e+00 0.000000000000000e+00 -7.277218859039272e-01 -2.461620146823889e-02 -4.786107052439174e-02
1.072607038162642e-08 -8.719450564686456e+03 0.000000000000000e+00 0.000000000000000e+00 -7.232702867218106e-01 -2.482710580057888e-02 -4.823113517773892e-02
1.073133339408196e-08 -8.551923675115879e+03 0.000000000000000e+00 0.000000000000000e+00 -7.187642752013135e-01 -2.503738818095770e-02 -4.860433348578038e-02
1.073659579032036e-08 -8.384416400345821e+03 0.000000000000000e+00 0.000000000000000e+00 -7.142043145893876e-01 -2.524684778251325e-02 -4.898046802145370e-02
1.074185772934030e-08 -8.216923679291438e+03 0.000000000000000e+00 0.000000000000000e+00 -7.095909787477213e-01 -2.545529197398367e-02 -4.935932595501417e-02
1.074711226746599e-08 -8.049666536017864e+03 0.000000000000000e+00 0.000000000000000e+00 -7.049311888226265e-01 -2.566226146197121e-02 -4.974017456992961e-02
1.075236181259528e-08 -7.882568324755849e+03 0.000000000000000e+00 0.000000000000000e+00 -7.002237853661188e-01 -2.586768981580699e-02 -5.012294275203989e-02
1.075760433703109e-08 -7.715693589107826e+03 0.000000000000000e+00 0.000000000000000e+00 -6.954715848985770e-01 -2.607135548600742e-02 -5.050723786398206e-02
1.076284039423657e-08 -7.549024711795218e+03 0.000000000000000e+00 0.000000000000000e+00 -6.906751522111390e-01 -2.627316251786581e-02 -5.089285332817230e-02
1.076806942936249e-08 -7.382579354216704e+03 0.000000000000000e+00 0.000000000000000e+00 -6.858360946710950e-01 -2.647299674955389e-02 -5.127950333506292e-02
1.077329162963480e-08 -7.216351556785917e+03 0.000000000000000e+00 0.000000000000000e+00 -6.809553799239579e-01 -2.667079950291050e-02 -5.166695892961492e-02
1.077850693369418e-08 -7.050343272630500e+03 0.000000000000000e+00 0.000000000000000e+00 -6.760342365675500e-01 -2.686652973826408e-02 -5.205497652443951e-02
1.078371551390864e-08 -6.884549015106117e+03 0.000000000000000e+00 0.000000000000000e+00 -6.710737044305124e-01 -2.706018266420479e-02 -5.244333387242978e-02
1.078891750640625e-08 -6.718964451121757e+03 0.000000000000000e+00 0.000000000000000e+00 -6.660748834224391e-01 -2.725177880945971e-02 -5.283181041245553e-02
1.079411313269111e-08 -6.553582529982918e+03 0.000000000000000e+00 0.000000000000000e+00 -6.610388166102893e-01 -2.744136740551649e-02 -5.322019618824333e-02
1.079930262286582e-08 -6.388395927296730e+03 0.000000000000000e+00 0.000000000000000e+00 -6.559665612571374e-01 -2.762902175484855e-02 -5.360828586477984e-02
1.080448627296666e-08 -6.223395219935108e+03 0.000000000000000e+00 0.000000000000000e+00 -6.508591313064201e-01 -2.781483916292109e-02 -5.399588249012779e-02
1.080966523126936e-08 -6.058543857146899e+03 0.000000000000000e+00 0.000000000000000e+00 -6.457167140983335e-01 -2.799896652719237e-02 -5.438285511288446e-02
1.081483964131305e-08 -5.893837269939218e+03 0.000000000000000e+00 0.000000000000000e+00 -6.405404945854860e-01 -2.818153073316335e-02 -5.476900025786643e-02
1.082001016066846e-08 -5.729254527186222e+03 0.000000000000000e+00 0.000000000000000e+00 -6.353311609191961e-01 -2.836269120763455e-02 -5.515415386097328e-02
1.082517718013615e-08 -5.564783189319283e+03 0.000000000000000e+00 0.000000000000000e+00 -6.300896766273552e-01 -2.854260953947842e-02 -5.553813280058695e-02
1.083034122191950e-08 -5.400406634088451e+03 0.000000000000000e+00 0.000000000000000e+00 -6.248168814892080e-01 -2.872146158025422e-02 -5.592076391362859e-02
1.083550273045545e-08 -5.236110714627086e+03 0.000000000000000e+00 0.000000000000000e+00 -6.195136999544238e-01 -2.889942818574431e-02 -5.630186830101051e-02
1.084066217304042e-08 -5.071880556427832e+03 0.000000000000000e+00 0.000000000000000e+00 -6.141810374471361e-01 -2.907669718109775e-02 -5.668126871887396e-02
1.084581997971190e-08 -4.907702470972063e+03 0.000000000000000e+00 0.000000000000000e+00 -6.088198397953751e-01 -2.925345991583186e-02 -5.705878536941088e-02
1.085097656388402e-08 -4.743563298879643e+03 0.000000000000000e+00 0.000000000000000e+00 -6.034310703919114e-01 -2.942991085513588e-02 -5.743423783384547e-02
1.085613230008589e-08 -4.579451118518575e+03 0.000000000000000e+00 0.000000000000000e+00 -5.980157315891238e-01 -2.960624584707982e-02 -5.780744407408879e-02
1.086128752249547e-08 -4.415355292674040e+03 0.000000000000000e+00 0.000000000000000e+00 -5.925748647948541e-01 -2.978266125520396e-02 -5.817822113556231e-02
1.086644251214507e-08 -4.251266875809650e+03 0.000000000000000e+00 0.000000000000000e+00 -5.871095624826385e-01 -2.995935281680309e-02 -5.854638520924640e-02
1.087159748999344e-08 -4.087178834590080e+03 0.000000000000000e+00 0.000000000000000e+00 -5.816209741789501e-01 -3.013651480038221e-02 -5.891175229120792e-02
1.087675260806489e-08 -3.923086329931401e+03 0.000000000000000e+00 0.000000000000000e+00 -5.761103145161902e-01 -3.031433915553025e-02 -5.927413887708393e-02
1.088190794387522e-08 -3.758986894428921e+03 0.000000000000000e+00 0.000000000000000e+00 -5.705788677835982e-01 -3.049301477436619e-02 -5.963336305739351e-02
1.088706349685698e-08 -3.594880546144943e+03 0.000000000000000e+00 0.000000000000000e+00 -5.650279902352797e-01 -3.067272672378139e-02 -5.998924590510295e-02
1.089221614610818e-08 -3.430866626475641e+03 0.000000000000000e+00 0.000000000000000e+00 -5.594623819612439e-01 -3.085354709001133e-02 -6.034140832010843e-02
1.089736465681428e-08 -3.266984440788237e+03 0.000000000000000e+00 0.000000000000000e+00 -5.538847237872044e-01 -3.103560941200031e-02 -6.068961764314697e-02
1.090250912405251e-08 -3.103230962680557e+03 0.000000000000000e+00 0.000000000000000e+00 -5.482962476137504e-01 -3.121908848711191e-02 -6.103374612242553e-02
1.090764933661505e-08 -2.939612915106094e+03 0.000000000000000e+00 0.000000000000000e+00 -5.426984896822642e-01 -3.140414010397179e-02 -6.137366085134548e-02
1.091278554942264e-08 -2.776122183686091e+03 0.000000000000000e+00 0.000000000000000e+00 -5.370924499984360e-01 -3.159092627672837e-02 -6.170927589492399e-02
1.091791803687743e-08 -2.612750033928904e+03 0.000000000000000e+00 0.000000000000000e+00 -5.314790703765149e-01 -3.177959595035271e-02 -6.204052305868497e-02
1.092304727099065e-08 -2.449481441250040e+03 0.000000000000000e+00 0.000000000000000e+00 -5.258590365165317e-01 -3.197028793633252e-02 -6.236736361524375e-02
1.092817378419312e-08 -2.286299457850174e+03 0.000000000000000e+00 0.000000000000000e+00 -5.202329232311483e-01 -3.216312198504777e-02 -6.268977921964652e-02
1.093329819501006e-08 -2.123184395460084e+03 0.000000000000000e+00 0.000000000000000e+00 -5.146011630171324e-01 -3.235819588972441e-02 -6.300777293901653e-02
1.093842115336138e-08 -1.960115566486811e+03 0.000000000000000e+00 0.000000000000000e+00 -5.089641028006914e-01 -3.255557987936319e-02 -6.332136474225129e-02
1.094354333005949e-08 -1.797071618308042e+03 0.000000000000000e+00 0.000000000000000e+00 -5.033220129605591e-01 -3.275531330085117e-02 -6.363058925696095e-02
1.094866538788490e-08 -1.634031453964565e+03 0.000000000000000e+00 0.000000000000000e+00 -4.976751171124349e-01 -3.295740146822880e-02 -6.393549183122217e-02
1.095378796695087e-08 -1.470974698019205e+03 0.000000000000000e+00 0.000000000000000e+00 -4.920236069330429e-01 -3.316181412366949e-02 -6.423612488074674e-02
1.095891166829333e-08 -1.307882218903186e+03 0.000000000000000e+00 0.000000000000000e+00 -4.863676596916470e-01 -3.336848497266096e-02 -6.453254354175655e-02
1.096403704420285e-08 -1.144736436662271e+03 0.000000000000000e+00 0.000000000000000e+00 -4.807074491881844e-01 -3.357731262419432e-02 -6.482480117189771e-02
1.096916459095744e-08 -9.815215542767282e+02 0.000000000000000e+00 0.000000000000000e+00 -4.750431548653208e-01 -3.378816267717576e-02 -6.511294451808482e-02
1.097429474585462e-08 -8.182236521340631e+02 0.000000000000000e+00 0.000000000000000e+00 -4.693749669733089e-01 -3.400087088445135e-02 -6.539700878413017e-02
1.097942767870355e-08 -6.548373250411190e+02 0.000000000000000e+00 0.000000000000000e+00 -4.637033182191768e-01 -3.421523833309536e-02 -6.567700153682324e-02
1.098455164520502e-08 -4.917364056516917e+02 0.000000000000000e+00 0.000000000000000e+00 -4.580416783004689e-01 -3.443054017424097e-02 -6.595228525374836e-02
1.098967029126836e-08 -3.288048410681783e+02 0.000000000000000e+00 0.000000000000000e+00 -4.523865401981295e-01 -3.464668831264781e-02 -6.622303807926332e-02
1.099477993693568e-08 -1.661597679875897e+02 0.000000000000000e+00 0.000000000000000e+00 -4.467424155787975e-01 -3.486327563843402e-02 -6.648902670273529e-02
1.099988103321884e-08 -3.786830257134843e+00 0.000000000000000e+00 0.000000000000000e+00 -4.411092329984063e-01 -3.508006979303496e-02 -6.675020954654949e-02
1.100497230970763e-08 1.582735337106164e+02 0.000000000000000e+00 0.000000000000000e+00 -4.354887799585401e-01 -3.529676769173030e-02 -6.700642920823290e-02
1.101005373099607e-08 3.200201969081773e+02 0.000000000000000e+00 0.000000000000000e+00 -4.298814562152727e-01 -3.551312670783330e-02 -6.725756301941130e-02
1.101512499363557e-08 4.814435002667394e+02 0.000000000000000e+00 0.000000000000000e+00 -4.242879315186223e-01 -3.572890325075511e-02 -6.750344737119161e-02
1.102018628399785e-08 6.425493761828654e+02 0.000000000000000e+00 0.000000000000000e+00 -4.187083179360253e-01 -3.594388783322219e-02 -6.774391654001846e-02
1.102523787626099e-08 8.033465520154758e+02 0.000000000000000e+00 0.000000000000000e+00 -4.131426166434199e-01 -3.615788925843040e-02 -6.797878538534079e-02
1.103028029921411e-08 9.638518596454444e+02 0.000000000000000e+00 0.000000000000000e+00 -4.075905395452594e-01 -3.637074256311092e-02 -6.820786038672491e-02
1.103531419194484e-08 1.124085641863455e+03 0.000000000000000e+00 0.000000000000000e+00 -4.020516718836039e-01 -3.658230292852045e-02 -6.843093664859956e-02
1.104034029793420e-08 1.284071564405671e+03 0.000000000000000e+00 0.000000000000000e+00 -3.965254822333688e-01 -3.679244506089754e-02 -6.864780189744235e-02
1.104535937669044e-08 1.443833803170194e+03 0.000000000000000e+00 0.000000000000000e+00 -3.910114220400287e-01 -3.700105871154383e-02 -6.885823719019092e-02
1.105037215549017e-08 1.603395508090893e+03 0.000000000000000e+00 0.000000000000000e+00 -3.855089802506950e-01 -3.720804571195348e-02 -6.906201971840745e-02
1.105537926984858e-08 1.762776908244233e+03 0.000000000000000e+00 0.000000000000000e+00 -3.800177493123217e-01 -3.741331643136007e-02 -6.925892530488759e-02
1.106038122801054e-08 1.921994181567201e+03 0.000000000000000e+00 0.000000000000000e+00 -3.745374639556172e-01 -3.761678721340585e-02 -6.944873192069585e-02
1.106537838720724e-08 2.081058699081657e+03 0.000000000000000e+00 0.000000000000000e+00 -3.690680262791909e-01 -3.781837830381396e-02 -6.963122351250567e-02
1.107037094939417e-08 2.239976889230340e+03 0.000000000000000e+00 0.000000000000000e+00 -3.636095088537505e-01 -3.801801260029561e-02 -6.980619424296355e-02
1.107535897009040e-08 2.398750519240208e+03 0.000000000000000e+00 0.000000000000000e+00 -3.581621429907108e-01 -3.821561495904530e-02 -6.997345270568887e-02
1.108034237827052e-08 2.557377328302350e+03 0.000000000000000e+00 0.000000000000000e+00 -3.527262945975028e-01 -3.841111197609622e-02 -7.013282588808055e-02
1.108532094760886e-08 2.715850112247047e+03 0.000000000000000e+00 0.000000000000000e+00 -3.473024924278431e-01 -3.860442991252722e-02 -7.028416101715543e-02
1.109029435194589e-08 2.874158489093516e+03 0.000000000000000e+00 0.000000000000000e+00 -3.418913647310766e-01 -3.879549608526187e-02 -7.042732948186653e-02
1.109526231200705e-08 3.032293569257004e+03 0.000000000000000e+00 0.000000000000000e+00 -3.364934779193863e-01 -3.898424376624252e-02 -7.056223208152790e-02
1.110022448023996e-08 3.190244289800971e+03 0.000000000000000e+00 0.000000000000000e+00 -3.311094589624041e-01 -3.917060696324007e-02 -7.068879605096520e-02
1.110518052592310e-08 3.348000123533337e+03 0.000000000000000e+00 0.000000000000000e+00 -3.257399011081242e-01 -3.935452320206844e-02 -7.080697729635299e-02
1.111013011186530e-08 3.505550337325268e+03 0.000000000000000e+00 0.000000000000000e+00 -3.203853873324775e-01 -3.953593225351255e-02 -7.091675915905031e-02
1.111507292006704e-08 3.662884808937515e+03 0.000000000000000e+00 0.000000000000000e+00 -3.150464613288828e-01 -3.971477686791772e-02 -7.101815201670178e-02
1.112000864730212e-08 3.819993886380892e+03 0.000000000000000e+00 0.000000000000000e+00 -3.097236314127999e-01 -3.989100244969640e-02 -7.111119180821888e-02
1.112493701198521e-08 3.976868606515489e+03 0.000000000000000e+00 0.000000000000000e+00 -3.044173626966182e-01 -4.006455716402749e-02 -7.119593851570710e-02
1.112985775244134e-08 4.133500639968513e+03 0.000000000000000e+00 0.000000000000000e+00 -2.991280788864520e-01 -4.023539164795650e-02 -7.127247421470916e-02
1.113477062765903e-08 4.289882315106470e+03 0.000000000000000e+00 0.000000000000000e+00 -2.938561616944805e-01 -4.040345864671378e-02 -7.134090095375041e-02
1.113967541566349e-08 4.446006566251793e+03 0.000000000000000e+00 0.000000000000000e+00 -2.886019529712714e-01 -4.056871232530682e-02 -7.140133840809469e-02
1.114457191255052e-08 4.601866902932794e+03 0.000000000000000e+00 0.000000000000000e+00 -2.833657561652649e-01 -4.073110732348113e-02 -7.145392139918492e-02
1.114945993103663e-08 4.757457363730536e+03 0.000000000000000e+00 0.000000000000000e+00 -2.781478381972134e-01 -4.089059751893395e-02 -7.149879731354913e-02
1.115433929937616e-08 4.912772481811258e+03 0.000000000000000e+00 0.000000000000000e+00 -2.729484307199219e-01 -4.104713458808065e-02 -7.153612349924393e-02
1.115920986038181e-08 5.067807253747001e+03 0.000000000000000e+00 0.000000000000000e+00 -2.677677309631226e-01 -4.120066646644722e-02 -7.156606471964438e-02
1.116407147078172e-08 5.222557119053577e+03 0.000000000000000e+00 0.000000000000000e+00 -2.626059018938362e-01 -4.135113586455111e-02 -7.158879076412286e-02
1.116892400084823e-08 5.377017948371045e+03 0.000000000000000e+00 0.000000000000000e+00 -2.574630718135768e-01 -4.149847899668573e-02 -7.160447431952034e-02
1.117376733435992e-08 5.531186042256641e+03 0.000000000000000e+00 0.000000000000000e+00 -2.523393334510370e-01 -4.164262466565198e-02 -7.161328920308893e-02
1.117860136888337e-08 5.685058140153294e+03 0.000000000000000e+00 0.000000000000000e+00 -2.472347427435879e-01 -4.178349379831654e-02 -7.161540903647835e-02
1.118342601638582e-08 5.838631439891547e+03 0.000000000000000e+00 0.000000000000000e+00 -2.421493174973359e-01 -4.192099946581323e-02 -7.161100640072258e-02
1.118824120414618e-08 5.991903626687147e+03 0.000000000000000e+00 0.000000000000000e+00 -2.370830361469295e-01 -4.205504735784717e-02 -7.160025245436678e-02
1.119304687588449e-08 6.144872909092768e+03 0.000000000000000e+00 0.000000000000000e+00 -2.320358368381455e-01 -4.218553662848830e-02 -7.158331692892736e-02
1.119784299294959e-08 6.297538056804491e+03 0.000000000000000e+00 0.000000000000000e+00 -2.270076170733203e-01 -4.231236099738468e-02 -7.156036835224032e-02
1.120262953532626e-08 6.449898432717719e+03 0.000000000000000e+00 0.000000000000000e+00 -2.219982341729196e-01 -4.243540997688323e-02 -7.153157430929014e-02
1.120740650218342e-08 6.601954010378140e+03 0.000000000000000e+00 0.000000000000000e+00 -2.170075067915014e-01 -4.255457010003170e-02 -7.149710154739283e-02
1.121217391171685e-08 6.753705368975838e+03 0.000000000000000e+00 0.000000000000000e+00 -2.120352176590983e-01 -4.266972604578644e-02 -7.145711577388010e-02
1.121693180015783e-08 6.905153661788275e+03 0.000000000000000e+00 0.000000000000000e+00 -2.070811175838397e-01 -4.278076159773786e-02 -7.141178107180901e-02
1.122168021998780e-08 7.056300559351261e+03 0.000000000000000e+00 0.000000000000000e+00 -2.021449305796355e-01 -4.288756043249510e-02 -7.136125895360880e-02
1.122641923756346e-08 7.207148173864633e+03 0.000000000000000e+00 0.000000000000000e+00 -1.972263598201994e-01 -4.299000680986537e-02 -7.130570716066978e-02
1.123114893045286e-08 7.357698974395569e+03 0.000000000000000e+00 0.000000000000000e+00 -1.923250940184363e-01 -4.308798631647625e-02 -7.124527837880132e-02
1.123586938478584e-08 7.507955702542200e+03 0.000000000000000e+00 0.000000000000000e+00 -1.874408137971448e-01 -4.318138687595124e-02 -7.118011906241221e-02
1.124058069285290e-08 7.657921296002318e+03 0.000000000000000e+00 0.000000000000000e+00 -1.825731976196334e-01 -4.327010025402144e-02 -7.111036853765021e-02
1.124528295110216e-08 7.807598824815132e+03 0.000000000000000e+00 0.000000000000000e+00 -1.777219268286697e-01 -4.335402422685802e-02 -7.103615848427185e-02
1.124997625864421e-08 7.956991443768669e+03 0.000000000000000e+00 0.000000000000000e+00 -1.728866892695045e-01 -4.343306542609662e-02 -7.095761278172047e-02
1.125466071640330e-08 8.106102365381752e+03 0.000000000000000e+00 0.000000000000000e+00 -1.680671808870794e-01 -4.350714263481105e-02 -7.087484756547101e-02
1.125933642710241e-08 8.254934859427891e+03 0.000000000000000e+00 0.000000000000000e+00 -1.632631047220950e-01 -4.357619004689781e-02 -7.078797121829788e-02
1.126400349620671e-08 8.403492282968000e+03 0.000000000000000e+00 0.000000000000000e+00 -1.584741670692606e-01 -4.364015983248808e-02 -7.069708398194982e-02
1.126866371588021e-08 8.551831682354477e+03 0.000000000000000e+00 0.000000000000000e+00 -1.536983601729166e-01 -4.369904463009843e-02 -7.060224120428557e-02
1.127331946252900e-08 8.700028700942208e+03 0.000000000000000e+00 0.000000000000000e+00 -1.489330904819024e-01 -4.375285514165396e-02 -7.050346900263049e-02
1.127797050878343e-08 8.848076101330304e+03 0.000000000000000e+00 0.000000000000000e+00 -1.441784105564834e-01 -4.380158178892739e-02 -7.040083339765404e-02
1.128261776362348e-08 8.996002817250708e+03 0.000000000000000e+00 0.000000000000000e+00 -1.394332016404718e-01 -4.384524169934857e-02 -7.029436067891151e-02
1.128726141578966e-08 9.143814856500032e+03 0.000000000000000e+00 0.000000000000000e+00 -1.346970605578773e-01 -4.388385429676894e-02 -7.018407705487971e-02
1.129190190687019e-08 9.291526275268017e+03 0.000000000000000e+00 0.000000000000000e+00 -1.299693083786278e-01 -4.391745029297486e-02 -7.006998646363706e-02
1.129653945859216e-08 9.439144131347193e+03 0.000000000000000e+00 0.000000000000000e+00 -1.252494699779732e-01 -4.394606640251058e-02 -6.995208238299487e-02
1.130117433020214e-08 9.586676676812336e+03 0.000000000000000e+00 0.000000000000000e+00 -1.205370131627615e-01 -4.396974811707149e-02 -6.983034297835398e-02
1.130580670231026e-08 9.734129660661974e+03 0.000000000000000e+00 0.000000000000000e+00 -1.158314669696715e-01 -4.398855039066242e-02 -6.970473594591847e-02
1.131043674872507e-08 9.881508615394361e+03 0.000000000000000e+00 0.000000000000000e+00 -1.111323494287469e-01 -4.400254049564385e-02 -6.957521885651351e-02
1.131506461095681e-08 1.002881804542020e+04 0.000000000000000e+00 0.000000000000000e+00 -1.064391934259731e-01 -4.401180075615505e-02 -6.944174221051351e-02
1.131969042029446e-08 1.017606212979774e+04 0.000000000000000e+00 0.000000000000000e+00 -1.017515238556740e-01 -4.401643172735919e-02 -6.930425130638816e-02
1.132431429379696e-08 1.032324459462859e+04 0.000000000000000e+00 0.000000000000000e+00 -9.706886042011603e-02 -4.401655523297118e-02 -6.916268897183191e-02
1.132893634176627e-08 1.047036895093339e+04 0.000000000000000e+00 0.000000000000000e+00 -9.239070812715283e-02 -4.401231724784298e-02 -6.901699816274122e-02
1.133355666782433e-08 1.061743849710078e+04 0.000000000000000e+00 0.000000000000000e+00 -8.771655458526598e-02 -4.400389048850140e-02 -6.886712505611947e-02
1.133817537144995e-08 1.076445639963956e+04 0.000000000000000e+00 0.000000000000000e+00 -8.304586423865036e-02 -4.399147670663609e-02 -6.871302240321350e-02
1.134279254824558e-08 1.091142570167029e+04 0.000000000000000e+00 0.000000000000000e+00 -7.837807439200188e-02 -4.397530870133039e-02 -6.855465333004933e-02
1.134740829063091e-08 1.105834934500291e+04 0.000000000000000e+00 0.000000000000000e+00 -7.371259036907911e-02 -4.395565208764238e-02 -6.839199552200476e-02
1.135202268788373e-08 1.120523017143824e+04 0.000000000000000e+00 0.000000000000000e+00 -6.904878090934312e-02 -4.393280685346111e-02 -6.822504584103481e-02
1.135663582633391e-08 1.135207092894078e+04 0.000000000000000e+00 0.000000000000000e+00 -6.438597295641768e-02 -4.390710870566820e-02 -6.805382536424673e-02
1.136124778948536e-08 1.149887427552304e+04 0.000000000000000e+00 0.000000000000000e+00 -5.972344597446556e-02 -4.387893016757259e-02 -6.787838488124100e-02
1.136585865826474e-08 1.164564278716034e+04 0.000000000000000e+00 0.000000000000000e+00 -5.506042545482651e-02 -4.384868134355421e-02 -6.769881089601151e-02
1.137046851127758e-08 1.179237896594433e+04 0.000000000000000e+00 0.000000000000000e+00 -5.039607556004053e-02 -4.381681022683652e-02 -6.751523222027021e-02
1.137507742503845e-08 1.193908524740965e+04 0.000000000000000e+00 0.000000000000000e+00 -4.572949074983592e-02 -4.378380239078133e-02 -6.732782727426480e-02
1.137968547406491e-08 1.208576400352400e+04 0.000000000000000e+00 0.000000000000000e+00 -4.105968631696773e-02 -4.375017987291420e-02 -6.713683224403767e-02
1.138429273077915e-08 1.223241753955699e+04 0.000000000000000e+00 0.000000000000000e+00 -3.638558773904313e-02 -4.371649902684773e-02 -6.694255026341625e-02
1.138889926518652e-08 1.237904808384813e+04 0.000000000000000e+00 0.000000000000000e+00 -3.170601878965017e-02 -4.368334707495514e-02 -6.674536179397515e-02
1.139350514436306e-08 1.252565777149409e+04 0.000000000000000e+00 0.000000000000000e+00 -2.701968838211685e-02 -4.365133703991522e-02 -6.654573635747553e-02
1.139811043182439e-08 1.267224862425996e+04 0.000000000000000e+00 0.000000000000000e+00 -2.232517619925284e-02 -4.362110066708534e-02 -6.634424573067270e-02
1.140271518687906e-08 1.281882252999586e+04 0.000000000000000e+00 0.000000000000000e+00 -1.762091727142210e-02 -4.359327887633846e-02 -6.614157864089290e-02
1.140731946406953e-08 1.296538122484131e+04 0.000000000000000e+00 0.000000000000000e+00 -1.290518581315817e-02 -4.356850920580130e-02 -6.593855690793067e-02
1.141192331278430e-08 1.311192628088213e+04 0.000000000000000e+00 0.000000000000000e+00 -8.176078792895586e-03 -4.354740962820076e-02 -6.573615287033717e-02
1.141652677709154e-08 1.325845910085093e+04 0.000000000000000e+00 0.000000000000000e+00 -3.431499880823910e-03 -4.353055801805740e-02 -6.553550781343086e-02
1.142112989581031e-08 1.340498092039723e+04 0.000000000000000e+00 0.000000000000000e+00 1.330855413276954e-03 -4.351846639718020e-02 -6.533795096402192e-02
1.142573270280887e-08 1.355149281758099e+04 0.000000000000000e+00 0.000000000000000e+00 6.113512424873463e-03 -4.351154885911577e-02 -6.514501838098934e-02
1.143033522750304e-08 1.369799572873666e+04 0.000000000000000e+00 0.000000000000000e+00 1.091922664643964e-02 -4.351008176881482e-02 -6.495847065936693e-02
1.143493749552117e-08 1.384449046964064e+04 0.000000000000000e+00 0.000000000000000e+00 1.575098818905064e-02 -4.351415451208149e-02 -6.478030765981418e-02
1.143953952950326e-08 1.399097776094598e+04 0.000000000000000e+00 0.000000000000000e+00 2.061201952120467e-02 -4.352360888462906e-02 -6.461277736996444e-02
1.144414135000515e-08 1.413745825696539e+04 0.000000000000000e+00 0.000000000000000e+00 2.550576406522023e-02 -4.353796542209448e-02 -6.445837447240943e-02
1.144874297648183e-08 1.428393257697050e+04 0.000000000000000e+00 0.000000000000000e+00 3.043586252539751e-02 -4.355633591818205e-02 -6.431982236347850e-02
1.145334442832151e-08 1.443040133810758e+04 0.000000000000000e+00 0.000000000000000e+00 3.540611301688677e-02 -4.357732340113775e-02 -6.420003058307368e-02
1.145794240602904e-08 1.457675951418338e+04 0.000000000000000e+00 0.000000000000000e+00 4.041679818829239e-02 -4.359889708907233e-02 -6.410208183259167e-02
1.146254457787666e-08 1.472325119388497e+04 0.000000000000000e+00 0.000000000000000e+00 4.548012253146817e-02 -4.361836131711852e-02 -6.402882711852824e-02
1.146714459593856e-08 1.486967431645753e+04 0.000000000000000e+00 0.000000000000000e+00 5.059293988286993e-02 -4.363213400944422e-02 -6.398321979609173e-02
1.147174569242142e-08 1.501613176623547e+04 0.000000000000000e+00 0.000000000000000e+00 5.576232288035797e-02 -4.363580797002690e-02 -6.396765569631600e-02
1.147634624395352e-08 1.516257186969213e+04 0.000000000000000e+00 0.000000000000000e+00 6.098953953934691e-02 -4.362409280808737e-02 -6.398392631841035e-02
1.148086863078560e-08 1.530652391347191e+04 0.000000000000000e+00 0.000000000000000e+00 6.618778162001161e-02 -4.359165850766540e-02 -6.403178741555973e-02
1.148528886722131e-08 1.544722440914772e+04 0.000000000000000e+00 0.000000000000000e+00 7.132768434802754e-02 -4.353381184663290e-02 -6.410877536453062e-02
1.148969689095982e-08 1.558753616259748e+04 0.000000000000000e+00 0.000000000000000e+00 7.651157609727907e-02 -4.344425959726975e-02 -6.421366975251047e-02
1.149390387173778e-08 1.572144851985862e+04 0.000000000000000e+00 0.000000000000000e+00 8.151382648518456e-02 -4.332344231219661e-02 -6.433734257742810e-02
1.149809271773422e-08 1.585478362909540e+04 0.000000000000000e+00 0.000000000000000e+00 8.654541574461865e-02 -4.316400325427718e-02 -6.447955316471791e-02
1.150220892856864e-08 1.598580668931678e+04 0.000000000000000e+00 0.000000000000000e+00 9.153717281415041e-02 -4.296518575577022e-02 -6.463326903634802e-02
1.150616125997997e-08 1.611161330548676e+04 0.000000000000000e+00 0.000000000000000e+00 9.637211750904799e-02 -4.273200948647120e-02 -6.478897513929706e-02
1.151005805651647e-08 1.623565219168840e+04 0.000000000000000e+00 0.000000000000000e+00 1.011755520759122e-01 -4.245979151256597e-02 -6.494509829891448e-02
1.151385146415470e-08 1.635640010704563e+04 0.000000000000000e+00 0.000000000000000e+00 1.058828843081774e-01 -4.215361004941656e-02 -6.509454736547869e-02
1.151761069696911e-08 1.647606020397487e+04 0.000000000000000e+00 0.000000000000000e+00 1.105741336095868e-01 -4.181022443155537e-02 -6.523531987961097e-02
1.152134292593152e-08 1.659486074159877e+04 0.000000000000000e+00 0.000000000000000e+00 1.152535066900939e-01 -4.143080723273094e-02 -6.536329719049636e-02
1.152504214916930e-08 1.671261067437732e+04 0.000000000000000e+00 0.000000000000000e+00 1.199088787839436e-01 -4.101837240213489e-02 -6.547438532035031e-02
1.152872207480001e-08 1.682974634524485e+04 0.000000000000000e+00 0.000000000000000e+00 1.245529889673271e-01 -4.057414347335930e-02 -6.556559391419774e-02
1.153234168173098e-08 1.694496201226768e+04 0.000000000000000e+00 0.000000000000000e+00 1.291299397146718e-01 -4.010643412266774e-02 -6.563333356136783e-02
1.153589754674448e-08 1.705814871104087e+04 0.000000000000000e+00 0.000000000000000e+00 1.336313576214651e-01 -3.961969752504689e-02 -6.567597840622250e-02
1.153943283914989e-08 1.717068056336013e+04 0.000000000000000e+00 0.000000000000000e+00 1.381081102142320e-01 -3.911155854902515e-02 -6.569261383996990e-02
1.154294147023790e-08 1.728236375958872e+04 0.000000000000000e+00 0.000000000000000e+00 1.425492829227481e-01 -3.858598083921082e-02 -6.568179664034858e-02
1.154639467360946e-08 1.739228263680550e+04 0.000000000000000e+00 0.000000000000000e+00 1.469157689939057e-01 -3.805060670400105e-02 -6.564294390427378e-02
1.154976294036279e-08 1.749949789749441e+04 0.000000000000000e+00 0.000000000000000e+00 1.511681532112831e-01 -3.751362449356445e-02 -6.557673693111889e-02
1.155309023555285e-08 1.760540899281943e+04 0.000000000000000e+00 0.000000000000000e+00 1.553599058580475e-01 -3.697137767661501e-02 -6.548271963608294e-02
1.155638061978734e-08 1.771014517593737e+04 0.000000000000000e+00 0.000000000000000e+00 1.594944160311798e-01 -3.642614815333210e-02 -6.536077534972323e-02
1.155963188519331e-08 1.781363616807037e+04 0.000000000000000e+00 0.000000000000000e+00 1.635674892552484e-01 -3.588119658079558e-02 -6.521112809101143e-02
1.156286340321413e-08 1.791649858141109e+04 0.000000000000000e+00 0.000000000000000e+00 1.676020193081802e-01 -3.533615099872942e-02 -6.503295717460111e-02
1.156607549594260e-08 1.801874266849210e+04 0.000000000000000e+00 0.000000000000000e+00 1.715971658331210e-01 -3.479387125107326e-02 -6.482623130061725e-02
1.156929425144894e-08 1.812119883837978e+04 0.000000000000000e+00 0.000000000000000e+00 1.755839638759980e-01 -3.425304727722645e-02 -6.458910665321424e-02
1.157247199426728e-08 1.822234953386264e+04 0.000000000000000e+00 0.000000000000000e+00 1.795025355937370e-01 -3.372487813233533e-02 -6.432553187872932e-02
1.157559117379050e-08 1.832163610176473e+04 0.000000000000000e+00 0.000000000000000e+00 1.833309850360809e-01 -3.321533661631292e-02 -6.403864830883929e-02
1.157864432533466e-08 1.841882093381709e+04 0.000000000000000e+00 0.000000000000000e+00 1.870602093132737e-01 -3.272841802488063e-02 -6.373152913455150e-02
1.158162947272253e-08 1.851384112634454e+04 0.000000000000000e+00 0.000000000000000e+00 1.906880386325990e-01 -3.226684468583969e-02 -6.340722889232020e-02
1.158458607426727e-08 1.860795267646427e+04 0.000000000000000e+00 0.000000000000000e+00 1.942622543499943e-01 -3.182685553540841e-02 -6.306421290061143e-02
1.158753591305369e-08 1.870184896130081e+04 0.000000000000000e+00 0.000000000000000e+00 1.978085452237685e-01 -3.140773522553275e-02 -6.270243533209201e-02
1.159045682067237e-08 1.879482433846637e+04 0.000000000000000e+00 0.000000000000000e+00 2.012998500876651e-01 -3.101476084972944e-02 -6.232752812257782e-02
1.159329408260380e-08 1.888513719071304e+04 0.000000000000000e+00 0.000000000000000e+00 2.046713956553433e-01 -3.065599077104587e-02 -6.195031741553739e-02
1.159614309003025e-08 1.897582391367817e+04 0.000000000000000e+00 0.000000000000000e+00 2.080362859820590e-01 -3.032000385137645e-02 -6.156174835370230e-02
1.159898797220439e-08 1.906637932578398e+04 0.000000000000000e+00 0.000000000000000e+00 2.113751115104869e-01 -3.000967973737845e-02 -6.116732090260598e-02
1.160173767645194e-08 1.915390513039141e+04 0.000000000000000e+00 0.000000000000000e+00 2.145819386003616e-01 -2.973392052524610e-02 -6.078330390503608e-02
1.160445532688798e-08 1.924041063048979e+04 0.000000000000000e+00 0.000000000000000e+00 2.177312264415621e-01 -2.948450718848054e-02 -6.040421883181590e-02
1.160716772224302e-08 1.932674885616454e+04 0.000000000000000e+00 0.000000000000000e+00 2.208540619587346e-01 -2.925776362220387e-02 -6.002929545889758e-02
1.160989248248451e-08 1.941348066839931e+04 0.000000000000000e+00 0.000000000000000e+00 2.239703877388958e-01 -2.905109139954555e-02 -5.965890945542778e-02
1.161265474597313e-08 1.950140624606671e+04 0.000000000000000e+00 0.000000000000000e+00 2.271081918102335e-01 -2.886150435703394e-02 -5.929241573942845e-02
1.161540880746871e-08 1.958907074618670e+04 0.000000000000000e+00 0.000000000000000e+00 2.302153893205721e-01 -2.869041562585066e-02 -5.893830465360929e-02
1.161810693347743e-08 1.967495476446128e+04 0.000000000000000e+00 0.000000000000000e+00 2.332391871583748e-01 -2.853795468687511e-02 -5.860415449956794e-02
1.162082767839996e-08 1.976155876512396e+04 0.000000000000000e+00 0.000000000000000e+00 2.362679924652687e-01 -2.839708473696567e-02 -5.828142291429894e-02
1.162355614052814e-08 1.984840841207154e+04 0.000000000000000e+00 0.000000000000000e+00 2.392852328632465e-01 -2.826635862978923e-02 -5.797316258089334e-02
1.162632800137624e-08 1.993663948317911e+04 0.000000000000000e+00 0.000000000000000e+00 2.423300737200177e-01 -2.814186898391467e-02 -5.767646429632041e-02
1.162915849648102e-08 2.002673694064387e+04 0.000000000000000e+00 0.000000000000000e+00 2.454185307311054e-01 -2.802083404602310e-02 -5.739095614868775e-02
1.163208003416208e-08 2.011973237331768e+04 0.000000000000000e+00 0.000000000000000e+00 2.485847334897780e-01 -2.789973840289027e-02 -5.711476339119505e-02
1.163507190438377e-08 2.021496656029198e+04 0.000000000000000e+00 0.000000000000000e+00 2.518051409385478e-01 -2.777713527800514e-02 -5.685103456121679e-02
1.163798756054729e-08 2.030777477844821e+04 0.000000000000000e+00 0.000000000000000e+00 2.549232927026176e-01 -2.765665696067175e-02 -5.661200144688298e-02
1.164082349297973e-08 2.039804531142777e+04 0.000000000000000e+00 0.000000000000000e+00 2.579377716161158e-01 -2.753661659976647e-02 -5.639571563461547e-02
1.164358883146089e-08 2.048606876914753e+04 0.000000000000000e+00 0.000000000000000e+00 2.608603297218312e-01 -2.741532814081643e-02 -5.619931489913607e-02
1.164635392937946e-08 2.057408456952213e+04 0.000000000000000e+00 0.000000000000000e+00 2.637662926115229e-01 -2.728862954293567e-02 -5.601628383025763e-02
1.164911272996576e-08 2.066189991958502e+04 0.000000000000000e+00 0.000000000000000e+00 2.666498801469019e-01 -2.715576252721073e-02 -5.584597586446732e-02
1.165189975182743e-08 2.075061358074308e+04 0.000000000000000e+00 0.000000000000000e+00 2.695473816575724e-01 -2.701410475936671e-02 -5.568535312365933e-02
1.165473315332924e-08 2.084080355169853e+04 0.000000000000000e+00 0.000000000000000e+00 2.724775037950803e-01 -2.686167172729976e-02 -5.553271738235237e-02
1.165764488461385e-08 2.093348683707876e+04 0.000000000000000e+00 0.000000000000000e+00 2.754726909948155e-01 -2.669552855550927e-02 -5.538585260327759e-02
1.166062619772365e-08 2.102838498074461e+04 0.000000000000000e+00 0.000000000000000e+00 2.785233530838340e-01 -2.651487779374241e-02 -5.524466659830310e-02
1.166347297280538e-08 2.111900064597011e+04 0.000000000000000e+00 0.000000000000000e+00 2.814224660313304e-01 -2.633196266253025e-02 -5.511730718611767e-02
1.166627120452977e-08 2.120807112814071e+04 0.000000000000000e+00 0.000000000000000e+00 2.842593145436271e-01 -2.614203492047481e-02 -5.499803780306146e-02
1.166902155411205e-08 2.129561747439091e+04 0.000000000000000e+00 0.000000000000000e+00 2.870357668817879e-01 -2.594545535212489e-02 -5.488542162930698e-02
1.167177998353184e-08 2.138342100985688e+04 0.000000000000000e+00 0.000000000000000e+00 2.898088899710944e-01 -2.573845703531799e-02 -5.477598022400345e-02
1.167454939727763e-08 2.147157418727862e+04 0.000000000000000e+00 0.000000000000000e+00 2.925819317167853e-01 -2.552082942955091e-02 -5.466856653881851e-02
1.167736225046808e-08 2.156111008516905e+04 0.000000000000000e+00 0.000000000000000e+00 2.953874035454782e-01 -2.528996652328892e-02 -5.456092172612305e-02
1.168024054541940e-08 2.165272905900493e+04 0.000000000000000e+00 0.000000000000000e+00 2.982469694424823e-01 -2.504384592152482e-02 -5.445120589566275e-02
1.168314032897894e-08 2.174503203648436e+04 0.000000000000000e+00 0.000000000000000e+00 3.011170473891546e-01 -2.478623914064259e-02 -5.434006754999025e-02
1.168595114010780e-08 2.183450293353549e+04 0.000000000000000e+00 0.000000000000000e+00 3.038894910200474e-01 -2.452781586831269e-02 -5.423085189092288e-02
1.168872435812561e-08 2.192277720469671e+04 0.000000000000000e+00 0.000000000000000e+00 3.066158847330712e-01 -2.426507545347762e-02 -5.412088014986598e-02
1.169135332764402e-08 2.200645990351524e+04 0.000000000000000e+00 0.000000000000000e+00 3.091929062472700e-01 -2.400945312730181e-02 -5.401400963946289e-02
1.169389585683799e-08 2.208739112135039e+04 0.000000000000000e+00 0.000000000000000e+00 3.116783530817350e-01 -2.375678366251285e-02 -5.390778668494203e-02
1.169640455892270e-08 2.216724558885583e+04 0.000000000000000e+00 0.000000000000000e+00 3.141242219951485e-01 -2.350281529060081e-02 -5.379989145972684e-02
1.169889736588778e-08 2.224659409898899e+04 0.000000000000000e+00 0.000000000000000e+00 3.165483330008163e-01 -2.324644245653452e-02 -5.368942006357907e-02
1.170140050878334e-08 2.232627161200775e+04 0.000000000000000e+00 0.000000000000000e+00 3.189763287659930e-01 -2.298554706220863e-02 -5.357507999871102e-02
1.170393768264519e-08 2.240703236432731e+04 0.000000000000000e+00 0.000000000000000e+00 3.214311500316026e-01 -2.271812617227433e-02 -5.345563201368392e-02
1.170653717057406e-08 2.248977663500448e+04 0.000000000000000e+00 0.000000000000000e+00 3.239399259854199e-01 -2.244158578947599e-02 -5.332954378458149e-02
1.170923098677137e-08 2.257552346772111e+04 0.000000000000000e+00 0.000000000000000e+00 3.265331003307068e-01 -2.215284912230144e-02 -5.319499359028392e-02
1.171206025875155e-08 2.266558199192068e+04 0.000000000000000e+00 0.000000000000000e+00 3.292495251641066e-01 -2.184780432574445e-02 -5.304956054971414e-02
1.171490580362038e-08 2.275615849825354e+04 0.000000000000000e+00 0.000000000000000e+00 3.319748838467149e-01 -2.153964578833351e-02 -5.289924816560825e-02
1.171781291051826e-08 2.284869458483239e+04 0.000000000000000e+00 0.000000000000000e+00 3.347524860893337e-01 -2.122392193407084e-02 -5.274174605861840e-02
1.172079179569487e-08 2.294351544498455e+04 0.000000000000000e+00 0.000000000000000e+00 3.375919265909358e-01 -2.089991838657016e-02 -5.257651546731068e-02
1.172388592311048e-08 2.304200457953458e+04 0.000000000000000e+00 0.000000000000000e+00 3.405341710067494e-01 -2.056330630729452e-02 -5.240110643672508e-02
1.172697678321062e-08 2.314038971220298e+04 0.000000000000000e+00 0.000000000000000e+00 3.434668871325307e-01 -2.022730823633455e-02 -5.222238978247165e-02
1.173004651378976e-08 2.323810227132927e+04 0.000000000000000e+00 0.000000000000000e+00 3.463736226716563e-01 -1.989417519727088e-02 -5.204179657583809e-02
1.173312632083863e-08 2.333613557444860e+04 0.000000000000000e+00 0.000000000000000e+00 3.492841550164968e-01 -1.956079417042936e-02 -5.185786017634500e-02
1.173622484770225e-08 2.343476474777813e+04 0.000000000000000e+00 0.000000000000000e+00 3.522067853750836e-01 -1.922646092898382e-02 -5.167037997674675e-02
1.173939308110139e-08 2.353561274904658e+04 0.000000000000000e+00 0.000000000000000e+00 3.551893943687437e-01 -1.888591276096210e-02 -5.147652926894135e-02
1.174260709254328e-08 2.363791791067283e+04 0.000000000000000e+00 0.000000000000000e+00 3.582094091739466e-01 -1.854190951449638e-02 -5.127802821342706e-02
1.174591206165391e-08 2.374311834481736e+04 0.000000000000000e+00 0.000000000000000e+00 3.613089464125873e-01 -1.818980220767583e-02 -5.107234890490209e-02
1.174932869955015e-08 2.385187330680574e+04 0.000000000000000e+00 0.000000000000000e+00 3.645069803639785e-01 -1.782756282187847e-02 -5.085844704866925e-02
1.175273707058338e-08 2.396036512637158e+04 0.000000000000000e+00 0.000000000000000e+00 3.676916303127971e-01 -1.746789806696686e-02 -5.064414799024038e-02
1.175620797393887e-08 2.407084741157576e+04 0.000000000000000e+00 0.000000000000000e+00 3.709289052193347e-01 -1.710330957903775e-02 -5.042531202084800e-02
1.175972070839195e-08 2.418266122197102e+04 0.000000000000000e+00 0.000000000000000e+00 3.741995126106173e-01 -1.673589528640171e-02 -5.020350645241334e-02
1.176330844589453e-08 2.429686245358126e+04 0.000000000000000e+00 0.000000000000000e+00 3.775341217716199e-01 -1.636209307401349e-02 -4.997685799056998e-02
1.176697254419374e-08 2.441349432484011e+04 0.000000000000000e+00 0.000000000000000e+00 3.809337902738114e-01 -1.598163854932877e-02 -4.974545699291744e-02
1.177066865290533e-08 2.453114511917092e+04 0.000000000000000e+00 0.000000000000000e+00 3.843574630522807e-01 -1.559894510688517e-02 -4.951223099744465e-02
1.177445181617404e-08 2.465156694611878e+04 0.000000000000000e+00 0.000000000000000e+00 3.878558035185880e-01 -1.520815494647312e-02 -4.927377504479173e-02
1.177833314789544e-08 2.477511357196703e+04 0.000000000000000e+00 0.000000000000000e+00 3.914387189387163e-01 -1.480796464675694e-02 -4.902940802708648e-02
1.178236039127220e-08 2.490330471005609e+04 0.000000000000000e+00 0.000000000000000e+00 3.951495814615408e-01 -1.439332983017966e-02 -4.877609404167482e-02
1.178635310748409e-08 2.503039681435319e+04 0.000000000000000e+00 0.000000000000000e+00 3.988227296765900e-01 -1.398259917363645e-02 -4.852510712257874e-02
1.179035716453032e-08 2.515784990861888e+04 0.000000000000000e+00 0.000000000000000e+00 4.025004121322049e-01 -1.357094454107879e-02 -4.827345320866609e-02
1.179436237806096e-08 2.528533981492695e+04 0.000000000000000e+00 0.000000000000000e+00 4.061733502089244e-01 -1.315932806116690e-02 -4.802165625814358e-02
1.179839230651926e-08 2.541361642181602e+04 0.000000000000000e+00 0.000000000000000e+00 4.098629885986140e-01 -1.274528961266184e-02 -4.776812540550338e-02
1.180218746081204e-08 2.553441993491451e+04 0.000000000000000e+00 0.000000000000000e+00 4.133332410569127e-01 -1.235533934755601e-02 -4.752912578331954e-02
1.180575463513364e-08 2.564796662014497e+04 0.000000000000000e+00 0.000000000000000e+00 4.165912426295070e-01 -1.198874737040388e-02 -4.730422268906528e-02
1.180912119553157e-08 2.575512756585467e+04 0.000000000000000e+00 0.000000000000000e+00 4.196625846938004e-01 -1.164267842038376e-02 -4.709169188241435e-02
1.181239916115451e-08 2.585946845229004e+04 0.000000000000000e+00 0.000000000000000e+00 4.226494380693718e-01 -1.130561695881145e-02 -4.688444512578942e-02
1.181560470077416e-08 2.596150394743881e+04 0.000000000000000e+00 0.000000000000000e+00 4.255665765450402e-01 -1.097585695847283e-02 -4.668141963747391e-02
1.181878299077771e-08 2.606267206036770e+04 0.000000000000000e+00 0.000000000000000e+00 4.284549650478666e-01 -1.064871251579194e-02 -4.647969354505440e-02
1.182196468140949e-08 2.616394841865497e+04 0.000000000000000e+00 0.000000000000000e+00 4.313422195723811e-01 -1.032098216225348e-02 -4.627723171007530e-02
1.182518928201709e-08 2.626659064389434e+04 0.000000000000000e+00 0.000000000000000e+00 4.342637874771630e-01 -9.988551643451598e-03 -4.607139540125830e-02
1.182849670544714e-08 2.637186920145232e+04 0.000000000000000e+00 0.000000000000000e+00 4.372552371277836e-01 -9.647262131850382e-03 -4.585946607352567e-02
1.183193697201329e-08 2.648137628736390e+04 0.000000000000000e+00 0.000000000000000e+00 4.403609340626262e-01 -9.291913207561005e-03 -4.563800544741461e-02
1.183535883011760e-08 2.659029741373569e+04 0.000000000000000e+00 0.000000000000000e+00 4.434444247972942e-01 -8.938055975468371e-03 -4.541654506183102e-02
1.183878706649888e-08 2.669942156696949e+04 0.000000000000000e+00 0.000000000000000e+00 4.465279470925585e-01 -8.583158991349009e-03 -4.519334528198900e-02
1.184224887585496e-08 2.680961438118165e+04 0.000000000000000e+00 0.000000000000000e+00 4.496356880729409e-01 -8.224453179248577e-03 -4.496647811654348e-02
1.184577511135564e-08 2.692185794326968e+04 0.000000000000000e+00 0.000000000000000e+00 4.527948789892647e-01 -7.858801351906423e-03 -4.473373192015758e-02
1.184940550955581e-08 2.703741710705932e+04 0.000000000000000e+00 0.000000000000000e+00 4.560403948120788e-01 -7.482160646424632e-03 -4.449224328272855e-02
1.185310739646868e-08 2.715525182724952e+04 0.000000000000000e+00 0.000000000000000e+00 4.593425234251131e-01 -7.097997478582117e-03 -4.424393550929954e-02
1.185672391412065e-08 2.727036915946753e+04 0.000000000000000e+00 0.000000000000000e+00 4.625619154271245e-01 -6.722648767050828e-03 -4.399924623012947e-02
1.186035487098565e-08 2.738594610611118e+04 0.000000000000000e+00 0.000000000000000e+00 4.657872931566195e-01 -6.345916850651221e-03 -4.375140766895046e-02
1.186397482077674e-08 2.750117268671033e+04 0.000000000000000e+00 0.000000000000000e+00 4.689960807222334e-01 -5.970573623198716e-03 -4.350207784192488e-02
1.186762628047890e-08 2.761740225893027e+04 0.000000000000000e+00 0.000000000000000e+00 4.722257190017444e-01 -5.592383540662566e-03 -4.324824139571008e-02
1.187135472392083e-08 2.773608229969472e+04 0.000000000000000e+00 0.000000000000000e+00 4.755158819844149e-01 -5.206849470016214e-03 -4.298656542804254e-02
1.187519330678926e-08 2.785826818729048e+04 0.000000000000000e+00 0.000000000000000e+00 4.788950620146421e-01 -4.810807656188452e-03 -4.271446584188694e-02
1.187912240561727e-08 2.798333528736523e+04 0.000000000000000e+00 0.000000000000000e+00 4.823453781382449e-01 -4.406577630862963e-03 -4.243305183781371e-02
1.188302882028197e-08 2.810768032809619e+04 0.000000000000000e+00 0.000000000000000e+00 4.857676768994476e-01 -4.006040548874184e-03 -4.215029164878047e-02
1.188698166943041e-08 2.823350342435008e+04 0.000000000000000e+00 0.000000000000000e+00 4.892222977141990e-01 -3.602403535321144e-03 -4.186110103623848e-02
1.189096386708154e-08 2.836026071245949e+04 0.000000000000000e+00 0.000000000000000e+00 4.926942017546607e-01 -3.197720755057306e-03 -4.156657888971933e-02
1.189500980337303e-08 2.848904686450454e+04 0.000000000000000e+00 0.000000000000000e+00 4.962130427877813e-01 -2.788856541932745e-03 -4.126400757787883e-02
1.189907970006134e-08 2.861859569966801e+04 0.000000000000000e+00 0.000000000000000e+00 4.997442014558318e-01 -2.380175108308589e-03 -4.095618634349870e-02
1.190314751350255e-08 2.874807822301712e+04 0.000000000000000e+00 0.000000000000000e+00 5.032652732156409e-01 -1.974584903649808e-03 -4.064499516668965e-02
1.190723029211284e-08 2.887803710249252e+04 0.000000000000000e+00 0.000000000000000e+00 5.067910851995359e-01 -1.570683848430813e-03 -4.032905649460126e-02
1.191132933860932e-08 2.900851380486803e+04 0.000000000000000e+00 0.000000000000000e+00 5.103228215835620e-01 -1.168654849191552e-03 -4.000817455049527e-02
1.191545903819318e-08 2.913996622531935e+04 0.000000000000000e+00 0.000000000000000e+00 5.138728444062322e-01 -7.674240872180871e-04 -3.968111474397382e-02
1.191963044402424e-08 2.927274619685032e+04 0.000000000000000e+00 0.000000000000000e+00 5.174505614491165e-01 -3.662936436545077e-04 -3.934686736760148e-02
1.192385935691527e-08 2.940735667495294e+04 0.000000000000000e+00 0.000000000000000e+00 5.210693445396355e-01 3.582668320292903e-05 -3.900400727882222e-02
1.192809349454170e-08 2.954213346154840e+04 0.000000000000000e+00 0.000000000000000e+00 5.246846702415375e-01 4.336070009023900e-04 -3.865667983343215e-02
1.193228403139296e-08 2.967552239236584e+04 0.000000000000000e+00 0.000000000000000e+00 5.282553996003260e-01 8.222729208816632e-04 -3.830896558796249e-02
1.193646586959750e-08 2.980863443665853e+04 0.000000000000000e+00 0.000000000000000e+00 5.318115515452161e-01 1.204876308648937e-03 -3.795809027378019e-02
1.194064829644349e-08 2.994176521799042e+04 0.000000000000000e+00 0.000000000000000e+00 5.353612438532239e-01 1.582007149711147e-03 -3.760335035195592e-02
1.194484507360003e-08 3.007535278389396e+04 0.000000000000000e+00 0.000000000000000e+00 5.389163116865149e-01 1.954593239732982e-03 -3.724364452927989e-02
1.194906819702270e-08 3.020977897749516e+04 0.000000000000000e+00 0.000000000000000e+00 5.424870345369527e-01 2.323322940936180e-03 -3.687799795403857e-02
1.195328918991079e-08 3.034413735407406e+04 0.000000000000000e+00 0.000000000000000e+00 5.460496748185001e-01 2.685375463646485e-03 -3.650896900106901e-02
1.195749976133595e-08 3.047816400518527e+04 0.000000000000000e+00 0.000000000000000e+00 5.495976273930798e-01 3.039789042627610e-03 -3.613743961096138e-02
1.196171226453255e-08 3.061225214649110e+04 0.000000000000000e+00 0.000000000000000e+00 5.531416099668195e-01 3.387354618116765e-03 -3.576247887302939e-02
1.196592724565847e-08 3.074641916273713e+04 0.000000000000000e+00 0.000000000000000e+00 5.566823855058584e-01 3.727866541623669e-03 -3.538417691883693e-02
1.197013189976219e-08 3.088025745965677e+04 0.000000000000000e+00 0.000000000000000e+00 5.602095465703869e-01 4.060108773969943e-03 -3.500382013298031e-02
1.197413698636046e-08 3.100774332558179e+04 0.000000000000000e+00 0.000000000000000e+00 5.635656142712591e-01 4.369567673088125e-03 -3.463883340172588e-02
1.197804272823465e-08 3.113206695072549e+04 0.000000000000000e+00 0.000000000000000e+00 5.668349169996544e-01 4.664609539241605e-03 -3.428046575023808e-02
1.198183335063150e-08 3.125272620909632e+04 0.000000000000000e+00 0.000000000000000e+00 5.700046537977947e-01 4.944485434460982e-03 -3.393041950914895e-02
1.198557858936919e-08 3.137194086072884e+04 0.000000000000000e+00 0.000000000000000e+00 5.731331218436976e-01 5.214638228823469e-03 -3.358246440310865e-02
1.198911218964165e-08 3.148441885078330e+04 0.000000000000000e+00 0.000000000000000e+00 5.760822183405854e-01 5.463679455722186e-03 -3.325231932623757e-02
1.199254650327553e-08 3.159373644897522e+04 0.000000000000000e+00 0.000000000000000e+00 5.789457421746481e-01 5.700212565796367e-03 -3.292982462494694e-02
1.199592576772425e-08 3.170130177718094e+04 0.000000000000000e+00 0.000000000000000e+00 5.817605354022098e-01 5.927615407957361e-03 -3.261103143688989e-02
1.199922677322612e-08 3.180637604574015e+04 0.000000000000000e+00 0.000000000000000e+00 5.845073767944391e-01 6.144636477474805e-03 -3.229831128953702e-02
1.200249946597779e-08 3.191054909147018e+04 0.000000000000000e+00 0.000000000000000e+00 5.872277226055048e-01 6.354804803581723e-03 -3.198710035117149e-02
1.200578346218857e-08 3.201508193747815e+04 0.000000000000000e+00 0.000000000000000e+00 5.899542901211069e-01 6.560714408615752e-03 -3.167374734772975e-02
1.200911950309756e-08 3.212127141768285e+04 0.000000000000000e+00 0.000000000000000e+00 5.927205648794296e-01 6.764792152971049e-03 -3.135444850977301e-02
1.201244503208762e-08 3.222712629311558e+04 0.000000000000000e+00 0.000000000000000e+00 5.954746561197450e-01 6.963155990944303e-03 -3.103528864662859e-02
1.201582881189897e-08 3.233483534977772e+04 0.000000000000000e+00 0.000000000000000e+00 5.982731720150245e-01 7.159815240229727e-03 -3.070978990879306e-02
1.201926450322502e-08 3.244419680127349e+04 0.000000000000000e+00 0.000000000000000e+00 6.011106134336524e-01 7.354178722164655e-03 -3.037867428977794e-02
1.202276339027411e-08 3.255556983511006e+04 0.000000000000000e+00 0.000000000000000e+00 6.039960132061917e-01 7.546646354892065e-03 -3.004099485595958e-02
1.202621385268733e-08 3.266540146491327e+04 0.000000000000000e+00 0.000000000000000e+00 6.068375849162724e-01 7.731097626957095e-03 -2.970769848892982e-02
1.202968801164068e-08 3.277598737901578e+04 0.000000000000000e+00 0.000000000000000e+00 6.096946156617200e-01 7.911469124850794e-03 -2.937203149088484e-02
1.203317805879763e-08 3.288707903034643e+04 0.000000000000000e+00 0.000000000000000e+00 6.125606545154604e-01 8.087305496295553e-03 -2.903496340843717e-02
1.203672222202852e-08 3.299989324981053e+04 0.000000000000000e+00 0.000000000000000e+00 6.154669045681324e-01 8.260412106156601e-03 -2.869304797645468e-02
1.204028201729407e-08 3.311320505239187e+04 0.000000000000000e+00 0.000000000000000e+00 6.183818333103932e-01 8.428812299238293e-03 -2.835026205863201e-02
1.204389210042786e-08 3.322811756753505e+04 0.000000000000000e+00 0.000000000000000e+00 6.213336829063100e-01 8.594056859954581e-03 -2.800356541423512e-02
1.204755895931177e-08 3.334483731093404e+04 0.000000000000000e+00 0.000000000000000e+00 6.243276181388608e-01 8.756277446663432e-03 -2.765267057767834e-02
1.205130810558856e-08 3.346417634339914e+04 0.000000000000000e+00 0.000000000000000e+00 6.273842240033389e-01 8.916375771818636e-03 -2.729552380350787e-02
1.205514042030362e-08 3.358616270947634e+04 0.000000000000000e+00 0.000000000000000e+00 6.305039908062656e-01 9.074122547924392e-03 -2.693248088931300e-02
1.205907616506415e-08 3.371144135615362e+04 0.000000000000000e+00 0.000000000000000e+00 6.337030931157983e-01 9.230050758463620e-03 -2.656212251807726e-02
1.206309604243856e-08 3.383939802710550e+04 0.000000000000000e+00 0.000000000000000e+00 6.369656291296066e-01 9.383118227971114e-03 -2.618679992568689e-02
1.206723589152401e-08 3.397117351622636e+04 0.000000000000000e+00 0.000000000000000e+00 6.403202716990866e-01 9.534383668058791e-03 -2.580376285068082e-02
1.207132979696631e-08 3.410148657376506e+04 0.000000000000000e+00 0.000000000000000e+00 6.436329888608305e-01 9.677826619721032e-03 -2.542878175889232e-02
1.207544294284216e-08 3.423241207332486e+04 0.000000000000000e+00 0.000000000000000e+00 6.469564812136855e-01 9.815966582176847e-03 -2.505616929146101e-02
1.207954879111017e-08 3.436310528281275e+04 0.000000000000000e+00 0.000000000000000e+00 6.502693644590885e-01 9.948073273873958e-03 -2.468861605791449e-02
1.208367682999309e-08 3.449450484151117e+04 0.000000000000000e+00 0.000000000000000e+00 6.535952931249970e-01 1.007524022620335e-02 -2.432374333332605e-02
1.208783649111566e-08 3.462691096735995e+04 0.000000000000000e+00 0.000000000000000e+00 6.569416626812769e-01 1.019782484341224e-02 -2.396100590519056e-02
1.209200666159422e-08 3.475965161639986e+04 0.000000000000000e+00 0.000000000000000e+00 6.602913663654397e-01 1.031529956590361e-02 -2.360247560282506e-02
1.209611910782506e-08 3.489055484556728e+04 0.000000000000000e+00 0.000000000000000e+00 6.635897680929826e-01 1.042601006929741e-02 -2.325404249336462e-02
1.210019841535448e-08 3.502040323710706e+04 0.000000000000000e+00 0.000000000000000e+00 6.668565705368146e-01 1.053093842551281e-02 -2.291353309288615e-02
1.210423050155544e-08 3.514874852707808e+04 0.000000000000000e+00 0.000000000000000e+00 6.700805205589681e-01 1.063001018120927e-02 -2.258200750602387e-02
1.210822714573566e-08 3.527596566249037e+04 0.000000000000000e+00 0.000000000000000e+00 6.732709774002156e-01 1.072378705862201e-02 -2.225834559810823e-02
1.211219257947844e-08 3.540218933882383e+04 0.000000000000000e+00 0.000000000000000e+00 6.764312256100975e-01 1.081260059860570e-02 -2.194205141361074e-02
1.211613929731898e-08 3.552781726948611e+04 0.000000000000000e+00 0.000000000000000e+00 6.795710585512804e-01 1.089692328096838e-02 -2.163197914242142e-02
1.212007922595611e-08 3.565322909309178e+04 0.000000000000000e+00 0.000000000000000e+00 6.826997333555946e-01 1.097715492897750e-02 -2.132706063158085e-02
1.212402763410393e-08 3.577891082790559e+04 0.000000000000000e+00 0.000000000000000e+00 6.858290567695919e-01 1.105370179005817e-02 -2.102600572921042e-02
1.212800082409161e-08 3.590538139318233e+04 0.000000000000000e+00 0.000000000000000e+00 6.889715307967835e-01 1.112692106970751e-02 -2.072749076844644e-02
1.213196341701227e-08 3.603151464333913e+04 0.000000000000000e+00 0.000000000000000e+00 6.920989160308172e-01 1.119622632525401e-02 -2.043403289351981e-02
1.213585083766846e-08 3.615525508600108e+04 0.000000000000000e+00 0.000000000000000e+00 6.951603298841130e-01 1.126068302010884e-02 -2.015009871742021e-02
1.213971007202850e-08 3.627809833099106e+04 0.000000000000000e+00 0.000000000000000e+00 6.981926296945653e-01 1.132125836552476e-02 -1.987192146865499e-02
1.214353730139093e-08 3.639992282526673e+04 0.000000000000000e+00 0.000000000000000e+00 7.011926431532017e-01 1.137801277776141e-02 -1.959950090179176e-02
1.214735601425840e-08 3.652147623108773e+04 0.000000000000000e+00 0.000000000000000e+00 7.041784774203335e-01 1.143137574961071e-02 -1.933092173389036e-02
1.215117545867036e-08 3.664305292269360e+04 0.000000000000000e+00 0.000000000000000e+00 7.071569710617340e-01 1.148151037348697e-02 -1.906533597770979e-02
1.215501059910226e-08 3.676512923413113e+04 0.000000000000000e+00 0.000000000000000e+00 7.101392869500326e-01 1.152861294430305e-02 -1.880154254153076e-02
1.215887098766301e-08 3.688800921847085e+04 0.000000000000000e+00 0.000000000000000e+00 7.131322427467861e-01 1.157277127305064e-02 -1.853876150496643e-02
1.216276616863819e-08 3.701199667975857e+04 0.000000000000000e+00 0.000000000000000e+00 7.161425188672530e-01 1.161404537747054e-02 -1.827625427455922e-02
1.216671298416121e-08 3.713762771975059e+04 0.000000000000000e+00 0.000000000000000e+00 7.191822417359750e-01 1.165253743787119e-02 -1.801284041752891e-02
1.217070644689878e-08 3.726474358669796e+04 0.000000000000000e+00 0.000000000000000e+00 7.222466208680320e-01 1.168811779399176e-02 -1.774883580385228e-02
1.217467463643527e-08 3.739105498266956e+04 0.000000000000000e+00 0.000000000000000e+00 7.252799694714470e-01 1.172017459692012e-02 -1.748892378279862e-02
1.217862674065747e-08 3.751685436718518e+04 0.000000000000000e+00 0.000000000000000e+00 7.282889066527837e-01 1.174888209585080e-02 -1.723240651925850e-02
1.218255365059475e-08 3.764185179270410e+04 0.000000000000000e+00 0.000000000000000e+00 7.312661227774033e-01 1.177426917957764e-02 -1.697979946427077e-02
1.218646122642092e-08 3.776623379435229e+04 0.000000000000000e+00 0.000000000000000e+00 7.342156753024166e-01 1.179646076806270e-02 -1.673066781153112e-02
1.219033720159082e-08 3.788960991587057e+04 0.000000000000000e+00 0.000000000000000e+00 7.371280089396525e-01 1.181547035431449e-02 -1.648574714935652e-02
1.219413690011076e-08 3.801055807621209e+04 0.000000000000000e+00 0.000000000000000e+00 7.399696702507406e-01 1.183121786976129e-02 -1.624778249371163e-02
1.219788358280845e-08 3.812981869051880e+04 0.000000000000000e+00 0.000000000000000e+00 7.427582023077889e-01 1.184394749680600e-02 -1.601524467903945e-02
1.220157193673688e-08 3.824722264243527e+04 0.000000000000000e+00 0.000000000000000e+00 7.454898104061035e-01 1.185376593262960e-02 -1.578841790219011e-02
1.220524448401168e-08 3.836412345293986e+04 0.000000000000000e+00 0.000000000000000e+00 7.481959020209283e-01 1.186086642415147e-02 -1.556468822231121e-02
1.220892760629410e-08 3.848136087639163e+04 0.000000000000000e+00 0.000000000000000e+00 7.508955149385700e-01 1.186530855278956e-02 -1.534251555749060e-02
1.221266093134907e-08 3.860019630372510e+04 0.000000000000000e+00 0.000000000000000e+00 7.536169164572761e-01 1.186707828778983e-02 -1.511964394626058e-02
1.221634443126312e-08 3.871744574756505e+04 0.000000000000000e+00 0.000000000000000e+00 7.562870982381594e-01 1.186614316974370e-02 -1.490211548941433e-02
1.222006969562852e-08 3.883602459518053e+04 0.000000000000000e+00 0.000000000000000e+00 7.589721100127002e-01 1.186248792016894e-02 -1.468459931883201e-02
1.222384430226243e-08 3.895617405598348e+04 0.000000000000000e+00 0.000000000000000e+00 7.616766168504097e-01 1.185600570100554e-02 -1.446682089097879e-02
1.222767203843289e-08 3.907801468245965e+04 0.000000000000000e+00 0.000000000000000e+00 7.644024916210371e-01 1.184657412046291e-02 -1.424874782046149e-02
1.223157469973333e-08 3.920224024989506e+04 0.000000000000000e+00 0.000000000000000e+00 7.671642215319562e-01 1.183399187801789e-02 -1.402936477637105e-02
1.223539363173088e-08 3.932380063084359e+04 0.000000000000000e+00 0.000000000000000e+00 7.698497913624902e-01 1.181879557138063e-02 -1.381765647223067e-02
1.223920812333647e-08 3.944521966972589e+04 0.000000000000000e+00 0.000000000000000e+00 7.725153461877828e-01 1.180077923432879e-02 -1.360922433984410e-02
1.224302927014346e-08 3.956685055024840e+04 0.000000000000000e+00 0.000000000000000e+00 7.751685266010443e-01 1.177991718841294e-02 -1.340355668877924e-02
1.224690613487995e-08 3.969025498755075e+04 0.000000000000000e+00 0.000000000000000e+00 7.778428107013154e-01 1.175591936931361e-02 -1.319818404150404e-02
1.225065458824465e-08 3.980957196393886e+04 0.000000000000000e+00 0.000000000000000e+00 7.804119433232958e-01 1.173008293725469e-02 -1.300283531818707e-02
1.225435741988711e-08 3.992743675580587e+04 0.000000000000000e+00 0.000000000000000e+00 7.829336515547505e-01 1.170209573913440e-02 -1.281304722745345e-02
1.225797941860701e-08 4.004272855583474e+04 0.000000000000000e+00 0.000000000000000e+00 7.853847782370089e-01 1.167244123298380e-02 -1.263050579360281e-02
1.226155770482839e-08 4.015662894382086e+04 0.000000000000000e+00 0.000000000000000e+00 7.877911185606843e-01 1.164102861908761e-02 -1.245320985546076e-02
1.226510908313173e-08 4.026967282617411e+04 0.000000000000000e+00 0.000000000000000e+00 7.901643118289299e-01 1.160787821010607e-02 -1.228024458711083e-02
1.226866350820915e-08 4.038281369035843e+04 0.000000000000000e+00 0.000000000000000e+00 7.925243817991754e-01 1.157284552436653e-02 -1.211011237834001e-02
1.227214572601438e-08 4.049365612568321e+04 0.000000000000000e+00 0.000000000000000e+00 7.948218185599272e-01 1.153685415862245e-02 -1.194630110937996e-02
1.227560411972735e-08 4.060374021659857e+04 0.000000000000000e+00 0.000000000000000e+00 7.970889834902161e-01 1.149960417123205e-02 -1.178639008690590e-02
1.227903902455991e-08 4.071307663322913e+04 0.000000000000000e+00 0.000000000000000e+00 7.993262827860724e-01 1.146126677615044e-02 -1.163027198865792e-02
1.228247992134498e-08 4.082260377963176e+04 0.000000000000000e+00 0.000000000000000e+00 8.015528678282993e-01 1.142168020890037e-02 -1.147655225333385e-02
1.228594526688617e-08 4.093290915411210e+04 0.000000000000000e+00 0.000000000000000e+00 8.037803309518656e-01 1.138079224598130e-02 -1.132440823507825e-02
1.228946229688563e-08 4.104485969599546e+04 0.000000000000000e+00 0.000000000000000e+00 8.060255040831455e-01 1.133844770803121e-02 -1.117270168745186e-02
1.229305679146101e-08 4.115927601191311e+04 0.000000000000000e+00 0.000000000000000e+00 8.083037917173848e-01 1.129452222166255e-02 -1.102044088076473e-02
1.229672099013335e-08 4.127591107814802e+04 0.000000000000000e+00 0.000000000000000e+00 8.106091129941236e-01 1.124934486267830e-02 -1.086809201972488e-02
1.230046161295765e-08 4.139497880069380e+04 0.000000000000000e+00 0.000000000000000e+00 8.129444809019346e-01 1.120312912392712e-02 -1.071550276799889e-02
1.230429767458975e-08 4.151708443484445e+04 0.000000000000000e+00 0.000000000000000e+00 8.153202916471480e-01 1.115600807038463e-02 -1.056202891975173e-02
1.230799742653888e-08 4.163485119702827e+04 0.000000000000000e+00 0.000000000000000e+00 8.175934859103506e-01 1.111122178397293e-02 -1.041676937206663e-02
1.231165898777049e-08 4.175140231091696e+04 0.000000000000000e+00 0.000000000000000e+00 8.198253345692652e-01 1.106791983458537e-02 -1.027552900111220e-02
1.231523758384044e-08 4.186531256168931e+04 0.000000000000000e+00 0.000000000000000e+00 8.219892928855507e-01 1.102694986166904e-02 -1.013969938895050e-02
1.231877513027218e-08 4.197791616189517e+04 0.000000000000000e+00 0.000000000000000e+00 8.241113396355104e-01 1.098810148525966e-02 -1.000731817902862e-02
1.232225334350668e-08 4.208863112777477e+04 0.000000000000000e+00 0.000000000000000e+00 8.261810313535933e-01 1.095180857919209e-02 -9.878686326102599e-03
1.232568159404448e-08 4.219775573162427e+04 0.000000000000000e+00 0.000000000000000e+00 8.282044930930345e-01 1.091814019178112e-02 -9.753056483542718e-03
1.232910160148486e-08 4.230661794953406e+04 0.000000000000000e+00 0.000000000000000e+00 8.302064826136805e-01 1.088684164074652e-02 -9.628525779958074e-03
1.233246927611071e-08 4.241381436221976e+04 0.000000000000000e+00 0.000000000000000e+00 8.321614568802336e-01 1.085841751957369e-02 -9.506336152666911e-03
1.233584408783673e-08 4.252123795585983e+04 0.000000000000000e+00 0.000000000000000e+00 8.341039800437986e-01 1.083243340514813e-02 -9.384003765655407e-03
1.233925619602426e-08 4.262984873274169e+04 0.000000000000000e+00 0.000000000000000e+00 8.360508287549474e-01 1.080878992645601e-02 -9.260144362278726e-03
1.234266350013083e-08 4.273830659097744e+04 0.000000000000000e+00 0.000000000000000e+00 8.379775922624029e-01 1.078787592968034e-02 -9.136027135563673e-03
1.234604889774216e-08 4.284606714381226e+04 0.000000000000000e+00 0.000000000000000e+00 8.398746633010367e-01 1.076980349292083e-02 -9.012074282438920e-03
1.234941280109589e-08 4.295314351317831e+04 0.000000000000000e+00 0.000000000000000e+00 8.417424734054048e-01 1.075453994910750e-02 -8.888123581771278e-03
1.235273453337405e-08 4.305887753551769e+04 0.000000000000000e+00 0.000000000000000e+00 8.435699507041715e-01 1.074210715212068e-02 -8.764837220269555e-03
1.235602161305911e-08 4.316350853156066e+04 0.000000000000000e+00 0.000000000000000e+00 8.453617365563594e-01 1.073236691656575e-02 -8.641876419985633e-03
1.235932222897500e-08 4.326857039921298e+04 0.000000000000000e+00 0.000000000000000e+00 8.471441567844227e-01 1.072510290764193e-02 -8.517380347675288e-03
1.236264771090841e-08 4.337442377678584e+04 0.000000000000000e+00 0.000000000000000e+00 8.489229981978017e-01 1.072025110917448e-02 -8.390850275574315e-03
1.236594015002610e-08 4.347922536886788e+04 0.000000000000000e+00 0.000000000000000e+00 8.506674197722641e-01 1.071776984191654e-02 -8.264453880923452e-03
1.236924466177041e-08 4.358441124459015e+04 0.000000000000000e+00 0.000000000000000e+00 8.524014808284855e-01 1.071744732091023e-02 -8.136453858996678e-03
1.237254371250322e-08 4.368942329091788e+04 0.000000000000000e+00 0.000000000000000e+00 8.541160161241202e-01 1.071910782614549e-02 -8.007523295902144e-03
1.237585255887935e-08 4.379474714225622e+04 0.000000000000000e+00 0.000000000000000e+00 8.558190024156715e-01 1.072255441756984e-02 -7.877080929978875e-03
1.237918327343037e-08 4.390076707922076e+04 0.000000000000000e+00 0.000000000000000e+00 8.575165215308576e-01 1.072759968109943e-02 -7.744668934638497e-03
1.238256115870499e-08 4.400828850695142e+04 0.000000000000000e+00 0.000000000000000e+00 8.592210647119544e-01 1.073409224173099e-02 -7.609299139656713e-03
1.238595496167785e-08 4.411631661075373e+04 0.000000000000000e+00 0.000000000000000e+00 8.609165833732534e-01 1.074176987873281e-02 -7.472258035261622e-03
1.238941427448021e-08 4.422642995719289e+04 0.000000000000000e+00 0.000000000000000e+00 8.626273741698356e-01 1.075054232370179e-02 -7.331590725320582e-03
1.239295564941553e-08 4.433915542245258e+04 0.000000000000000e+00 0.000000000000000e+00 8.643606816103661e-01 1.076026952654024e-02 -7.186658348969354e-03
1.239660905873806e-08 4.445544705301632e+04 0.000000000000000e+00 0.000000000000000e+00 8.661298602747682e-01 1.077085382903696e-02 -7.036271557296670e-03
1.240028640767458e-08 4.457250070516056e+04 0.000000000000000e+00 0.000000000000000e+00 8.678915098866551e-01 1.078184835393525e-02 -6.884124316291674e-03
1.240396000454091e-08 4.468943492520117e+04 0.000000000000000e+00 0.000000000000000e+00 8.696324639739647e-01 1.079298016170981e-02 -6.731478041033679e-03
1.240762685574907e-08 4.480615442427337e+04 0.000000000000000e+00 0.000000000000000e+00 8.713515869955643e-01 1.080408394977286e-02 -6.578573534933497e-03
1.241130172968835e-08 4.492312929480855e+04 0.000000000000000e+00 0.000000000000000e+00 8.730559421979801e-01 1.081508543527220e-02 -6.424890092877405e-03
1.241500319632726e-08 4.504095063726294e+04 0.000000000000000e+00 0.000000000000000e+00 8.747539912561126e-01 1.082594894890337e-02 -6.269714089574686e-03
1.241858793092126e-08 4.515505628332461e+04 0.000000000000000e+00 0.000000000000000e+00 8.763809020508961e-01 1.083619682674195e-02 -6.119095887421300e-03
1.242199629457310e-08 4.526354786793364e+04 0.000000000000000e+00 0.000000000000000e+00 8.779118629358201e-01 1.084563721315497e-02 -5.975592875935284e-03
1.242531415284856e-08 4.536915857693706e+04 0.000000000000000e+00 0.000000000000000e+00 8.793872629528768e-01 1.085448937087644e-02 -5.835633151526512e-03
1.242856016249914e-08 4.547248227317975e+04 0.000000000000000e+00 0.000000000000000e+00 8.808164922363007e-01 1.086277244811582e-02 -5.698453687290343e-03
1.243178802025440e-08 4.557522817664931e+04 0.000000000000000e+00 0.000000000000000e+00 8.822237541592302e-01 1.087057951612265e-02 -5.561810397834385e-03
1.243498914241187e-08 4.567712305960962e+04 0.000000000000000e+00 0.000000000000000e+00 8.836056167966533e-01 1.087783564645508e-02 -5.426096379046745e-03
1.243820022991990e-08 4.577933514953058e+04 0.000000000000000e+00 0.000000000000000e+00 8.849780160402172e-01 1.088456032940943e-02 -5.289803730218235e-03
1.244137371462009e-08 4.588035030490292e+04 0.000000000000000e+00 0.000000000000000e+00 8.863208534142981e-01 1.089059226621142e-02 -5.155015602859446e-03
1.244454289723946e-08 4.598122852078954e+04 0.000000000000000e+00 0.000000000000000e+00 8.876484805679140e-01 1.089593769583734e-02 -5.020408793912020e-03
1.244773309969857e-08 4.608277581895596e+04 0.000000000000000e+00 0.000000000000000e+00 8.889713948787376e-01 1.090056621755123e-02 -4.885020075315665e-03
1.245097329882121e-08 4.618591456034983e+04 0.000000000000000e+00 0.000000000000000e+00 8.903011481530314e-01 1.090443011816705e-02 -4.747761696954241e-03
1.245424181753097e-08 4.628995474219909e+04 0.000000000000000e+00 0.000000000000000e+00 8.916283675401888e-01 1.090741555420897e-02 -4.609720099775168e-03
1.245749112463241e-08 4.639338339956286e+04 0.000000000000000e+00 0.000000000000000e+00 8.929337466830032e-01 1.090942886319394e-02 -4.473077494654136e-03
1.246076181291755e-08 4.649749264114113e+04 0.000000000000000e+00 0.000000000000000e+00 8.942335666713047e-01 1.091045955978183e-02 -4.336317701666835e-03
1.246405277991695e-08 4.660224737424275e+04 0.000000000000000e+00 0.000000000000000e+00 8.955271376813635e-01 1.091046404546810e-02 -4.199698131247891e-03
1.246738649302557e-08 4.670836275826006e+04 0.000000000000000e+00 0.000000000000000e+00 8.968228867127322e-01 1.090939756414654e-02 -4.062522342072301e-03
1.247077370116137e-08 4.681618094187885e+04 0.000000000000000e+00 0.000000000000000e+00 8.981243823687831e-01 1.090720301154906e-02 -3.924619943520192e-03
1.247423013858286e-08 4.692620276210245e+04 0.000000000000000e+00 0.000000000000000e+00 8.994368855220304e-01 1.090381107341195e-02 -3.785666082345553e-03
1.247757473436330e-08 4.703266455232261e+04 0.000000000000000e+00 0.000000000000000e+00 9.006921293663308e-01 1.089943060649137e-02 -3.653126966986137e-03
1.248093131865768e-08 4.713950794879363e+04 0.000000000000000e+00 0.000000000000000e+00 9.019372441702271e-01 1.089397491167705e-02 -3.522249018233556e-03
1.248432559150469e-08 4.724755100915460e+04 0.000000000000000e+00 0.000000000000000e+00 9.031814991993479e-01 1.088742315424705e-02 -3.392315215449109e-03
1.248781268290479e-08 4.735854857582240e+04 0.000000000000000e+00 0.000000000000000e+00 9.044442857936331e-01 1.087968171497850e-02 -3.261609499390306e-03
1.249122053219334e-08 4.746702378773919e+04 0.000000000000000e+00 0.000000000000000e+00 9.056634201255154e-01 1.087122432991191e-02 -3.136829540719501e-03
1.249465575770332e-08 4.757637041184894e+04 0.000000000000000e+00 0.000000000000000e+00 9.068774017402609e-01 1.086194038635250e-02 -3.014244544816670e-03
1.249809267105271e-08 4.768577076155580e+04 0.000000000000000e+00 0.000000000000000e+00 9.080770516106134e-01 1.085205235633070e-02 -2.895026145845061e-03
1.250154707005694e-08 4.779572769694297e+04 0.000000000000000e+00 0.000000000000000e+00 9.092678059856977e-01 1.084170312084433e-02 -2.778851620177556e-03
1.250494864793982e-08 4.790400328381741e+04 0.000000000000000e+00 0.000000000000000e+00 9.104257484445785e-01 1.083131771624827e-02 -2.668189962906199e-03
1.250832358231771e-08 4.801143078158785e+04 0.000000000000000e+00 0.000000000000000e+00 9.115603095052911e-01 1.082104014032994e-02 -2.562193515781760e-03
1.251164196668806e-08 4.811705823671171e+04 0.000000000000000e+00 0.000000000000000e+00 9.126619902216554e-01 1.081117150939751e-02 -2.461761168038475e-03
1.251491855677558e-08 4.822135533849475e+04 0.000000000000000e+00 0.000000000000000e+00 9.137362911711906e-01 1.080185807727420e-02 -2.366353997809586e-03
1.251815814137900e-08 4.832447451913438e+04 0.000000000000000e+00 0.000000000000000e+00 9.147852520120542e-01 1.079325576997027e-02 -2.275749756042199e-03
1.252137951844765e-08 4.842701413594204e+04 0.000000000000000e+00 0.000000000000000e+00 9.158152660127694e-01 1.078546896934314e-02 -2.189362465220940e-03
1.252460114735514e-08 4.852956176902917e+04 0.000000000000000e+00 0.000000000000000e+00 9.168323110966805e-01 1.077860264939661e-02 -2.106684514899250e-03
1.252784633475491e-08 4.863285929221565e+04 0.000000000000000e+00 0.000000000000000e+00 9.178435639409713e-01 1.077276376653193e-02 -2.027161257983358e-03
1.253113958061807e-08 4.873768656380333e+04 0.000000000000000e+00 0.000000000000000e+00 9.188561871028228e-01 1.076808669364799e-02 -1.950300737900940e-03
1.253441653280655e-08 4.884199519161780e+04 0.000000000000000e+00 0.000000000000000e+00 9.198502329543078e-01 1.076481784068194e-02 -1.877617888993522e-03
1.253772319224947e-08 4.894724943071040e+04 0.000000000000000e+00 0.000000000000000e+00 9.208395678774129e-01 1.076306264853763e-02 -1.808055876464153e-03
1.254105660037818e-08 4.905335510691586e+04 0.000000000000000e+00 0.000000000000000e+00 9.218230077905866e-01 1.076301031917703e-02 -1.741687070454855e-03
1.254443280515456e-08 4.916082304272596e+04 0.000000000000000e+00 0.000000000000000e+00 9.228049369445339e-01 1.076487029462404e-02 -1.678201373129723e-03
1.254772956969644e-08 4.926576231733622e+04 0.000000000000000e+00 0.000000000000000e+00 9.237502454210413e-01 1.076868756874719e-02 -1.619711107090701e-03
1.255100495166604e-08 4.937002096353136e+04 0.000000000000000e+00 0.000000000000000e+00 9.246763556015769e-01 1.077457058834530e-02 -1.564907490480574e-03
1.255423767871942e-08 4.947292186157367e+04 0.000000000000000e+00 0.000000000000000e+00 9.255778667126854e-01 1.078252744960764e-02 -1.513928896756239e-03
1.255745495132088e-08 4.957533082913302e+04 0.000000000000000e+00 0.000000000000000e+00 9.264629361717805e-01 1.079265323974270e-02 -1.466147724264232e-03
1.256066627267782e-08 4.967755036269567e+04 0.000000000000000e+00 0.000000000000000e+00 9.273345615257870e-01 1.080502176068320e-02 -1.421279482372628e-03
1.256389593954846e-08 4.978035385209611e+04 0.000000000000000e+00 0.000000000000000e+00 9.281995362648289e-01 1.081979286225124e-02 -1.378886165889415e-03
1.256713464728271e-08 4.988344512112341e+04 0.000000000000000e+00 0.000000000000000e+00 9.290555081573715e-01 1.083699860061187e-02 -1.339003010940720e-03
1.257032856853882e-08 4.998511079227457e+04 0.000000000000000e+00 0.000000000000000e+00 9.298887374094897e-01 1.085635345738814e-02 -1.302121384640021e-03
1.257353285876509e-08 5.008710651799713e+04 0.000000000000000e+00 0.000000000000000e+00 9.307140167067673e-01 1.087819627924282e-02 -1.267433356992338e-03
1.257675068212101e-08 5.018953301661536e+04 0.000000000000000e+00 0.000000000000000e+00 9.315322744545455e-01 1.090261806898024e-02 -1.234784588481453e-03
1.258001527247891e-08 5.029344815514129e+04 0.000000000000000e+00 0.000000000000000e+00 9.323518682480416e-01 1.092998565033941e-02 -1.203741036317916e-03
1.258334653384039e-08 5.039948549762335e+04 0.000000000000000e+00 0.000000000000000e+00 9.331774393156536e-01 1.096064705160202e-02 -1.174048231651658e-03
1.258677485292397e-08 5.050861228335303e+04 0.000000000000000e+00 0.000000000000000e+00 9.340159059656935e-01 1.099513334703992e-02 -1.145392692840675e-03
1.259025431509297e-08 5.061936700405264e+04 0.000000000000000e+00 0.000000000000000e+00 9.348555385915736e-01 1.103322002036016e-02 -1.118075721866335e-03
1.259370095538055e-08 5.072907697181815e+04 0.000000000000000e+00 0.000000000000000e+00 9.356762312675850e-01 1.107405402002807e-02 -1.092560726424686e-03
1.259721785296705e-08 5.084102329886599e+04 0.000000000000000e+00 0.000000000000000e+00 9.365025029710345e-01 1.111895232368210e-02 -1.067900194436301e-03
1.260062101122536e-08 5.094934919065291e+04 0.000000000000000e+00 0.000000000000000e+00 9.372916159833999e-01 1.116552885140870e-02 -1.045135022696935e-03
1.260401861069348e-08 5.105749814065226e+04 0.000000000000000e+00 0.000000000000000e+00 9.380693480747839e-01 1.121511999615805e-02 -1.023271654690896e-03
1.260740115839247e-08 5.116516797795997e+04 0.000000000000000e+00 0.000000000000000e+00 9.388338126124263e-01 1.126755721675142e-02 -1.002134175500968e-03
1.261077004220021e-08 5.127240288010092e+04 0.000000000000000e+00 0.000000000000000e+00 9.395856364096081e-01 1.132280368799853e-02 -9.814657098016679e-04
1.261413800363169e-08 5.137960842209348e+04 0.000000000000000e+00 0.000000000000000e+00 9.403279046780331e-01 1.138101110728964e-02 -9.609325600707936e-04
1.261752739223783e-08 5.148749601223863e+04 0.000000000000000e+00 0.000000000000000e+00 9.410656290302263e-01 1.144253571767375e-02 -9.401304324982295e-04
1.262095242061395e-08 5.159651805149653e+04 0.000000000000000e+00 0.000000000000000e+00 9.418018392575387e-01 1.150763053781932e-02 -9.186799849742807e-04
1.262442826660690e-08 5.170715766573732e+04 0.000000000000000e+00 0.000000000000000e+00 9.425396121483741e-01 1.157659050593712e-02 -8.961615464185803e-04
1.262796644871718e-08 5.181978150021961e+04 0.000000000000000e+00 0.000000000000000e+00 9.432810982700628e-01 1.164965283606647e-02 -8.721368850456428e-04
1.263157895667203e-08 5.193477119981430e+04 0.000000000000000e+00 0.000000000000000e+00 9.440284186590415e-01 1.172706576772023e-02 -8.461188014123986e-04
1.263528034155247e-08 5.205258993981553e+04 0.000000000000000e+00 0.000000000000000e+00 9.447840819635093e-01 1.180913015976319e-02 -8.175498911154884e-04
1.263906718605429e-08 5.217312894405271e+04 0.000000000000000e+00 0.000000000000000e+00 9.455468536179855e-01 1.189572294337341e-02 -7.859687753791374e-04
1.264287976762294e-08 5.229448718457088e+04 0.000000000000000e+00 0.000000000000000e+00 9.463044597035197e-01 1.198531865851235e-02 -7.514363537147557e-04
1.264675134478298e-08 5.241772331308744e+04 0.000000000000000e+00 0.000000000000000e+00 9.470633426564175e-01 1.207848257677932e-02 -7.132638139295470e-04
1.265054432505002e-08 5.253845762479734e+04 0.000000000000000e+00 0.000000000000000e+00 9.477968710114419e-01 1.217158097444616e-02 -6.725770154233874e-04
1.265430875797590e-08 5.265828324641557e+04 0.000000000000000e+00 0.000000000000000e+00 9.485153194609538e-01 1.226547810774059e-02 -6.287883917494950e-04
1.265804156045434e-08 5.277710203962158e+04 0.000000000000000e+00 0.000000000000000e+00 9.492185192044896e-01 1.235978574837862e-02 -5.818670685059146e-04
1.266178046997609e-08 5.289611522605342e+04 0.000000000000000e+00 0.000000000000000e+00 9.499138403494783e-01 1.245518295745348e-02 -5.312635558251009e-04
1.266550496944194e-08 5.301466972616019e+04 0.000000000000000e+00 0.000000000000000e+00 9.505976742466806e-01 1.255088871952350e-02 -4.771785845545506e-04
1.266916851560779e-08 5.313128402246832e+04 0.000000000000000e+00 0.000000000000000e+00 9.512619041578592e-01 1.264544420341955e-02 -4.203279407028943e-04
1.267281311834023e-08 5.324729533056289e+04 0.000000000000000e+00 0.000000000000000e+00 9.519145165602325e-01 1.273968931687490e-02 -3.601247699170864e-04
1.267642375908561e-08 5.336222559503440e+04 0.000000000000000e+00 0.000000000000000e+00 9.525530810524148e-01 1.283300031435462e-02 -2.968441747045680e-04
1.268001773198974e-08 5.347662530564052e+04 0.000000000000000e+00 0.000000000000000e+00 9.531808556417926e-01 1.292559397251586e-02 -2.302134802685067e-04
1.268360141888137e-08 5.359069760229972e+04 0.000000000000000e+00 0.000000000000000e+00 9.537990440624522e-01 1.301740323752402e-02 -1.601136551532418e-04
1.268718410258422e-08 5.370473796646830e+04 0.000000000000000e+00 0.000000000000000e+00 9.544092526297281e-01 1.310843306232326e-02 -8.634806780693726e-05
1.269070217055522e-08 5.381672154801184e+04 0.000000000000000e+00 0.000000000000000e+00 9.550008319880460e-01 1.319686087723064e-02 -1.030579696324030e-05
1.269419168493523e-08 5.392779624052565e+04 0.000000000000000e+00 0.000000000000000e+00 9.555800678665731e-01 1.328343120509181e-02 6.864305400128745e-05
1.269764810216572e-08 5.403781741804969e+04 0.000000000000000e+00 0.000000000000000e+00 9.561463315558094e-01 1.336788927851691e-02 1.502728935769984e-04
1.270109369113548e-08 5.414749392132972e+04 0.000000000000000e+00 0.000000000000000e+00 9.567033296526097e-01 1.345067042942232e-02 2.349843302563133e-04
1.270454283605738e-08 5.425728361408208e+04 0.000000000000000e+00 0.000000000000000e+00 9.572533336012580e-01 1.353203446482254e-02 3.230320997910789e-04
1.270801862080964e-08 5.436792127897115e+04 0.000000000000000e+00 0.000000000000000e+00 9.577998506098849e-01 1.361246525149075e-02 4.149326211222182e-04
1.271154434970737e-08 5.448014871538636e+04 0.000000000000000e+00 0.000000000000000e+00 9.583462201872825e-01 1.369246190187311e-02 5.112710093691536e-04
1.271506418677712e-08 5.459218860909192e+04 0.000000000000000e+00 0.000000000000000e+00 9.588836060007263e-01 1.377078491900018e-02 6.104444280041273e-04
1.271859745656974e-08 5.470465607964671e+04 0.000000000000000e+00 0.000000000000000e+00 9.594148753829655e-01 1.384796301443276e-02 7.128796266805660e-04
1.272206373437315e-08 5.481499112895511e+04 0.000000000000000e+00 0.000000000000000e+00 9.599280930973236e-01 1.392238646307504e-02 8.160962823415604e-04
1.272549905068356e-08 5.492434064333215e+04 0.000000000000000e+00 0.000000000000000e+00 9.604288574495644e-01 1.399500069406051e-02 9.210095275285297e-04
1.272886124347991e-08 5.503136256396582e+04 0.000000000000000e+00 0.000000000000000e+00 9.609113204498840e-01 1.406504921978195e-02 1.026227951680346e-03
1.273214314370234e-08 5.513582869259237e+04 0.000000000000000e+00 0.000000000000000e+00 9.613748998988652e-01 1.413249514305574e-02 1.131410774522014e-03
1.273538609780995e-08 5.523905512788170e+04 0.000000000000000e+00 0.000000000000000e+00 9.618257496141439e-01 1.419824030284626e-02 1.237832929008633e-03
1.273860965119452e-08 5.534166401897683e+04 0.000000000000000e+00 0.000000000000000e+00 9.622667083344948e-01 1.426266276544234e-02 1.346173630471791e-03
1.274176739851037e-08 5.544217823784715e+04 0.000000000000000e+00 0.000000000000000e+00 9.626916705599657e-01 1.432478928472498e-02 1.454885883105262e-03
1.274491117913854e-08 5.554224788324120e+04 0.000000000000000e+00 0.000000000000000e+00 9.631078252468180e-01 1.438557282633058e-02 1.565759354343575e-03
1.274804886942561e-08 5.564212366705685e+04 0.000000000000000e+00 0.000000000000000e+00 9.635162603053316e-01 1.444504664256863e-02 1.679139407538864e-03
1.275121362831074e-08 5.574286107110947e+04 0.000000000000000e+00 0.000000000000000e+00 9.639212157610852e-01 1.450368105263893e-02 1.796324856805445e-03
1.275434448039039e-08 5.584251918802247e+04 0.000000000000000e+00 0.000000000000000e+00 9.643149531530339e-01 1.456018904984153e-02 1.915101630727378e-03
1.275753531743126e-08 5.594408668555358e+04 0.000000000000000e+00 0.000000000000000e+00 9.647092169236278e-01 1.461608740342199e-02 2.039082137730065e-03
1.276079182339553e-08 5.604774448983814e+04 0.000000000000000e+00 0.000000000000000e+00 9.651043610487675e-01 1.467120116826626e-02 2.168650342910404e-03
1.276412223084113e-08 5.615375465133342e+04 0.000000000000000e+00 0.000000000000000e+00 9.655010088022506e-01 1.472536463931635e-02 2.304283858561853e-03
1.276749893937652e-08 5.626123862229106e+04 0.000000000000000e+00 0.000000000000000e+00 9.658955910817764e-01 1.477782702859070e-02 2.444948158559896e-03
1.277097767122591e-08 5.637197009619524e+04 0.000000000000000e+00 0.000000000000000e+00 9.662942357146632e-01 1.482911637985099e-02 2.593049850149248e-03
1.277446681507696e-08 5.648303299440590e+04 0.000000000000000e+00 0.000000000000000e+00 9.666862357320326e-01 1.487757244109055e-02 2.744698777234791e-03
1.277798810279944e-08 5.659511906382225e+04 0.000000000000000e+00 0.000000000000000e+00 9.670740377977834e-01 1.492329534391479e-02 2.900717418189015e-03
1.278155491197914e-08 5.670865412622526e+04 0.000000000000000e+00 0.000000000000000e+00 9.674590095690990e-01 1.496622821072682e-02 3.061597918093726e-03
1.278511774060693e-08 5.682206248372564e+04 0.000000000000000e+00 0.000000000000000e+00 9.678358418061368e-01 1.500561493994270e-02 3.224950225277903e-03
1.278866040577383e-08 5.693482901833206e+04 0.000000000000000e+00 0.000000000000000e+00 9.682030591101161e-01 1.504124668630870e-02 3.389793714601116e-03
1.279219809011075e-08 5.704743700819585e+04 0.000000000000000e+00 0.000000000000000e+00 9.685624609470300e-01 1.507328126717482e-02 3.556598131896422e-03
1.279573650609139e-08 5.716006828700288e+04 0.000000000000000e+00 0.000000000000000e+00 9.689147885800148e-01 1.510176769387910e-02 3.725423646996755e-03
1.279928276419065e-08 5.727294918819807e+04 0.000000000000000e+00 0.000000000000000e+00 9.692608740985711e-01 1.512675769271425e-02 3.896416715929805e-03
1.280283993731748e-08 5.738617752551180e+04 0.000000000000000e+00 0.000000000000000e+00 9.696011187454021e-01 1.514825911072410e-02 4.069544015707140e-03
1.280643358467349e-08 5.750056687359958e+04 0.000000000000000e+00 0.000000000000000e+00 9.699379909178248e-01 1.516637054565001e-02 4.245883492473323e-03
1.280999069516353e-08 5.761379321712226e+04 0.000000000000000e+00 0.000000000000000e+00 9.702648425903710e-01 1.518072086540039e-02 4.421661712367535e-03
1.281355033016114e-08 5.772709991821682e+04 0.000000000000000e+00 0.000000000000000e+00 9.705855346113247e-01 1.519151403874736e-02 4.598589711788816e-03
1.281710967634322e-08 5.784039742602759e+04 0.000000000000000e+00 0.000000000000000e+00 9.709000043299630e-01 1.519871452953521e-02 4.776322619961736e-03
1.282069273034050e-08 5.795444957703407e+04 0.000000000000000e+00 0.000000000000000e+00 9.712105122595458e-01 1.520230086522197e-02 4.955846081395860e-03
1.282431201795830e-08 5.806965508000281e+04 0.000000000000000e+00 0.000000000000000e+00 9.715182085894662e-01 1.520214630129466e-02 5.137565242697587e-03
1.282793108886231e-08 5.818485368475745e+04 0.000000000000000e+00 0.000000000000000e+00 9.718201437012753e-01 1.519813747219658e-02 5.319404908025952e-03
1.283156024164708e-08 5.830037320574376e+04 0.000000000000000e+00 0.000000000000000e+00 9.721173857947608e-01 1.519019363977084e-02 5.501613858602623e-03
1.283522345405109e-08 5.841697687808255e+04 0.000000000000000e+00 0.000000000000000e+00 9.724120322170565e-01 1.517814402688340e-02 5.685105838468397e-03
1.283894190019480e-08 5.853533869496095e+04 0.000000000000000e+00 0.000000000000000e+00 9.727058305986446e-01 1.516173575251406e-02 5.870617469400582e-03
1.284265609257820e-08 5.865356511044351e+04 0.000000000000000e+00 0.000000000000000e+00 9.729942330338047e-01 1.514112100283373e-02 6.054850943775508e-03
1.284634660940962e-08 5.877103790970039e+04 0.000000000000000e+00 0.000000000000000e+00 9.732760285801381e-01 1.511646191569745e-02 6.236538662444353e-03
1.284996341361610e-08 5.888616436323169e+04 0.000000000000000e+00 0.000000000000000e+00 9.735478071212015e-01 1.508828857968278e-02 6.412974946751364e-03
1.285349605898113e-08 5.899861195763871e+04 0.000000000000000e+00 0.000000000000000e+00 9.738092509909462e-01 1.505700373926339e-02 6.583487196172003e-03
1.285694365522727e-08 5.910835235451055e+04 0.000000000000000e+00 0.000000000000000e+00 9.740607269230036e-01 1.502296504453924e-02 6.747930486994378e-03
1.286031319360360e-08 5.921560809221643e+04 0.000000000000000e+00 0.000000000000000e+00 9.743031181943377e-01 1.498644383113633e-02 6.906584850622168e-03
1.286361971690719e-08 5.932085799785969e+04 0.000000000000000e+00 0.000000000000000e+00 9.745378065279031e-01 1.494757753492095e-02 7.060135237326945e-03
1.286687100689189e-08 5.942434977235756e+04 0.000000000000000e+00 0.000000000000000e+00 9.747655843576688e-01 1.490652878926940e-02 7.208942809053877e-03
1.287004938851230e-08 5.952552080154180e+04 0.000000000000000e+00 0.000000000000000e+00 9.749854519565498e-01 1.486376616869186e-02 7.352247487184858e-03
1.287317475467274e-08 5.962500429622299e+04 0.000000000000000e+00 0.000000000000000e+00 9.751989990306269e-01 1.481924867886593e-02 7.491020379572690e-03
1.287625814346843e-08 5.972315160988452e+04 0.000000000000000e+00 0.000000000000000e+00 9.754071458577314e-01 1.477299146801665e-02 7.625813885187807e-03
1.287927677279094e-08 5.981923756549261e+04 0.000000000000000e+00 0.000000000000000e+00 9.756085338987630e-01 1.472550720135617e-02 7.755718001758277e-03
1.288226967012041e-08 5.991450444632299e+04 0.000000000000000e+00 0.000000000000000e+00 9.758059087974188e-01 1.467633626065256e-02 7.882482282289806e-03
1.288526477035176e-08 6.000984144769771e+04 0.000000000000000e+00 0.000000000000000e+00 9.760011742590770e-01 1.462510446293087e-02 8.007290647260509e-03
1.288822884937587e-08 6.010419101337827e+04 0.000000000000000e+00 0.000000000000000e+00 9.761922381373043e-01 1.457247147984700e-02 8.128762988659517e-03
1.289119073263794e-08 6.019847068578222e+04 0.000000000000000e+00 0.000000000000000e+00 9.763810211335484e-01 1.451803791457090e-02 8.248082595352474e-03
1.289417291210652e-08 6.029339640650468e+04 0.000000000000000e+00 0.000000000000000e+00 9.765689596080458e-01 1.446146773432913e-02 8.366100076919555e-03
1.289720598096932e-08 6.038994198695513e+04 0.000000000000000e+00 0.000000000000000e+00 9.767579215831889e-01 1.440223112242852e-02 8.483909637416449e-03
1.290023740481530e-08 6.048643520489393e+04 0.000000000000000e+00 0.000000000000000e+00 9.769446094928647e-01 1.434143539586952e-02 8.599380140103750e-03
1.290327348306260e-08 6.058307657702831e+04 0.000000000000000e+00 0.000000000000000e+00 9.771294246577686e-01 1.427909610979678e-02 8.712715373878124e-03
1.290632141601996e-08 6.068009529630365e+04 0.000000000000000e+00 0.000000000000000e+00 9.773128044648108e-01 1.421520987316612e-02 8.824143106235156e-03
1.290939503030087e-08 6.077793147749663e+04 0.000000000000000e+00 0.000000000000000e+00 9.774955591400069e-01 1.414962797744380e-02 8.934118175001988e-03
1.291251067092474e-08 6.087710539873376e+04 0.000000000000000e+00 0.000000000000000e+00 9.776786115375342e-01 1.408213215209818e-02 9.043158214705050e-03
1.291566895601615e-08 6.097763673553215e+04 0.000000000000000e+00 0.000000000000000e+00 9.778619410875679e-01 1.401283033704694e-02 9.151220167567690e-03
1.291888454974082e-08 6.107999226278344e+04 0.000000000000000e+00 0.000000000000000e+00 9.780463330422197e-01 1.394151143439730e-02 9.258746853670554e-03
1.292211892634162e-08 6.118294566755116e+04 0.000000000000000e+00 0.000000000000000e+00 9.782295584316512e-01 1.386912682794436e-02 9.364444149648007e-03
1.292539958906252e-08 6.128737240528083e+04 0.000000000000000e+00 0.000000000000000e+00 9.784131683169286e-01 1.379514447794079e-02 9.469236928734656e-03
1.292866860634943e-08 6.139142845733385e+04 0.000000000000000e+00 0.000000000000000e+00 9.785939720571993e-01 1.372092086304008e-02 9.571351293985316e-03
1.293195186156369e-08 6.149593771669000e+04 0.000000000000000e+00 0.000000000000000e+00 9.787734809301671e-01 1.364590251364543e-02 9.671711703575061e-03
1.293527468274669e-08 6.160170639994712e+04 0.000000000000000e+00 0.000000000000000e+00 9.789531207277541e-01 1.356950245289752e-02 9.771159611852535e-03
1.293867346770208e-08 6.170989308517832e+04 0.000000000000000e+00 0.000000000000000e+00 9.791348542130700e-01 1.349083454472024e-02 9.870795004117151e-03
1.294209910897811e-08 6.181893463364623e+04 0.000000000000000e+00 0.000000000000000e+00 9.793160895542961e-01 1.341095300835143e-02 9.969201550621559e-03
1.294554772145965e-08 6.192870737829536e+04 0.000000000000000e+00 0.000000000000000e+00 9.794966999487827e-01 1.332986571694758e-02 1.006632768643909e-02
1.294904253887652e-08 6.203995087171523e+04 0.000000000000000e+00 0.000000000000000e+00 9.796779623047263e-01 1.324693119610031e-02 1.016285491900586e-02
1.295261707151153e-08 6.215373177933625e+04 0.000000000000000e+00 0.000000000000000e+00 9.798616291916860e-01 1.316123897692016e-02 1.025966910445678e-02
1.295629099010463e-08 6.227067624025794e+04 0.000000000000000e+00 0.000000000000000e+00 9.800486866257176e-01 1.307218610077739e-02 1.035719399350508e-02
1.295995890921666e-08 6.238742973176623e+04 0.000000000000000e+00 0.000000000000000e+00 9.802338164505682e-01 1.298223299078916e-02 1.045256059222132e-02
1.296368363891560e-08 6.250599156041973e+04 0.000000000000000e+00 0.000000000000000e+00 9.804202143448274e-01 1.288981735742996e-02 1.054732109330410e-02
1.296746286461993e-08 6.262628805080060e+04 0.000000000000000e+00 0.000000000000000e+00 9.806077388732415e-01 1.279498049398690e-02 1.064124489272068e-02
1.297133386709639e-08 6.274950588657045e+04 0.000000000000000e+00 0.000000000000000e+00 9.807981599911737e-01 1.269680723866630e-02 1.073500866146893e-02
1.297519732248994e-08 6.287248349122999e+04 0.000000000000000e+00 0.000000000000000e+00 9.809865552920248e-01 1.259788771895464e-02 1.082598036693995e-02
1.297916270692603e-08 6.299870559808279e+04 0.000000000000000e+00 0.000000000000000e+00 9.811781619699912e-01 1.249555689689383e-02 1.091646629203831e-02
1.298306563823420e-08 6.312293976013155e+04 0.000000000000000e+00 0.000000000000000e+00 9.813650175529256e-01 1.239419709048232e-02 1.100250482495004e-02
1.298699133780158e-08 6.324789865837980e+04 0.000000000000000e+00 0.000000000000000e+00 9.815511909178510e-01 1.229180063142702e-02 1.108586256132872e-02
1.299088020930163e-08 6.337168528283617e+04 0.000000000000000e+00 0.000000000000000e+00 9.817338673167305e-01 1.219009347193939e-02 1.116516855480399e-02
1.299473194644885e-08 6.349428988413056e+04 0.000000000000000e+00 0.000000000000000e+00 9.819130915375542e-01 1.208925354716468e-02 1.124042741223319e-02
1.299856426680405e-08 6.361627642973875e+04 0.000000000000000e+00 0.000000000000000e+00 9.820897518928539e-01 1.198896433915701e-02 1.131202033633342e-02
1.300240044917605e-08 6.373838590716010e+04 0.000000000000000e+00 0.000000000000000e+00 9.822649767497200e-01 1.188874153131355e-02 1.138040816552295e-02
1.300624217388556e-08 6.386067180266318e+04 0.000000000000000e+00 0.000000000000000e+00 9.824389025944290e-01 1.178864244903368e-02 1.144565280228605e-02
1.301004357681690e-08 6.398167421610455e+04 0.000000000000000e+00 0.000000000000000e+00 9.826095572488510e-01 1.168992966286966e-02 1.150709069891555e-02
1.301379102357047e-08 6.410095915106569e+04 0.000000000000000e+00 0.000000000000000e+00 9.827764598187440e-01 1.159299922418553e-02 1.156470137266939e-02
1.301749599618221e-08 6.421889209210113e+04 0.000000000000000e+00 0.000000000000000e+00 9.829402395600826e-01 1.149758024608868e-02 1.161886168448804e-02
1.302120131195032e-08 6.433683595614357e+04 0.000000000000000e+00 0.000000000000000e+00 9.831028623694972e-01 1.140259566559137e-02 1.167032925335457e-02
1.302487017156559e-08 6.445361938479957e+04 0.000000000000000e+00 0.000000000000000e+00 9.832627844185884e-01 1.130899569060312e-02 1.171870964881381e-02
1.302856465468231e-08 6.457121843483860e+04 0.000000000000000e+00 0.000000000000000e+00 9.834227442886165e-01 1.121521629770196e-02 1.176490177150806e-02
1.303230312128103e-08 6.469021752259276e+04 0.000000000000000e+00 0.000000000000000e+00 9.835835325483527e-01 1.112082040322216e-02 1.180912628702810e-02
1.303595896520935e-08 6.480658664906559e+04 0.000000000000000e+00 0.000000000000000e+00 9.837397630181893e-01 1.102899647217075e-02 1.184998021366105e-02
1.303962343600971e-08 6.492323037740432e+04 0.000000000000000e+00 0.000000000000000e+00 9.838953685343065e-01 1.093747106724418e-02 1.188860654952815e-02
1.304331939328823e-08 6.504087635147097e+04 0.000000000000000e+00 0.000000000000000e+00 9.840513142839504e-01 1.084571122188131e-02 1.192526236582562e-02
1.304703909323350e-08 6.515927807809238e+04 0.000000000000000e+00 0.000000000000000e+00 9.842072658942882e-01 1.075394951527348e-02 1.195988184576912e-02
1.305078232145067e-08 6.527842873286940e+04 0.000000000000000e+00 0.000000000000000e+00 9.843632080451744e-01 1.066222904888257e-02 1.199249396663175e-02
1.305459720642400e-08 6.539986029303583e+04 0.000000000000000e+00 0.000000000000000e+00 9.845211109148548e-01 1.056942061481621e-02 1.202352162297574e-02
1.305850960634325e-08 6.552439585033583e+04 0.000000000000000e+00 0.000000000000000e+00 9.846819808321888e-01 1.047495278564790e-02 1.205313237138563e-02
1.306244304877636e-08 6.564960121165529e+04 0.000000000000000e+00 0.000000000000000e+00 9.848426440125052e-01 1.038069212587057e-02 1.208076383004684e-02
1.306628302206866e-08 6.577183135781738e+04 0.000000000000000e+00 0.000000000000000e+00 9.849984759381702e-01 1.028933957220447e-02 1.210578708506117e-02
1.307007396305829e-08 6.589250075731131e+04 0.000000000000000e+00 0.000000000000000e+00 9.851513339968324e-01 1.019979930724040e-02 1.212871130922905e-02
1.307384117288411e-08 6.601241477040005e+04 0.000000000000000e+00 0.000000000000000e+00 9.853022686827988e-01 1.011145806786669e-02 1.214984762151785e-02
1.307746439315515e-08 6.612774545360947e+04 0.000000000000000e+00 0.000000000000000e+00 9.854465519524026e-01 1.002709039005413e-02 1.216872528331388e-02
1.308106716825630e-08 6.624242534684867e+04 0.000000000000000e+00 0.000000000000000e+00 9.855891576213370e-01 9.943822466786488e-03 1.218617233438644e-02
1.308465065621364e-08 6.635649131123291e+04 0.000000000000000e+00 0.000000000000000e+00 9.857301597611346e-01 9.861662639413267e-03 1.220229391149254e-02
1.308827677485059e-08 6.647191425229447e+04 0.000000000000000e+00 0.000000000000000e+00 9.858719939306538e-01 9.779270116995840e-03 1.221742671568735e-02
1.309184758327331e-08 6.658557661455646e+04 0.000000000000000e+00 0.000000000000000e+00 9.860108638769420e-01 9.698932476527197e-03 1.223122650081425e-02
1.309540595901094e-08 6.669884323216099e+04 0.000000000000000e+00 0.000000000000000e+00 9.861484686816456e-01 9.619754614305451e-03 1.224393662930564e-02
1.309895834603887e-08 6.681191922321510e+04 0.000000000000000e+00 0.000000000000000e+00 9.862850731921949e-01 9.541675373694302e-03 1.225562303453485e-02
1.310252969222637e-08 6.692559870306151e+04 0.000000000000000e+00 0.000000000000000e+00 9.864216339482821e-01 9.464238677912634e-03 1.226638697040467e-02
1.310613496212314e-08 6.704035800811181e+04 0.000000000000000e+00 0.000000000000000e+00 9.865587016918889e-01 9.387219698441489e-03 1.227626712211699e-02
1.310969893639947e-08 6.715380283273805e+04 0.000000000000000e+00 0.000000000000000e+00 9.866934196919810e-01 9.312270857926446e-03 1.228506684402982e-02
1.311327038016354e-08 6.726748541854334e+04 0.000000000000000e+00 0.000000000000000e+00 9.868276188013433e-01 9.238398805234992e-03 1.229291984289055e-02
1.311684564022210e-08 6.738128948077500e+04 0.000000000000000e+00 0.000000000000000e+00 9.869611337792683e-01 9.165714490763402e-03 1.229980670608102e-02
1.312045541371548e-08 6.749619213975761e+04 0.000000000000000e+00 0.000000000000000e+00 9.870950610449173e-01 9.093639902377821e-03 1.230575948196971e-02
1.312411861763012e-08 6.761279554187148e+04 0.000000000000000e+00 0.000000000000000e+00 9.872300262669933e-01 9.021866051347825e-03 1.231075859367398e-02
1.312774913440090e-08 6.772835847988090e+04 0.000000000000000e+00 0.000000000000000e+00 9.873628107242832e-01 8.952098061974079e-03 1.231466441343642e-02
1.313140991911418e-08 6.784488487642353e+04 0.000000000000000e+00 0.000000000000000e+00 9.874956513980000e-01 8.883149204098878e-03 1.231753925971605e-02
1.313503257619251e-08 6.796019763265218e+04 0.000000000000000e+00 0.000000000000000e+00 9.876260130122951e-01 8.816306533773674e-03 1.231933551071838e-02
1.313858930580808e-08 6.807341185256408e+04 0.000000000000000e+00 0.000000000000000e+00 9.877528764193686e-01 8.752022248216541e-03 1.232009871255018e-02
1.314209949546803e-08 6.818514465967836e+04 0.000000000000000e+00 0.000000000000000e+00 9.878769141606073e-01 8.689872678563816e-03 1.231990511658781e-02
1.314557252383221e-08 6.829569458600995e+04 0.000000000000000e+00 0.000000000000000e+00 9.879984311243492e-01 8.629618570489590e-03 1.231881912279649e-02
1.314903521366446e-08 6.840591542664912e+04 0.000000000000000e+00 0.000000000000000e+00 9.881183260989365e-01 8.570729601361016e-03 1.231688389989405e-02
1.315251774569361e-08 6.851676786403240e+04 0.000000000000000e+00 0.000000000000000e+00 9.882375820477518e-01 8.512646799153378e-03 1.231411017782783e-02
1.315606263589409e-08 6.862960522365702e+04 0.000000000000000e+00 0.000000000000000e+00 9.883575590914200e-01 8.454644757329927e-03 1.231046071706542e-02
1.315961427819756e-08 6.874265750939539e+04 0.000000000000000e+00 0.000000000000000e+00 9.884763103843808e-01 8.397595123281950e-03 1.230598553403494e-02
1.316324517747945e-08 6.885823262311178e+04 0.000000000000000e+00 0.000000000000000e+00 9.885961820110369e-01 8.340316562222023e-03 1.230057342861046e-02
1.316696313141736e-08 6.897657877259311e+04 0.000000000000000e+00 0.000000000000000e+00 9.887173219874252e-01 8.282694656257410e-03 1.229415653976039e-02
1.317074600462645e-08 6.909699136665645e+04 0.000000000000000e+00 0.000000000000000e+00 9.888389227204689e-01 8.225067710603410e-03 1.228671504179145e-02
1.317448140658334e-08 6.921589290383131e+04 0.000000000000000e+00 0.000000000000000e+00 9.889573911924676e-01 8.169075838025270e-03 1.227845688466962e-02
1.317823539756056e-08 6.933538614790044e+04 0.000000000000000e+00 0.000000000000000e+00 9.890748519228926e-01 8.113659675498503e-03 1.226924424478236e-02
1.318200370581493e-08 6.945533512505608e+04 0.000000000000000e+00 0.000000000000000e+00 9.891911646841219e-01 8.058821609417429e-03 1.225907794099176e-02
1.318582844092253e-08 6.957708022473431e+04 0.000000000000000e+00 0.000000000000000e+00 9.893075844750832e-01 8.003899536987234e-03 1.224782955057415e-02
1.318973929153672e-08 6.970156646612276e+04 0.000000000000000e+00 0.000000000000000e+00 9.894249139004886e-01 7.948430834773732e-03 1.223538052240613e-02
1.319370320596812e-08 6.982774178127282e+04 0.000000000000000e+00 0.000000000000000e+00 9.895420582098504e-01 7.892836739585516e-03 1.222181623345099e-02
1.319766844216853e-08 6.995395916963740e+04 0.000000000000000e+00 0.000000000000000e+00 9.896574372452900e-01 7.837779743873972e-03 1.220733456319233e-02
1.320158868509236e-08 7.007874437752686e+04 0.000000000000000e+00 0.000000000000000e+00 9.897697190693091e-01 7.783836230344727e-03 1.219216666885215e-02
1.320549959847465e-08 7.020323261688621e+04 0.000000000000000e+00 0.000000000000000e+00 9.898799448702014e-01 7.730476085062222e-03 1.217624537037717e-02
1.320940563032311e-08 7.032756547219754e+04 0.000000000000000e+00 0.000000000000000e+00 9.899882453812744e-01 7.677616969848714e-03 1.215961248745639e-02
1.321330023277871e-08 7.045153451863477e+04 0.000000000000000e+00 0.000000000000000e+00 9.900944574969239e-01 7.625333698388296e-03 1.214235636215488e-02
1.321710016207023e-08 7.057249002466383e+04 0.000000000000000e+00 0.000000000000000e+00 9.901964074223657e-01 7.574711465550111e-03 1.212492327755945e-02
1.322089165107384e-08 7.069317686798463e+04 0.000000000000000e+00 0.000000000000000e+00 9.902964893565737e-01 7.524593844213582e-03 1.210699022641751e-02
1.322469272190068e-08 7.081416871021120e+04 0.000000000000000e+00 0.000000000000000e+00 9.903952024593597e-01 7.474743075751351e-03 1.208851416654148e-02
1.322846306969456e-08 7.093418260792561e+04 0.000000000000000e+00 0.000000000000000e+00 9.904915462317547e-01 7.425678072527553e-03 1.206973063819924e-02
1.323227502604240e-08 7.105552094704752e+04 0.000000000000000e+00 0.000000000000000e+00 9.905873836268778e-01 7.376467872352584e-03 1.205030965467437e-02
1.323612723180263e-08 7.117814046475710e+04 0.000000000000000e+00 0.000000000000000e+00 9.906826585026579e-01 7.327143897476601e-03 1.203026956965789e-02
1.324008012545865e-08 7.130396497773151e+04 0.000000000000000e+00 0.000000000000000e+00 9.907787997862936e-01 7.276966549677912e-03 1.200929358009050e-02
1.324416462889193e-08 7.143397876002800e+04 0.000000000000000e+00 0.000000000000000e+00 9.908764382094131e-01 7.225593829629345e-03 1.198719304590836e-02
1.324833141126936e-08 7.156661156245896e+04 0.000000000000000e+00 0.000000000000000e+00 9.909742912399726e-01 7.173689004563708e-03 1.196420121485714e-02
1.325253778728963e-08 7.170050466968500e+04 0.000000000000000e+00 0.000000000000000e+00 9.910713092337223e-01 7.121816137329847e-03 1.194052212452570e-02
1.325666237538176e-08 7.183179438630118e+04 0.000000000000000e+00 0.000000000000000e+00 9.911647559080623e-01 7.071465893191861e-03 1.191682159251616e-02
1.326073828372707e-08 7.196153457845023e+04 0.000000000000000e+00 0.000000000000000e+00 9.912554797738149e-01 7.022231671589646e-03 1.189290315222779e-02
1.326475382647796e-08 7.208935327405024e+04 0.000000000000000e+00 0.000000000000000e+00 9.913433081472008e-01 6.974247875001661e-03 1.186882138876568e-02
1.326873198146932e-08 7.221598188030263e+04 0.000000000000000e+00 0.000000000000000e+00 9.914288192060742e-01 6.927237058247762e-03 1.184442347234941e-02
1.327268670493190e-08 7.234186463782872e+04 0.000000000000000e+00 0.000000000000000e+00 9.915123676879596e-01 6.881034681072516e-03 1.181960404785294e-02
1.327664190056422e-08 7.246776242498461e+04 0.000000000000000e+00 0.000000000000000e+00 9.915944914825806e-01 6.835368296807222e-03 1.179418992884764e-02
1.328061999988588e-08 7.259438925921494e+04 0.000000000000000e+00 0.000000000000000e+00 9.916756649841308e-01 6.789993129528739e-03 1.176800878909125e-02
1.328464688109928e-08 7.272256886928655e+04 0.000000000000000e+00 0.000000000000000e+00 9.917563998703429e-01 6.744637518343806e-03 1.174085677202730e-02
1.328874881515818e-08 7.285313748562850e+04 0.000000000000000e+00 0.000000000000000e+00 9.918371800293897e-01 6.699039813624293e-03 1.171251668783072e-02
1.329295370681244e-08 7.298698334401674e+04 0.000000000000000e+00 0.000000000000000e+00 9.919184843006952e-01 6.652936690669195e-03 1.168274844365557e-02
1.329728963085529e-08 7.312500009287504e+04 0.000000000000000e+00 0.000000000000000e+00 9.920007553516134e-01 6.606081749696981e-03 1.165129797470633e-02
1.330179284691150e-08 7.326834191190626e+04 0.000000000000000e+00 0.000000000000000e+00 9.920845447877428e-01 6.558164620353270e-03 1.161783673507763e-02
1.330626730311008e-08 7.341076827623669e+04 0.000000000000000e+00 0.000000000000000e+00 9.921661810436596e-01 6.511285611261622e-03 1.158379815690173e-02
1.331077092829700e-08 7.355412311830315e+04 0.000000000000000e+00 0.000000000000000e+00 9.922467461091163e-01 6.464856659466929e-03 1.154876715665764e-02
1.331527452224209e-08 7.369747696591106e+04 0.000000000000000e+00 0.000000000000000e+00 9.923257364028719e-01 6.419195670710261e-03 1.151299054120110e-02
1.331980253489180e-08 7.384160808502769e+04 0.000000000000000e+00 0.000000000000000e+00 9.924035990433581e-01 6.374080888695094e-03 1.147630072971443e-02
1.332435787988123e-08 7.398660921953914e+04 0.000000000000000e+00 0.000000000000000e+00 9.924803956235790e-01 6.329515346420812e-03 1.143869887135601e-02
1.332895828041278e-08 7.413304451649881e+04 0.000000000000000e+00 0.000000000000000e+00 9.925564325827217e-01 6.285365276456490e-03 1.140006678349129e-02
1.333361510421254e-08 7.428127582186671e+04 0.000000000000000e+00 0.000000000000000e+00 9.926319022872041e-01 6.241565417358100e-03 1.136034129581118e-02
1.333834230857249e-08 7.443174741004517e+04 0.000000000000000e+00 0.000000000000000e+00 9.927070350492714e-01 6.198029398856724e-03 1.131944472440193e-02
1.334314949553823e-08 7.458476492363795e+04 0.000000000000000e+00 0.000000000000000e+00 9.927819888904019e-01 6.154709662991260e-03 1.127734794953492e-02
1.334801654546096e-08 7.473968793433343e+04 0.000000000000000e+00 0.000000000000000e+00 9.928564721929931e-01 6.111807908023360e-03 1.123429905575884e-02
1.335278143998216e-08 7.489135923760569e+04 0.000000000000000e+00 0.000000000000000e+00 9.929281195850757e-01 6.070687927858053e-03 1.119182969628075e-02
1.335750049695793e-08 7.504157148649084e+04 0.000000000000000e+00 0.000000000000000e+00 9.929978989079769e-01 6.030796674536224e-03 1.114954815221329e-02
1.336214136016576e-08 7.518929475043860e+04 0.000000000000000e+00 0.000000000000000e+00 9.930654324349039e-01 5.992338435202526e-03 1.110783117738498e-02
1.336671907171146e-08 7.533500783454829e+04 0.000000000000000e+00 0.000000000000000e+00 9.931310216136667e-01 5.955132266503915e-03 1.106660769407599e-02
1.337123455131994e-08 7.547874001457216e+04 0.000000000000000e+00 0.000000000000000e+00 9.931947401862460e-01 5.919132046306181e-03 1.102590295733205e-02
1.337570346980693e-08 7.562099010806801e+04 0.000000000000000e+00 0.000000000000000e+00 9.932568487726779e-01 5.884197973107284e-03 1.098557951787403e-02
1.338008972755372e-08 7.576060902848328e+04 0.000000000000000e+00 0.000000000000000e+00 9.933168859991781e-01 5.850603216753869e-03 1.094593966121373e-02
1.338435774023936e-08 7.589646409170296e+04 0.000000000000000e+00 0.000000000000000e+00 9.933744204870347e-01 5.818607619253880e-03 1.090726647106939e-02
1.338853105427302e-08 7.602930480320944e+04 0.000000000000000e+00 0.000000000000000e+00 9.934298191824599e-01 5.788032181505319e-03 1.086930567093623e-02
1.339260964514850e-08 7.615913038294591e+04 0.000000000000000e+00 0.000000000000000e+00 9.934831232470888e-01 5.758875384506693e-03 1.083202015802495e-02
1.339655956911476e-08 7.628486036775938e+04 0.000000000000000e+00 0.000000000000000e+00 9.935339417770368e-01 5.731355769835491e-03 1.079569639640126e-02
1.340041434540901e-08 7.640756170810801e+04 0.000000000000000e+00 0.000000000000000e+00 9.935827512163250e-01 5.705208460330466e-03 1.076001888300927e-02
1.340418114139839e-08 7.652746254837366e+04 0.000000000000000e+00 0.000000000000000e+00 9.936296747199903e-01 5.680344161996353e-03 1.072492348377476e-02
1.340788288312126e-08 7.664529264702267e+04 0.000000000000000e+00 0.000000000000000e+00 9.936750175054448e-01 5.656563439365299e-03 1.069020778215211e-02
1.341153694616149e-08 7.676160508606688e+04 0.000000000000000e+00 0.000000000000000e+00 9.937189983324156e-01 5.633701267581144e-03 1.065572534305418e-02
1.341516619086647e-08 7.687712753296440e+04 0.000000000000000e+00 0.000000000000000e+00 9.937618851874904e-01 5.611559641408491e-03 1.062128121786329e-02
1.341879456351343e-08 7.699262222139321e+04 0.000000000000000e+00 0.000000000000000e+00 9.938039411075030e-01 5.589939895172659e-03 1.058667194806849e-02
1.342245127038918e-08 7.710901881633583e+04 0.000000000000000e+00 0.000000000000000e+00 9.938454719862386e-01 5.568622157368944e-03 1.055164551059389e-02
1.342614245985962e-08 7.722651302635777e+04 0.000000000000000e+00 0.000000000000000e+00 9.938865134668354e-01 5.547527879413875e-03 1.051617273368221e-02
1.342975971673223e-08 7.734165388869945e+04 0.000000000000000e+00 0.000000000000000e+00 9.939258829664173e-01 5.527210602792552e-03 1.048132969272148e-02
1.343336551575158e-08 7.745643003624456e+04 0.000000000000000e+00 0.000000000000000e+00 9.939643005288391e-01 5.507274787442312e-03 1.044655367912860e-02
1.343694589967037e-08 7.757039719601294e+04 0.000000000000000e+00 0.000000000000000e+00 9.940016561605002e-01 5.487764474342447e-03 1.041201184766804e-02
1.344051647862182e-08 7.768405225397770e+04 0.000000000000000e+00 0.000000000000000e+00 9.940381565994262e-01 5.468576163279594e-03 1.037758285454323e-02
1.344400886395059e-08 7.779521833162889e+04 0.000000000000000e+00 0.000000000000000e+00 9.940731715676004e-01 5.450055376584623e-03 1.034394753206673e-02
1.344748591765578e-08 7.790589638854405e+04 0.000000000000000e+00 0.000000000000000e+00 9.941073923711589e-01 5.431866957337928e-03 1.031051983680145e-02
1.345094808076259e-08 7.801610046299185e+04 0.000000000000000e+00 0.000000000000000e+00 9.941408678968584e-01 5.414013031570699e-03 1.027731078042278e-02
1.345443036196303e-08 7.812694491624925e+04 0.000000000000000e+00 0.000000000000000e+00 9.941739674351424e-01 5.396328385989938e-03 1.024399919565979e-02
1.345795217487913e-08 7.823904770309755e+04 0.000000000000000e+00 0.000000000000000e+00 9.942068917651741e-01 5.378737086850578e-03 1.021041427073179e-02
1.346154411966495e-08 7.835338285669293e+04 0.000000000000000e+00 0.000000000000000e+00 9.942399294080566e-01 5.361118192083843e-03 1.017628124269356e-02
1.346523497199830e-08 7.847086633530782e+04 0.000000000000000e+00 0.000000000000000e+00 9.942733334321879e-01 5.343372036965910e-03 1.014134728733071e-02
1.346906086229305e-08 7.859264820573531e+04 0.000000000000000e+00 0.000000000000000e+00 9.943074043417214e-01 5.325378595578245e-03 1.010529657141305e-02
1.347306382545820e-08 7.872006648068484e+04 0.000000000000000e+00 0.000000000000000e+00 9.943424729574281e-01 5.307009487211413e-03 1.006776712291097e-02
1.347729897699908e-08 7.885487554117969e+04 0.000000000000000e+00 0.000000000000000e+00 9.943789572893952e-01 5.288103034912662e-03 1.002828810061250e-02
1.348182863815825e-08 7.899905913398255e+04 0.000000000000000e+00 0.000000000000000e+00 9.944173038339349e-01 5.268500708817617e-03 9.986340911023101e-03
1.348652596312904e-08 7.914857963166447e+04 0.000000000000000e+00 0.000000000000000e+00 9.944563794976931e-01 5.248839608069464e-03 9.943157727264458e-03
1.349153070242396e-08 7.930788543119912e+04 0.000000000000000e+00 0.000000000000000e+00 9.944972659966210e-01 5.228660794278473e-03 9.897528294411526e-03
1.349680061768269e-08 7.947563204381953e+04 0.000000000000000e+00 0.000000000000000e+00 9.945395330269813e-01 5.208260565995652e-03 9.849925111950302e-03
