#ExternalField.h_x         ExternalField.h_y         ExternalField.h_z         m_x                       m_y                       m_z                       unnamed               
+0.000000000000000e+00    +0.000000000000000e+00    +0.000000000000000e+00    -6.202961495054751e-03    -9.780884345762620e-03    +5.684115003889103e-01    +9.667483954591626e-01
+0.000000000000000e+00    +0.000000000000000e+00    -7.957747154822214e+02    -6.204628060909737e-03    -9.783503042945271e-03    +5.684098736371119e-01    +9.667380494331999e-01
+0.000000000000000e+00    +0.000000000000000e+00    -1.591549430964443e+03    -6.206295516266821e-03    -9.786123127324594e-03    +5.684082455738357e-01    +9.667276971279277e-01
+0.000000000000000e+00    +0.000000000000000e+00    -2.387324146446665e+03    -6.207963864125830e-03    -9.788744604208142e-03    +5.684066161954437e-01    +9.667173385224420e-01
+0.000000000000000e+00    +0.000000000000000e+00    -3.183098861928886e+03    -6.209633102259423e-03    -9.791367470080208e-03    +5.684049855033947e-01    +9.667069736293467e-01
+0.000000000000000e+00    +0.000000000000000e+00    -3.978873577411111e+03    -6.211303234870919e-03    -9.793991731529552e-03    +5.684033534928655e-01    +9.666966024213141e-01
+0.000000000000000e+00    +0.000000000000000e+00    -4.774648292893330e+03    -6.212974257332797e-03    -9.796617381268960e-03    +5.684017201676607e-01    +9.666862249258531e-01
+0.000000000000000e+00    +0.000000000000000e+00    -5.570423008375553e+03    -6.214646177759151e-03    -9.799244432032131e-03    +5.684000855191296e-01    +9.666758410913419e-01
+0.000000000000000e+00    +0.000000000000000e+00    -6.366197723857771e+03    -6.216318988938391e-03    -9.801872872471582e-03    +5.683984495536029e-01    +9.666654509613378e-01
+0.000000000000000e+00    +0.000000000000000e+00    -7.161972439339996e+03    -6.217992696116698e-03    -9.804502710814610e-03    +5.683968122652309e-01    +9.666550545020242e-01
+0.000000000000000e+00    +0.000000000000000e+00    -7.957747154822223e+03    -6.219667300320243e-03    -9.807133948657558e-03    +5.683951736522869e-01    +9.666446517057905e-01
+0.000000000000000e+00    +0.000000000000000e+00    -8.753521870304437e+03    -6.221342798440582e-03    -9.809766581100188e-03    +5.683935337170899e-01    +9.666342425907111e-01
+0.000000000000000e+00    +0.000000000000000e+00    -9.549296585786660e+03    -6.223019196886424e-03    -9.812400618196252e-03    +5.683918924526440e-01    +9.666238271157321e-01
+0.000000000000000e+00    +0.000000000000000e+00    -1.034507130126888e+04    -6.224696489542274e-03    -9.815036050320674e-03    +5.683902498642119e-01    +9.666134053176109e-01
+0.000000000000000e+00    +0.000000000000000e+00    -1.114084601675111e+04    -6.226374684346512e-03    -9.817672889930606e-03    +5.683886059432943e-01    +9.666029771457799e-01
+0.000000000000000e+00    +0.000000000000000e+00    -1.193662073223333e+04    -6.228053778895811e-03    -9.820311133233572e-03    +5.683869606915167e-01    +9.665925426139279e-01
+0.000000000000000e+00    +0.000000000000000e+00    -1.273239544771554e+04    -6.229733768955151e-03    -9.822950773559398e-03    +5.683853141123036e-01    +9.665821017471308e-01
+0.000000000000000e+00    +0.000000000000000e+00    -1.352817016319776e+04    -6.231414666333874e-03    -9.825591829447181e-03    +5.683836661933507e-01    +9.665716544707466e-01
+0.000000000000000e+00    +0.000000000000000e+00    -1.432394487867999e+04    -6.233096460834780e-03    -9.828234284858460e-03    +5.683820169439250e-01    +9.665612008469052e-01
+0.000000000000000e+00    +0.000000000000000e+00    -1.511971959416222e+04    -6.234779160057254e-03    -9.830878151717659e-03    +5.683803663558441e-01    +9.665507408271211e-01
+0.000000000000000e+00    +0.000000000000000e+00    -1.591549430964445e+04    -6.236462760644607e-03    -9.833523424734295e-03    +5.683787144316691e-01    +9.665402744310079e-01
+0.000000000000000e+00    +0.000000000000000e+00    -1.671126902512665e+04    -6.238147265728646e-03    -9.836170108813038e-03    +5.683770611675949e-01    +9.665298016378435e-01
+0.000000000000000e+00    +0.000000000000000e+00    -1.750704374060887e+04    -6.239832674841180e-03    -9.838818203201967e-03    +5.683754065633476e-01    +9.665193224492830e-01
+0.000000000000000e+00    +0.000000000000000e+00    -1.830281845609110e+04    -6.241518990035119e-03    -9.841467711110410e-03    +5.683737506161770e-01    +9.665088368513047e-01
+0.000000000000000e+00    +0.000000000000000e+00    -1.909859317157332e+04    -6.243206210880624e-03    -9.844118631846739e-03    +5.683720933257689e-01    +9.664983448453228e-01
+0.000000000000000e+00    +0.000000000000000e+00    -1.989436788705554e+04    -6.244894337640381e-03    -9.846770965807416e-03    +5.683704346911299e-01    +9.664878464284439e-01
+0.000000000000000e+00    +0.000000000000000e+00    -2.069014260253776e+04    -6.246583373061090e-03    -9.849424717291767e-03    +5.683687747088234e-01    +9.664773415823236e-01
+0.000000000000000e+00    +0.000000000000000e+00    -2.148591731801998e+04    -6.248273316818963e-03    -9.852079885774643e-03    +5.683671133784283e-01    +9.664668303077107e-01
+0.000000000000000e+00    +0.000000000000000e+00    -2.228169203350221e+04    -6.249964167169840e-03    -9.854736468499442e-03    +5.683654507009206e-01    +9.664563126141900e-01
+0.000000000000000e+00    +0.000000000000000e+00    -2.307746674898442e+04    -6.251655930074485e-03    -9.857394474815205e-03    +5.683637866696986e-01    +9.664457884634153e-01
+0.000000000000000e+00    +0.000000000000000e+00    -2.387324146446666e+04    -6.253348601769188e-03    -9.860053898792034e-03    +5.683621212877210e-01    +9.664352578775297e-01
+0.000000000000000e+00    +0.000000000000000e+00    -2.466901617994887e+04    -6.255042185097787e-03    -9.862714744881778e-03    +5.683604545514489e-01    +9.664247208375711e-01
+0.000000000000000e+00    +0.000000000000000e+00    -2.546479089543108e+04    -6.256736679705951e-03    -9.865377012511325e-03    +5.683587864604868e-01    +9.664141773444717e-01
+0.000000000000000e+00    +0.000000000000000e+00    -2.626056561091332e+04    -6.258432085310265e-03    -9.868040701218998e-03    +5.683571170143702e-01    +9.664036273987214e-01
+0.000000000000000e+00    +0.000000000000000e+00    -2.705634032639553e+04    -6.260128406693061e-03    -9.870705818502117e-03    +5.683554462076437e-01    +9.663930709692853e-01
+0.000000000000000e+00    +0.000000000000000e+00    -2.785211504187778e+04    -6.261825642569476e-03    -9.873372362325269e-03    +5.683537740408258e-01    +9.663825080628794e-01
+0.000000000000000e+00    +0.000000000000000e+00    -2.864788975735998e+04    -6.263523790326553e-03    -9.876040328566977e-03    +5.683521005157435e-01    +9.663719386944875e-01
+0.000000000000000e+00    +0.000000000000000e+00    -2.944366447284219e+04    -6.265222857651489e-03    -9.878709729288268e-03    +5.683504256240723e-01    +9.663613628149819e-01
+0.000000000000000e+00    +0.000000000000000e+00    -3.023943918832444e+04    -6.266922839901353e-03    -9.881380557177747e-03    +5.683487493696379e-01    +9.663507804519782e-01
+0.000000000000000e+00    +0.000000000000000e+00    -3.103521390380665e+04    -6.268623739397320e-03    -9.884052815865976e-03    +5.683470717494021e-01    +9.663401915897425e-01
+0.000000000000000e+00    +0.000000000000000e+00    -3.183098861928889e+04    -6.270325554760722e-03    -9.886726503170438e-03    +5.683453927639729e-01    +9.663295962355728e-01
+0.000000000000000e+00    +0.000000000000000e+00    -3.262676333477109e+04    -6.272028288766456e-03    -9.889401623434201e-03    +5.683437124098607e-01    +9.663189943709051e-01
+0.000000000000000e+00    +0.000000000000000e+00    -3.342253805025330e+04    -6.273731944162125e-03    -9.892078180957387e-03    +5.683420306835996e-01    +9.663083859773401e-01
+0.000000000000000e+00    +0.000000000000000e+00    -3.421831276573554e+04    -6.275436519399715e-03    -9.894756173291115e-03    +5.683403475859620e-01    +9.662977710632243e-01
+0.000000000000000e+00    +0.000000000000000e+00    -3.501408748121775e+04    -6.277142013562379e-03    -9.897435598978594e-03    +5.683386631170978e-01    +9.662871496329745e-01
+0.000000000000000e+00    +0.000000000000000e+00    -3.580986219669996e+04    -6.278848428940283e-03    -9.900116461601310e-03    +5.683369772739898e-01    +9.662765216710341e-01
+0.000000000000000e+00    +0.000000000000000e+00    -3.660563691218221e+04    -6.280555768513190e-03    -9.902798765823848e-03    +5.683352900529347e-01    +9.662658871575457e-01
+0.000000000000000e+00    +0.000000000000000e+00    -3.740141162766441e+04    -6.282264029034200e-03    -9.905482506528460e-03    +5.683336014563827e-01    +9.662552461114351e-01
+0.000000000000000e+00    +0.000000000000000e+00    -3.819718634314664e+04    -6.283973213553682e-03    -9.908167688490972e-03    +5.683319114805592e-01    +9.662445985124007e-01
+0.000000000000000e+00    +0.000000000000000e+00    -3.899296105862887e+04    -6.285683324745132e-03    -9.910854315894640e-03    +5.683302201220590e-01    +9.662339443424837e-01
+0.000000000000000e+00    +0.000000000000000e+00    -3.978873577411108e+04    -6.287394359901829e-03    -9.913542384470318e-03    +5.683285273827965e-01    +9.662232836172425e-01
+0.000000000000000e+00    +0.000000000000000e+00    -4.058451048959331e+04    -6.289106320026904e-03    -9.916231895777474e-03    +5.683268332610170e-01    +9.662126163291223e-01
+0.000000000000000e+00    +0.000000000000000e+00    -4.138028520507552e+04    -6.290819209720132e-03    -9.918922857025716e-03    +5.683251377514039e-01    +9.662019424481516e-01
+0.000000000000000e+00    +0.000000000000000e+00    -4.217605992055777e+04    -6.292533025445795e-03    -9.921615262643273e-03    +5.683234408566916e-01    +9.661912619950540e-01
+0.000000000000000e+00    +0.000000000000000e+00    -4.297183463603997e+04    -6.294247766888693e-03    -9.924309112118579e-03    +5.683217425764268e-01    +9.661805749704840e-01
+0.000000000000000e+00    +0.000000000000000e+00    -4.376760935152218e+04    -6.295963438193996e-03    -9.927004411947013e-03    +5.683200429057381e-01    +9.661698813472952e-01
+0.000000000000000e+00    +0.000000000000000e+00    -4.456338406700442e+04    -6.297680042839969e-03    -9.929701167575789e-03    +5.683183418404095e-01    +9.661591811024893e-01
+0.000000000000000e+00    +0.000000000000000e+00    -4.535915878248664e+04    -6.299397572092983e-03    -9.932399365267455e-03    +5.683166393883271e-01    +9.661484742891919e-01
+0.000000000000000e+00    +0.000000000000000e+00    -4.615493349796884e+04    -6.301116036880191e-03    -9.935099022172279e-03    +5.683149355378898e-01    +9.661377608379658e-01
+0.000000000000000e+00    +0.000000000000000e+00    -4.695070821345108e+04    -6.302835433815716e-03    -9.937800132953454e-03    +5.683132302916816e-01    +9.661270407685970e-01
+0.000000000000000e+00    +0.000000000000000e+00    -4.774648292893331e+04    -6.304555764076875e-03    -9.940502699443901e-03    +5.683115236477617e-01    +9.661163140724223e-01
+0.000000000000000e+00    +0.000000000000000e+00    -4.854225764441550e+04    -6.306277023761074e-03    -9.943206715495950e-03    +5.683098156092300e-01    +9.661055807724526e-01
+0.000000000000000e+00    +0.000000000000000e+00    -4.933803235989774e+04    -6.307999222034058e-03    -9.945912195492021e-03    +5.683081061662160e-01    +9.660948408102071e-01
+0.000000000000000e+00    +0.000000000000000e+00    -5.013380707537998e+04    -6.309722354351178e-03    -9.948619132275054e-03    +5.683063953224536e-01    +9.660840942126979e-01
+0.000000000000000e+00    +0.000000000000000e+00    -5.092958179086217e+04    -6.311446421040923e-03    -9.951327526344554e-03    +5.683046830768410e-01    +9.660733409765471e-01
+0.000000000000000e+00    +0.000000000000000e+00    -5.172535650634440e+04    -6.313171425525962e-03    -9.954037383060476e-03    +5.683029694252011e-01    +9.660625810790759e-01
+0.000000000000000e+00    +0.000000000000000e+00    -5.252113122182665e+04    -6.314897366065489e-03    -9.956748699670887e-03    +5.683012543684848e-01    +9.660518145298097e-01
+0.000000000000000e+00    +0.000000000000000e+00    -5.331690593730889e+04    -6.316624244782811e-03    -9.959461479494567e-03    +5.682995379038023e-01    +9.660410413141683e-01
+0.000000000000000e+00    +0.000000000000000e+00    -5.411268065279106e+04    -6.318352063959598e-03    -9.962175726098676e-03    +5.682978200281037e-01    +9.660302614165798e-01
+0.000000000000000e+00    +0.000000000000000e+00    -5.490845536827330e+04    -6.320080824659521e-03    -9.964891441136887e-03    +5.682961007395485e-01    +9.660194748290660e-01
+0.000000000000000e+00    +0.000000000000000e+00    -5.570423008375556e+04    -6.321810522660991e-03    -9.967608617960476e-03    +5.682943800415519e-01    +9.660086815766286e-01
+0.000000000000000e+00    +0.000000000000000e+00    -5.650000479923772e+04    -6.323541161753416e-03    -9.970327262505617e-03    +5.682926579295616e-01    +9.659978816342797e-01
+0.000000000000000e+00    +0.000000000000000e+00    -5.729577951471996e+04    -6.325272744880543e-03    -9.973047379379273e-03    +5.682909343998623e-01    +9.659870749823040e-01
+0.000000000000000e+00    +0.000000000000000e+00    -5.809155423020221e+04    -6.327005267595044e-03    -9.975768961577798e-03    +5.682892094560938e-01    +9.659762616471119e-01
+0.000000000000000e+00    +0.000000000000000e+00    -5.888732894568437e+04    -6.328738735679926e-03    -9.978492018169090e-03    +5.682874830917123e-01    +9.659654415912610e-01
+0.000000000000000e+00    +0.000000000000000e+00    -5.968310366116662e+04    -6.330473147133203e-03    -9.981216545990582e-03    +5.682857553079221e-01    +9.659546148258971e-01
+0.000000000000000e+00    +0.000000000000000e+00    -6.047887837664887e+04    -6.332208505163341e-03    -9.983942550065492e-03    +5.682840261007368e-01    +9.659437813296390e-01
+0.000000000000000e+00    +0.000000000000000e+00    -6.127465309213103e+04    -6.333944806876322e-03    -9.986670025830270e-03    +5.682822954722501e-01    +9.659329411192011e-01
+0.000000000000000e+00    +0.000000000000000e+00    -6.207042780761329e+04    -6.335682058897498e-03    -9.989398983675542e-03    +5.682805634150655e-01    +9.659220941518615e-01
+0.000000000000000e+00    +0.000000000000000e+00    -6.286620252309553e+04    -6.337420254222889e-03    -9.992129412581284e-03    +5.682788299353729e-01    +9.659112404699953e-01
+0.000000000000000e+00    +0.000000000000000e+00    -6.366197723857778e+04    -6.339159399294315e-03    -9.994861322650248e-03    +5.682770950259552e-01    +9.659003800320188e-01
+0.000000000000000e+00    +0.000000000000000e+00    -6.445775195405994e+04    -6.340899492501500e-03    -9.997594711335045e-03    +5.682753586876236e-01    +9.658895128466273e-01
+0.000000000000000e+00    +0.000000000000000e+00    -6.525352666954217e+04    -6.342640536286090e-03    -1.000032958245409e-02    +5.682736209171446e-01    +9.658786388972080e-01
+0.000000000000000e+00    +0.000000000000000e+00    -6.604930138502443e+04    -6.344382531057286e-03    -1.000306593663268e-02    +5.682718817133126e-01    +9.658677581798397e-01
+0.000000000000000e+00    +0.000000000000000e+00    -6.684507610050660e+04    -6.346125478543371e-03    -1.000580377656833e-02    +5.682701410736021e-01    +9.658568706823583e-01
+0.000000000000000e+00    +0.000000000000000e+00    -6.764085081598884e+04    -6.347869372730190e-03    -1.000854309279654e-02    +5.682683990032217e-01    +9.658459764409663e-01
+0.000000000000000e+00    +0.000000000000000e+00    -6.843662553147109e+04    -6.349614224671679e-03    -1.001128390266442e-02    +5.682666554903287e-01    +9.658350753852369e-01
+0.000000000000000e+00    +0.000000000000000e+00    -6.923240024695324e+04    -6.351360029060644e-03    -1.001402619781674e-02    +5.682649105394223e-01    +9.658241675469535e-01
+0.000000000000000e+00    +0.000000000000000e+00    -7.002817496243550e+04    -6.353106783086039e-03    -1.001676997382135e-02    +5.682631641525120e-01    +9.658132529423082e-01
+0.000000000000000e+00    +0.000000000000000e+00    -7.082394967791774e+04    -6.354854496332532e-03    -1.001951524571680e-02    +5.682614163192113e-01    +9.658023315100336e-01
+0.000000000000000e+00    +0.000000000000000e+00    -7.161972439339991e+04    -6.356603166492410e-03    -1.002226200985965e-02    +5.682596670410215e-01    +9.657914032631713e-01
+0.000000000000000e+00    +0.000000000000000e+00    -7.241549910888217e+04    -6.358352795037411e-03    -1.002501026854453e-02    +5.682579163156620e-01    +9.657804681911401e-01
+0.000000000000000e+00    +0.000000000000000e+00    -7.321127382436441e+04    -6.360103377012797e-03    -1.002776001397123e-02    +5.682561641472852e-01    +9.657695263235269e-01
+0.000000000000000e+00    +0.000000000000000e+00    -7.400704853984666e+04    -6.361854920980762e-03    -1.003051125957218e-02    +5.682544105265119e-01    +9.657585776054284e-01
+0.000000000000000e+00    +0.000000000000000e+00    -7.480282325532881e+04    -6.363607421427557e-03    -1.003326399666812e-02    +5.682526554580534e-01    +9.657476220699259e-01
+0.000000000000000e+00    +0.000000000000000e+00    -7.559859797081105e+04    -6.365360881542803e-03    -1.003601823025249e-02    +5.682508989379050e-01    +9.657366596956926e-01
+0.000000000000000e+00    +0.000000000000000e+00    -7.639437268629328e+04    -6.367115304216605e-03    -1.003877396484706e-02    +5.682491409623598e-01    +9.657256904632683e-01
+0.000000000000000e+00    +0.000000000000000e+00    -7.719014740177548e+04    -6.368870684679785e-03    -1.004153119294291e-02    +5.682473815353840e-01    +9.657147144010824e-01
+0.000000000000000e+00    +0.000000000000000e+00    -7.798592211725774e+04    -6.370627032879108e-03    -1.004428993014689e-02    +5.682456206461927e-01    +9.657037314455423e-01
+0.000000000000000e+00    +0.000000000000000e+00    -7.878169683273997e+04    -6.372384337636165e-03    -1.004705015888198e-02    +5.682438583051793e-01    +9.656927416651572e-01
+0.000000000000000e+00    +0.000000000000000e+00    -7.957747154822217e+04    -6.374142610466614e-03    -1.004981189722014e-02    +5.682420944999791e-01    +9.656817449865118e-01
+0.000000000000000e+00    +0.000000000000000e+00    -8.037324626370441e+04    -6.375901846632413e-03    -1.005257513770011e-02    +5.682403292345264e-01    +9.656707414378397e-01
+0.000000000000000e+00    +0.000000000000000e+00    -8.116902097918662e+04    -6.377662051685383e-03    -1.005533988902530e-02    +5.682385625024311e-01    +9.656597309830108e-01
+0.000000000000000e+00    +0.000000000000000e+00    -8.196479569466879e+04    -6.379423219148647e-03    -1.005810614100415e-02    +5.682367943093745e-01    +9.656487136611377e-01
+0.000000000000000e+00    +0.000000000000000e+00    -8.276057041015103e+04    -6.381185355046051e-03    -1.006087390308172e-02    +5.682350246484881e-01    +9.656376894331310e-01
+0.000000000000000e+00    +0.000000000000000e+00    -8.355634512563328e+04    -6.382948457115274e-03    -1.006364317168611e-02    +5.682332535212232e-01    +9.656266583117379e-01
+0.000000000000000e+00    +0.000000000000000e+00    -8.435211984111555e+04    -6.384712526477466e-03    -1.006641394856112e-02    +5.682314809256306e-01    +9.656156202885359e-01
+0.000000000000000e+00    +0.000000000000000e+00    -8.514789455659770e+04    -6.386477568076770e-03    -1.006918624145460e-02    +5.682297068559177e-01    +9.656045753311759e-01
+0.000000000000000e+00    +0.000000000000000e+00    -8.594366927207993e+04    -6.388243579509467e-03    -1.007196004657271e-02    +5.682279313136740e-01    +9.655935234532856e-01
+0.000000000000000e+00    +0.000000000000000e+00    -8.673944398756216e+04    -6.390010562435284e-03    -1.007473536650503e-02    +5.682261542964041e-01    +9.655824646430615e-01
+0.000000000000000e+00    +0.000000000000000e+00    -8.753521870304436e+04    -6.391778514826754e-03    -1.007751219804924e-02    +5.682243758053203e-01    +9.655713989117771e-01
+0.000000000000000e+00    +0.000000000000000e+00    -8.833099341852660e+04    -6.393547441676350e-03    -1.008029054902937e-02    +5.682225958345712e-01    +9.655603262267646e-01
+0.000000000000000e+00    +0.000000000000000e+00    -8.912676813400885e+04    -6.395317343893047e-03    -1.008307042085466e-02    +5.682208143824109e-01    +9.655492465809106e-01
+0.000000000000000e+00    +0.000000000000000e+00    -8.992254284949103e+04    -6.397088218514692e-03    -1.008585180885479e-02    +5.682190314509895e-01    +9.655381599913351e-01
+0.000000000000000e+00    +0.000000000000000e+00    -9.071831756497329e+04    -6.398860067542158e-03    -1.008863471615509e-02    +5.682172470374611e-01    +9.655270664440869e-01
+0.000000000000000e+00    +0.000000000000000e+00    -9.151409228045549e+04    -6.400632891044917e-03    -1.009141914284670e-02    +5.682154611409231e-01    +9.655159659373053e-01
+0.000000000000000e+00    +0.000000000000000e+00    -9.230986699593767e+04    -6.402406693915287e-03    -1.009420509659583e-02    +5.682136737556119e-01    +9.655048584389267e-01
+0.000000000000000e+00    +0.000000000000000e+00    -9.310564171141994e+04    -6.404181471372118e-03    -1.009699256987451e-02    +5.682118848855094e-01    +9.654937439774604e-01
+0.000000000000000e+00    +0.000000000000000e+00    -9.390141642690216e+04    -6.405957232056793e-03    -1.009978157623798e-02    +5.682100945210680e-01    +9.654826224973531e-01
+0.000000000000000e+00    +0.000000000000000e+00    -9.469719114238441e+04    -6.407733963792560e-03    -1.010257209654215e-02    +5.682083026737270e-01    +9.654714940734366e-01
+0.000000000000000e+00    +0.000000000000000e+00    -9.549296585786663e+04    -6.409511685206563e-03    -1.010536416002700e-02    +5.682065093238613e-01    +9.654603585875986e-01
+0.000000000000000e+00    +0.000000000000000e+00    -9.628874057334878e+04    -6.411290378281357e-03    -1.010815773837350e-02    +5.682047144888056e-01    +9.654492161512638e-01
+0.000000000000000e+00    +0.000000000000000e+00    -9.708451528883100e+04    -6.413070058774815e-03    -1.011095285631594e-02    +5.682029181518189e-01    +9.654380666642739e-01
+0.000000000000000e+00    +0.000000000000000e+00    -9.788029000431325e+04    -6.414850719741256e-03    -1.011374950292495e-02    +5.682011203190667e-01    +9.654269101687009e-01
+0.000000000000000e+00    +0.000000000000000e+00    -9.867606471979548e+04    -6.416632363983638e-03    -1.011654768258613e-02    +5.681993209868761e-01    +9.654157466455364e-01
+0.000000000000000e+00    +0.000000000000000e+00    -9.947183943527771e+04    -6.418414991740186e-03    -1.011934739565522e-02    +5.681975201541618e-01    +9.654045760918412e-01
+0.000000000000000e+00    +0.000000000000000e+00    -1.002676141507600e+05    -6.420198603051854e-03    -1.012214864217860e-02    +5.681957178200359e-01    +9.653933985059099e-01
+0.000000000000000e+00    +0.000000000000000e+00    -1.010633888662422e+05    -6.421983200464169e-03    -1.012495142613620e-02    +5.681939139810798e-01    +9.653822138703387e-01
+0.000000000000000e+00    +0.000000000000000e+00    -1.018591635817243e+05    -6.423768785970576e-03    -1.012775575064039e-02    +5.681921086344277e-01    +9.653710221711796e-01
+0.000000000000000e+00    +0.000000000000000e+00    -1.026549382972066e+05    -6.425555360381275e-03    -1.013056161694525e-02    +5.681903017784100e-01    +9.653598234018963e-01
+0.000000000000000e+00    +0.000000000000000e+00    -1.034507130126888e+05    -6.427342917530381e-03    -1.013336901534892e-02    +5.681884934184127e-01    +9.653486175996835e-01
+0.000000000000000e+00    +0.000000000000000e+00    -1.042464877281710e+05    -6.429131465415476e-03    -1.013617795839498e-02    +5.681866835454940e-01    +9.653374047129464e-01
+0.000000000000000e+00    +0.000000000000000e+00    -1.050422624436533e+05    -6.430921006662606e-03    -1.013898845018812e-02    +5.681848721561411e-01    +9.653261847237579e-01
+0.000000000000000e+00    +0.000000000000000e+00    -1.058380371591356e+05    -6.432711533098212e-03    -1.014180047787319e-02    +5.681830592577727e-01    +9.653149576819022e-01
+0.000000000000000e+00    +0.000000000000000e+00    -1.066338118746178e+05    -6.434503053633906e-03    -1.014461405542938e-02    +5.681812448405112e-01    +9.653037235300339e-01
+0.000000000000000e+00    +0.000000000000000e+00    -1.074295865900999e+05    -6.436295566507409e-03    -1.014742918006924e-02    +5.681794289052835e-01    +9.652924822777370e-01
+0.000000000000000e+00    +0.000000000000000e+00    -1.082253613055821e+05    -6.438089070403653e-03    -1.015024584970976e-02    +5.681776114525638e-01    +9.652812339317882e-01
+0.000000000000000e+00    +0.000000000000000e+00    -1.090211360210644e+05    -6.439883570132555e-03    -1.015306407188697e-02    +5.681757924766185e-01    +9.652699784605481e-01
+0.000000000000000e+00    +0.000000000000000e+00    -1.098169107365466e+05    -6.441679064359696e-03    -1.015588384448612e-02    +5.681739719779384e-01    +9.652587158709123e-01
+0.000000000000000e+00    +0.000000000000000e+00    -1.106126854520288e+05    -6.443475554198639e-03    -1.015870516923813e-02    +5.681721499545329e-01    +9.652474461544185e-01
+0.000000000000000e+00    +0.000000000000000e+00    -1.114084601675111e+05    -6.445273041033078e-03    -1.016152804829764e-02    +5.681703264041355e-01    +9.652361693009082e-01
+0.000000000000000e+00    +0.000000000000000e+00    -1.122042348829932e+05    -6.447071520425000e-03    -1.016435247467658e-02    +5.681685013303845e-01    +9.652248853367454e-01
+0.000000000000000e+00    +0.000000000000000e+00    -1.130000095984754e+05    -6.448871002315887e-03    -1.016717846397021e-02    +5.681666747223274e-01    +9.652135941980718e-01
+0.000000000000000e+00    +0.000000000000000e+00    -1.137957843139577e+05    -6.450671482283838e-03    -1.017000600921395e-02    +5.681648465835830e-01    +9.652022959111491e-01
+0.000000000000000e+00    +0.000000000000000e+00    -1.145915590294399e+05    -6.452472959533806e-03    -1.017283510914189e-02    +5.681630169140927e-01    +9.651909904794800e-01
+0.000000000000000e+00    +0.000000000000000e+00    -1.153873337449222e+05    -6.454275440182073e-03    -1.017566577334124e-02    +5.681611857067747e-01    +9.651796778631899e-01
+0.000000000000000e+00    +0.000000000000000e+00    -1.161831084604044e+05    -6.456078919877811e-03    -1.017849799495974e-02    +5.681593529651783e-01    +9.651683580880965e-01
+0.000000000000000e+00    +0.000000000000000e+00    -1.169788831758865e+05    -6.457883400850442e-03    -1.018133177748115e-02    +5.681575186861678e-01    +9.651570311387135e-01
+0.000000000000000e+00    +0.000000000000000e+00    -1.177746578913687e+05    -6.459688887559754e-03    -1.018416712789045e-02    +5.681556828643362e-01    +9.651456969855504e-01
+0.000000000000000e+00    +0.000000000000000e+00    -1.185704326068510e+05    -6.461495376330706e-03    -1.018700404039710e-02    +5.681538455025450e-01    +9.651343556501804e-01
+0.000000000000000e+00    +0.000000000000000e+00    -1.193662073223332e+05    -6.463302868675774e-03    -1.018984251735871e-02    +5.681520065983824e-01    +9.651230071216091e-01
+0.000000000000000e+00    +0.000000000000000e+00    -1.201619820378155e+05    -6.465111370721887e-03    -1.019268256837832e-02    +5.681501661447369e-01    +9.651116513598640e-01
+0.000000000000000e+00    +0.000000000000000e+00    -1.209577567532977e+05    -6.466920876489653e-03    -1.019552418404622e-02    +5.681483241468147e-01    +9.651002884009882e-01
+0.000000000000000e+00    +0.000000000000000e+00    -1.217535314687800e+05    -6.468731388182286e-03    -1.019836736780524e-02    +5.681464806014960e-01    +9.650889182296396e-01
+0.000000000000000e+00    +0.000000000000000e+00    -1.225493061842621e+05    -6.470542907876833e-03    -1.020121212289831e-02    +5.681446355057858e-01    +9.650775408312684e-01
+0.000000000000000e+00    +0.000000000000000e+00    -1.233450808997443e+05    -6.472355441077760e-03    -1.020405845795058e-02    +5.681427888531938e-01    +9.650661561697897e-01
+0.000000000000000e+00    +0.000000000000000e+00    -1.241408556152266e+05    -6.474168978137464e-03    -1.020690635779208e-02    +5.681409406526677e-01    +9.650547643042917e-01
+0.000000000000000e+00    +0.000000000000000e+00    -1.249366303307088e+05    -6.475983529148467e-03    -1.020975583825543e-02    +5.681390908930383e-01    +9.650433651698604e-01
+0.000000000000000e+00    +0.000000000000000e+00    -1.257324050461911e+05    -6.477799089206412e-03    -1.021260689161837e-02    +5.681372395784200e-01    +9.650319587957916e-01
+0.000000000000000e+00    +0.000000000000000e+00    -1.265281797616733e+05    -6.479615660002167e-03    -1.021545952051877e-02    +5.681353867062037e-01    +9.650205451699448e-01
+0.000000000000000e+00    +0.000000000000000e+00    -1.273239544771556e+05    -6.481433246162066e-03    -1.021831373220262e-02    +5.681335322707819e-01    +9.650091242617300e-01
+0.000000000000000e+00    +0.000000000000000e+00    -1.281197291926376e+05    -6.483251848274159e-03    -1.022116952757379e-02    +5.681316762706642e-01    +9.649976960659282e-01
+0.000000000000000e+00    +0.000000000000000e+00    -1.289155039081199e+05    -6.485071463797475e-03    -1.022402690262347e-02    +5.681298187075531e-01    +9.649862605969811e-01
+0.000000000000000e+00    +0.000000000000000e+00    -1.297112786236021e+05    -6.486892093660383e-03    -1.022688585879151e-02    +5.681279595796107e-01    +9.649748178475278e-01
+0.000000000000000e+00    +0.000000000000000e+00    -1.305070533390843e+05    -6.488713740867990e-03    -1.022974640077801e-02    +5.681260988828752e-01    +9.649633677971510e-01
+0.000000000000000e+00    +0.000000000000000e+00    -1.313028280545666e+05    -6.490536405891933e-03    -1.023260852930442e-02    +5.681242366159709e-01    +9.649519104413553e-01
+0.000000000000000e+00    +0.000000000000000e+00    -1.320986027700489e+05    -6.492360087466220e-03    -1.023547224236400e-02    +5.681223727792958e-01    +9.649404457865650e-01
+0.000000000000000e+00    +0.000000000000000e+00    -1.328943774855309e+05    -6.494184790926287e-03    -1.023833754831658e-02    +5.681205073665004e-01    +9.649289737977010e-01
+0.000000000000000e+00    +0.000000000000000e+00    -1.336901522010132e+05    -6.496010511760106e-03    -1.024120444005713e-02    +5.681186403812993e-01    +9.649174945015935e-01
+0.000000000000000e+00    +0.000000000000000e+00    -1.344859269164955e+05    -6.497837255434263e-03    -1.024407292615206e-02    +5.681167718172032e-01    +9.649060078623293e-01
+0.000000000000000e+00    +0.000000000000000e+00    -1.352817016319777e+05    -6.499665015628796e-03    -1.024694299665744e-02    +5.681149016797774e-01    +9.648945139181095e-01
+0.000000000000000e+00    +0.000000000000000e+00    -1.360774763474599e+05    -6.501493802365104e-03    -1.024981466729231e-02    +5.681130299578678e-01    +9.648830126043680e-01
+0.000000000000000e+00    +0.000000000000000e+00    -1.368732510629422e+05    -6.503323608605077e-03    -1.025268792698391e-02    +5.681111566577737e-01    +9.648715039638233e-01
+0.000000000000000e+00    +0.000000000000000e+00    -1.376690257784244e+05    -6.505154444263851e-03    -1.025556279128452e-02    +5.681092817684401e-01    +9.648599879325604e-01
+0.000000000000000e+00    +0.000000000000000e+00    -1.384648004939065e+05    -6.506986304783577e-03    -1.025843925301592e-02    +5.681074052936264e-01    +9.648484645376969e-01
+0.000000000000000e+00    +0.000000000000000e+00    -1.392605752093888e+05    -6.508819188429322e-03    -1.026131730943622e-02    +5.681055272342047e-01    +9.648369337885930e-01
+0.000000000000000e+00    +0.000000000000000e+00    -1.400563499248710e+05    -6.510653099167764e-03    -1.026419696675580e-02    +5.681036475852029e-01    +9.648253956587387e-01
+0.000000000000000e+00    +0.000000000000000e+00    -1.408521246403532e+05    -6.512488038296945e-03    -1.026707822699301e-02    +5.681017663443811e-01    +9.648138501384097e-01
+0.000000000000000e+00    +0.000000000000000e+00    -1.416478993558355e+05    -6.514324005211634e-03    -1.026996108917839e-02    +5.680998835114494e-01    +9.648022972298541e-01
+0.000000000000000e+00    +0.000000000000000e+00    -1.424436740713176e+05    -6.516161002554118e-03    -1.027284555744224e-02    +5.680979990827856e-01    +9.647907369148815e-01
+0.000000000000000e+00    +0.000000000000000e+00    -1.432394487867998e+05    -6.517999027862662e-03    -1.027573162789958e-02    +5.680961130600026e-01    +9.647791692074210e-01
+0.000000000000000e+00    +0.000000000000000e+00    -1.440352235022821e+05    -6.519838087142340e-03    -1.027861930996135e-02    +5.680942254360237e-01    +9.647675940681097e-01
+0.000000000000000e+00    +0.000000000000000e+00    -1.448309982177643e+05    -6.521678176414468e-03    -1.028150859735985e-02    +5.680923362140157e-01    +9.647560115204227e-01
+0.000000000000000e+00    +0.000000000000000e+00    -1.456267729332466e+05    -6.523519298379967e-03    -1.028439949431818e-02    +5.680904453902900e-01    +9.647444215457861e-01
+0.000000000000000e+00    +0.000000000000000e+00    -1.464225476487288e+05    -6.525361455231500e-03    -1.028729200425959e-02    +5.680885529616762e-01    +9.647328241288240e-01
+0.000000000000000e+00    +0.000000000000000e+00    -1.472183223642111e+05    -6.527204645733759e-03    -1.029018612522491e-02    +5.680866589285228e-01    +9.647212192757367e-01
+0.000000000000000e+00    +0.000000000000000e+00    -1.480140970796933e+05    -6.529048873228666e-03    -1.029308186244293e-02    +5.680847632864742e-01    +9.647096069639046e-01
+0.000000000000000e+00    +0.000000000000000e+00    -1.488098717951754e+05    -6.530894134823766e-03    -1.029597921135210e-02    +5.680828660375818e-01    +9.646979872099607e-01
+0.000000000000000e+00    +0.000000000000000e+00    -1.496056465106576e+05    -6.532740435739790e-03    -1.029887818013166e-02    +5.680809671755546e-01    +9.646863599794454e-01
+0.000000000000000e+00    +0.000000000000000e+00    -1.504014212261399e+05    -6.534587772129266e-03    -1.030177876272010e-02    +5.680790667034241e-01    +9.646747252950060e-01
+0.000000000000000e+00    +0.000000000000000e+00    -1.511971959416221e+05    -6.536436148730177e-03    -1.030468096653868e-02    +5.680771646153907e-01    +9.646630831252132e-01
+0.000000000000000e+00    +0.000000000000000e+00    -1.519929706571044e+05    -6.538285566344968e-03    -1.030758479282713e-02    +5.680752609097000e-01    +9.646514334634235e-01
+0.000000000000000e+00    +0.000000000000000e+00    -1.527887453725866e+05    -6.540136025695652e-03    -1.031049024269977e-02    +5.680733555846784e-01    +9.646397763034950e-01
+0.000000000000000e+00    +0.000000000000000e+00    -1.535845200880687e+05    -6.541987522835362e-03    -1.031339730994031e-02    +5.680714486434609e-01    +9.646281116686991e-01
+0.000000000000000e+00    +0.000000000000000e+00    -1.543802948035510e+05    -6.543840064105998e-03    -1.031630600448824e-02    +5.680695400785857e-01    +9.646164395174850e-01
+0.000000000000000e+00    +0.000000000000000e+00    -1.551760695190332e+05    -6.545693650036575e-03    -1.031921632715336e-02    +5.680676298885730e-01    +9.646047598449202e-01
+0.000000000000000e+00    +0.000000000000000e+00    -1.559718442345155e+05    -6.547548277834086e-03    -1.032212827353104e-02    +5.680657180753671e-01    +9.645930726670033e-01
+0.000000000000000e+00    +0.000000000000000e+00    -1.567676189499977e+05    -6.549403951752680e-03    -1.032504185028238e-02    +5.680638046336480e-01    +9.645813779553227e-01
+0.000000000000000e+00    +0.000000000000000e+00    -1.575633936654799e+05    -6.551260669832417e-03    -1.032795705430979e-02    +5.680618895645002e-01    +9.645696757206265e-01
+0.000000000000000e+00    +0.000000000000000e+00    -1.583591683809622e+05    -6.553118436035975e-03    -1.033087389181639e-02    +5.680599728628986e-01    +9.645579659363307e-01
+0.000000000000000e+00    +0.000000000000000e+00    -1.591549430964443e+05    -6.554977253607592e-03    -1.033379236787554e-02    +5.680580545245538e-01    +9.645462485803736e-01
+0.000000000000000e+00    +0.000000000000000e+00    -1.599507178119265e+05    -6.556837115576116e-03    -1.033671247152191e-02    +5.680561345557200e-01    +9.645345236950883e-01
+0.000000000000000e+00    +0.000000000000000e+00    -1.607464925274088e+05    -6.558698027531984e-03    -1.033963421151564e-02    +5.680542129496854e-01    +9.645227912436160e-01
+0.000000000000000e+00    +0.000000000000000e+00    -1.615422672428910e+05    -6.560559990390940e-03    -1.034255758927364e-02    +5.680522897045600e-01    +9.645110512185672e-01
+0.000000000000000e+00    +0.000000000000000e+00    -1.623380419583732e+05    -6.562423005856613e-03    -1.034548260745118e-02    +5.680503648176393e-01    +9.644993036075801e-01
+0.000000000000000e+00    +0.000000000000000e+00    -1.631338166738554e+05    -6.564287073744008e-03    -1.034840926573802e-02    +5.680484382881662e-01    +9.644875484101977e-01
+0.000000000000000e+00    +0.000000000000000e+00    -1.639295913893376e+05    -6.566152188868970e-03    -1.035133755597566e-02    +5.680465101205545e-01    +9.644757856574925e-01
+0.000000000000000e+00    +0.000000000000000e+00    -1.647253661048198e+05    -6.568018364599339e-03    -1.035426749913419e-02    +5.680445803000347e-01    +9.644640152635269e-01
+0.000000000000000e+00    +0.000000000000000e+00    -1.655211408203021e+05    -6.569885595212463e-03    -1.035719908620573e-02    +5.680426488315712e-01    +9.644522372627677e-01
+0.000000000000000e+00    +0.000000000000000e+00    -1.663169155357843e+05    -6.571753882056693e-03    -1.036013231928947e-02    +5.680407157128173e-01    +9.644404516450742e-01
+0.000000000000000e+00    +0.000000000000000e+00    -1.671126902512666e+05    -6.573623220413718e-03    -1.036306719095784e-02    +5.680387809477042e-01    +9.644286584385818e-01
+0.000000000000000e+00    +0.000000000000000e+00    -1.679084649667488e+05    -6.575493616977149e-03    -1.036600371170192e-02    +5.680368445283516e-01    +9.644168575994267e-01
+0.000000000000000e+00    +0.000000000000000e+00    -1.687042396822311e+05    -6.577365076144379e-03    -1.036894188840426e-02    +5.680349064492489e-01    +9.644050490982254e-01
+0.000000000000000e+00    +0.000000000000000e+00    -1.695000143977132e+05    -6.579237593843852e-03    -1.037188171465174e-02    +5.680329667136539e-01    +9.643932329590268e-01
+0.000000000000000e+00    +0.000000000000000e+00    -1.702957891131954e+05    -6.581111168206701e-03    -1.037482318749213e-02    +5.680310253225458e-01    +9.643814091919823e-01
+0.000000000000000e+00    +0.000000000000000e+00    -1.710915638286777e+05    -6.582985807418147e-03    -1.037776631975713e-02    +5.680290822664836e-01    +9.643695777437895e-01
+0.000000000000000e+00    +0.000000000000000e+00    -1.718873385441599e+05    -6.584861507976703e-03    -1.038071110592759e-02    +5.680271375481338e-01    +9.643577386349013e-01
+0.000000000000000e+00    +0.000000000000000e+00    -1.726831132596421e+05    -6.586738268670087e-03    -1.038365754408185e-02    +5.680251911677919e-01    +9.643458918713197e-01
+0.000000000000000e+00    +0.000000000000000e+00    -1.734788879751243e+05    -6.588616097158816e-03    -1.038660564622746e-02    +5.680232431165491e-01    +9.643340374030345e-01
+0.000000000000000e+00    +0.000000000000000e+00    -1.742746626906065e+05    -6.590494988389480e-03    -1.038955540440895e-02    +5.680212933986808e-01    +9.643221752602940e-01
+0.000000000000000e+00    +0.000000000000000e+00    -1.750704374060887e+05    -6.592374947753622e-03    -1.039250682707276e-02    +5.680193420076259e-01    +9.643103054073995e-01
+0.000000000000000e+00    +0.000000000000000e+00    -1.758662121215710e+05    -6.594255973504620e-03    -1.039545991145560e-02    +5.680173889442283e-01    +9.642984278537188e-01
+0.000000000000000e+00    +0.000000000000000e+00    -1.766619868370532e+05    -6.596138065338191e-03    -1.039841465706077e-02    +5.680154342078342e-01    +9.642865425995114e-01
+0.000000000000000e+00    +0.000000000000000e+00    -1.774577615525354e+05    -6.598021221019256e-03    -1.040137106035981e-02    +5.680134777997971e-01    +9.642746496572315e-01
+0.000000000000000e+00    +0.000000000000000e+00    -1.782535362680177e+05    -6.599905453203056e-03    -1.040432914120155e-02    +5.680115197059963e-01    +9.642627489452855e-01
+0.000000000000000e+00    +0.000000000000000e+00    -1.790493109834999e+05    -6.601790751274299e-03    -1.040728888289739e-02    +5.680095599364877e-01    +9.642508405290530e-01
+0.000000000000000e+00    +0.000000000000000e+00    -1.798450856989821e+05    -6.603677124021825e-03    -1.041025029922860e-02    +5.680075984811607e-01    +9.642389243513426e-01
+0.000000000000000e+00    +0.000000000000000e+00    -1.806408604144643e+05    -6.605564564317760e-03    -1.041321337898275e-02    +5.680056353464502e-01    +9.642270004555122e-01
+0.000000000000000e+00    +0.000000000000000e+00    -1.814366351299466e+05    -6.607453081305329e-03    -1.041617813649632e-02    +5.680036705218694e-01    +9.642150687821186e-01
+0.000000000000000e+00    +0.000000000000000e+00    -1.822324098454287e+05    -6.609342672834454e-03    -1.041914456837129e-02    +5.680017040086734e-01    +9.642031293430684e-01
+0.000000000000000e+00    +0.000000000000000e+00    -1.830281845609110e+05    -6.611233335978800e-03    -1.042211266999472e-02    +5.679997358089282e-01    +9.641911821551710e-01
+0.000000000000000e+00    +0.000000000000000e+00    -1.838239592763932e+05    -6.613125077204864e-03    -1.042508245149929e-02    +5.679977659149202e-01    +9.641792271758785e-01
+0.000000000000000e+00    +0.000000000000000e+00    -1.846197339918753e+05    -6.615017892280691e-03    -1.042805390621972e-02    +5.679957943300729e-01    +9.641672644302519e-01
+0.000000000000000e+00    +0.000000000000000e+00    -1.854155087073576e+05    -6.616911790173408e-03    -1.043102704821462e-02    +5.679938210440595e-01    +9.641552938599250e-01
+0.000000000000000e+00    +0.000000000000000e+00    -1.862112834228399e+05    -6.618806762063838e-03    -1.043400186361660e-02    +5.679918460650820e-01    +9.641433155189528e-01
+0.000000000000000e+00    +0.000000000000000e+00    -1.870070581383221e+05    -6.620702814555407e-03    -1.043697836277501e-02    +5.679898693852723e-01    +9.641313293638984e-01
+0.000000000000000e+00    +0.000000000000000e+00    -1.878028328538043e+05    -6.622599948264895e-03    -1.043995654663620e-02    +5.679878910029968e-01    +9.641193353891675e-01
+0.000000000000000e+00    +0.000000000000000e+00    -1.885986075692865e+05    -6.624498164382040e-03    -1.044293641704778e-02    +5.679859109160232e-01    +9.641073335855380e-01
+0.000000000000000e+00    +0.000000000000000e+00    -1.893943822847688e+05    -6.626397458557062e-03    -1.044591796716119e-02    +5.679839291278979e-01    +9.640953239788144e-01
+0.000000000000000e+00    +0.000000000000000e+00    -1.901901570002509e+05    -6.628297839978515e-03    -1.044890121138228e-02    +5.679819456280397e-01    +9.640833065091881e-01
+0.000000000000000e+00    +0.000000000000000e+00    -1.909859317157333e+05    -6.630199305298456e-03    -1.045188614443256e-02    +5.679799604189461e-01    +9.640712811961266e-01
+0.000000000000000e+00    +0.000000000000000e+00    -1.917817064312155e+05    -6.632101855550161e-03    -1.045487276791523e-02    +5.679779734985422e-01    +9.640592480313844e-01
+0.000000000000000e+00    +0.000000000000000e+00    -1.925774811466976e+05    -6.634005486624101e-03    -1.045786107535895e-02    +5.679759848701239e-01    +9.640472070392464e-01
+0.000000000000000e+00    +0.000000000000000e+00    -1.933732558621798e+05    -6.635910207826863e-03    -1.046085108135455e-02    +5.679739945229705e-01    +9.640351581591308e-01
+0.000000000000000e+00    +0.000000000000000e+00    -1.941690305776620e+05    -6.637816018334598e-03    -1.046384278458580e-02    +5.679720024569400e-01    +9.640231013945343e-01
+0.000000000000000e+00    +0.000000000000000e+00    -1.949648052931442e+05    -6.639722918776179e-03    -1.046683618602005e-02    +5.679700086703714e-01    +9.640110367397566e-01
+0.000000000000000e+00    +0.000000000000000e+00    -1.957605800086265e+05    -6.641630904325227e-03    -1.046983127806086e-02    +5.679680131673089e-01    +9.639989642236149e-01
+0.000000000000000e+00    +0.000000000000000e+00    -1.965563547241088e+05    -6.643539986756672e-03    -1.047282807917370e-02    +5.679660159344314e-01    +9.639868837698768e-01
+0.000000000000000e+00    +0.000000000000000e+00    -1.973521294395910e+05    -6.645450153848839e-03    -1.047582657014955e-02    +5.679640169835187e-01    +9.639747954541604e-01
+0.000000000000000e+00    +0.000000000000000e+00    -1.981479041550732e+05    -6.647361416793022e-03    -1.047882676854004e-02    +5.679620163018525e-01    +9.639626992039095e-01
+0.000000000000000e+00    +0.000000000000000e+00    -1.989436788705554e+05    -6.649273771067680e-03    -1.048182866722366e-02    +5.679600138931562e-01    +9.639505950460135e-01
+0.000000000000000e+00    +0.000000000000000e+00    -1.997394535860377e+05    -6.651187222850702e-03    -1.048483227587957e-02    +5.679580097499493e-01    +9.639384829396329e-01
+0.000000000000000e+00    +0.000000000000000e+00    -2.005352283015199e+05    -6.653101768764931e-03    -1.048783758918432e-02    +5.679560038747551e-01    +9.639263629044104e-01
+0.000000000000000e+00    +0.000000000000000e+00    -2.013310030170021e+05    -6.655017409951103e-03    -1.049084460890959e-02    +5.679539962653661e-01    +9.639142349313844e-01
+0.000000000000000e+00    +0.000000000000000e+00    -2.021267777324844e+05    -6.656934151736142e-03    -1.049385334339662e-02    +5.679519869151829e-01    +9.639020989850878e-01
+0.000000000000000e+00    +0.000000000000000e+00    -2.029225524479664e+05    -6.658851987984236e-03    -1.049686378299200e-02    +5.679499758296207e-01    +9.638899551026282e-01
+0.000000000000000e+00    +0.000000000000000e+00    -2.037183271634487e+05    -6.660770924224593e-03    -1.049987593635695e-02    +5.679479630018648e-01    +9.638778032472459e-01
+0.000000000000000e+00    +0.000000000000000e+00    -2.045141018789308e+05    -6.662690959718975e-03    -1.050288980231052e-02    +5.679459484316696e-01    +9.638656434218701e-01
+0.000000000000000e+00    +0.000000000000000e+00    -2.053098765944131e+05    -6.664612097637930e-03    -1.050590538580963e-02    +5.679439321146865e-01    +9.638534756046679e-01
+0.000000000000000e+00    +0.000000000000000e+00    -2.061056513098954e+05    -6.666534335882521e-03    -1.050892268353825e-02    +5.679419140520954e-01    +9.638412998071808e-01
+0.000000000000000e+00    +0.000000000000000e+00    -2.069014260253776e+05    -6.668457678698172e-03    -1.051194170214081e-02    +5.679398942384157e-01    +9.638291160007595e-01
+0.000000000000000e+00    +0.000000000000000e+00    -2.076972007408598e+05    -6.670382126144968e-03    -1.051496244168993e-02    +5.679378726725569e-01    +9.638169241832633e-01
+0.000000000000000e+00    +0.000000000000000e+00    -2.084929754563420e+05    -6.672307676283639e-03    -1.051798489912131e-02    +5.679358493555292e-01    +9.638047243652175e-01
+0.000000000000000e+00    +0.000000000000000e+00    -2.092887501718243e+05    -6.674234331582988e-03    -1.052100907829054e-02    +5.679338242837113e-01    +9.637925165292158e-01
+0.000000000000000e+00    +0.000000000000000e+00    -2.100845248873066e+05    -6.676162095716367e-03    -1.052403498494233e-02    +5.679317974522107e-01    +9.637803006502164e-01
+0.000000000000000e+00    +0.000000000000000e+00    -2.108802996027888e+05    -6.678090967914189e-03    -1.052706261784710e-02    +5.679297688608040e-01    +9.637680767313250e-01
+0.000000000000000e+00    +0.000000000000000e+00    -2.116760743182711e+05    -6.680020950198674e-03    -1.053009198015886e-02    +5.679277385063303e-01    +9.637558447579525e-01
+0.000000000000000e+00    +0.000000000000000e+00    -2.124718490337534e+05    -6.681952034235680e-03    -1.053312305877511e-02    +5.679257063965252e-01    +9.637436047811501e-01
+0.000000000000000e+00    +0.000000000000000e+00    -2.132676237492356e+05    -6.683884236492127e-03    -1.053615587952536e-02    +5.679236725130238e-01    +9.637313566947610e-01
+0.000000000000000e+00    +0.000000000000000e+00    -2.140633984647175e+05    -6.685817548576773e-03    -1.053919042921222e-02    +5.679216368636186e-01    +9.637191005502016e-01
+0.000000000000000e+00    +0.000000000000000e+00    -2.148591731801997e+05    -6.687751970165398e-03    -1.054222670730942e-02    +5.679195994476134e-01    +9.637068363477429e-01
+0.000000000000000e+00    +0.000000000000000e+00    -2.156549478956820e+05    -6.689687508444408e-03    -1.054526472507649e-02    +5.679175602563989e-01    +9.636945640400367e-01
+0.000000000000000e+00    +0.000000000000000e+00    -2.164507226111642e+05    -6.691624158085593e-03    -1.054830447412727e-02    +5.679155192945454e-01    +9.636822836590823e-01
+0.000000000000000e+00    +0.000000000000000e+00    -2.172464973266465e+05    -6.693561925290349e-03    -1.055134596417687e-02    +5.679134765544749e-01    +9.636699951637629e-01
+0.000000000000000e+00    +0.000000000000000e+00    -2.180422720421288e+05    -6.695500811958833e-03    -1.055438919818501e-02    +5.679114320331351e-01    +9.636576985402348e-01
+0.000000000000000e+00    +0.000000000000000e+00    -2.188380467576109e+05    -6.697440810335914e-03    -1.055743416395825e-02    +5.679093857376587e-01    +9.636453938358879e-01
+0.000000000000000e+00    +0.000000000000000e+00    -2.196338214730932e+05    -6.699381928076501e-03    -1.056048087349381e-02    +5.679073376589250e-01    +9.636330810003705e-01
+0.000000000000000e+00    +0.000000000000000e+00    -2.204295961885755e+05    -6.701324165065714e-03    -1.056352932658811e-02    +5.679052877960041e-01    +9.636207600326130e-01
+0.000000000000000e+00    +0.000000000000000e+00    -2.212253709040577e+05    -6.703267521511399e-03    -1.056657952354690e-02    +5.679032361476263e-01    +9.636084309294936e-01
+0.000000000000000e+00    +0.000000000000000e+00    -2.220211456195400e+05    -6.705212003861937e-03    -1.056963147447054e-02    +5.679011827059280e-01    +9.635960936482922e-01
+0.000000000000000e+00    +0.000000000000000e+00    -2.228169203350222e+05    -6.707157605959965e-03    -1.057268516967182e-02    +5.678991274763565e-01    +9.635837482262685e-01
+0.000000000000000e+00    +0.000000000000000e+00    -2.236126950505041e+05    -6.709104326069045e-03    -1.057574060640709e-02    +5.678970704596934e-01    +9.635713946726303e-01
+0.000000000000000e+00    +0.000000000000000e+00    -2.244084697659863e+05    -6.711052177953788e-03    -1.057879780626031e-02    +5.678950116403347e-01    +9.635590328982117e-01
+0.000000000000000e+00    +0.000000000000000e+00    -2.252042444814686e+05    -6.713001149835904e-03    -1.058185675071947e-02    +5.678929510296703e-01    +9.635466629759510e-01
+0.000000000000000e+00    +0.000000000000000e+00    -2.260000191969509e+05    -6.714951249640263e-03    -1.058491745220651e-02    +5.678908886182612e-01    +9.635342848537251e-01
+0.000000000000000e+00    +0.000000000000000e+00    -2.267957939124331e+05    -6.716902476873184e-03    -1.058797990992299e-02    +5.678888244055661e-01    +9.635218985328476e-01
+0.000000000000000e+00    +0.000000000000000e+00    -2.275915686279154e+05    -6.718854834192016e-03    -1.059104412801908e-02    +5.678867583877093e-01    +9.635095039946215e-01
+0.000000000000000e+00    +0.000000000000000e+00    -2.283873433433977e+05    -6.720808317693306e-03    -1.059411010034664e-02    +5.678846905677557e-01    +9.634971012620026e-01
+0.000000000000000e+00    +0.000000000000000e+00    -2.291831180588799e+05    -6.722762927692449e-03    -1.059717782738148e-02    +5.678826209443079e-01    +9.634846903311590e-01
+0.000000000000000e+00    +0.000000000000000e+00    -2.299788927743621e+05    -6.724718674203042e-03    -1.060024732481896e-02    +5.678805495056931e-01    +9.634722711366744e-01
+0.000000000000000e+00    +0.000000000000000e+00    -2.307746674898443e+05    -6.726675550899974e-03    -1.060331858270737e-02    +5.678784762575385e-01    +9.634598437168800e-01
+0.000000000000000e+00    +0.000000000000000e+00    -2.315704422053266e+05    -6.728633557940847e-03    -1.060639160127574e-02    +5.678764011986080e-01    +9.634474080689355e-01
+0.000000000000000e+00    +0.000000000000000e+00    -2.323662169208089e+05    -6.730592700592767e-03    -1.060946638876977e-02    +5.678743243222466e-01    +9.634349641575473e-01
+0.000000000000000e+00    +0.000000000000000e+00    -2.331619916362911e+05    -6.732552976409950e-03    -1.061254294132808e-02    +5.678722456299716e-01    +9.634225119964093e-01
+0.000000000000000e+00    +0.000000000000000e+00    -2.339577663517730e+05    -6.734514391270912e-03    -1.061562126815686e-02    +5.678701651144734e-01    +9.634100515463296e-01
+0.000000000000000e+00    +0.000000000000000e+00    -2.347535410672552e+05    -6.736476945273460e-03    -1.061870136938646e-02    +5.678680827745661e-01    +9.633975828048360e-01
+0.000000000000000e+00    +0.000000000000000e+00    -2.355493157827375e+05    -6.738440632627879e-03    -1.062178323590941e-02    +5.678659986153153e-01    +9.633851058068617e-01
+0.000000000000000e+00    +0.000000000000000e+00    -2.363450904982198e+05    -6.740405459654428e-03    -1.062486687762629e-02    +5.678639126289333e-01    +9.633726205103922e-01
+0.000000000000000e+00    +0.000000000000000e+00    -2.371408652137020e+05    -6.742371426510906e-03    -1.062795229476145e-02    +5.678618248141694e-01    +9.633601269125700e-01
+0.000000000000000e+00    +0.000000000000000e+00    -2.379366399291843e+05    -6.744338537211867e-03    -1.063103949359440e-02    +5.678597351656745e-01    +9.633476249860191e-01
+0.000000000000000e+00    +0.000000000000000e+00    -2.387324146446665e+05    -6.746306783081687e-03    -1.063412846048715e-02    +5.678576436915801e-01    +9.633351147840197e-01
+0.000000000000000e+00    +0.000000000000000e+00    -2.395281893601487e+05    -6.748276179144706e-03    -1.063721921900126e-02    +5.678555503748335e-01    +9.633225962092031e-01
+0.000000000000000e+00    +0.000000000000000e+00    -2.403239640756310e+05    -6.750246714113749e-03    -1.064031175139593e-02    +5.678534552263419e-01    +9.633100693314561e-01
+0.000000000000000e+00    +0.000000000000000e+00    -2.411197387911132e+05    -6.752218395445553e-03    -1.064340606935713e-02    +5.678513582370872e-01    +9.632975341014985e-01
+0.000000000000000e+00    +0.000000000000000e+00    -2.419155135065955e+05    -6.754191222093081e-03    -1.064650217121780e-02    +5.678492594070913e-01    +9.632849905241159e-01
+0.000000000000000e+00    +0.000000000000000e+00    -2.427112882220777e+05    -6.756165197732234e-03    -1.064960006272612e-02    +5.678471587313478e-01    +9.632724385740564e-01
+0.000000000000000e+00    +0.000000000000000e+00    -2.435070629375600e+05    -6.758140319252310e-03    -1.065269973897783e-02    +5.678450562120717e-01    +9.632598782692225e-01
+0.000000000000000e+00    +0.000000000000000e+00    -2.443028376530418e+05    -6.760116589265843e-03    -1.065580120405313e-02    +5.678429518453855e-01    +9.632473095911164e-01
+0.000000000000000e+00    +0.000000000000000e+00    -2.450986123685241e+05    -6.762094007536568e-03    -1.065890445755914e-02    +5.678408456304429e-01    +9.632347325393580e-01
+0.000000000000000e+00    +0.000000000000000e+00    -2.458943870840064e+05    -6.764072581406290e-03    -1.066200951099677e-02    +5.678387375583227e-01    +9.632221470653592e-01
+0.000000000000000e+00    +0.000000000000000e+00    -2.466901617994886e+05    -6.766052306255267e-03    -1.066511635709200e-02    +5.678366276328420e-01    +9.632095531966158e-01
+0.000000000000000e+00    +0.000000000000000e+00    -2.474859365149709e+05    -6.768033179615749e-03    -1.066822499195288e-02    +5.678345158555304e-01    +9.631969509469329e-01
+0.000000000000000e+00    +0.000000000000000e+00    -2.482817112304532e+05    -6.770015210138802e-03    -1.067133542913565e-02    +5.678324022160599e-01    +9.631843402593744e-01
+0.000000000000000e+00    +0.000000000000000e+00    -2.490774859459354e+05    -6.771998394891334e-03    -1.067444766401270e-02    +5.678302867164504e-01    +9.631717211507057e-01
+0.000000000000000e+00    +0.000000000000000e+00    -2.498732606614176e+05    -6.773982734278485e-03    -1.067756169719992e-02    +5.678281693551617e-01    +9.631590936164457e-01
+0.000000000000000e+00    +0.000000000000000e+00    -2.506690353768998e+05    -6.775968231937850e-03    -1.068067753438439e-02    +5.678260501272023e-01    +9.631464576315399e-01
+0.000000000000000e+00    +0.000000000000000e+00    -2.514648100923821e+05    -6.777954891373222e-03    -1.068379518104199e-02    +5.678239290277178e-01    +9.631338131717798e-01
+0.000000000000000e+00    +0.000000000000000e+00    -2.522605848078644e+05    -6.779942702988513e-03    -1.068691462209101e-02    +5.678218060658415e-01    +9.631211602963338e-01
+0.000000000000000e+00    +0.000000000000000e+00    -2.530563595233466e+05    -6.781931676446748e-03    -1.069003587267822e-02    +5.678196812301413e-01    +9.631084989417789e-01
+0.000000000000000e+00    +0.000000000000000e+00    -2.538521342388289e+05    -6.783921810890456e-03    -1.069315893143282e-02    +5.678175545204149e-01    +9.630958291116604e-01
+0.000000000000000e+00    +0.000000000000000e+00    -2.546479089543111e+05    -6.785913111836282e-03    -1.069628380699097e-02    +5.678154259296466e-01    +9.630831507689336e-01
+0.000000000000000e+00    +0.000000000000000e+00    -2.554436836697930e+05    -6.787905569282595e-03    -1.069941048363402e-02    +5.678132954674079e-01    +9.630704639753598e-01
+0.000000000000000e+00    +0.000000000000000e+00    -2.562394583852753e+05    -6.789899195670230e-03    -1.070253898086757e-02    +5.678111631192758e-01    +9.630577686497920e-01
+0.000000000000000e+00    +0.000000000000000e+00    -2.570352331007575e+05    -6.791893983791959e-03    -1.070566928735533e-02    +5.678090288918347e-01    +9.630450648362032e-01
+0.000000000000000e+00    +0.000000000000000e+00    -2.578310078162398e+05    -6.793889939416296e-03    -1.070880141213110e-02    +5.678068927777888e-01    +9.630323524959227e-01
+0.000000000000000e+00    +0.000000000000000e+00    -2.586267825317220e+05    -6.795887063136421e-03    -1.071193535610205e-02    +5.678047547753751e-01    +9.630196316232393e-01
+0.000000000000000e+00    +0.000000000000000e+00    -2.594225572472043e+05    -6.797885353200577e-03    -1.071507111649760e-02    +5.678026148853410e-01    +9.630069022273751e-01
+0.000000000000000e+00    +0.000000000000000e+00    -2.602183319626865e+05    -6.799884811487989e-03    -1.071820869624614e-02    +5.678004731045452e-01    +9.629941642944195e-01
+0.000000000000000e+00    +0.000000000000000e+00    -2.610141066781687e+05    -6.801885441713552e-03    -1.072134810115490e-02    +5.677983294278761e-01    +9.629814177987635e-01
+0.000000000000000e+00    +0.000000000000000e+00    -2.618098813936510e+05    -6.803887241584582e-03    -1.072448932760327e-02    +5.677961838566572e-01    +9.629686627530709e-01
+0.000000000000000e+00    +0.000000000000000e+00    -2.626056561091333e+05    -6.805890215595759e-03    -1.072763238262382e-02    +5.677940363849348e-01    +9.629558991267518e-01
+0.000000000000000e+00    +0.000000000000000e+00    -2.634014308246155e+05    -6.807894364234859e-03    -1.073077726695865e-02    +5.677918870110485e-01    +9.629431269147464e-01
+0.000000000000000e+00    +0.000000000000000e+00    -2.641972055400977e+05    -6.809899684089002e-03    -1.073392397523058e-02    +5.677897357375203e-01    +9.629303461368515e-01
+0.000000000000000e+00    +0.000000000000000e+00    -2.649929802555796e+05    -6.811906180836176e-03    -1.073707251632947e-02    +5.677875825571199e-01    +9.629175567549196e-01
+0.000000000000000e+00    +0.000000000000000e+00    -2.657887549710619e+05    -6.813913855254046e-03    -1.074022289145167e-02    +5.677854274678688e-01    +9.629047587620355e-01
+0.000000000000000e+00    +0.000000000000000e+00    -2.665845296865441e+05    -6.815922704224705e-03    -1.074337509568287e-02    +5.677832704719715e-01    +9.628919521761118e-01
+0.000000000000000e+00    +0.000000000000000e+00    -2.673803044020264e+05    -6.817932736036732e-03    -1.074652914200896e-02    +5.677811115593819e-01    +9.628791369423385e-01
+0.000000000000000e+00    +0.000000000000000e+00    -2.681760791175087e+05    -6.819943940857270e-03    -1.074968501497561e-02    +5.677789507395155e-01    +9.628663131214443e-01
+0.000000000000000e+00    +0.000000000000000e+00    -2.689718538329909e+05    -6.821956330548266e-03    -1.075284273317864e-02    +5.677767879984799e-01    +9.628534806358177e-01
+0.000000000000000e+00    +0.000000000000000e+00    -2.697676285484732e+05    -6.823969901549366e-03    -1.075600229100466e-02    +5.677746233389489e-01    +9.628406395061914e-01
+0.000000000000000e+00    +0.000000000000000e+00    -2.705634032639554e+05    -6.825984655750614e-03    -1.075916369139935e-02    +5.677724567577392e-01    +9.628277897185310e-01
+0.000000000000000e+00    +0.000000000000000e+00    -2.713591779794376e+05    -6.828000590148816e-03    -1.076232692962798e-02    +5.677702882569267e-01    +9.628149312900126e-01
+0.000000000000000e+00    +0.000000000000000e+00    -2.721549526949198e+05    -6.830017715917312e-03    -1.076549202320243e-02    +5.677681178233361e-01    +9.628020641473790e-01
+0.000000000000000e+00    +0.000000000000000e+00    -2.729507274104021e+05    -6.832036019198707e-03    -1.076865895035253e-02    +5.677659454707215e-01    +9.627891883770481e-01
+0.000000000000000e+00    +0.000000000000000e+00    -2.737465021258843e+05    -6.834055513639842e-03    -1.077182773247584e-02    +5.677637711832373e-01    +9.627763038899627e-01
+0.000000000000000e+00    +0.000000000000000e+00    -2.745422768413666e+05    -6.836076193541173e-03    -1.077499836060176e-02    +5.677615949658577e-01    +9.627634107205010e-01
+0.000000000000000e+00    +0.000000000000000e+00    -2.753380515568489e+05    -6.838098062040260e-03    -1.077817083963418e-02    +5.677594168140430e-01    +9.627505088466450e-01
+0.000000000000000e+00    +0.000000000000000e+00    -2.761338262723311e+05    -6.840121127612331e-03    -1.078134518284838e-02    +5.677572367174950e-01    +9.627375982123101e-01
+0.000000000000000e+00    +0.000000000000000e+00    -2.769296009878130e+05    -6.842145381701445e-03    -1.078452137679387e-02    +5.677550546842659e-01    +9.627246788700986e-01
+0.000000000000000e+00    +0.000000000000000e+00    -2.777253757032953e+05    -6.844170823790348e-03    -1.078769942064116e-02    +5.677528707137485e-01    +9.627117508213046e-01
+0.000000000000000e+00    +0.000000000000000e+00    -2.785211504187775e+05    -6.846197461472520e-03    -1.079087932628338e-02    +5.677506847965863e-01    +9.626988140154535e-01
+0.000000000000000e+00    +0.000000000000000e+00    -2.793169251342597e+05    -6.848225293801154e-03    -1.079406109220981e-02    +5.677484969326285e-01    +9.626858684565807e-01
+0.000000000000000e+00    +0.000000000000000e+00    -2.801126998497420e+05    -6.850254319413066e-03    -1.079724471626022e-02    +5.677463071221729e-01    +9.626729141513743e-01
+0.000000000000000e+00    +0.000000000000000e+00    -2.809084745652242e+05    -6.852284539275791e-03    -1.080043019993154e-02    +5.677441153630032e-01    +9.626599510916426e-01
+0.000000000000000e+00    +0.000000000000000e+00    -2.817042492807065e+05    -6.854315963725501e-03    -1.080361755941931e-02    +5.677419216427810e-01    +9.626469792093637e-01
+0.000000000000000e+00    +0.000000000000000e+00    -2.825000239961888e+05    -6.856348581789630e-03    -1.080680677748085e-02    +5.677397259721771e-01    +9.626339985725869e-01
+0.000000000000000e+00    +0.000000000000000e+00    -2.832957987116710e+05    -6.858382395507834e-03    -1.080999785729947e-02    +5.677375283478122e-01    +9.626210091662586e-01
+0.000000000000000e+00    +0.000000000000000e+00    -2.840915734271532e+05    -6.860417416693717e-03    -1.081319081738815e-02    +5.677353287557376e-01    +9.626080109128975e-01
+0.000000000000000e+00    +0.000000000000000e+00    -2.848873481426351e+05    -6.862453640522416e-03    -1.081638565014938e-02    +5.677331271999813e-01    +9.625950038412914e-01
+0.000000000000000e+00    +0.000000000000000e+00    -2.856831228581174e+05    -6.864491061411357e-03    -1.081958234680449e-02    +5.677309236853958e-01    +9.625819879850647e-01
+0.000000000000000e+00    +0.000000000000000e+00    -2.864788975735997e+05    -6.866529685836466e-03    -1.082278091749471e-02    +5.677287182037932e-01    +9.625689633008092e-01
+0.000000000000000e+00    +0.000000000000000e+00    -2.872746722890819e+05    -6.868569521036067e-03    -1.082598137355199e-02    +5.677265107461515e-01    +9.625559297402364e-01
+0.000000000000000e+00    +0.000000000000000e+00    -2.880704470045642e+05    -6.870610558325631e-03    -1.082918370132534e-02    +5.677243013206767e-01    +9.625428873567955e-01
+0.000000000000000e+00    +0.000000000000000e+00    -2.888662217200464e+05    -6.872652804532702e-03    -1.083238791150890e-02    +5.677220899187874e-01    +9.625298361048047e-01
+0.000000000000000e+00    +0.000000000000000e+00    -2.896619964355287e+05    -6.874696257606341e-03    -1.083559400085981e-02    +5.677198765415084e-01    +9.625167759953240e-01
+0.000000000000000e+00    +0.000000000000000e+00    -2.904577711510109e+05    -6.876740918309608e-03    -1.083880197055417e-02    +5.677176611868197e-01    +9.625037070214225e-01
+0.000000000000000e+00    +0.000000000000000e+00    -2.912535458664931e+05    -6.878786793350873e-03    -1.084201183109477e-02    +5.677154438462533e-01    +9.624906291381635e-01
+0.000000000000000e+00    +0.000000000000000e+00    -2.920493205819753e+05    -6.880833877578298e-03    -1.084522357437357e-02    +5.677132245241926e-01    +9.624775423764208e-01
+0.000000000000000e+00    +0.000000000000000e+00    -2.928450952974577e+05    -6.882882173927978e-03    -1.084843720497741e-02    +5.677110032162539e-01    +9.624644467153596e-01
+0.000000000000000e+00    +0.000000000000000e+00    -2.936408700129398e+05    -6.884931681662867e-03    -1.085165272172658e-02    +5.677087799220345e-01    +9.624513421576290e-01
+0.000000000000000e+00    +0.000000000000000e+00    -2.944366447284221e+05    -6.886982402821289e-03    -1.085487012779734e-02    +5.677065546381200e-01    +9.624382286881278e-01
+0.000000000000000e+00    +0.000000000000000e+00    -2.952324194439044e+05    -6.889034347122861e-03    -1.085808943841584e-02    +5.677043273527537e-01    +9.624251062426262e-01
+0.000000000000000e+00    +0.000000000000000e+00    -2.960281941593866e+05    -6.891087501475405e-03    -1.086131063301521e-02    +5.677020980789369e-01    +9.624119749027809e-01
+0.000000000000000e+00    +0.000000000000000e+00    -2.968239688748685e+05    -6.893141875396852e-03    -1.086453372651188e-02    +5.676998668051273e-01    +9.623988346056328e-01
+0.000000000000000e+00    +0.000000000000000e+00    -2.976197435903508e+05    -6.895197469804356e-03    -1.086775872031838e-02    +5.676976335291155e-01    +9.623856853432372e-01
+0.000000000000000e+00    +0.000000000000000e+00    -2.984155183058330e+05    -6.897254279768190e-03    -1.087098560667799e-02    +5.676953982550439e-01    +9.623725271450457e-01
+0.000000000000000e+00    +0.000000000000000e+00    -2.992112930213152e+05    -6.899312316274877e-03    -1.087421440280724e-02    +5.676931609697564e-01    +9.623593599386799e-01
+0.000000000000000e+00    +0.000000000000000e+00    -3.000070677367976e+05    -6.901371570113744e-03    -1.087744509422861e-02    +5.676909216820479e-01    +9.623461837809850e-01
+0.000000000000000e+00    +0.000000000000000e+00    -3.008028424522798e+05    -6.903432052657633e-03    -1.088067769876651e-02    +5.676886803783316e-01    +9.623329985970881e-01
+0.000000000000000e+00    +0.000000000000000e+00    -3.015986171677620e+05    -6.905493757005721e-03    -1.088391220556712e-02    +5.676864370648907e-01    +9.623198044290566e-01
+0.000000000000000e+00    +0.000000000000000e+00    -3.023943918832442e+05    -6.907556685928293e-03    -1.088714861895750e-02    +5.676841917374895e-01    +9.623066012570569e-01
+0.000000000000000e+00    +0.000000000000000e+00    -3.031901665987265e+05    -6.909620841736232e-03    -1.089038694253962e-02    +5.676819443923882e-01    +9.622933890641966e-01
+0.000000000000000e+00    +0.000000000000000e+00    -3.039859413142087e+05    -6.911686223145188e-03    -1.089362717427524e-02    +5.676796950297582e-01    +9.622801678565915e-01
+0.000000000000000e+00    +0.000000000000000e+00    -3.047817160296909e+05    -6.913752837024656e-03    -1.089686932491965e-02    +5.676774436408898e-01    +9.622669375881542e-01
+0.000000000000000e+00    +0.000000000000000e+00    -3.055774907451731e+05    -6.915820677924209e-03    -1.090011338589665e-02    +5.676751902304880e-01    +9.622536982916674e-01
+0.000000000000000e+00    +0.000000000000000e+00    -3.063732654606552e+05    -6.917889755376137e-03    -1.090335937214086e-02    +5.676729347869320e-01    +9.622404499039764e-01
+0.000000000000000e+00    +0.000000000000000e+00    -3.071690401761374e+05    -6.919960058102587e-03    -1.090660726593272e-02    +5.676706773212820e-01    +9.622271924951817e-01
+0.000000000000000e+00    +0.000000000000000e+00    -3.079648148916197e+05    -6.922031596225332e-03    -1.090985708313421e-02    +5.676684178212665e-01    +9.622139259983372e-01
+0.000000000000000e+00    +0.000000000000000e+00    -3.087605896071019e+05    -6.924104371769552e-03    -1.091310882689537e-02    +5.676661562834363e-01    +9.622006503983498e-01
+0.000000000000000e+00    +0.000000000000000e+00    -3.095563643225842e+05    -6.926178375152807e-03    -1.091636248215998e-02    +5.676638927170080e-01    +9.621873657544666e-01
+0.000000000000000e+00    +0.000000000000000e+00    -3.103521390380664e+05    -6.928253617169639e-03    -1.091961806584460e-02    +5.676616271089620e-01    +9.621740719954084e-01
+0.000000000000000e+00    +0.000000000000000e+00    -3.111479137535487e+05    -6.930330104605125e-03    -1.092287558856587e-02    +5.676593594506418e-01    +9.621607690755736e-01
+0.000000000000000e+00    +0.000000000000000e+00    -3.119436884690310e+05    -6.932407823741631e-03    -1.092613502877835e-02    +5.676570897557812e-01    +9.621474570807075e-01
+0.000000000000000e+00    +0.000000000000000e+00    -3.127394631845131e+05    -6.934486782965264e-03    -1.092939639962197e-02    +5.676548180139762e-01    +9.621341359549306e-01
+0.000000000000000e+00    +0.000000000000000e+00    -3.135352378999954e+05    -6.936566985816035e-03    -1.093265970662366e-02    +5.676525442201069e-01    +9.621208056734178e-01
+0.000000000000000e+00    +0.000000000000000e+00    -3.143310126154776e+05    -6.938648431503907e-03    -1.093592494851997e-02    +5.676502683737843e-01    +9.621074662390808e-01
+0.000000000000000e+00    +0.000000000000000e+00    -3.151267873309599e+05    -6.940731116808284e-03    -1.093919212023642e-02    +5.676479904772773e-01    +9.620941176704073e-01
+0.000000000000000e+00    +0.000000000000000e+00    -3.159225620464422e+05    -6.942815044746342e-03    -1.094246122648527e-02    +5.676457105260342e-01    +9.620807599459046e-01
+0.000000000000000e+00    +0.000000000000000e+00    -3.167183367619244e+05    -6.944900221896044e-03    -1.094573227756163e-02    +5.676434285115997e-01    +9.620673930212486e-01
+0.000000000000000e+00    +0.000000000000000e+00    -3.175141114774066e+05    -6.946986645093693e-03    -1.094900526847684e-02    +5.676411444361754e-01    +9.620540169145588e-01
+0.000000000000000e+00    +0.000000000000000e+00    -3.183098861928887e+05    -6.949074316759551e-03    -1.095228020300649e-02    +5.676388582958517e-01    +9.620406316081493e-01
+0.000000000000000e+00    +0.000000000000000e+00    -3.191056609083709e+05    -6.951163236190482e-03    -1.095555708002387e-02    +5.676365700901346e-01    +9.620272371043602e-01
+0.000000000000000e+00    +0.000000000000000e+00    -3.199014356238531e+05    -6.953253406444693e-03    -1.095883590430423e-02    +5.676342798144105e-01    +9.620138333814072e-01
+0.000000000000000e+00    +0.000000000000000e+00    -3.206972103393353e+05    -6.955344823433371e-03    -1.096211666940939e-02    +5.676319874718940e-01    +9.620004204633401e-01
+0.000000000000000e+00    +0.000000000000000e+00    -3.214929850548176e+05    -6.957437495956031e-03    -1.096539938912236e-02    +5.676296930516731e-01    +9.619869982915409e-01
+0.000000000000000e+00    +0.000000000000000e+00    -3.222887597702998e+05    -6.959531422652205e-03    -1.096868406128213e-02    +5.676273965539663e-01    +9.619735668725562e-01
+0.000000000000000e+00    +0.000000000000000e+00    -3.230845344857819e+05    -6.961626604709195e-03    -1.097197068772923e-02    +5.676250979761982e-01    +9.619601261965797e-01
+0.000000000000000e+00    +0.000000000000000e+00    -3.238803092012642e+05    -6.963723038121045e-03    -1.097525926215645e-02    +5.676227973214909e-01    +9.619466762871236e-01
+0.000000000000000e+00    +0.000000000000000e+00    -3.246760839167465e+05    -6.965820732342404e-03    -1.097854979937409e-02    +5.676204945781927e-01    +9.619332170813336e-01
+0.000000000000000e+00    +0.000000000000000e+00    -3.254718586322287e+05    -6.967919681952731e-03    -1.098184229085203e-02    +5.676181897509747e-01    +9.619197486117976e-01
+0.000000000000000e+00    +0.000000000000000e+00    -3.262676333477109e+05    -6.970019890271930e-03    -1.098513674177790e-02    +5.676158828349128e-01    +9.619062708550107e-01
+0.000000000000000e+00    +0.000000000000000e+00    -3.270634080631929e+05    -6.972121362849851e-03    -1.098843316083313e-02    +5.676135738226272e-01    +9.618927837731523e-01
+0.000000000000000e+00    +0.000000000000000e+00    -3.278591827786752e+05    -6.974224086070988e-03    -1.099173152663459e-02    +5.676112627277966e-01    +9.618792874514093e-01
+0.000000000000000e+00    +0.000000000000000e+00    -3.286549574941574e+05    -6.976328080177963e-03    -1.099503187091920e-02    +5.676089495268880e-01    +9.618657817576340e-01
+0.000000000000000e+00    +0.000000000000000e+00    -3.294507322096397e+05    -6.978433337168845e-03    -1.099833418110240e-02    +5.676066342274066e-01    +9.618522667409868e-01
+0.000000000000000e+00    +0.000000000000000e+00    -3.302465069251219e+05    -6.980539857380933e-03    -1.100163845769437e-02    +5.676043168276930e-01    +9.618387423970810e-01
+0.000000000000000e+00    +0.000000000000000e+00    -3.310422816406041e+05    -6.982647645839480e-03    -1.100494470855471e-02    +5.676019973209263e-01    +9.618252086914311e-01
+0.000000000000000e+00    +0.000000000000000e+00    -3.318380563560864e+05    -6.984756696689338e-03    -1.100825292447396e-02    +5.675996757122569e-01    +9.618116656594139e-01
+0.000000000000000e+00    +0.000000000000000e+00    -3.326338310715687e+05    -6.986867018873365e-03    -1.101156311945973e-02    +5.675973519905457e-01    +9.617981132413720e-01
+0.000000000000000e+00    +0.000000000000000e+00    -3.334296057870509e+05    -6.988978609277948e-03    -1.101487528860088e-02    +5.675950261579222e-01    +9.617845514550758e-01
+0.000000000000000e+00    +0.000000000000000e+00    -3.342253805025331e+05    -6.991091471921046e-03    -1.101818943817853e-02    +5.675926982086603e-01    +9.617709802724812e-01
+0.000000000000000e+00    +0.000000000000000e+00    -3.350211552180154e+05    -6.993205606365692e-03    -1.102150556748233e-02    +5.675903681419390e-01    +9.617573996941592e-01
+0.000000000000000e+00    +0.000000000000000e+00    -3.358169299334976e+05    -6.995321008784618e-03    -1.102482367048650e-02    +5.675880359606749e-01    +9.617438097424564e-01
+0.000000000000000e+00    +0.000000000000000e+00    -3.366127046489799e+05    -6.997437689846023e-03    -1.102814376390355e-02    +5.675857016518004e-01    +9.617302103465890e-01
+0.000000000000000e+00    +0.000000000000000e+00    -3.374084793644622e+05    -6.999555645261808e-03    -1.103146584097923e-02    +5.675833652187354e-01    +9.617166015318651e-01
+0.000000000000000e+00    +0.000000000000000e+00    -3.382042540799442e+05    -7.001674874221339e-03    -1.103478990042128e-02    +5.675810266610652e-01    +9.617029833012396e-01
+0.000000000000000e+00    +0.000000000000000e+00    -3.390000287954264e+05    -7.003795378273319e-03    -1.103811594463638e-02    +5.675786859757724e-01    +9.616893556425096e-01
+0.000000000000000e+00    +0.000000000000000e+00    -3.397958035109086e+05    -7.005917168712209e-03    -1.104144399131635e-02    +5.675763431490723e-01    +9.616757184808269e-01
+0.000000000000000e+00    +0.000000000000000e+00    -3.405915782263908e+05    -7.008040232386064e-03    -1.104477401980366e-02    +5.675739981941710e-01    +9.616620718984674e-01
+0.000000000000000e+00    +0.000000000000000e+00    -3.413873529418731e+05    -7.010164578800036e-03    -1.104810604499068e-02    +5.675716510992542e-01    +9.616484158320614e-01
+0.000000000000000e+00    +0.000000000000000e+00    -3.421831276573554e+05    -7.012290208209813e-03    -1.105144006725085e-02    +5.675693018627185e-01    +9.616347502777011e-01
+0.000000000000000e+00    +0.000000000000000e+00    -3.429789023728375e+05    -7.014417120129395e-03    -1.105477608579863e-02    +5.675669504837780e-01    +9.616210752362376e-01
+0.000000000000000e+00    +0.000000000000000e+00    -3.437746770883197e+05    -7.016545315210078e-03    -1.105811410163285e-02    +5.675645969603906e-01    +9.616073907012087e-01
+0.000000000000000e+00    +0.000000000000000e+00    -3.445704518038019e+05    -7.018674796130734e-03    -1.106145411893191e-02    +5.675622412882684e-01    +9.615936966531098e-01
+0.000000000000000e+00    +0.000000000000000e+00    -3.453662265192842e+05    -7.020805563345672e-03    -1.106479613838401e-02    +5.675598834655803e-01    +9.615799930867384e-01
+0.000000000000000e+00    +0.000000000000000e+00    -3.461620012347664e+05    -7.022937618642961e-03    -1.106814016277036e-02    +5.675575234890181e-01    +9.615662799883085e-01
+0.000000000000000e+00    +0.000000000000000e+00    -3.469577759502486e+05    -7.025070965381476e-03    -1.107148619733513e-02    +5.675551613535305e-01    +9.615525573339244e-01
+0.000000000000000e+00    +0.000000000000000e+00    -3.477535506657307e+05    -7.027205594490617e-03    -1.107483422782702e-02    +5.675527970678296e-01    +9.615388251796455e-01
+0.000000000000000e+00    +0.000000000000000e+00    -3.485493253812129e+05    -7.029341524311843e-03    -1.107818428299475e-02    +5.675504306102636e-01    +9.615250834051748e-01
+0.000000000000000e+00    +0.000000000000000e+00    -3.493451000966951e+05    -7.031478742529546e-03    -1.108153634348983e-02    +5.675480619931367e-01    +9.615113320874550e-01
+0.000000000000000e+00    +0.000000000000000e+00    -3.501408748121774e+05    -7.033617256042004e-03    -1.108489042011477e-02    +5.675456912074645e-01    +9.614975711797885e-01
+0.000000000000000e+00    +0.000000000000000e+00    -3.509366495276597e+05    -7.035757061796182e-03    -1.108824650805451e-02    +5.675433182552899e-01    +9.614838006995188e-01
+0.000000000000000e+00    +0.000000000000000e+00    -3.517324242431420e+05    -7.037898165307198e-03    -1.109160461593743e-02    +5.675409431291537e-01    +9.614700206088410e-01
+0.000000000000000e+00    +0.000000000000000e+00    -3.525281989586242e+05    -7.040040565017003e-03    -1.109496474129384e-02    +5.675385658294371e-01    +9.614562309154708e-01
+0.000000000000000e+00    +0.000000000000000e+00    -3.533239736741064e+05    -7.042184263215337e-03    -1.109832688769265e-02    +5.675361863522511e-01    +9.614424316023505e-01
+0.000000000000000e+00    +0.000000000000000e+00    -3.541197483895886e+05    -7.044329262911874e-03    -1.110169105982982e-02    +5.675338046929038e-01    +9.614286226477839e-01
+0.000000000000000e+00    +0.000000000000000e+00    -3.549155231050709e+05    -7.046475560179094e-03    -1.110505725152070e-02    +5.675314208544041e-01    +9.614148040747325e-01
+0.000000000000000e+00    +0.000000000000000e+00    -3.557112978205531e+05    -7.048623162899984e-03    -1.110842547510760e-02    +5.675290348266415e-01    +9.614009758301097e-01
+0.000000000000000e+00    +0.000000000000000e+00    -3.565070725360354e+05    -7.050772067957175e-03    -1.111179572567403e-02    +5.675266466117217e-01    +9.613871379316581e-01
+0.000000000000000e+00    +0.000000000000000e+00    -3.573028472515176e+05    -7.052922276604550e-03    -1.111516800516486e-02    +5.675242562068930e-01    +9.613732903689659e-01
+0.000000000000000e+00    +0.000000000000000e+00    -3.580986219669999e+05    -7.055073790592196e-03    -1.111854231630095e-02    +5.675218636088489e-01    +9.613594331284226e-01
+0.000000000000000e+00    +0.000000000000000e+00    -3.588943966824821e+05    -7.057226612238478e-03    -1.112191866269411e-02    +5.675194688136482e-01    +9.613455661927528e-01
+0.000000000000000e+00    +0.000000000000000e+00    -3.596901713979641e+05    -7.059380739749228e-03    -1.112529704150607e-02    +5.675170718219228e-01    +9.613316895711680e-01
+0.000000000000000e+00    +0.000000000000000e+00    -3.604859461134464e+05    -7.061536178513413e-03    -1.112867746116600e-02    +5.675146726263077e-01    +9.613178032265997e-01
+0.000000000000000e+00    +0.000000000000000e+00    -3.612817208289287e+05    -7.063692923924458e-03    -1.113205991442336e-02    +5.675122712305627e-01    +9.613039071863761e-01
+0.000000000000000e+00    +0.000000000000000e+00    -3.620774955444109e+05    -7.065850986964041e-03    -1.113544441847979e-02    +5.675098676210875e-01    +9.612900013773765e-01
+0.000000000000000e+00    +0.000000000000000e+00    -3.628732702598932e+05    -7.068010360780360e-03    -1.113883096256055e-02    +5.675074618041375e-01    +9.612760858413940e-01
+0.000000000000000e+00    +0.000000000000000e+00    -3.636690449753755e+05    -7.070171041776248e-03    -1.114221954100449e-02    +5.675050537823497e-01    +9.612621605992455e-01
+0.000000000000000e+00    +0.000000000000000e+00    -3.644648196908574e+05    -7.072333046384814e-03    -1.114561017956197e-02    +5.675026435360306e-01    +9.612482255426467e-01
+0.000000000000000e+00    +0.000000000000000e+00    -3.652605944063396e+05    -7.074496364459770e-03    -1.114900286228878e-02    +5.675002310751089e-01    +9.612342807346306e-01
+0.000000000000000e+00    +0.000000000000000e+00    -3.660563691218219e+05    -7.076660998109624e-03    -1.115239759247355e-02    +5.674978163958536e-01    +9.612203261592230e-01
+0.000000000000000e+00    +0.000000000000000e+00    -3.668521438373042e+05    -7.078826954599910e-03    -1.115579438148605e-02    +5.674953994887746e-01    +9.612063617672051e-01
+0.000000000000000e+00    +0.000000000000000e+00    -3.676479185527864e+05    -7.080994230265428e-03    -1.115919322355110e-02    +5.674929803565735e-01    +9.611923875798245e-01
+0.000000000000000e+00    +0.000000000000000e+00    -3.684436932682684e+05    -7.083162823582843e-03    -1.116259411625822e-02    +5.674905589995642e-01    +9.611784036045156e-01
+0.000000000000000e+00    +0.000000000000000e+00    -3.692394679837507e+05    -7.085332739551416e-03    -1.116599706742483e-02    +5.674881354107767e-01    +9.611644098066504e-01
+0.000000000000000e+00    +0.000000000000000e+00    -3.700352426992330e+05    -7.087503984444796e-03    -1.116940208686341e-02    +5.674857095818070e-01    +9.611504061433733e-01
+0.000000000000000e+00    +0.000000000000000e+00    -3.708310174147152e+05    -7.089676546394468e-03    -1.117280915593468e-02    +5.674832815245223e-01    +9.611363926888382e-01
+0.000000000000000e+00    +0.000000000000000e+00    -3.716267921301975e+05    -7.091850442346759e-03    -1.117621830119694e-02    +5.674808512185862e-01    +9.611223693313243e-01
+0.000000000000000e+00    +0.000000000000000e+00    -3.724225668456798e+05    -7.094025659439018e-03    -1.117962950244645e-02    +5.674784186769773e-01    +9.611083361514109e-01
+0.000000000000000e+00    +0.000000000000000e+00    -3.732183415611620e+05    -7.096202208863118e-03    -1.118304277721758e-02    +5.674759838857806e-01    +9.610942930744748e-01
+0.000000000000000e+00    +0.000000000000000e+00    -3.740141162766442e+05    -7.098380088017289e-03    -1.118645812140084e-02    +5.674735468465000e-01    +9.610802401148932e-01
+0.000000000000000e+00    +0.000000000000000e+00    -3.748098909921265e+05    -7.100559298458818e-03    -1.118987553741622e-02    +5.674711075559872e-01    +9.610661772601965e-01
+0.000000000000000e+00    +0.000000000000000e+00    -3.756056657076086e+05    -7.102739836299171e-03    -1.119329501914138e-02    +5.674686660171893e-01    +9.610521045330604e-01
+0.000000000000000e+00    +0.000000000000000e+00    -3.764014404230909e+05    -7.104921712861442e-03    -1.119671658431141e-02    +5.674662222160174e-01    +9.610380218579777e-01
+0.000000000000000e+00    +0.000000000000000e+00    -3.771972151385731e+05    -7.107104922372315e-03    -1.120014022384330e-02    +5.674637761575229e-01    +9.610239292697877e-01
+0.000000000000000e+00    +0.000000000000000e+00    -3.779929898540554e+05    -7.109289464923100e-03    -1.120356593785971e-02    +5.674613278401919e-01    +9.610098267654658e-01
+0.000000000000000e+00    +0.000000000000000e+00    -3.787887645695377e+05    -7.111475347098811e-03    -1.120699373666323e-02    +5.674588772552275e-01    +9.609957143000643e-01
+0.000000000000000e+00    +0.000000000000000e+00    -3.795845392850199e+05    -7.113662569014492e-03    -1.121042362040722e-02    +5.674564244010794e-01    +9.609815918704008e-01
+0.000000000000000e+00    +0.000000000000000e+00    -3.803803140005019e+05    -7.115851130386546e-03    -1.121385558862329e-02    +5.674539692766436e-01    +9.609674594758590e-01
+0.000000000000000e+00    +0.000000000000000e+00    -3.811760887159842e+05    -7.118041027211203e-03    -1.121728963500946e-02    +5.674515118849912e-01    +9.609533171398491e-01
+0.000000000000000e+00    +0.000000000000000e+00    -3.819718634314665e+05    -7.120232268513460e-03    -1.122072577369663e-02    +5.674490522145713e-01    +9.609391648016324e-01
+0.000000000000000e+00    +0.000000000000000e+00    -3.827676381469488e+05    -7.122424857635211e-03    -1.122416400989681e-02    +5.674465902602002e-01    +9.609250024371695e-01
+0.000000000000000e+00    +0.000000000000000e+00    -3.835634128624309e+05    -7.124618785730060e-03    -1.122760432971241e-02    +5.674441260303817e-01    +9.609108301011440e-01
+0.000000000000000e+00    +0.000000000000000e+00    -3.843591875779129e+05    -7.126814061476660e-03    -1.123104674673342e-02    +5.674416595139379e-01    +9.608966477350237e-01
+0.000000000000000e+00    +0.000000000000000e+00    -3.851549622933951e+05    -7.129010685362696e-03    -1.123449126169638e-02    +5.674391907088842e-01    +9.608824553331943e-01
+0.000000000000000e+00    +0.000000000000000e+00    -3.859507370088773e+05    -7.131208657261235e-03    -1.123793787437817e-02    +5.674367196139267e-01    +9.608682528940026e-01
+0.000000000000000e+00    +0.000000000000000e+00    -3.867465117243596e+05    -7.133407981354022e-03    -1.124138659131247e-02    +5.674342462229228e-01    +9.608540403879484e-01
+0.000000000000000e+00    +0.000000000000000e+00    -3.875422864398417e+05    -7.135608649622877e-03    -1.124483739990022e-02    +5.674317705434513e-01    +9.608398178643741e-01
+0.000000000000000e+00    +0.000000000000000e+00    -3.883380611553240e+05    -7.137810674180831e-03    -1.124829031911606e-02    +5.674292925604429e-01    +9.608255852425054e-01
+0.000000000000000e+00    +0.000000000000000e+00    -3.891338358708062e+05    -7.140014048457996e-03    -1.125174533862772e-02    +5.674268122798445e-01    +9.608113425623278e-01
+0.000000000000000e+00    +0.000000000000000e+00    -3.899296105862884e+05    -7.142218778335013e-03    -1.125520246763618e-02    +5.674243296935899e-01    +9.607970897833327e-01
+0.000000000000000e+00    +0.000000000000000e+00    -3.907253853017708e+05    -7.144424873013845e-03    -1.125866172054356e-02    +5.674218447898619e-01    +9.607828268435326e-01
+0.000000000000000e+00    +0.000000000000000e+00    -3.915211600172530e+05    -7.146632312367951e-03    -1.126212306576192e-02    +5.674193575898795e-01    +9.607685538705614e-01
+0.000000000000000e+00    +0.000000000000000e+00    -3.923169347327352e+05    -7.148841117283538e-03    -1.126558653602844e-02    +5.674168680686572e-01    +9.607542707268543e-01
+0.000000000000000e+00    +0.000000000000000e+00    -3.931127094482175e+05    -7.151051278232309e-03    -1.126905211636761e-02    +5.674143762354756e-01    +9.607399774715325e-01
+0.000000000000000e+00    +0.000000000000000e+00    -3.939084841636998e+05    -7.153262800335403e-03    -1.127251981479065e-02    +5.674118820831033e-01    +9.607256740689599e-01
+0.000000000000000e+00    +0.000000000000000e+00    -3.947042588791819e+05    -7.155475684954395e-03    -1.127598963340605e-02    +5.674093856085420e-01    +9.607113605078180e-01
+0.000000000000000e+00    +0.000000000000000e+00    -3.955000335946641e+05    -7.157689935046911e-03    -1.127946157682665e-02    +5.674068868069905e-01    +9.606970367664541e-01
+0.000000000000000e+00    +0.000000000000000e+00    -3.962958083101463e+05    -7.159905546982367e-03    -1.128293563933437e-02    +5.674043856810790e-01    +9.606827028658338e-01
+0.000000000000000e+00    +0.000000000000000e+00    -3.970915830256286e+05    -7.162122527595309e-03    -1.128641183162369e-02    +5.674018822216242e-01    +9.606683587592092e-01
+0.000000000000000e+00    +0.000000000000000e+00    -3.978873577411108e+05    -7.164340874386852e-03    -1.128989014974882e-02    +5.673993764299761e-01    +9.606540044602210e-01
+0.000000000000000e+00    +0.000000000000000e+00    -3.986831324565931e+05    -7.166560587821345e-03    -1.129337059441540e-02    +5.673968683041388e-01    +9.606396399633284e-01
+0.000000000000000e+00    +0.000000000000000e+00    -3.994789071720754e+05    -7.168781676851440e-03    -1.129685317963660e-02    +5.673943578325179e-01    +9.606252652080525e-01
+0.000000000000000e+00    +0.000000000000000e+00    -4.002746818875577e+05    -7.171004125349505e-03    -1.130033788009631e-02    +5.673918450318679e-01    +9.606108802962390e-01
+0.000000000000000e+00    +0.000000000000000e+00    -4.010704566030399e+05    -7.173227951958675e-03    -1.130382472501079e-02    +5.673893298796334e-01    +9.605964851046620e-01
+0.000000000000000e+00    +0.000000000000000e+00    -4.018662313185220e+05    -7.175453150423861e-03    -1.130731370453848e-02    +5.673868123814038e-01    +9.605820796712724e-01
+0.000000000000000e+00    +0.000000000000000e+00    -4.026620060340043e+05    -7.177679729351028e-03    -1.131080483215240e-02    +5.673842925259555e-01    +9.605676639377911e-01
+0.000000000000000e+00    +0.000000000000000e+00    -4.034577807494865e+05    -7.179907675579904e-03    -1.131429808718948e-02    +5.673817703266971e-01    +9.605532379868732e-01
+0.000000000000000e+00    +0.000000000000000e+00    -4.042535554649687e+05    -7.182137006706073e-03    -1.131779349722140e-02    +5.673792457622202e-01    +9.605388017020122e-01
+0.000000000000000e+00    +0.000000000000000e+00    -4.050493301804510e+05    -7.184367717030397e-03    -1.132129105327884e-02    +5.673767188374828e-01    +9.605243551175533e-01
+0.000000000000000e+00    +0.000000000000000e+00    -4.058451048959328e+05    -7.186599802910552e-03    -1.132479074963008e-02    +5.673741895551181e-01    +9.605098982545107e-01
+0.000000000000000e+00    +0.000000000000000e+00    -4.066408796114151e+05    -7.188833271004748e-03    -1.132829259669248e-02    +5.673716579060878e-01    +9.604954310671837e-01
+0.000000000000000e+00    +0.000000000000000e+00    -4.074366543268973e+05    -7.191068123454660e-03    -1.133179659779638e-02    +5.673691238864633e-01    +9.604809535391217e-01
+0.000000000000000e+00    +0.000000000000000e+00    -4.082324290423796e+05    -7.193304359454310e-03    -1.133530275165284e-02    +5.673665874956567e-01    +9.604664656729619e-01
+0.000000000000000e+00    +0.000000000000000e+00    -4.090282037578617e+05    -7.195541978679401e-03    -1.133881105772980e-02    +5.673640487325332e-01    +9.604519674682173e-01
+0.000000000000000e+00    +0.000000000000000e+00    -4.098239784733440e+05    -7.197780986222179e-03    -1.134232152398741e-02    +5.673615075898097e-01    +9.604374588893004e-01
+0.000000000000000e+00    +0.000000000000000e+00    -4.106197531888262e+05    -7.200021380673243e-03    -1.134583414818902e-02    +5.673589640675764e-01    +9.604229399427497e-01
+0.000000000000000e+00    +0.000000000000000e+00    -4.114155279043085e+05    -7.202263160800636e-03    -1.134934892837989e-02    +5.673564181657238e-01    +9.604084106339503e-01
+0.000000000000000e+00    +0.000000000000000e+00    -4.122113026197908e+05    -7.204506333773308e-03    -1.135286587577638e-02    +5.673538698745973e-01    +9.603938709138338e-01
+0.000000000000000e+00    +0.000000000000000e+00    -4.130070773352730e+05    -7.206750902054957e-03    -1.135638499421321e-02    +5.673513191898801e-01    +9.603793207638212e-01
+0.000000000000000e+00    +0.000000000000000e+00    -4.138028520507552e+05    -7.208996857866582e-03    -1.135990627146868e-02    +5.673487661188946e-01    +9.603647602317283e-01
+0.000000000000000e+00    +0.000000000000000e+00    -4.145986267662375e+05    -7.211244206502506e-03    -1.136342971582360e-02    +5.673462106541058e-01    +9.603501892806146e-01
+0.000000000000000e+00    +0.000000000000000e+00    -4.153944014817197e+05    -7.213492955718122e-03    -1.136695533940994e-02    +5.673436527851707e-01    +9.603356078575748e-01
+0.000000000000000e+00    +0.000000000000000e+00    -4.161901761972019e+05    -7.215743102044215e-03    -1.137048313676025e-02    +5.673410925145076e-01    +9.603210159824804e-01
+0.000000000000000e+00    +0.000000000000000e+00    -4.169859509126841e+05    -7.217994644200486e-03    -1.137401310584503e-02    +5.673385298420465e-01    +9.603064136610019e-01
+0.000000000000000e+00    +0.000000000000000e+00    -4.177817256281664e+05    -7.220247586923918e-03    -1.137754525406744e-02    +5.673359647608670e-01    +9.602918008597824e-01
+0.000000000000000e+00    +0.000000000000000e+00    -4.185775003436487e+05    -7.222501926465932e-03    -1.138107957552373e-02    +5.673333972737062e-01    +9.602771776005037e-01
+0.000000000000000e+00    +0.000000000000000e+00    -4.193732750591309e+05    -7.224757670598596e-03    -1.138461608237674e-02    +5.673308273701784e-01    +9.602625438301055e-01
+0.000000000000000e+00    +0.000000000000000e+00    -4.201690497746132e+05    -7.227014822337782e-03    -1.138815477932621e-02    +5.673282550453069e-01    +9.602478995263750e-01
+0.000000000000000e+00    +0.000000000000000e+00    -4.209648244900954e+05    -7.229273372949436e-03    -1.139169565265331e-02    +5.673256803075066e-01    +9.602332447433318e-01
+0.000000000000000e+00    +0.000000000000000e+00    -4.217605992055776e+05    -7.231533335332019e-03    -1.139523872256027e-02    +5.673231031405317e-01    +9.602185793946187e-01
+0.000000000000000e+00    +0.000000000000000e+00    -4.225563739210599e+05    -7.233794699139771e-03    -1.139878397279626e-02    +5.673205235546354e-01    +9.602039035447237e-01
+0.000000000000000e+00    +0.000000000000000e+00    -4.233521486365422e+05    -7.236057469105227e-03    -1.140233141076216e-02    +5.673179415428768e-01    +9.601892171602667e-01
+0.000000000000000e+00    +0.000000000000000e+00    -4.241479233520244e+05    -7.238321654006835e-03    -1.140588105019347e-02    +5.673153570936890e-01    +9.601745201816051e-01
+0.000000000000000e+00    +0.000000000000000e+00    -4.249436980675067e+05    -7.240587252532502e-03    -1.140943288900409e-02    +5.673127702070131e-01    +9.601598126145838e-01
+0.000000000000000e+00    +0.000000000000000e+00    -4.257394727829883e+05    -7.242854256097155e-03    -1.141298691371146e-02    +5.673101808911005e-01    +9.601450945122610e-01
+0.000000000000000e+00    +0.000000000000000e+00    -4.265352474984711e+05    -7.245122679908463e-03    -1.141654314813735e-02    +5.673075891270262e-01    +9.601303657732153e-01
+0.000000000000000e+00    +0.000000000000000e+00    -4.273310222139527e+05    -7.247392519429084e-03    -1.142010158513590e-02    +5.673049949184100e-01    +9.601156264242289e-01
+0.000000000000000e+00    +0.000000000000000e+00    -4.281267969294350e+05    -7.249663772104295e-03    -1.142366222068022e-02    +5.673023982666128e-01    +9.601008764791996e-01
+0.000000000000000e+00    +0.000000000000000e+00    -4.289225716449172e+05    -7.251936444848323e-03    -1.142722506558690e-02    +5.672997991621663e-01    +9.600861158905293e-01
+0.000000000000000e+00    +0.000000000000000e+00    -4.297183463603994e+05    -7.254210535908490e-03    -1.143079011708013e-02    +5.672971976055075e-01    +9.600713446669079e-01
+0.000000000000000e+00    +0.000000000000000e+00    -4.305141210758817e+05    -7.256486050916278e-03    -1.143435738396489e-02    +5.672945935886232e-01    +9.600565627690487e-01
+0.000000000000000e+00    +0.000000000000000e+00    -4.313098957913640e+05    -7.258762987384974e-03    -1.143792686231544e-02    +5.672919871127868e-01    +9.600417702104010e-01
+0.000000000000000e+00    +0.000000000000000e+00    -4.321056705068462e+05    -7.261041342166428e-03    -1.144149854717358e-02    +5.672893781800307e-01    +9.600269670087084e-01
+0.000000000000000e+00    +0.000000000000000e+00    -4.329014452223285e+05    -7.263321123541664e-03    -1.144507245149854e-02    +5.672867667792971e-01    +9.600121531074501e-01
+0.000000000000000e+00    +0.000000000000000e+00    -4.336972199378107e+05    -7.265602328109120e-03    -1.144864856992897e-02    +5.672841529129047e-01    +9.599973285260162e-01
+0.000000000000000e+00    +0.000000000000000e+00    -4.344929946532930e+05    -7.267884960066367e-03    -1.145222690902270e-02    +5.672815365744626e-01    +9.599824932344038e-01
+0.000000000000000e+00    +0.000000000000000e+00    -4.352887693687752e+05    -7.270169027413604e-03    -1.145580748129443e-02    +5.672789177532140e-01    +9.599676471778853e-01
+0.000000000000000e+00    +0.000000000000000e+00    -4.360845440842576e+05    -7.272454521649067e-03    -1.145939027338779e-02    +5.672762964573173e-01    +9.599527904089907e-01
+0.000000000000000e+00    +0.000000000000000e+00    -4.368803187997397e+05    -7.274741447538755e-03    -1.146297529275426e-02    +5.672736726797192e-01    +9.599379228939958e-01
+0.000000000000000e+00    +0.000000000000000e+00    -4.376760935152218e+05    -7.277029803796217e-03    -1.146656253735027e-02    +5.672710464203055e-01    +9.599230446385280e-01
+0.000000000000000e+00    +0.000000000000000e+00    -4.384718682307042e+05    -7.279319598671799e-03    -1.147015202008533e-02    +5.672684176680112e-01    +9.599081555861947e-01
+0.000000000000000e+00    +0.000000000000000e+00    -4.392676429461864e+05    -7.281610821079748e-03    -1.147374372355257e-02    +5.672657864339691e-01    +9.598932558063390e-01
+0.000000000000000e+00    +0.000000000000000e+00    -4.400634176616686e+05    -7.283903490956168e-03    -1.147733767898526e-02    +5.672631526936832e-01    +9.598783451665480e-01
+0.000000000000000e+00    +0.000000000000000e+00    -4.408591923771509e+05    -7.286197590187685e-03    -1.148093385795386e-02    +5.672605164663587e-01    +9.598634237818798e-01
+0.000000000000000e+00    +0.000000000000000e+00    -4.416549670926332e+05    -7.288493131949647e-03    -1.148453228109720e-02    +5.672578777352546e-01    +9.598484915638635e-01
+0.000000000000000e+00    +0.000000000000000e+00    -4.424507418081154e+05    -7.290790112631367e-03    -1.148813294272366e-02    +5.672552365029134e-01    +9.598335485332270e-01
+0.000000000000000e+00    +0.000000000000000e+00    -4.432465165235977e+05    -7.293088544254309e-03    -1.149173586165504e-02    +5.672525927538988e-01    +9.598185946089817e-01
+0.000000000000000e+00    +0.000000000000000e+00    -4.440422912390800e+05    -7.295388408839759e-03    -1.149534100967778e-02    +5.672499465072796e-01    +9.598036299053335e-01
+0.000000000000000e+00    +0.000000000000000e+00    -4.448380659545622e+05    -7.297689723994614e-03    -1.149894841437680e-02    +5.672472977411855e-01    +9.597886543049249e-01
+0.000000000000000e+00    +0.000000000000000e+00    -4.456338406700445e+05    -7.299992485176168e-03    -1.150255806859724e-02    +5.672446464592248e-01    +9.597736678345400e-01
+0.000000000000000e+00    +0.000000000000000e+00    -4.464296153855267e+05    -7.302296692874763e-03    -1.150616997308564e-02    +5.672419926592137e-01    +9.597586704881932e-01
+0.000000000000000e+00    +0.000000000000000e+00    -4.472253901010083e+05    -7.304602349147524e-03    -1.150978413104181e-02    +5.672393363371619e-01    +9.597436622497018e-01
+0.000000000000000e+00    +0.000000000000000e+00    -4.480211648164911e+05    -7.306909456520775e-03    -1.151340054640030e-02    +5.672366774885330e-01    +9.597286430998209e-01
+0.000000000000000e+00    +0.000000000000000e+00    -4.488169395319727e+05    -7.309218017121673e-03    -1.151701922246941e-02    +5.672340161092475e-01    +9.597136130218992e-01
+0.000000000000000e+00    +0.000000000000000e+00    -4.496127142474550e+05    -7.311528029454169e-03    -1.152064015687853e-02    +5.672313521994001e-01    +9.596985720228681e-01
+0.000000000000000e+00    +0.000000000000000e+00    -4.504084889629372e+05    -7.313839494582966e-03    -1.152426335127281e-02    +5.672286857561315e-01    +9.596835200929822e-01
+0.000000000000000e+00    +0.000000000000000e+00    -4.512042636784195e+05    -7.316152421854435e-03    -1.152788882027745e-02    +5.672260167670220e-01    +9.596684571685573e-01
+0.000000000000000e+00    +0.000000000000000e+00    -4.520000383939018e+05    -7.318466801566378e-03    -1.153151654865478e-02    +5.672233452416283e-01    +9.596533833099630e-01
+0.000000000000000e+00    +0.000000000000000e+00    -4.527958131093840e+05    -7.320782637768210e-03    -1.153514654273295e-02    +5.672206711736407e-01    +9.596382984879944e-01
+0.000000000000000e+00    +0.000000000000000e+00    -4.535915878248662e+05    -7.323099939286117e-03    -1.153877881631996e-02    +5.672179945512220e-01    +9.596232026423279e-01
+0.000000000000000e+00    +0.000000000000000e+00    -4.543873625403485e+05    -7.325418700858529e-03    -1.154241336113910e-02    +5.672153153788013e-01    +9.596080958044063e-01
+0.000000000000000e+00    +0.000000000000000e+00    -4.551831372558307e+05    -7.327738920266127e-03    -1.154605017369006e-02    +5.672126336572979e-01    +9.595929779858484e-01
+0.000000000000000e+00    +0.000000000000000e+00    -4.559789119713130e+05    -7.330060608917021e-03    -1.154968927183100e-02    +5.672099493718761e-01    +9.595778491094743e-01
+0.000000000000000e+00    +0.000000000000000e+00    -4.567746866867953e+05    -7.332383764015576e-03    -1.155333065114914e-02    +5.672072625241102e-01    +9.595627091906542e-01
+0.000000000000000e+00    +0.000000000000000e+00    -4.575704614022775e+05    -7.334708382711752e-03    -1.155697430715417e-02    +5.672045731156411e-01    +9.595475582451067e-01
+0.000000000000000e+00    +0.000000000000000e+00    -4.583662361177597e+05    -7.337034474901900e-03    -1.156062025533480e-02    +5.672018811333603e-01    +9.595323962054665e-01
+0.000000000000000e+00    +0.000000000000000e+00    -4.591620108332419e+05    -7.339362035040852e-03    -1.156426848696947e-02    +5.671991865820214e-01    +9.595172231050189e-01
+0.000000000000000e+00    +0.000000000000000e+00    -4.599577855487242e+05    -7.341691064505576e-03    -1.156791900419481e-02    +5.671964894583673e-01    +9.595020389319170e-01
+0.000000000000000e+00    +0.000000000000000e+00    -4.607535602642064e+05    -7.344021572878117e-03    -1.157157182200436e-02    +5.671937897496327e-01    +9.594868436208127e-01
+0.000000000000000e+00    +0.000000000000000e+00    -4.615493349796886e+05    -7.346353552053961e-03    -1.157522692766529e-02    +5.671910874635339e-01    +9.594716372216756e-01
+0.000000000000000e+00    +0.000000000000000e+00    -4.623451096951709e+05    -7.348686998383560e-03    -1.157888431543731e-02    +5.671883826026344e-01    +9.594564197554236e-01
+0.000000000000000e+00    +0.000000000000000e+00    -4.631408844106532e+05    -7.351021933355355e-03    -1.158254401897816e-02    +5.671856751403486e-01    +9.594411910790261e-01
+0.000000000000000e+00    +0.000000000000000e+00    -4.639366591261354e+05    -7.353358340026760e-03    -1.158620601169620e-02    +5.671829650946403e-01    +9.594259513001052e-01
+0.000000000000000e+00    +0.000000000000000e+00    -4.647324338416177e+05    -7.355696226303008e-03    -1.158987030596635e-02    +5.671802524546640e-01    +9.594107003641903e-01
+0.000000000000000e+00    +0.000000000000000e+00    -4.655282085571000e+05    -7.358035596136477e-03    -1.159353690795455e-02    +5.671775372141487e-01    +9.593954382426009e-01
+0.000000000000000e+00    +0.000000000000000e+00    -4.663239832725822e+05    -7.360376448938603e-03    -1.159720581671141e-02    +5.671748193720900e-01    +9.593801649362699e-01
+0.000000000000000e+00    +0.000000000000000e+00    -4.671197579880637e+05    -7.362718782364336e-03    -1.160087702853714e-02    +5.671720989295236e-01    +9.593648804575887e-01
+0.000000000000000e+00    +0.000000000000000e+00    -4.679155327035460e+05    -7.365062608486747e-03    -1.160455056233079e-02    +5.671693758707335e-01    +9.593495847248532e-01
+0.000000000000000e+00    +0.000000000000000e+00    -4.687113074190282e+05    -7.367407913975344e-03    -1.160822639716795e-02    +5.671666502095128e-01    +9.593342778221470e-01
+0.000000000000000e+00    +0.000000000000000e+00    -4.695070821345104e+05    -7.369754714921959e-03    -1.161190455825221e-02    +5.671639219254638e-01    +9.593189596415068e-01
+0.000000000000000e+00    +0.000000000000000e+00    -4.703028568499928e+05    -7.372103002924539e-03    -1.161558503238140e-02    +5.671611910266513e-01    +9.593036302348540e-01
+0.000000000000000e+00    +0.000000000000000e+00    -4.710986315654750e+05    -7.374452777342516e-03    -1.161926781853163e-02    +5.671584575121220e-01    +9.592882896034333e-01
+0.000000000000000e+00    +0.000000000000000e+00    -4.718944062809572e+05    -7.376804046283791e-03    -1.162295292938589e-02    +5.671557213707401e-01    +9.592729376913732e-01
+0.000000000000000e+00    +0.000000000000000e+00    -4.726901809964395e+05    -7.379156812576125e-03    -1.162664036934712e-02    +5.671529825975045e-01    +9.592575744772673e-01
+0.000000000000000e+00    +0.000000000000000e+00    -4.734859557119217e+05    -7.381511075245511e-03    -1.163033013686238e-02    +5.671502411918348e-01    +9.592421999645225e-01
+0.000000000000000e+00    +0.000000000000000e+00    -4.742817304274040e+05    -7.383866830209779e-03    -1.163402222550967e-02    +5.671474971567739e-01    +9.592268141768453e-01
+0.000000000000000e+00    +0.000000000000000e+00    -4.750775051428863e+05    -7.386224085818879e-03    -1.163771664835313e-02    +5.671447504808800e-01    +9.592114170567393e-01
+0.000000000000000e+00    +0.000000000000000e+00    -4.758732798583685e+05    -7.388582842170669e-03    -1.164141340551681e-02    +5.671420011623182e-01    +9.591960086006042e-01
+0.000000000000000e+00    +0.000000000000000e+00    -4.766690545738508e+05    -7.390943096745823e-03    -1.164511249302758e-02    +5.671392492023040e-01    +9.591805888219287e-01
+0.000000000000000e+00    +0.000000000000000e+00    -4.774648292893330e+05    -7.393304857353470e-03    -1.164881392310084e-02    +5.671364945900077e-01    +9.591651576667187e-01
+0.000000000000000e+00    +0.000000000000000e+00    -4.782606040048152e+05    -7.395668119946777e-03    -1.165251768936530e-02    +5.671337373284207e-01    +9.591497151584403e-01
+0.000000000000000e+00    +0.000000000000000e+00    -4.790563787202974e+05    -7.398032891216322e-03    -1.165622380228404e-02    +5.671309774080063e-01    +9.591342612503854e-01
+0.000000000000000e+00    +0.000000000000000e+00    -4.798521534357796e+05    -7.400399163534160e-03    -1.165993224987411e-02    +5.671282148359352e-01    +9.591187959894220e-01
+0.000000000000000e+00    +0.000000000000000e+00    -4.806479281512619e+05    -7.402766945612316e-03    -1.166364304576846e-02    +5.671254496003034e-01    +9.591033193156148e-01
+0.000000000000000e+00    +0.000000000000000e+00    -4.814437028667442e+05    -7.405136237953383e-03    -1.166735619072530e-02    +5.671226816987840e-01    +9.590878312226844e-01
+0.000000000000000e+00    +0.000000000000000e+00    -4.822394775822264e+05    -7.407507048250450e-03    -1.167107169677617e-02    +5.671199111206442e-01    +9.590723316573307e-01
+0.000000000000000e+00    +0.000000000000000e+00    -4.830352522977087e+05    -7.409879363692805e-03    -1.167478954381533e-02    +5.671171378791109e-01    +9.590568207003046e-01
+0.000000000000000e+00    +0.000000000000000e+00    -4.838310270131910e+05    -7.412253193131678e-03    -1.167850974569652e-02    +5.671143619620944e-01    +9.590412982907157e-01
+0.000000000000000e+00    +0.000000000000000e+00    -4.846268017286732e+05    -7.414628544497554e-03    -1.168223231481852e-02    +5.671115833585675e-01    +9.590257643736898e-01
+0.000000000000000e+00    +0.000000000000000e+00    -4.854225764441554e+05    -7.417005406947059e-03    -1.168595723415900e-02    +5.671088020794609e-01    +9.590102190171212e-01
+0.000000000000000e+00    +0.000000000000000e+00    -4.862183511596377e+05    -7.419383793926758e-03    -1.168968452477191e-02    +5.671060181072856e-01    +9.589946621300269e-01
+0.000000000000000e+00    +0.000000000000000e+00    -4.870141258751199e+05    -7.421763694456451e-03    -1.169341416941761e-02    +5.671032314531349e-01    +9.589790937812064e-01
+0.000000000000000e+00    +0.000000000000000e+00    -4.878099005906022e+05    -7.424145119971797e-03    -1.169714618599858e-02    +5.671004421018596e-01    +9.589635138928062e-01
+0.000000000000000e+00    +0.000000000000000e+00    -4.886056753060837e+05    -7.426528073116910e-03    -1.170088057862753e-02    +5.670976500485932e-01    +9.589479224444858e-01
+0.000000000000000e+00    +0.000000000000000e+00    -4.894014500215660e+05    -7.428912546490969e-03    -1.170461733568018e-02    +5.670948553002404e-01    +9.589323194816209e-01
+0.000000000000000e+00    +0.000000000000000e+00    -4.901972247370482e+05    -7.431298544424052e-03    -1.170835646392156e-02    +5.670920578499585e-01    +9.589167049728230e-01
+0.000000000000000e+00    +0.000000000000000e+00    -4.909929994525305e+05    -7.433686071192091e-03    -1.171209797002538e-02    +5.670892576909620e-01    +9.589010788870530e-01
+0.000000000000000e+00    +0.000000000000000e+00    -4.917887741680128e+05    -7.436075127605671e-03    -1.171584185523486e-02    +5.670864548205228e-01    +9.588854412159442e-01
+0.000000000000000e+00    +0.000000000000000e+00    -4.925845488834950e+05    -7.438465709219916e-03    -1.171958811255926e-02    +5.670836492420794e-01    +9.588697919855254e-01
+0.000000000000000e+00    +0.000000000000000e+00    -4.933803235989772e+05    -7.440857831778583e-03    -1.172333676664799e-02    +5.670808409353710e-01    +9.588541310896532e-01
+0.000000000000000e+00    +0.000000000000000e+00    -4.941760983144596e+05    -7.443251483367470e-03    -1.172708779879729e-02    +5.670780299125976e-01    +9.588384586032580e-01
+0.000000000000000e+00    +0.000000000000000e+00    -4.949718730299418e+05    -7.445646671502479e-03    -1.173084122076672e-02    +5.670752161631473e-01    +9.588227744740362e-01
+0.000000000000000e+00    +0.000000000000000e+00    -4.957676477454240e+05    -7.448043391105517e-03    -1.173459702456975e-02    +5.670723996911958e-01    +9.588070787321612e-01
+0.000000000000000e+00    +0.000000000000000e+00    -4.965634224609063e+05    -7.450441650970484e-03    -1.173835522396492e-02    +5.670695804846186e-01    +9.587913713169455e-01
+0.000000000000000e+00    +0.000000000000000e+00    -4.973591971763885e+05    -7.452841451653859e-03    -1.174211581979467e-02    +5.670667585409619e-01    +9.587756522216485e-01
+0.000000000000000e+00    +0.000000000000000e+00    -4.981549718918707e+05    -7.455242796533838e-03    -1.174587881732771e-02    +5.670639338544518e-01    +9.587599214210328e-01
+0.000000000000000e+00    +0.000000000000000e+00    -4.989507466073530e+05    -7.457645676722000e-03    -1.174964420260897e-02    +5.670611064337433e-01    +9.587441789702216e-01
+0.000000000000000e+00    +0.000000000000000e+00    -4.997465213228352e+05    -7.460050102599571e-03    -1.175341199188608e-02    +5.670582762648196e-01    +9.587284247980840e-01
+0.000000000000000e+00    +0.000000000000000e+00    -5.005422960383174e+05    -7.462456076986779e-03    -1.175718218954802e-02    +5.670554433425495e-01    +9.587126588830254e-01
+0.000000000000000e+00    +0.000000000000000e+00    -5.013380707537997e+05    -7.464863597949444e-03    -1.176095479253760e-02    +5.670526076673975e-01    +9.586968812345931e-01
+0.000000000000000e+00    +0.000000000000000e+00    -5.021338454692820e+05    -7.467272664377161e-03    -1.176472979909099e-02    +5.670497692388599e-01    +9.586810918569352e-01
+0.000000000000000e+00    +0.000000000000000e+00    -5.029296201847642e+05    -7.469683280141603e-03    -1.176850721525098e-02    +5.670469280505598e-01    +9.586652907215423e-01
+0.000000000000000e+00    +0.000000000000000e+00    -5.037253949002465e+05    -7.472095446725212e-03    -1.177228704331365e-02    +5.670440840989307e-01    +9.586494778155602e-01
+0.000000000000000e+00    +0.000000000000000e+00    -5.045211696157287e+05    -7.474509171155160e-03    -1.177606929426477e-02    +5.670412373738616e-01    +9.586336530897728e-01
+0.000000000000000e+00    +0.000000000000000e+00    -5.053169443312110e+05    -7.476924448286200e-03    -1.177985396001339e-02    +5.670383878795935e-01    +9.586178165747640e-01
+0.000000000000000e+00    +0.000000000000000e+00    -5.061127190466932e+05    -7.479341279524094e-03    -1.178364104274014e-02    +5.670355356126405e-01    +9.586019682581585e-01
+0.000000000000000e+00    +0.000000000000000e+00    -5.069084937621755e+05    -7.481759669428894e-03    -1.178743054956499e-02    +5.670326805657898e-01    +9.585861081068928e-01
+0.000000000000000e+00    +0.000000000000000e+00    -5.077042684776578e+05    -7.484179621081225e-03    -1.179122248528780e-02    +5.670298227335672e-01    +9.585702360975965e-01
+0.000000000000000e+00    +0.000000000000000e+00    -5.085000431931392e+05    -7.486601124449917e-03    -1.179501683416383e-02    +5.670269621259838e-01    +9.585543522928975e-01
+0.000000000000000e+00    +0.000000000000000e+00    -5.092958179086223e+05    -7.489024197550868e-03    -1.179881362440353e-02    +5.670240987199173e-01    +9.585384565714353e-01
+0.000000000000000e+00    +0.000000000000000e+00    -5.100915926241038e+05    -7.491448831756559e-03    -1.180261284245366e-02    +5.670212325237154e-01    +9.585225489866348e-01
+0.000000000000000e+00    +0.000000000000000e+00    -5.108873673395860e+05    -7.493875027543808e-03    -1.180641448904121e-02    +5.670183635349713e-01    +9.585066295321759e-01
+0.000000000000000e+00    +0.000000000000000e+00    -5.116831420550682e+05    -7.496302799130361e-03    -1.181021858641901e-02    +5.670154917350183e-01    +9.584906981115708e-01
+0.000000000000000e+00    +0.000000000000000e+00    -5.124789167705505e+05    -7.498732134565496e-03    -1.181402511582909e-02    +5.670126171361373e-01    +9.584747548000496e-01
+0.000000000000000e+00    +0.000000000000000e+00    -5.132746914860327e+05    -7.501163034844412e-03    -1.181783407881233e-02    +5.670097397352996e-01    +9.584587995878746e-01
+0.000000000000000e+00    +0.000000000000000e+00    -5.140704662015150e+05    -7.503595509609506e-03    -1.182164549045205e-02    +5.670068595192334e-01    +9.584428324085509e-01
+0.000000000000000e+00    +0.000000000000000e+00    -5.148662409169973e+05    -7.506029559431983e-03    -1.182545935161336e-02    +5.670039764853969e-01    +9.584268532551150e-01
+0.000000000000000e+00    +0.000000000000000e+00    -5.156620156324795e+05    -7.508465177710877e-03    -1.182927565192812e-02    +5.670010906397448e-01    +9.584108621676851e-01
+0.000000000000000e+00    +0.000000000000000e+00    -5.164577903479618e+05    -7.510902373970830e-03    -1.183309440629910e-02    +5.669982019691260e-01    +9.583948590804983e-01
+0.000000000000000e+00    +0.000000000000000e+00    -5.172535650634441e+05    -7.513341153576980e-03    -1.183691562310274e-02    +5.669953104653052e-01    +9.583788439550942e-01
+0.000000000000000e+00    +0.000000000000000e+00    -5.180493397789263e+05    -7.515781504149384e-03    -1.184073928291385e-02    +5.669924161410863e-01    +9.583628168695404e-01
+0.000000000000000e+00    +0.000000000000000e+00    -5.188451144944085e+05    -7.518223442685108e-03    -1.184456541234596e-02    +5.669895189744335e-01    +9.583467777089543e-01
+0.000000000000000e+00    +0.000000000000000e+00    -5.196408892098908e+05    -7.520666957810690e-03    -1.184839399354493e-02    +5.669866189769580e-01    +9.583307265448042e-01
+0.000000000000000e+00    +0.000000000000000e+00    -5.204366639253729e+05    -7.523112055787712e-03    -1.185222503630283e-02    +5.669837161393485e-01    +9.583146633327014e-01
+0.000000000000000e+00    +0.000000000000000e+00    -5.212324386408552e+05    -7.525558741193853e-03    -1.185605854776395e-02    +5.669808104542818e-01    +9.582985880393173e-01
+0.000000000000000e+00    +0.000000000000000e+00    -5.220282133563374e+05    -7.528007009576616e-03    -1.185989452092485e-02    +5.669779019251572e-01    +9.582825006906474e-01
+0.000000000000000e+00    +0.000000000000000e+00    -5.228239880718197e+05    -7.530456868679802e-03    -1.186373296789623e-02    +5.669749905408814e-01    +9.582664012325345e-01
+0.000000000000000e+00    +0.000000000000000e+00    -5.236197627873020e+05    -7.532908319301473e-03    -1.186757388989955e-02    +5.669720762986077e-01    +9.582502896564615e-01
+0.000000000000000e+00    +0.000000000000000e+00    -5.244155375027842e+05    -7.535361357729857e-03    -1.187141728109399e-02    +5.669691592008500e-01    +9.582341659835453e-01
+0.000000000000000e+00    +0.000000000000000e+00    -5.252113122182665e+05    -7.537815989537090e-03    -1.187526315018718e-02    +5.669662392390807e-01    +9.582180301738735e-01
+0.000000000000000e+00    +0.000000000000000e+00    -5.260070869337487e+05    -7.540272219290956e-03    -1.187911150430801e-02    +5.669633164059582e-01    +9.582018821941289e-01
+0.000000000000000e+00    +0.000000000000000e+00    -5.268028616492309e+05    -7.542730046108076e-03    -1.188296234204529e-02    +5.669603907006222e-01    +9.581857220468204e-01
+0.000000000000000e+00    +0.000000000000000e+00    -5.275986363647133e+05    -7.545189462197861e-03    -1.188681565116870e-02    +5.669574621304379e-01    +9.581695497798749e-01
+0.000000000000000e+00    +0.000000000000000e+00    -5.283944110801955e+05    -7.547650483366407e-03    -1.189067145642181e-02    +5.669545306746709e-01    +9.581533652860447e-01
+0.000000000000000e+00    +0.000000000000000e+00    -5.291901857956777e+05    -7.550113108475644e-03    -1.189452975598860e-02    +5.669515963327521e-01    +9.581371685695038e-01
+0.000000000000000e+00    +0.000000000000000e+00    -5.299859605111593e+05    -7.552577329022972e-03    -1.189839053652344e-02    +5.669486591128935e-01    +9.581209596828574e-01
+0.000000000000000e+00    +0.000000000000000e+00    -5.307817352266422e+05    -7.555043154824981e-03    -1.190225381338600e-02    +5.669457190014728e-01    +9.581047385582083e-01
+0.000000000000000e+00    +0.000000000000000e+00    -5.315775099421238e+05    -7.557510586469815e-03    -1.190611958746791e-02    +5.669427759958595e-01    +9.580885051883633e-01
+0.000000000000000e+00    +0.000000000000000e+00    -5.323732846576060e+05    -7.559979628365875e-03    -1.190998786565084e-02    +5.669398300888623e-01    +9.580722595409795e-01
+0.000000000000000e+00    +0.000000000000000e+00    -5.331690593730883e+05    -7.562450272377699e-03    -1.191385863516181e-02    +5.669368812882549e-01    +9.580560016662517e-01
+0.000000000000000e+00    +0.000000000000000e+00    -5.339648340885706e+05    -7.564922533922158e-03    -1.191773192013391e-02    +5.669339295736989e-01    +9.580397314593752e-01
+0.000000000000000e+00    +0.000000000000000e+00    -5.347606088040528e+05    -7.567396405294213e-03    -1.192160770846300e-02    +5.669309749524494e-01    +9.580234489677112e-01
+0.000000000000000e+00    +0.000000000000000e+00    -5.355563835195351e+05    -7.569871886064879e-03    -1.192548599945622e-02    +5.669280174230779e-01    +9.580071541907246e-01
+0.000000000000000e+00    +0.000000000000000e+00    -5.363521582350173e+05    -7.572348981684734e-03    -1.192936680162844e-02    +5.669250569771280e-01    +9.579908470891763e-01
+0.000000000000000e+00    +0.000000000000000e+00    -5.371479329504996e+05    -7.574827698652278e-03    -1.193325012513308e-02    +5.669220936048800e-01    +9.579745276169152e-01
+0.000000000000000e+00    +0.000000000000000e+00    -5.379437076659818e+05    -7.577308028764104e-03    -1.193713595709010e-02    +5.669191273141863e-01    +9.579581958245814e-01
+0.000000000000000e+00    +0.000000000000000e+00    -5.387394823814641e+05    -7.579789983917755e-03    -1.194102431611831e-02    +5.669161580888625e-01    +9.579418516304461e-01
+0.000000000000000e+00    +0.000000000000000e+00    -5.395352570969464e+05    -7.582273558399673e-03    -1.194491519323580e-02    +5.669131859337806e-01    +9.579254950687541e-01
+0.000000000000000e+00    +0.000000000000000e+00    -5.403310318124285e+05    -7.584758754318234e-03    -1.194880859172385e-02    +5.669102108444564e-01    +9.579091261222248e-01
+0.000000000000000e+00    +0.000000000000000e+00    -5.411268065279108e+05    -7.587245573807828e-03    -1.195270451490046e-02    +5.669072328163692e-01    +9.578927447734066e-01
+0.000000000000000e+00    +0.000000000000000e+00    -5.419225812433930e+05    -7.589734022573368e-03    -1.195660297167732e-02    +5.669042518407159e-01    +9.578763509813143e-01
+0.000000000000000e+00    +0.000000000000000e+00    -5.427183559588752e+05    -7.592224096953613e-03    -1.196050395629105e-02    +5.669012679199084e-01    +9.578599447666616e-01
+0.000000000000000e+00    +0.000000000000000e+00    -5.435141306743574e+05    -7.594715799197686e-03    -1.196440747224234e-02    +5.668982810492768e-01    +9.578435261112145e-01
+0.000000000000000e+00    +0.000000000000000e+00    -5.443099053898397e+05    -7.597209137151016e-03    -1.196831353179603e-02    +5.668952912174348e-01    +9.578270949598535e-01
+0.000000000000000e+00    +0.000000000000000e+00    -5.451056801053219e+05    -7.599704106796673e-03    -1.197222212863054e-02    +5.668922984272133e-01    +9.578106513356256e-01
+0.000000000000000e+00    +0.000000000000000e+00    -5.459014548208042e+05    -7.602200708720959e-03    -1.197613326364170e-02    +5.668893026759242e-01    +9.577941952312327e-01
+0.000000000000000e+00    +0.000000000000000e+00    -5.466972295362864e+05    -7.604698948391398e-03    -1.198004694536985e-02    +5.668863039550168e-01    +9.577777266071978e-01
+0.000000000000000e+00    +0.000000000000000e+00    -5.474930042517687e+05    -7.607198818131888e-03    -1.198396316176247e-02    +5.668833022717157e-01    +9.577612455106873e-01
+0.000000000000000e+00    +0.000000000000000e+00    -5.482887789672510e+05    -7.609700335596705e-03    -1.198788194045539e-02    +5.668802976028247e-01    +9.577447518218521e-01
+0.000000000000000e+00    +0.000000000000000e+00    -5.490845536827332e+05    -7.612203487808364e-03    -1.199180326108499e-02    +5.668772899619300e-01    +9.577282456228140e-01
+0.000000000000000e+00    +0.000000000000000e+00    -5.498803283982155e+05    -7.614708285702065e-03    -1.199572714076373e-02    +5.668742793338912e-01    +9.577117268379944e-01
+0.000000000000000e+00    +0.000000000000000e+00    -5.506761031136977e+05    -7.617214727561120e-03    -1.199965357677224e-02    +5.668712657187623e-01    +9.576951954752508e-01
+0.000000000000000e+00    +0.000000000000000e+00    -5.514718778291792e+05    -7.619722819363214e-03    -1.200358257845098e-02    +5.668682491073440e-01    +9.576786514916773e-01
+0.000000000000000e+00    +0.000000000000000e+00    -5.522676525446622e+05    -7.622232549659377e-03    -1.200751412783717e-02    +5.668652295113957e-01    +9.576620949593235e-01
+0.000000000000000e+00    +0.000000000000000e+00    -5.530634272601438e+05    -7.624743929943774e-03    -1.201144824291781e-02    +5.668622069150761e-01    +9.576455257988753e-01
+0.000000000000000e+00    +0.000000000000000e+00    -5.538592019756259e+05    -7.627256963941286e-03    -1.201538492949767e-02    +5.668591813118790e-01    +9.576289439822702e-01
+0.000000000000000e+00    +0.000000000000000e+00    -5.546549766911083e+05    -7.629771649383194e-03    -1.201932418399634e-02    +5.668561527025112e-01    +9.576123495209805e-01
+0.000000000000000e+00    +0.000000000000000e+00    -5.554507514065906e+05    -7.632287991814241e-03    -1.202326601507610e-02    +5.668531210782659e-01    +9.575957423749076e-01
+0.000000000000000e+00    +0.000000000000000e+00    -5.562465261220727e+05    -7.634805987542992e-03    -1.202721041692704e-02    +5.668500864415601e-01    +9.575791225649075e-01
+0.000000000000000e+00    +0.000000000000000e+00    -5.570423008375551e+05    -7.637325635413620e-03    -1.203115738771586e-02    +5.668470487917572e-01    +9.575624900950982e-01
+0.000000000000000e+00    +0.000000000000000e+00    -5.578380755530373e+05    -7.639846951241209e-03    -1.203510695219242e-02    +5.668440081077505e-01    +9.575458448575547e-01
+0.000000000000000e+00    +0.000000000000000e+00    -5.586338502685195e+05    -7.642369920826656e-03    -1.203905908808202e-02    +5.668409644046225e-01    +9.575291869424991e-01
+0.000000000000000e+00    +0.000000000000000e+00    -5.594296249840019e+05    -7.644894550848211e-03    -1.204301380582829e-02    +5.668379176722773e-01    +9.575125163023017e-01
+0.000000000000000e+00    +0.000000000000000e+00    -5.602253996994840e+05    -7.647420853208750e-03    -1.204697112404866e-02    +5.668348678942992e-01    +9.574958328548231e-01
+0.000000000000000e+00    +0.000000000000000e+00    -5.610211744149663e+05    -7.649948808952943e-03    -1.205093101302037e-02    +5.668318150915217e-01    +9.574791367217099e-01
+0.000000000000000e+00    +0.000000000000000e+00    -5.618169491304484e+05    -7.652478442345508e-03    -1.205489351073723e-02    +5.668287592325897e-01    +9.574624277391371e-01
+0.000000000000000e+00    +0.000000000000000e+00    -5.626127238459308e+05    -7.655009739349737e-03    -1.205885859517542e-02    +5.668257003323980e-01    +9.574457059962777e-01
+0.000000000000000e+00    +0.000000000000000e+00    -5.634084985614129e+05    -7.657542705482496e-03    -1.206282627495898e-02    +5.668226383822227e-01    +9.574289714531178e-01
+0.000000000000000e+00    +0.000000000000000e+00    -5.642042732768952e+05    -7.660077348724153e-03    -1.206679656256130e-02    +5.668195733703507e-01    +9.574122240533638e-01
+0.000000000000000e+00    +0.000000000000000e+00    -5.650000479923775e+05    -7.662613656675866e-03    -1.207076943853243e-02    +5.668165053097080e-01    +9.573954638753743e-01
+0.000000000000000e+00    +0.000000000000000e+00    -5.657958227078597e+05    -7.665151654282873e-03    -1.207474494192806e-02    +5.668134341680454e-01    +9.573786907507101e-01
+0.000000000000000e+00    +0.000000000000000e+00    -5.665915974233419e+05    -7.667691315555625e-03    -1.207872303200188e-02    +5.668103599747355e-01    +9.573619048475617e-01
+0.000000000000000e+00    +0.000000000000000e+00    -5.673873721388243e+05    -7.670232661003720e-03    -1.208270374086786e-02    +5.668072827028797e-01    +9.573451060267640e-01
+0.000000000000000e+00    +0.000000000000000e+00    -5.681831468543065e+05    -7.672775684977375e-03    -1.208668705964201e-02    +5.668042023572332e-01    +9.573282943220742e-01
+0.000000000000000e+00    +0.000000000000000e+00    -5.689789215697887e+05    -7.675320394002354e-03    -1.209067299852435e-02    +5.668011189278062e-01    +9.573114696867392e-01
+0.000000000000000e+00    +0.000000000000000e+00    -5.697746962852703e+05    -7.677866788054668e-03    -1.209466155744972e-02    +5.667980324125355e-01    +9.572946321173043e-01
+0.000000000000000e+00    +0.000000000000000e+00    -5.705704710007532e+05    -7.680414858617671e-03    -1.209865272305368e-02    +5.667949428196561e-01    +9.572777816664731e-01
+0.000000000000000e+00    +0.000000000000000e+00    -5.713662457162348e+05    -7.682964622718777e-03    -1.210264652198675e-02    +5.667918501264280e-01    +9.572609182180141e-01
+0.000000000000000e+00    +0.000000000000000e+00    -5.721620204317170e+05    -7.685516073485861e-03    -1.210664294345237e-02    +5.667887543390829e-01    +9.572440418137532e-01
+0.000000000000000e+00    +0.000000000000000e+00    -5.729577951471993e+05    -7.688069222485534e-03    -1.211064200554647e-02    +5.667856554414809e-01    +9.572271523735359e-01
+0.000000000000000e+00    +0.000000000000000e+00    -5.737535698626816e+05    -7.690624053978475e-03    -1.211464368358637e-02    +5.667825534506198e-01    +9.572102499978462e-01
+0.000000000000000e+00    +0.000000000000000e+00    -5.745493445781638e+05    -7.693180584034648e-03    -1.211864800272576e-02    +5.667794483448808e-01    +9.571933345767109e-01
+0.000000000000000e+00    +0.000000000000000e+00    -5.753451192936460e+05    -7.695738808192112e-03    -1.212265495594405e-02    +5.667763401275671e-01    +9.571764061360040e-01
+0.000000000000000e+00    +0.000000000000000e+00    -5.761408940091283e+05    -7.698298733900623e-03    -1.212666455488742e-02    +5.667732287875078e-01    +9.571594646227597e-01
+0.000000000000000e+00    +0.000000000000000e+00    -5.769366687246106e+05    -7.700860352217010e-03    -1.213067678552054e-02    +5.667701143334530e-01    +9.571425100925023e-01
+0.000000000000000e+00    +0.000000000000000e+00    -5.777324434400927e+05    -7.703423676422481e-03    -1.213469166862540e-02    +5.667669967471314e-01    +9.571255424536463e-01
+0.000000000000000e+00    +0.000000000000000e+00    -5.785282181555751e+05    -7.705988699862668e-03    -1.213870919374893e-02    +5.667638760345063e-01    +9.571085617465657e-01
+0.000000000000000e+00    +0.000000000000000e+00    -5.793239928710574e+05    -7.708555426310125e-03    -1.214272936677880e-02    +5.667607521888587e-01    +9.570915679425971e-01
+0.000000000000000e+00    +0.000000000000000e+00    -5.801197675865395e+05    -7.711123862114881e-03    -1.214675219763475e-02    +5.667576252003234e-01    +9.570745609960037e-01
+0.000000000000000e+00    +0.000000000000000e+00    -5.809155423020218e+05    -7.713694007038132e-03    -1.215077768591561e-02    +5.667544950670482e-01    +9.570575409046654e-01
+0.000000000000000e+00    +0.000000000000000e+00    -5.817113170175040e+05    -7.716265857717421e-03    -1.215480582633076e-02    +5.667513617909873e-01    +9.570405076871432e-01
+0.000000000000000e+00    +0.000000000000000e+00    -5.825070917329863e+05    -7.718839418509886e-03    -1.215883662568188e-02    +5.667482253646882e-01    +9.570234613108685e-01
+0.000000000000000e+00    +0.000000000000000e+00    -5.833028664484685e+05    -7.721414692081831e-03    -1.216287008811882e-02    +5.667450857827525e-01    +9.570064017544651e-01
+0.000000000000000e+00    +0.000000000000000e+00    -5.840986411639507e+05    -7.723991684580432e-03    -1.216690622324401e-02    +5.667419430355286e-01    +9.569893289734821e-01
+0.000000000000000e+00    +0.000000000000000e+00    -5.848944158794329e+05    -7.726570385542602e-03    -1.217094501464295e-02    +5.667387971336220e-01    +9.569722430335137e-01
+0.000000000000000e+00    +0.000000000000000e+00    -5.856901905949153e+05    -7.729150813110429e-03    -1.217498649071058e-02    +5.667356480527383e-01    +9.569551438106050e-01
+0.000000000000000e+00    +0.000000000000000e+00    -5.864859653103974e+05    -7.731732963106317e-03    -1.217903064487145e-02    +5.667324957958035e-01    +9.569380313286951e-01
+0.000000000000000e+00    +0.000000000000000e+00    -5.872817400258797e+05    -7.734316814633250e-03    -1.218307744437465e-02    +5.667293403861710e-01    +9.569209057225353e-01
+0.000000000000000e+00    +0.000000000000000e+00    -5.880775147413621e+05    -7.736902405796833e-03    -1.218712694888600e-02    +5.667261817751365e-01    +9.569037667357934e-01
+0.000000000000000e+00    +0.000000000000000e+00    -5.888732894568442e+05    -7.739489724009973e-03    -1.219117913865045e-02    +5.667230199758877e-01    +9.568866144481476e-01
+0.000000000000000e+00    +0.000000000000000e+00    -5.896690641723265e+05    -7.742078759337106e-03    -1.219523399808881e-02    +5.667198549983924e-01    +9.568694489216911e-01
+0.000000000000000e+00    +0.000000000000000e+00    -5.904648388878088e+05    -7.744669531468532e-03    -1.219929155801972e-02    +5.667166868163974e-01    +9.568522700220911e-01
+0.000000000000000e+00    +0.000000000000000e+00    -5.912606136032903e+05    -7.747262025340149e-03    -1.220335179481748e-02    +5.667135154461370e-01    +9.568350778454637e-01
+0.000000000000000e+00    +0.000000000000000e+00    -5.920563883187732e+05    -7.749856253553661e-03    -1.220741472820106e-02    +5.667103408700087e-01    +9.568178723044444e-01
+0.000000000000000e+00    +0.000000000000000e+00    -5.928521630342548e+05    -7.752452221663503e-03    -1.221148036683971e-02    +5.667071630790154e-01    +9.568006533583965e-01
+0.000000000000000e+00    +0.000000000000000e+00    -5.936479377497371e+05    -7.755049921498046e-03    -1.221554869790913e-02    +5.667039820809604e-01    +9.567834210577186e-01
+0.000000000000000e+00    +0.000000000000000e+00    -5.944437124652193e+05    -7.757649359425975e-03    -1.221961973136303e-02    +5.667007978658453e-01    +9.567661753563487e-01
+0.000000000000000e+00    +0.000000000000000e+00    -5.952394871807016e+05    -7.760250534642773e-03    -1.222369346591474e-02    +5.666976104324498e-01    +9.567489162558113e-01
+0.000000000000000e+00    +0.000000000000000e+00    -5.960352618961837e+05    -7.762853445134057e-03    -1.222776989838592e-02    +5.666944197810370e-01    +9.567316437656546e-01
+0.000000000000000e+00    +0.000000000000000e+00    -5.968310366116661e+05    -7.765458108851543e-03    -1.223184905686766e-02    +5.666912258873855e-01    +9.567143577629158e-01
+0.000000000000000e+00    +0.000000000000000e+00    -5.976268113271483e+05    -7.768064510365893e-03    -1.223593091716438e-02    +5.666880287681947e-01    +9.566970583461628e-01
+0.000000000000000e+00    +0.000000000000000e+00    -5.984225860426305e+05    -7.770672653913481e-03    -1.224001548589349e-02    +5.666848284160545e-01    +9.566797454834327e-01
+0.000000000000000e+00    +0.000000000000000e+00    -5.992183607581129e+05    -7.773282549058342e-03    -1.224410277800732e-02    +5.666816248170040e-01    +9.566624191073920e-01
+0.000000000000000e+00    +0.000000000000000e+00    -6.000141354735951e+05    -7.775894194741306e-03    -1.224819279181906e-02    +5.666784179701122e-01    +9.566450792212158e-01
+0.000000000000000e+00    +0.000000000000000e+00    -6.008099101890773e+05    -7.778507595589635e-03    -1.225228553455188e-02    +5.666752078674615e-01    +9.566277257903106e-01
+0.000000000000000e+00    +0.000000000000000e+00    -6.016056849045595e+05    -7.781122743464586e-03    -1.225638099343421e-02    +5.666719945168150e-01    +9.566103588648532e-01
+0.000000000000000e+00    +0.000000000000000e+00    -6.024014596200418e+05    -7.783739647000896e-03    -1.226047918196818e-02    +5.666687779053257e-01    +9.565929783836239e-01
+0.000000000000000e+00    +0.000000000000000e+00    -6.031972343355240e+05    -7.786358305206334e-03    -1.226458009857242e-02    +5.666655580319698e-01    +9.565755843493345e-01
+0.000000000000000e+00    +0.000000000000000e+00    -6.039930090510062e+05    -7.788978729420871e-03    -1.226868376098230e-02    +5.666623348805537e-01    +9.565581766827632e-01
+0.000000000000000e+00    +0.000000000000000e+00    -6.047887837664884e+05    -7.791600911768753e-03    -1.227279015683567e-02    +5.666591084585086e-01    +9.565407554323325e-01
+0.000000000000000e+00    +0.000000000000000e+00    -6.055845584819707e+05    -7.794224853868189e-03    -1.227689928864616e-02    +5.666558787615916e-01    +9.565233205833856e-01
+0.000000000000000e+00    +0.000000000000000e+00    -6.063803331974529e+05    -7.796850562701428e-03    -1.228101116732370e-02    +5.666526457789490e-01    +9.565058720856165e-01
+0.000000000000000e+00    +0.000000000000000e+00    -6.071761079129352e+05    -7.799478033716099e-03    -1.228512578571256e-02    +5.666494095139228e-01    +9.564884099653648e-01
+0.000000000000000e+00    +0.000000000000000e+00    -6.079718826284175e+05    -7.802107267492129e-03    -1.228924314469930e-02    +5.666461699635370e-01    +9.564709342148549e-01
+0.000000000000000e+00    +0.000000000000000e+00    -6.087676573438997e+05    -7.804738273927037e-03    -1.229336325975934e-02    +5.666429271133271e-01    +9.564534447643713e-01
+0.000000000000000e+00    +0.000000000000000e+00    -6.095634320593817e+05    -7.807371058385781e-03    -1.229748613926632e-02    +5.666396809543985e-01    +9.564359415743060e-01
+0.000000000000000e+00    +0.000000000000000e+00    -6.103592067748642e+05    -7.810005607772818e-03    -1.230161176268709e-02    +5.666364315006195e-01    +9.564184247277789e-01
+0.000000000000000e+00    +0.000000000000000e+00    -6.111549814903463e+05    -7.812641936586592e-03    -1.230574015270758e-02    +5.666331787318274e-01    +9.564008941244332e-01
+0.000000000000000e+00    +0.000000000000000e+00    -6.119507562058289e+05    -7.815280036561203e-03    -1.230987129635418e-02    +5.666299226559348e-01    +9.563833498152841e-01
+0.000000000000000e+00    +0.000000000000000e+00    -6.127465309213103e+05    -7.817919921781319e-03    -1.231400521566258e-02    +5.666266632532658e-01    +9.563657917026887e-01
+0.000000000000000e+00    +0.000000000000000e+00    -6.135423056367933e+05    -7.820561582209947e-03    -1.231814189488613e-02    +5.666234005339175e-01    +9.563482198494373e-01
+0.000000000000000e+00    +0.000000000000000e+00    -6.143380803522747e+05    -7.823205025227592e-03    -1.232228134556283e-02    +5.666201344864782e-01    +9.563306342024538e-01
+0.000000000000000e+00    +0.000000000000000e+00    -6.151338550677573e+05    -7.825850250254483e-03    -1.232642356675831e-02    +5.666168651093627e-01    +9.563130347616127e-01
+0.000000000000000e+00    +0.000000000000000e+00    -6.159296297832393e+05    -7.828497268870103e-03    -1.233056857658188e-02    +5.666135923859493e-01    +9.562954214458700e-01
+0.000000000000000e+00    +0.000000000000000e+00    -6.167254044987218e+05    -7.831146065442284e-03    -1.233471635052678e-02    +5.666103163332552e-01    +9.562777943552510e-01
+0.000000000000000e+00    +0.000000000000000e+00    -6.175211792142038e+05    -7.833796652612041e-03    -1.233886690837058e-02    +5.666070369333375e-01    +9.562601534016210e-01
+0.000000000000000e+00    +0.000000000000000e+00    -6.183169539296861e+05    -7.836449035027341e-03    -1.234302025736301e-02    +5.666037541781235e-01    +9.562424985500330e-01
+0.000000000000000e+00    +0.000000000000000e+00    -6.191127286451684e+05    -7.839103210969168e-03    -1.234717639478706e-02    +5.666004680674150e-01    +9.562248298079032e-01
+0.000000000000000e+00    +0.000000000000000e+00    -6.199085033606506e+05    -7.841759174971031e-03    -1.235133531206018e-02    +5.665971786056584e-01    +9.562071472075975e-01
+0.000000000000000e+00    +0.000000000000000e+00    -6.207042780761328e+05    -7.844416936911720e-03    -1.235549702463015e-02    +5.665938857782914e-01    +9.561894506793115e-01
+0.000000000000000e+00    +0.000000000000000e+00    -6.215000527916152e+05    -7.847076499656637e-03    -1.235966153695668e-02    +5.665905895794269e-01    +9.561717401999238e-01
+0.000000000000000e+00    +0.000000000000000e+00    -6.222958275070974e+05    -7.849737865514793e-03    -1.236382885263086e-02    +5.665872900038619e-01    +9.561540157500030e-01
+0.000000000000000e+00    +0.000000000000000e+00    -6.230916022225795e+05    -7.852401027321460e-03    -1.236799896040969e-02    +5.665839870581383e-01    +9.561362773732126e-01
+0.000000000000000e+00    +0.000000000000000e+00    -6.238873769380619e+05    -7.855065999501991e-03    -1.237217188286058e-02    +5.665806807220195e-01    +9.561185249693996e-01
+0.000000000000000e+00    +0.000000000000000e+00    -6.246831516535440e+05    -7.857732781364582e-03    -1.237634761887138e-02    +5.665773709940063e-01    +9.561007585390980e-01
+0.000000000000000e+00    +0.000000000000000e+00    -6.254789263690262e+05    -7.860401362134768e-03    -1.238052615154825e-02    +5.665740578851188e-01    +9.560829781500129e-01
+0.000000000000000e+00    +0.000000000000000e+00    -6.262747010845083e+05    -7.863071749684061e-03    -1.238470749319765e-02    +5.665707413832344e-01    +9.560651837456173e-01
+0.000000000000000e+00    +0.000000000000000e+00    -6.270704757999908e+05    -7.865743953911701e-03    -1.238889165929378e-02    +5.665674214736932e-01    +9.560473752558537e-01
+0.000000000000000e+00    +0.000000000000000e+00    -6.278662505154730e+05    -7.868417964661596e-03    -1.239307863390739e-02    +5.665640981667476e-01    +9.560295527443126e-01
+0.000000000000000e+00    +0.000000000000000e+00    -6.286620252309552e+05    -7.871093802183895e-03    -1.239726844872676e-02    +5.665607714348563e-01    +9.560117160719046e-01
+0.000000000000000e+00    +0.000000000000000e+00    -6.294577999464375e+05    -7.873771451073885e-03    -1.240146107960069e-02    +5.665574412947915e-01    +9.559938653372044e-01
+0.000000000000000e+00    +0.000000000000000e+00    -6.302535746619197e+05    -7.876450920567700e-03    -1.240565654097374e-02    +5.665541077326903e-01    +9.559760004745106e-01
+0.000000000000000e+00    +0.000000000000000e+00    -6.310493493774018e+05    -7.879132206156478e-03    -1.240985482575955e-02    +5.665507707517805e-01    +9.559581215097632e-01
+0.000000000000000e+00    +0.000000000000000e+00    -6.318451240928844e+05    -7.881815318673649e-03    -1.241405595089959e-02    +5.665474303361928e-01    +9.559402283665843e-01
+0.000000000000000e+00    +0.000000000000000e+00    -6.326408988083663e+05    -7.884500250958031e-03    -1.241825990515412e-02    +5.665440864924507e-01    +9.559223210885925e-01
+0.000000000000000e+00    +0.000000000000000e+00    -6.334366735238488e+05    -7.887187007449045e-03    -1.242246669545395e-02    +5.665407392126343e-01    +9.559043996420298e-01
+0.000000000000000e+00    +0.000000000000000e+00    -6.342324482393303e+05    -7.889875601403307e-03    -1.242667634253113e-02    +5.665373884778234e-01    +9.558864639343058e-01
+0.000000000000000e+00    +0.000000000000000e+00    -6.350282229548133e+05    -7.892566022362763e-03    -1.243088882998329e-02    +5.665340342986431e-01    +9.558685140310202e-01
+0.000000000000000e+00    +0.000000000000000e+00    -6.358239976702947e+05    -7.895258273694883e-03    -1.243510416306395e-02    +5.665306766684909e-01    +9.558505499055311e-01
+0.000000000000000e+00    +0.000000000000000e+00    -6.366197723857773e+05    -7.897952358436263e-03    -1.243932234650366e-02    +5.665273155811681e-01    +9.558325715333995e-01
+0.000000000000000e+00    +0.000000000000000e+00    -6.374155471012593e+05    -7.900648285734451e-03    -1.244354339460086e-02    +5.665239510228415e-01    +9.558145788493859e-01
+0.000000000000000e+00    +0.000000000000000e+00    -6.382113218167418e+05    -7.903346037379265e-03    -1.244776727881785e-02    +5.665205830138214e-01    +9.557965719708424e-01
+0.000000000000000e+00    +0.000000000000000e+00    -6.390070965322239e+05    -7.906045639162350e-03    -1.245199403952041e-02    +5.665172115194854e-01    +9.557785507214043e-01
+0.000000000000000e+00    +0.000000000000000e+00    -6.398028712477061e+05    -7.908747085374205e-03    -1.245622366773735e-02    +5.665138365445246e-01    +9.557605151349731e-01
+0.000000000000000e+00    +0.000000000000000e+00    -6.405986459631883e+05    -7.911450368300663e-03    -1.246045615136999e-02    +5.665104580961464e-01    +9.557424652588330e-01
+0.000000000000000e+00    +0.000000000000000e+00    -6.413944206786706e+05    -7.914155494732015e-03    -1.246469150102994e-02    +5.665070761634327e-01    +9.557244010434239e-01
+0.000000000000000e+00    +0.000000000000000e+00    -6.421901953941528e+05    -7.916862469309139e-03    -1.246892972395839e-02    +5.665036907381393e-01    +9.557063224535259e-01
+0.000000000000000e+00    +0.000000000000000e+00    -6.429859701096353e+05    -7.919571296624659e-03    -1.247317082732158e-02    +5.665003018120736e-01    +9.556882294542232e-01
+0.000000000000000e+00    +0.000000000000000e+00    -6.437817448251173e+05    -7.922281973322554e-03    -1.247741480584109e-02    +5.664969093869823e-01    +9.556701220636826e-01
+0.000000000000000e+00    +0.000000000000000e+00    -6.445775195405995e+05    -7.924994504665302e-03    -1.248166166773472e-02    +5.664935134538241e-01    +9.556520002424921e-01
+0.000000000000000e+00    +0.000000000000000e+00    -6.453732942560818e+05    -7.927708883247606e-03    -1.248591140138421e-02    +5.664901140194154e-01    +9.556338640358715e-01
+0.000000000000000e+00    +0.000000000000000e+00    -6.461690689715638e+05    -7.930425127732770e-03    -1.249016403598962e-02    +5.664867110579181e-01    +9.556157133148429e-01
+0.000000000000000e+00    +0.000000000000000e+00    -6.469648436870462e+05    -7.933143225474193e-03    -1.249441955172230e-02    +5.664833045827058e-01    +9.555975481596415e-01
+0.000000000000000e+00    +0.000000000000000e+00    -6.477606184025285e+05    -7.935863191578477e-03    -1.249867797221529e-02    +5.664798945723728e-01    +9.555793684650135e-01
+0.000000000000000e+00    +0.000000000000000e+00    -6.485563931180108e+05    -7.938585015268694e-03    -1.250293928056883e-02    +5.664764810379518e-01    +9.555611742986998e-01
+0.000000000000000e+00    +0.000000000000000e+00    -6.493521678334930e+05    -7.941308694575358e-03    -1.250720347368075e-02    +5.664730639794410e-01    +9.555429656695735e-01
+0.000000000000000e+00    +0.000000000000000e+00    -6.501479425489752e+05    -7.944034261793626e-03    -1.251147060209053e-02    +5.664696433538309e-01    +9.555247423574070e-01
+0.000000000000000e+00    +0.000000000000000e+00    -6.509437172644574e+05    -7.946761680106154e-03    -1.251574060812465e-02    +5.664662192048351e-01    +9.555065046040578e-01
+0.000000000000000e+00    +0.000000000000000e+00    -6.517394919799397e+05    -7.949490973028240e-03    -1.252001352858792e-02    +5.664627915004469e-01    +9.554882522479536e-01
+0.000000000000000e+00    +0.000000000000000e+00    -6.525352666954218e+05    -7.952222142122392e-03    -1.252428936589687e-02    +5.664593602361994e-01    +9.554699852743157e-01
+0.000000000000000e+00    +0.000000000000000e+00    -6.533310414109044e+05    -7.954955180020352e-03    -1.252856810849336e-02    +5.664559254188490e-01    +9.554517037280869e-01
+0.000000000000000e+00    +0.000000000000000e+00    -6.541268161263858e+05    -7.957690092548318e-03    -1.253284976547892e-02    +5.664524870385705e-01    +9.554334075659511e-01
+0.000000000000000e+00    +0.000000000000000e+00    -6.549225908418688e+05    -7.960426891008846e-03    -1.253713435452441e-02    +5.664490450786395e-01    +9.554150967079358e-01
+0.000000000000000e+00    +0.000000000000000e+00    -6.557183655573503e+05    -7.963165562234380e-03    -1.254142185498983e-02    +5.664455995530994e-01    +9.553967712377812e-01
+0.000000000000000e+00    +0.000000000000000e+00    -6.565141402728333e+05    -7.965906119440676e-03    -1.254571228754707e-02    +5.664421504428059e-01    +9.553784310626817e-01
+0.000000000000000e+00    +0.000000000000000e+00    -6.573099149883147e+05    -7.968648559410407e-03    -1.255000564713327e-02    +5.664386977492816e-01    +9.553600761997916e-01
+0.000000000000000e+00    +0.000000000000000e+00    -6.581056897037973e+05    -7.971392886047540e-03    -1.255430193983922e-02    +5.664352414650834e-01    +9.553417066185944e-01
+0.000000000000000e+00    +0.000000000000000e+00    -6.589014644192794e+05    -7.974139101867277e-03    -1.255860116957947e-02    +5.664317815845088e-01    +9.553233222978585e-01
+0.000000000000000e+00    +0.000000000000000e+00    -6.596972391347616e+05    -7.976887208758096e-03    -1.256290333928784e-02    +5.664283181026388e-01    +9.553049232205372e-01
+0.000000000000000e+00    +0.000000000000000e+00    -6.604930138502439e+05    -7.979637196369615e-03    -1.256720843273849e-02    +5.664248510299821e-01    +9.552865094515294e-01
+0.000000000000000e+00    +0.000000000000000e+00    -6.612887885657261e+05    -7.982389095614800e-03    -1.257151649830675e-02    +5.664213803250144e-01    +9.552680807794125e-01
+0.000000000000000e+00    +0.000000000000000e+00    -6.620845632812083e+05    -7.985142875745239e-03    -1.257582748782547e-02    +5.664179060239619e-01    +9.552496374056844e-01
+0.000000000000000e+00    +0.000000000000000e+00    -6.628803379966908e+05    -7.987898561318851e-03    -1.258014143972698e-02    +5.664144280932908e-01    +9.552311791614286e-01
+0.000000000000000e+00    +0.000000000000000e+00    -6.636761127121728e+05    -7.990656145955852e-03    -1.258445834399503e-02    +5.664109465384872e-01    +9.552127060849389e-01
+0.000000000000000e+00    +0.000000000000000e+00    -6.644718874276549e+05    -7.993415636414068e-03    -1.258877821118895e-02    +5.664074613484532e-01    +9.551942181264876e-01
+0.000000000000000e+00    +0.000000000000000e+00    -6.652676621431373e+05    -7.996177027014743e-03    -1.259310103239543e-02    +5.664039725277905e-01    +9.551757153196656e-01
+0.000000000000000e+00    +0.000000000000000e+00    -6.660634368586194e+05    -7.998940320218429e-03    -1.259742681144645e-02    +5.664004800708214e-01    +9.551571976435238e-01
+0.000000000000000e+00    +0.000000000000000e+00    -6.668592115741017e+05    -8.001705525457321e-03    -1.260175556308537e-02    +5.663969839630456e-01    +9.551386650303799e-01
+0.000000000000000e+00    +0.000000000000000e+00    -6.676549862895838e+05    -8.004472638696952e-03    -1.260608728097232e-02    +5.663934842069790e-01    +9.551201175027924e-01
+0.000000000000000e+00    +0.000000000000000e+00    -6.684507610050662e+05    -8.007241665237006e-03    -1.261042197338337e-02    +5.663899807933321e-01    +9.551015550207451e-01
+0.000000000000000e+00    +0.000000000000000e+00    -6.692465357205485e+05    -8.010012601666863e-03    -1.261475963495665e-02    +5.663864737238286e-01    +9.550829776026090e-01
+0.000000000000000e+00    +0.000000000000000e+00    -6.700423104360308e+05    -8.012785455742051e-03    -1.261910027781233e-02    +5.663829629860579e-01    +9.550643851918812e-01
+0.000000000000000e+00    +0.000000000000000e+00    -6.708380851515126e+05    -8.015560234765575e-03    -1.262344391335910e-02    +5.663794485681662e-01    +9.550457777350727e-01
+0.000000000000000e+00    +0.000000000000000e+00    -6.716338598669952e+05    -8.018336924189656e-03    -1.262779051880075e-02    +5.663759304859745e-01    +9.550271553252219e-01
+0.000000000000000e+00    +0.000000000000000e+00    -6.724296345824773e+05    -8.021115539732266e-03    -1.263214011872478e-02    +5.663724087169609e-01    +9.550085178523821e-01
+0.000000000000000e+00    +0.000000000000000e+00    -6.732254092979598e+05    -8.023896082646968e-03    -1.263649271506800e-02    +5.663688832569167e-01    +9.549898653036030e-01
+0.000000000000000e+00    +0.000000000000000e+00    -6.740211840134413e+05    -8.026678545578833e-03    -1.264084829629586e-02    +5.663653541125487e-01    +9.549711977236791e-01
+0.000000000000000e+00    +0.000000000000000e+00    -6.748169587289244e+05    -8.029462936762174e-03    -1.264520687527898e-02    +5.663618212707920e-01    +9.549525150528138e-01
+0.000000000000000e+00    +0.000000000000000e+00    -6.756127334444058e+05    -8.032249259611483e-03    -1.264956845733905e-02    +5.663582847246839e-01    +9.549338172635334e-01
+0.000000000000000e+00    +0.000000000000000e+00    -6.764085081598884e+05    -8.035037514694969e-03    -1.265393304334364e-02    +5.663547444708683e-01    +9.549151043474522e-01
+0.000000000000000e+00    +0.000000000000000e+00    -6.772042828753704e+05    -8.037827705933621e-03    -1.265830063940937e-02    +5.663512005017267e-01    +9.548963762736713e-01
+0.000000000000000e+00    +0.000000000000000e+00    -6.780000575908528e+05    -8.040619827807157e-03    -1.266267123687329e-02    +5.663476528216296e-01    +9.548776330746611e-01
+0.000000000000000e+00    +0.000000000000000e+00    -6.787958323063349e+05    -8.043413898044053e-03    -1.266704486346680e-02    +5.663441014054001e-01    +9.548588746268063e-01
+0.000000000000000e+00    +0.000000000000000e+00    -6.795916070218172e+05    -8.046209890392328e-03    -1.267142147807188e-02    +5.663405462837585e-01    +9.548401011017652e-01
+0.000000000000000e+00    +0.000000000000000e+00    -6.803873817372994e+05    -8.049007840872455e-03    -1.267580113705774e-02    +5.663369874082497e-01    +9.548213122530588e-01
+0.000000000000000e+00    +0.000000000000000e+00    -6.811831564527816e+05    -8.051807735728772e-03    -1.268018381886288e-02    +5.663334247936955e-01    +9.548025081684320e-01
+0.000000000000000e+00    +0.000000000000000e+00    -6.819789311682639e+05    -8.054609567724262e-03    -1.268456951214195e-02    +5.663298584466455e-01    +9.547836888918639e-01
+0.000000000000000e+00    +0.000000000000000e+00    -6.827747058837462e+05    -8.057413356320080e-03    -1.268895824733842e-02    +5.663262883396570e-01    +9.547648542879975e-01
+0.000000000000000e+00    +0.000000000000000e+00    -6.835704805992284e+05    -8.060219089289706e-03    -1.269335000528918e-02    +5.663227144856205e-01    +9.547460044343224e-01
+0.000000000000000e+00    +0.000000000000000e+00    -6.843662553147108e+05    -8.063026775604002e-03    -1.269774480001840e-02    +5.663191368704314e-01    +9.547271392659160e-01
+0.000000000000000e+00    +0.000000000000000e+00    -6.851620300301928e+05    -8.065836419976501e-03    -1.270214263888157e-02    +5.663155554853955e-01    +9.547082587464405e-01
+0.000000000000000e+00    +0.000000000000000e+00    -6.859578047456749e+05    -8.068648019625939e-03    -1.270654351750369e-02    +5.663119703313656e-01    +9.546893628899129e-01
+0.000000000000000e+00    +0.000000000000000e+00    -6.867535794611572e+05    -8.071461579286281e-03    -1.271094744327486e-02    +5.663083813996097e-01    +9.546704516598352e-01
+0.000000000000000e+00    +0.000000000000000e+00    -6.875493541766395e+05    -8.074277096216253e-03    -1.271535441188308e-02    +5.663047886909265e-01    +9.546515250699477e-01
+0.000000000000000e+00    +0.000000000000000e+00    -6.883451288921217e+05    -8.077094579722503e-03    -1.271976443787561e-02    +5.663011921907349e-01    +9.546325830529894e-01
+0.000000000000000e+00    +0.000000000000000e+00    -6.891409036076039e+05    -8.079914028155147e-03    -1.272417751864787e-02    +5.662975918984284e-01    +9.546136256153447e-01
+0.000000000000000e+00    +0.000000000000000e+00    -6.899366783230864e+05    -8.082735438526200e-03    -1.272859364950312e-02    +5.662939878151118e-01    +9.545946527723943e-01
+0.000000000000000e+00    +0.000000000000000e+00    -6.907324530385685e+05    -8.085558821122539e-03    -1.273301284652315e-02    +5.662903799249260e-01    +9.545756644502408e-01
+0.000000000000000e+00    +0.000000000000000e+00    -6.915282277540507e+05    -8.088384180109525e-03    -1.273743511620527e-02    +5.662867682198185e-01    +9.545566606161313e-01
+0.000000000000000e+00    +0.000000000000000e+00    -6.923240024695328e+05    -8.091211505913062e-03    -1.274186044354322e-02    +5.662831527092992e-01    +9.545376413297254e-01
+0.000000000000000e+00    +0.000000000000000e+00    -6.931197771850153e+05    -8.094040802822215e-03    -1.274628883523229e-02    +5.662795333851572e-01    +9.545186065574296e-01
+0.000000000000000e+00    +0.000000000000000e+00    -6.939155519004973e+05    -8.096872087161158e-03    -1.275072031680209e-02    +5.662759102237670e-01    +9.544995561846565e-01
+0.000000000000000e+00    +0.000000000000000e+00    -6.947113266159799e+05    -8.099705345306917e-03    -1.275515486690694e-02    +5.662722832398146e-01    +9.544804902983014e-01
+0.000000000000000e+00    +0.000000000000000e+00    -6.955071013314613e+05    -8.102540592355116e-03    -1.275959250915710e-02    +5.662686524112263e-01    +9.544614087919993e-01
+0.000000000000000e+00    +0.000000000000000e+00    -6.963028760469443e+05    -8.105377819713239e-03    -1.276403323008100e-02    +5.662650177462486e-01    +9.544423117187949e-01
+0.000000000000000e+00    +0.000000000000000e+00    -6.970986507624259e+05    -8.108217028641423e-03    -1.276847703163306e-02    +5.662613792405145e-01    +9.544231990654196e-01
+0.000000000000000e+00    +0.000000000000000e+00    -6.978944254779085e+05    -8.111058225480663e-03    -1.277292392371793e-02    +5.662577368831366e-01    +9.544040707843917e-01
+0.000000000000000e+00    +0.000000000000000e+00    -6.986902001933903e+05    -8.113901413159839e-03    -1.277737391089903e-02    +5.662540906675920e-01    +9.543849268511828e-01
+0.000000000000000e+00    +0.000000000000000e+00    -6.994859749088729e+05    -8.116746595251087e-03    -1.278182699874710e-02    +5.662504405865236e-01    +9.543657672369195e-01
+0.000000000000000e+00    +0.000000000000000e+00    -7.002817496243549e+05    -8.119593782036451e-03    -1.278628320333463e-02    +5.662467866239536e-01    +9.543465918675192e-01
+0.000000000000000e+00    +0.000000000000000e+00    -7.010775243398374e+05    -8.122442949016850e-03    -1.279074248629638e-02    +5.662431288085433e-01    +9.543274009031525e-01
+0.000000000000000e+00    +0.000000000000000e+00    -7.018732990553194e+05    -8.125294119296106e-03    -1.279520488377745e-02    +5.662394671078519e-01    +9.543081941833621e-01
+0.000000000000000e+00    +0.000000000000000e+00    -7.026690737708018e+05    -8.128147297912114e-03    -1.279967040363923e-02    +5.662358015126063e-01    +9.542889716693467e-01
+0.000000000000000e+00    +0.000000000000000e+00    -7.034648484862840e+05    -8.131002470179496e-03    -1.280413902287765e-02    +5.662321320388772e-01    +9.542697334551848e-01
+0.000000000000000e+00    +0.000000000000000e+00    -7.042606232017664e+05    -8.133859647895928e-03    -1.280861075994033e-02    +5.662284586687036e-01    +9.542504794565180e-01
+0.000000000000000e+00    +0.000000000000000e+00    -7.050563979172484e+05    -8.136718836586395e-03    -1.281308562345330e-02    +5.662247813921716e-01    +9.542312096312308e-01
+0.000000000000000e+00    +0.000000000000000e+00    -7.058521726327309e+05    -8.139580031503323e-03    -1.281756360596624e-02    +5.662211002125722e-01    +9.542119240064301e-01
+0.000000000000000e+00    +0.000000000000000e+00    -7.066479473482128e+05    -8.142443242519995e-03    -1.282204472291325e-02    +5.662174151143835e-01    +9.541926225106626e-01
+0.000000000000000e+00    +0.000000000000000e+00    -7.074437220636948e+05    -8.145308463023119e-03    -1.282652896392356e-02    +5.662137261032922e-01    +9.541733051836049e-01
+0.000000000000000e+00    +0.000000000000000e+00    -7.082394967791772e+05    -8.148175705951520e-03    -1.283101634922921e-02    +5.662100331598094e-01    +9.541539719331001e-01
+0.000000000000000e+00    +0.000000000000000e+00    -7.090352714946592e+05    -8.151044961629637e-03    -1.283550686366674e-02    +5.662063362935613e-01    +9.541346228194639e-01
+0.000000000000000e+00    +0.000000000000000e+00    -7.098310462101417e+05    -8.153916236106489e-03    -1.284000051668570e-02    +5.662026354939202e-01    +9.541152577969740e-01
+0.000000000000000e+00    +0.000000000000000e+00    -7.106268209256238e+05    -8.156789532852751e-03    -1.284449731369823e-02    +5.661989307535690e-01    +9.540958768372813e-01
+0.000000000000000e+00    +0.000000000000000e+00    -7.114225956411063e+05    -8.159664857811227e-03    -1.284899726398580e-02    +5.661952220619929e-01    +9.540764798953428e-01
+0.000000000000000e+00    +0.000000000000000e+00    -7.122183703565884e+05    -8.162542206993103e-03    -1.285350036128637e-02    +5.661915094214819e-01    +9.540570669931040e-01
+0.000000000000000e+00    +0.000000000000000e+00    -7.130141450720708e+05    -8.165421587567742e-03    -1.285800661680208e-02    +5.661877928199248e-01    +9.540376380772213e-01
+0.000000000000000e+00    +0.000000000000000e+00    -7.138099197875528e+05    -8.168302992569321e-03    -1.286251601961191e-02    +5.661840722634515e-01    +9.540181931897227e-01
+0.000000000000000e+00    +0.000000000000000e+00    -7.146056945030353e+05    -8.171186436853040e-03    -1.286702859294675e-02    +5.661803477300100e-01    +9.539987322253679e-01
+0.000000000000000e+00    +0.000000000000000e+00    -7.154014692185173e+05    -8.174071915660865e-03    -1.287154432933995e-02    +5.661766192228677e-01    +9.539792552112671e-01
+0.000000000000000e+00    +0.000000000000000e+00    -7.161972439339998e+05    -8.176959432948295e-03    -1.287606323496421e-02    +5.661728867340328e-01    +9.539597621157105e-01
+0.000000000000000e+00    +0.000000000000000e+00    -7.169930186494814e+05    -8.179848990709926e-03    -1.288058531292218e-02    +5.661691502580403e-01    +9.539402529202141e-01
+0.000000000000000e+00    +0.000000000000000e+00    -7.177887933649642e+05    -8.182740585275594e-03    -1.288511055745181e-02    +5.661654097967479e-01    +9.539207276445353e-01
+0.000000000000000e+00    +0.000000000000000e+00    -7.185845680804460e+05    -8.185634226617760e-03    -1.288963898414195e-02    +5.661616653343610e-01    +9.539011862163020e-01
+0.000000000000000e+00    +0.000000000000000e+00    -7.193803427959282e+05    -8.188529914703532e-03    -1.289417059292194e-02    +5.661579168680186e-01    +9.538816286306883e-01
+0.000000000000000e+00    +0.000000000000000e+00    -7.201761175114104e+05    -8.191427651109242e-03    -1.289870538624063e-02    +5.661541643927741e-01    +9.538620548719923e-01
+0.000000000000000e+00    +0.000000000000000e+00    -7.209718922268929e+05    -8.194327439379315e-03    -1.290324336962677e-02    +5.661504079011240e-01    +9.538424649112069e-01
+0.000000000000000e+00    +0.000000000000000e+00    -7.217676669423749e+05    -8.197229281911474e-03    -1.290778454681441e-02    +5.661466473870441e-01    +9.538228587270569e-01
+0.000000000000000e+00    +0.000000000000000e+00    -7.225634416578574e+05    -8.200133165530161e-03    -1.291232889716688e-02    +5.661428828646945e-01    +9.538032364034955e-01
+0.000000000000000e+00    +0.000000000000000e+00    -7.233592163733395e+05    -8.203039127962056e-03    -1.291687647970673e-02    +5.661391142822346e-01    +9.537835976804899e-01
+0.000000000000000e+00    +0.000000000000000e+00    -7.241549910888218e+05    -8.205947137751137e-03    -1.292142724518698e-02    +5.661353416775179e-01    +9.537639427655145e-01
+0.000000000000000e+00    +0.000000000000000e+00    -7.249507658043040e+05    -8.208857212040359e-03    -1.292598122041992e-02    +5.661315650253732e-01    +9.537442715375973e-01
+0.000000000000000e+00    +0.000000000000000e+00    -7.257465405197863e+05    -8.211769352069846e-03    -1.293053840732724e-02    +5.661277843212440e-01    +9.537245839832320e-01
+0.000000000000000e+00    +0.000000000000000e+00    -7.265423152352683e+05    -8.214683548482435e-03    -1.293509879124850e-02    +5.661239995743349e-01    +9.537048801605568e-01
+0.000000000000000e+00    +0.000000000000000e+00    -7.273380899507509e+05    -8.217599824382672e-03    -1.293966240832294e-02    +5.661202107516841e-01    +9.536851599082123e-01
+0.000000000000000e+00    +0.000000000000000e+00    -7.281338646662328e+05    -8.220518168501249e-03    -1.294422924089634e-02    +5.661164178649669e-01    +9.536654232972460e-01
+0.000000000000000e+00    +0.000000000000000e+00    -7.289296393817149e+05    -8.223438588733130e-03    -1.294879930130696e-02    +5.661126209009565e-01    +9.536456702691034e-01
+0.000000000000000e+00    +0.000000000000000e+00    -7.297254140971971e+05    -8.226361074492431e-03    -1.295337257297163e-02    +5.661088198704497e-01    +9.536259008902248e-01
+0.000000000000000e+00    +0.000000000000000e+00    -7.305211888126793e+05    -8.229285643634066e-03    -1.295794908381423e-02    +5.661050147472514e-01    +9.536061150346554e-01
+0.000000000000000e+00    +0.000000000000000e+00    -7.313169635281618e+05    -8.232212293030680e-03    -1.296252882892282e-02    +5.661012055324436e-01    +9.535863127183578e-01
+0.000000000000000e+00    +0.000000000000000e+00    -7.321127382436439e+05    -8.235141026382608e-03    -1.296711181407100e-02    +5.660973922182220e-01    +9.535664939110943e-01
+0.000000000000000e+00    +0.000000000000000e+00    -7.329085129591262e+05    -8.238071840024619e-03    -1.297169803350627e-02    +5.660935748063671e-01    +9.535466586324634e-01
+0.000000000000000e+00    +0.000000000000000e+00    -7.337042876746084e+05    -8.241004741893966e-03    -1.297628749963238e-02    +5.660897532835448e-01    +9.535268068235325e-01
+0.000000000000000e+00    +0.000000000000000e+00    -7.345000623900907e+05    -8.243939730712592e-03    -1.298088021043236e-02    +5.660859276484170e-01    +9.535069384877258e-01
+0.000000000000000e+00    +0.000000000000000e+00    -7.352958371055728e+05    -8.246876810636719e-03    -1.298547617239318e-02    +5.660820978925580e-01    +9.534870535916743e-01
+0.000000000000000e+00    +0.000000000000000e+00    -7.360916118210553e+05    -8.249815984302741e-03    -1.299007538962363e-02    +5.660782640095159e-01    +9.534671521122819e-01
+0.000000000000000e+00    +0.000000000000000e+00    -7.368873865365369e+05    -8.252757252040213e-03    -1.299467786262271e-02    +5.660744259958417e-01    +9.534472340420628e-01
+0.000000000000000e+00    +0.000000000000000e+00    -7.376831612520197e+05    -8.255700625455099e-03    -1.299928360953486e-02    +5.660705838333606e-01    +9.534272992971486e-01
+0.000000000000000e+00    +0.000000000000000e+00    -7.384789359675014e+05    -8.258646087835273e-03    -1.300389260419254e-02    +5.660667375408593e-01    +9.534073479854555e-01
+0.000000000000000e+00    +0.000000000000000e+00    -7.392747106829842e+05    -8.261593655201049e-03    -1.300850487164812e-02    +5.660628870943880e-01    +9.533873799931931e-01
+0.000000000000000e+00    +0.000000000000000e+00    -7.400704853984660e+05    -8.264543332111582e-03    -1.301312041901903e-02    +5.660590324849437e-01    +9.533673952841727e-01
+0.000000000000000e+00    +0.000000000000000e+00    -7.408662601139483e+05    -8.267495110943700e-03    -1.301773923436052e-02    +5.660551737194399e-01    +9.533473939047376e-01
+0.000000000000000e+00    +0.000000000000000e+00    -7.416620348294304e+05    -8.270449004453234e-03    -1.302236133761648e-02    +5.660513107781486e-01    +9.533273757631386e-01
+0.000000000000000e+00    +0.000000000000000e+00    -7.424578095449129e+05    -8.273405010069085e-03    -1.302698672474752e-02    +5.660474436613692e-01    +9.533073408714670e-01
+0.000000000000000e+00    +0.000000000000000e+00    -7.432535842603949e+05    -8.276363120275458e-03    -1.303161538397763e-02    +5.660435723758754e-01    +9.532872892753387e-01
+0.000000000000000e+00    +0.000000000000000e+00    -7.440493589758774e+05    -8.279323354514697e-03    -1.303624734571309e-02    +5.660396968931540e-01    +9.532672208376207e-01
+0.000000000000000e+00    +0.000000000000000e+00    -7.448451336913595e+05    -8.282285707456193e-03    -1.304088260159708e-02    +5.660358172171024e-01    +9.532471355890859e-01
+0.000000000000000e+00    +0.000000000000000e+00    -7.456409084068418e+05    -8.285250172735152e-03    -1.304552114165498e-02    +5.660319333529805e-01    +9.532270335675334e-01
+0.000000000000000e+00    +0.000000000000000e+00    -7.464366831223239e+05    -8.288216768513268e-03    -1.305016299428884e-02    +5.660280452739084e-01    +9.532069146444360e-01
+0.000000000000000e+00    +0.000000000000000e+00    -7.472324578378064e+05    -8.291185487711628e-03    -1.305480814840697e-02    +5.660241529860666e-01    +9.531867788624088e-01
+0.000000000000000e+00    +0.000000000000000e+00    -7.480282325532883e+05    -8.294156337614112e-03    -1.305945661539089e-02    +5.660202564768068e-01    +9.531666261666528e-01
+0.000000000000000e+00    +0.000000000000000e+00    -7.488240072687709e+05    -8.297129312798144e-03    -1.306410838674077e-02    +5.660163557501375e-01    +9.531464565885476e-01
+0.000000000000000e+00    +0.000000000000000e+00    -7.496197819842530e+05    -8.300104424559961e-03    -1.306876348011625e-02    +5.660124507881289e-01    +9.531262700460422e-01
+0.000000000000000e+00    +0.000000000000000e+00    -7.504155566997349e+05    -8.303081669092898e-03    -1.307342188954624e-02    +5.660085415926598e-01    +9.531060665595364e-01
+0.000000000000000e+00    +0.000000000000000e+00    -7.512113314152173e+05    -8.306061050051427e-03    -1.307808362073361e-02    +5.660046281558131e-01    +9.530858460987985e-01
+0.000000000000000e+00    +0.000000000000000e+00    -7.520071061306993e+05    -8.309042570488452e-03    -1.308274867844022e-02    +5.660007104704511e-01    +9.530656086376641e-01
+0.000000000000000e+00    +0.000000000000000e+00    -7.528028808461818e+05    -8.312026234860131e-03    -1.308741706962357e-02    +5.659967885275847e-01    +9.530453541404268e-01
+0.000000000000000e+00    +0.000000000000000e+00    -7.535986555616639e+05    -8.315012036549350e-03    -1.309208878391564e-02    +5.659928623327770e-01    +9.530250826465458e-01
+0.000000000000000e+00    +0.000000000000000e+00    -7.543944302771462e+05    -8.317999995072510e-03    -1.309676385183747e-02    +5.659889318572172e-01    +9.530047940180377e-01
+0.000000000000000e+00    +0.000000000000000e+00    -7.551902049926284e+05    -8.320990090577055e-03    -1.310144224231340e-02    +5.659849971238714e-01    +9.529844883842168e-01
+0.000000000000000e+00    +0.000000000000000e+00    -7.559859797081108e+05    -8.323982346497918e-03    -1.310612399199476e-02    +5.659810580987471e-01    +9.529641655804453e-01
+0.000000000000000e+00    +0.000000000000000e+00    -7.567817544235928e+05    -8.326976750965515e-03    -1.311080908229691e-02    +5.659771147943042e-01    +9.529438256818233e-01
+0.000000000000000e+00    +0.000000000000000e+00    -7.575775291390753e+05    -8.329973312326299e-03    -1.311549752626377e-02    +5.659731671963871e-01    +9.529234686261446e-01
+0.000000000000000e+00    +0.000000000000000e+00    -7.583733038545569e+05    -8.332972033606749e-03    -1.312018932861683e-02    +5.659692152978326e-01    +9.529030943873158e-01
+0.000000000000000e+00    +0.000000000000000e+00    -7.591690785700397e+05    -8.335972914270132e-03    -1.312488448850223e-02    +5.659652590961689e-01    +9.528827029634444e-01
+0.000000000000000e+00    +0.000000000000000e+00    -7.599648532855214e+05    -8.338975955788322e-03    -1.312958300820867e-02    +5.659612985862731e-01    +9.528622943389828e-01
+0.000000000000000e+00    +0.000000000000000e+00    -7.607606280010038e+05    -8.341981166753944e-03    -1.313428490116619e-02    +5.659573337536199e-01    +9.528418684499741e-01
+0.000000000000000e+00    +0.000000000000000e+00    -7.615564027164860e+05    -8.344988540015474e-03    -1.313899015617239e-02    +5.659533646044481e-01    +9.528214253394556e-01
+0.000000000000000e+00    +0.000000000000000e+00    -7.623521774319684e+05    -8.347998087122907e-03    -1.314369879128359e-02    +5.659493911203132e-01    +9.528009649233368e-01
+0.000000000000000e+00    +0.000000000000000e+00    -7.631479521474504e+05    -8.351009806318461e-03    -1.314841080373683e-02    +5.659454133003239e-01    +9.527804872079705e-01
+0.000000000000000e+00    +0.000000000000000e+00    -7.639437268629330e+05    -8.354023701783578e-03    -1.315312620006042e-02    +5.659414311357427e-01    +9.527599921593228e-01
+0.000000000000000e+00    +0.000000000000000e+00    -7.647395015784149e+05    -8.357039771693749e-03    -1.315784497738658e-02    +5.659374446257599e-01    +9.527394797841894e-01
+0.000000000000000e+00    +0.000000000000000e+00    -7.655352762938975e+05    -8.360058023931336e-03    -1.316256714803404e-02    +5.659334537567308e-01    +9.527189500233394e-01
+0.000000000000000e+00    +0.000000000000000e+00    -7.663310510093796e+05    -8.363078453845518e-03    -1.316729270471379e-02    +5.659294585315732e-01    +9.526984029027740e-01
+0.000000000000000e+00    +0.000000000000000e+00    -7.671268257248618e+05    -8.366101072449797e-03    -1.317202166464302e-02    +5.659254589324806e-01    +9.526778383419284e-01
+0.000000000000000e+00    +0.000000000000000e+00    -7.679226004403438e+05    -8.369125870329298e-03    -1.317675401307993e-02    +5.659214549686689e-01    +9.526572563992043e-01
+0.000000000000000e+00    +0.000000000000000e+00    -7.687183751558257e+05    -8.372152866135010e-03    -1.318148977919019e-02    +5.659174466121979e-01    +9.526366569420270e-01
+0.000000000000000e+00    +0.000000000000000e+00    -7.695141498713082e+05    -8.375182047427080e-03    -1.318622894350058e-02    +5.659134338762822e-01    +9.526160400493702e-01
+0.000000000000000e+00    +0.000000000000000e+00    -7.703099245867903e+05    -8.378213424656410e-03    -1.319097152234727e-02    +5.659094167438177e-01    +9.525954056444246e-01
+0.000000000000000e+00    +0.000000000000000e+00    -7.711056993022726e+05    -8.381247005708550e-03    -1.319571752805559e-02    +5.659053952010792e-01    +9.525747536678019e-01
+0.000000000000000e+00    +0.000000000000000e+00    -7.719014740177547e+05    -8.384282775895020e-03    -1.320046693763388e-02    +5.659013692642660e-01    +9.525540842137901e-01
+0.000000000000000e+00    +0.000000000000000e+00    -7.726972487332373e+05    -8.387320747247112e-03    -1.320521976989044e-02    +5.658973389141485e-01    +9.525333971947691e-01
+0.000000000000000e+00    +0.000000000000000e+00    -7.734930234487192e+05    -8.390360935690995e-03    -1.320997604973032e-02    +5.658933041263017e-01    +9.525126924965407e-01
+0.000000000000000e+00    +0.000000000000000e+00    -7.742887981642018e+05    -8.393403311262593e-03    -1.321473573026565e-02    +5.658892649372034e-01    +9.524919703174313e-01
+0.000000000000000e+00    +0.000000000000000e+00    -7.750845728796833e+05    -8.396447914428017e-03    -1.321949887478740e-02    +5.658852212898294e-01    +9.524712303760747e-01
+0.000000000000000e+00    +0.000000000000000e+00    -7.758803475951662e+05    -8.399494714497991e-03    -1.322426543527741e-02    +5.658811732216310e-01    +9.524504728757475e-01
+0.000000000000000e+00    +0.000000000000000e+00    -7.766761223106480e+05    -8.402543736133862e-03    -1.322903545030029e-02    +5.658771206965348e-01    +9.524296976426763e-01
+0.000000000000000e+00    +0.000000000000000e+00    -7.774718970261308e+05    -8.405594967296152e-03    -1.323380890101283e-02    +5.658730637272240e-01    +9.524089047531012e-01
+0.000000000000000e+00    +0.000000000000000e+00    -7.782676717416125e+05    -8.408648420477187e-03    -1.323858580694474e-02    +5.658690022937664e-01    +9.523880941161028e-01
+0.000000000000000e+00    +0.000000000000000e+00    -7.790634464570953e+05    -8.411704093899868e-03    -1.324336616530602e-02    +5.658649363951938e-01    +9.523672657379787e-01
+0.000000000000000e+00    +0.000000000000000e+00    -7.798592211725769e+05    -8.414761993095854e-03    -1.324814998473853e-02    +5.658608660208074e-01    +9.523464195752031e-01
+0.000000000000000e+00    +0.000000000000000e+00    -7.806549958880597e+05    -8.417822114092409e-03    -1.325293725901668e-02    +5.658567911725546e-01    +9.523255556490297e-01
+0.000000000000000e+00    +0.000000000000000e+00    -7.814507706035415e+05    -8.420884468084222e-03    -1.325772800564137e-02    +5.658527118321786e-01    +9.523046738772928e-01
+0.000000000000000e+00    +0.000000000000000e+00    -7.822465453190244e+05    -8.423949047449244e-03    -1.326252221267933e-02    +5.658486280064784e-01    +9.522837743061122e-01
+0.000000000000000e+00    +0.000000000000000e+00    -7.830423200345060e+05    -8.427015857036532e-03    -1.326731988770376e-02    +5.658445396856369e-01    +9.522628568965690e-01
+0.000000000000000e+00    +0.000000000000000e+00    -7.838380947499885e+05    -8.430084916153473e-03    -1.327212106090852e-02    +5.658404468405398e-01    +9.522419215110862e-01
+0.000000000000000e+00    +0.000000000000000e+00    -7.846338694654704e+05    -8.433156203541122e-03    -1.327692569902927e-02    +5.658363494961609e-01    +9.522209682887837e-01
+0.000000000000000e+00    +0.000000000000000e+00    -7.854296441809530e+05    -8.436229740459579e-03    -1.328173383530966e-02    +5.658322476207580e-01    +9.521999970787305e-01
+0.000000000000000e+00    +0.000000000000000e+00    -7.862254188964351e+05    -8.439305510938088e-03    -1.328654544475905e-02    +5.658281412322592e-01    +9.521790079839839e-01
+0.000000000000000e+00    +0.000000000000000e+00    -7.870211936119176e+05    -8.442383531742528e-03    -1.329136055359135e-02    +5.658240303048914e-01    +9.521580008842259e-01
+0.000000000000000e+00    +0.000000000000000e+00    -7.878169683273996e+05    -8.445463794726193e-03    -1.329617914905511e-02    +5.658199148461370e-01    +9.521369758291223e-01
+0.000000000000000e+00    +0.000000000000000e+00    -7.886127430428818e+05    -8.448546319468456e-03    -1.330100126176701e-02    +5.658157948264265e-01    +9.521159326790843e-01
+0.000000000000000e+00    +0.000000000000000e+00    -7.894085177583639e+05    -8.451631091226227e-03    -1.330582686865772e-02    +5.658116702620499e-01    +9.520948715287902e-01
+0.000000000000000e+00    +0.000000000000000e+00    -7.902042924738459e+05    -8.454718116547017e-03    -1.331065597995639e-02    +5.658075411408398e-01    +9.520737923275886e-01
+0.000000000000000e+00    +0.000000000000000e+00    -7.910000671893281e+05    -8.457807399731471e-03    -1.331548860238176e-02    +5.658034074536209e-01    +9.520526950401383e-01
+0.000000000000000e+00    +0.000000000000000e+00    -7.917958419048103e+05    -8.460898950346322e-03    -1.332032475089030e-02    +5.657992691841561e-01    +9.520315795951092e-01
+0.000000000000000e+00    +0.000000000000000e+00    -7.925916166202927e+05    -8.463992756500368e-03    -1.332516440687291e-02    +5.657951263449256e-01    +9.520104460677167e-01
+0.000000000000000e+00    +0.000000000000000e+00    -7.933873913357747e+05    -8.467088832467176e-03    -1.333000759264500e-02    +5.657909789133745e-01    +9.519892943544589e-01
+0.000000000000000e+00    +0.000000000000000e+00    -7.941831660512573e+05    -8.470187174633558e-03    -1.333485430254843e-02    +5.657868268908904e-01    +9.519681244739895e-01
+0.000000000000000e+00    +0.000000000000000e+00    -7.949789407667392e+05    -8.473287791905900e-03    -1.333970455050482e-02    +5.657826702620793e-01    +9.519469363594201e-01
+0.000000000000000e+00    +0.000000000000000e+00    -7.957747154822217e+05    -8.476390679245426e-03    -1.334455832862491e-02    +5.657785090302316e-01    +9.519257300391324e-01
+0.000000000000000e+00    +0.000000000000000e+00    -7.965704901977038e+05    -8.479495848936985e-03    -1.334941565611501e-02    +5.657743431753999e-01    +9.519045054231088e-01
+0.000000000000000e+00    +0.000000000000000e+00    -7.973662649131862e+05    -8.482603293245227e-03    -1.335427652086901e-02    +5.657701727044825e-01    +9.518832625581449e-01
+0.000000000000000e+00    +0.000000000000000e+00    -7.981620396286680e+05    -8.485713016158535e-03    -1.335914092911463e-02    +5.657659976086489e-01    +9.518620014109069e-01
+0.000000000000000e+00    +0.000000000000000e+00    -7.989578143441508e+05    -8.488825025097556e-03    -1.336400889245184e-02    +5.657618178744445e-01    +9.518407219245667e-01
+0.000000000000000e+00    +0.000000000000000e+00    -7.997535890596324e+05    -8.491939316122864e-03    -1.336888040471163e-02    +5.657576335036663e-01    +9.518194241199560e-01
+0.000000000000000e+00    +0.000000000000000e+00    -8.005493637751153e+05    -8.495055900349543e-03    -1.337375548327088e-02    +5.657534444778763e-01    +9.517981079149480e-01
+0.000000000000000e+00    +0.000000000000000e+00    -8.013451384905969e+05    -8.498174778486980e-03    -1.337863412923361e-02    +5.657492507926060e-01    +9.517767732985492e-01
+0.000000000000000e+00    +0.000000000000000e+00    -8.021409132060797e+05    -8.501295945393401e-03    -1.338351633454896e-02    +5.657450524512537e-01    +9.517554202997949e-01
+0.000000000000000e+00    +0.000000000000000e+00    -8.029366879215615e+05    -8.504419415399733e-03    -1.338840212162367e-02    +5.657408494310192e-01    +9.517340488144924e-01
+0.000000000000000e+00    +0.000000000000000e+00    -8.037324626370439e+05    -8.507545171016323e-03    -1.339329146309633e-02    +5.657366417519117e-01    +9.517126589561485e-01
+0.000000000000000e+00    +0.000000000000000e+00    -8.045282373525259e+05    -8.510673232034777e-03    -1.339818438991181e-02    +5.657324293837606e-01    +9.516912505831739e-01
+0.000000000000000e+00    +0.000000000000000e+00    -8.053240120680085e+05    -8.513803604429571e-03    -1.340308091141341e-02    +5.657282123149681e-01    +9.516698236484690e-01
+0.000000000000000e+00    +0.000000000000000e+00    -8.061197867834904e+05    -8.516936279241561e-03    -1.340798101358139e-02    +5.657239905540522e-01    +9.516483782071512e-01
+0.000000000000000e+00    +0.000000000000000e+00    -8.069155614989731e+05    -8.520071268366812e-03    -1.341288471501286e-02    +5.657197640814238e-01    +9.516269141715773e-01
+0.000000000000000e+00    +0.000000000000000e+00    -8.077113362144550e+05    -8.523208565620416e-03    -1.341779200602980e-02    +5.657155329018572e-01    +9.516054315778620e-01
+0.000000000000000e+00    +0.000000000000000e+00    -8.085071109299375e+05    -8.526348183388507e-03    -1.342270290599685e-02    +5.657112969950755e-01    +9.515839303349580e-01
+0.000000000000000e+00    +0.000000000000000e+00    -8.093028856454195e+05    -8.529490112620879e-03    -1.342761740075478e-02    +5.657070563697126e-01    +9.515624104985898e-01
+0.000000000000000e+00    +0.000000000000000e+00    -8.100986603609020e+05    -8.532634363941395e-03    -1.343253550691079e-02    +5.657028110078485e-01    +9.515408719897435e-01
+0.000000000000000e+00    +0.000000000000000e+00    -8.108944350763840e+05    -8.535780936546802e-03    -1.343745722320511e-02    +5.656985609069759e-01    +9.515193148076421e-01
+0.000000000000000e+00    +0.000000000000000e+00    -8.116902097918657e+05    -8.538929838931196e-03    -1.344238256291647e-02    +5.656943060520222e-01    +9.514977388878055e-01
+0.000000000000000e+00    +0.000000000000000e+00    -8.124859845073484e+05    -8.542081060022692e-03    -1.344731150872329e-02    +5.656900464543471e-01    +9.514761442998018e-01
+0.000000000000000e+00    +0.000000000000000e+00    -8.132817592228302e+05    -8.545234610531232e-03    -1.345224407736666e-02    +5.656857820958696e-01    +9.514545309639509e-01
+0.000000000000000e+00    +0.000000000000000e+00    -8.140775339383128e+05    -8.548390504045518e-03    -1.345718029009842e-02    +5.656815129545905e-01    +9.514328987807813e-01
+0.000000000000000e+00    +0.000000000000000e+00    -8.148733086537947e+05    -8.551548724350818e-03    -1.346212012155541e-02    +5.656772390488183e-01    +9.514112478550960e-01
+0.000000000000000e+00    +0.000000000000000e+00    -8.156690833692773e+05    -8.554709292185426e-03    -1.346706360416242e-02    +5.656729603468563e-01    +9.513895780383901e-01
+0.000000000000000e+00    +0.000000000000000e+00    -8.164648580847592e+05    -8.557872199240989e-03    -1.347201072492606e-02    +5.656686768563082e-01    +9.513678893812469e-01
+0.000000000000000e+00    +0.000000000000000e+00    -8.172606328002417e+05    -8.561037438940489e-03    -1.347696147355008e-02    +5.656643885824447e-01    +9.513461819224198e-01
+0.000000000000000e+00    +0.000000000000000e+00    -8.180564075157234e+05    -8.564205036955583e-03    -1.348191589017912e-02    +5.656600954868326e-01    +9.513244554794716e-01
+0.000000000000000e+00    +0.000000000000000e+00    -8.188521822312063e+05    -8.567374984444980e-03    -1.348687396098880e-02    +5.656557975777861e-01    +9.513027101066166e-01
+0.000000000000000e+00    +0.000000000000000e+00    -8.196479569466880e+05    -8.570547270286994e-03    -1.349183566857499e-02    +5.656514948667268e-01    +9.512809458737633e-01
+0.000000000000000e+00    +0.000000000000000e+00    -8.204437316621708e+05    -8.573721916299053e-03    -1.349680104705207e-02    +5.656471873203948e-01    +9.512591626248266e-01
+0.000000000000000e+00    +0.000000000000000e+00    -8.212395063776524e+05    -8.576898929379555e-03    -1.350177010721300e-02    +5.656428749257375e-01    +9.512373603060037e-01
+0.000000000000000e+00    +0.000000000000000e+00    -8.220352810931352e+05    -8.580078288373798e-03    -1.350674281596844e-02    +5.656385577077848e-01    +9.512155390560246e-01
+0.000000000000000e+00    +0.000000000000000e+00    -8.228310558086169e+05    -8.583260019273139e-03    -1.351171921395646e-02    +5.656342356275516e-01    +9.511936986900634e-01
+0.000000000000000e+00    +0.000000000000000e+00    -8.236268305240995e+05    -8.586444111716773e-03    -1.351669928497839e-02    +5.656299086954057e-01    +9.511718392727434e-01
+0.000000000000000e+00    +0.000000000000000e+00    -8.244226052395815e+05    -8.589630566212047e-03    -1.352168302981879e-02    +5.656255769069561e-01    +9.511499607941194e-01
+0.000000000000000e+00    +0.000000000000000e+00    -8.252183799550639e+05    -8.592819404059010e-03    -1.352667048178720e-02    +5.656212402295246e-01    +9.511280631014374e-01
+0.000000000000000e+00    +0.000000000000000e+00    -8.260141546705459e+05    -8.596010605166116e-03    -1.353166160946502e-02    +5.656168986867099e-01    +9.511061463261383e-01
+0.000000000000000e+00    +0.000000000000000e+00    -8.268099293860286e+05    -8.599204181329926e-03    -1.353665643128917e-02    +5.656125522587411e-01    +9.510842103807133e-01
+0.000000000000000e+00    +0.000000000000000e+00    -8.276057041015105e+05    -8.602400142738132e-03    -1.354165496319448e-02    +5.656082009280103e-01    +9.510622551886359e-01
+0.000000000000000e+00    +0.000000000000000e+00    -8.284014788169930e+05    -8.605598477894228e-03    -1.354665718720111e-02    +5.656038447064266e-01    +9.510402808223297e-01
+0.000000000000000e+00    +0.000000000000000e+00    -8.291972535324751e+05    -8.608799197727498e-03    -1.355166312039355e-02    +5.655994835753574e-01    +9.510182872001632e-01
+0.000000000000000e+00    +0.000000000000000e+00    -8.299930282479568e+05    -8.612002308065417e-03    -1.355667277188718e-02    +5.655951175230997e-01    +9.509962742755076e-01
+0.000000000000000e+00    +0.000000000000000e+00    -8.307888029634394e+05    -8.615207805683289e-03    -1.356168613663808e-02    +5.655907465502822e-01    +9.509742420639316e-01
+0.000000000000000e+00    +0.000000000000000e+00    -8.315845776789212e+05    -8.618415690430505e-03    -1.356670321440577e-02    +5.655863706533423e-01    +9.509521905598853e-01
+0.000000000000000e+00    +0.000000000000000e+00    -8.323803523944039e+05    -8.621625983330716e-03    -1.357172403806753e-02    +5.655819897998137e-01    +9.509301196122268e-01
+0.000000000000000e+00    +0.000000000000000e+00    -8.331761271098857e+05    -8.624838663237435e-03    -1.357674857455818e-02    +5.655776040147642e-01    +9.509080293596953e-01
+0.000000000000000e+00    +0.000000000000000e+00    -8.339719018253682e+05    -8.628053743253395e-03    -1.358177684435661e-02    +5.655732132765194e-01    +9.508859197055918e-01
+0.000000000000000e+00    +0.000000000000000e+00    -8.347676765408502e+05    -8.631271227139227e-03    -1.358680885334817e-02    +5.655688175761412e-01    +9.508637906173940e-01
+0.000000000000000e+00    +0.000000000000000e+00    -8.355634512563328e+05    -8.634491122210939e-03    -1.359184461297411e-02    +5.655644168998192e-01    +9.508416420381097e-01
+0.000000000000000e+00    +0.000000000000000e+00    -8.363592259718145e+05    -8.637713419525865e-03    -1.359688410924993e-02    +5.655600112559599e-01    +9.508194740225717e-01
+0.000000000000000e+00    +0.000000000000000e+00    -8.371550006872973e+05    -8.640938135309906e-03    -1.360192736754512e-02    +5.655556006185526e-01    +9.507972864524704e-01
+0.000000000000000e+00    +0.000000000000000e+00    -8.379507754027789e+05    -8.644165250832843e-03    -1.360697435857330e-02    +5.655511850093902e-01    +9.507750794499721e-01
+0.000000000000000e+00    +0.000000000000000e+00    -8.387465501182617e+05    -8.647394793073755e-03    -1.361202512451603e-02    +5.655467643877214e-01    +9.507528528227304e-01
+0.000000000000000e+00    +0.000000000000000e+00    -8.395423248337435e+05    -8.650626756095485e-03    -1.361707965610066e-02    +5.655423387578187e-01    +9.507306066048393e-01
+0.000000000000000e+00    +0.000000000000000e+00    -8.403380995492263e+05    -8.653861140162910e-03    -1.362213795373670e-02    +5.655379081154643e-01    +9.507083407877389e-01
+0.000000000000000e+00    +0.000000000000000e+00    -8.411338742647080e+05    -8.657097952670624e-03    -1.362720002898733e-02    +5.655334724466672e-01    +9.506860553137660e-01
+0.000000000000000e+00    +0.000000000000000e+00    -8.419296489801909e+05    -8.660337177053315e-03    -1.363226585594895e-02    +5.655290317702677e-01    +9.506637502902149e-01
+0.000000000000000e+00    +0.000000000000000e+00    -8.427254236956724e+05    -8.663578850474819e-03    -1.363733549273159e-02    +5.655245860314402e-01    +9.506414254544090e-01
+0.000000000000000e+00    +0.000000000000000e+00    -8.435211984111553e+05    -8.666822946693133e-03    -1.364240889831561e-02    +5.655201352622842e-01    +9.506190809802322e-01
+0.000000000000000e+00    +0.000000000000000e+00    -8.443169731266369e+05    -8.670069484195637e-03    -1.364748610159744e-02    +5.655156794335483e-01    +9.505967167335720e-01
+0.000000000000000e+00    +0.000000000000000e+00    -8.451127478421199e+05    -8.673318463293143e-03    -1.365256710307322e-02    +5.655112185409021e-01    +9.505743327054376e-01
+0.000000000000000e+00    +0.000000000000000e+00    -8.459085225576016e+05    -8.676569882650595e-03    -1.365765190065492e-02    +5.655067525822707e-01    +9.505519288981891e-01
+0.000000000000000e+00    +0.000000000000000e+00    -8.467042972730844e+05    -8.679823733793125e-03    -1.366274048108794e-02    +5.655022815653925e-01    +9.505295053633950e-01
+0.000000000000000e+00    +0.000000000000000e+00    -8.475000719885660e+05    -8.683080047589055e-03    -1.366783289264095e-02    +5.654978054439285e-01    +9.505070618814720e-01
+0.000000000000000e+00    +0.000000000000000e+00    -8.482958467040488e+05    -8.686338806796000e-03    -1.367292910836782e-02    +5.654933242376432e-01    +9.504845985643391e-01
+0.000000000000000e+00    +0.000000000000000e+00    -8.490916214195305e+05    -8.689600010621424e-03    -1.367802912701922e-02    +5.654888379437005e-01    +9.504621154106051e-01
+0.000000000000000e+00    +0.000000000000000e+00    -8.498873961350134e+05    -8.692863680166391e-03    -1.368313298159375e-02    +5.654843465291268e-01    +9.504396122678920e-01
+0.000000000000000e+00    +0.000000000000000e+00    -8.506831708504949e+05    -8.696129812920816e-03    -1.368824066817947e-02    +5.654798499934139e-01    +9.504170891465488e-01
+0.000000000000000e+00    +0.000000000000000e+00    -8.514789455659766e+05    -8.699398403152524e-03    -1.369335217781172e-02    +5.654753483404927e-01    +9.503945460791752e-01
+0.000000000000000e+00    +0.000000000000000e+00    -8.522747202814593e+05    -8.702669453186653e-03    -1.369846751412399e-02    +5.654708415632012e-01    +9.503719830428083e-01
+0.000000000000000e+00    +0.000000000000000e+00    -8.530704949969422e+05    -8.705942971453195e-03    -1.370358669030184e-02    +5.654663296459519e-01    +9.503493999723441e-01
+0.000000000000000e+00    +0.000000000000000e+00    -8.538662697124238e+05    -8.709218960719209e-03    -1.370870971067909e-02    +5.654618125809466e-01    +9.503267968417094e-01
+0.000000000000000e+00    +0.000000000000000e+00    -8.546620444279053e+05    -8.712497426796258e-03    -1.371383658434723e-02    +5.654572903561788e-01    +9.503041736038116e-01
+0.000000000000000e+00    +0.000000000000000e+00    -8.554578191433882e+05    -8.715778364920306e-03    -1.371896730386181e-02    +5.654527629742210e-01    +9.502815302845181e-01
+0.000000000000000e+00    +0.000000000000000e+00    -8.562535938588700e+05    -8.719061783607863e-03    -1.372410188253956e-02    +5.654482304193168e-01    +9.502588668180463e-01
+0.000000000000000e+00    +0.000000000000000e+00    -8.570493685743528e+05    -8.722347677001564e-03    -1.372924031122863e-02    +5.654436926955422e-01    +9.502361832377958e-01
+0.000000000000000e+00    +0.000000000000000e+00    -8.578451432898344e+05    -8.725636061475342e-03    -1.373438261553251e-02    +5.654391497762631e-01    +9.502134794236967e-01
+0.000000000000000e+00    +0.000000000000000e+00    -8.586409180053173e+05    -8.728926933934549e-03    -1.373952879062536e-02    +5.654346016617204e-01    +9.501907553900306e-01
+0.000000000000000e+00    +0.000000000000000e+00    -8.594366927207989e+05    -8.732220295966247e-03    -1.374467883898950e-02    +5.654300483456829e-01    +9.501680111187727e-01
+0.000000000000000e+00    +0.000000000000000e+00    -8.602324674362817e+05    -8.735516147827162e-03    -1.374983276103037e-02    +5.654254898237538e-01    +9.501452466010685e-01
+0.000000000000000e+00    +0.000000000000000e+00    -8.610282421517634e+05    -8.738814498037621e-03    -1.375499057007477e-02    +5.654209260800959e-01    +9.501224617709706e-01
+0.000000000000000e+00    +0.000000000000000e+00    -8.618240168672464e+05    -8.742115338083334e-03    -1.376015225281775e-02    +5.654163571224339e-01    +9.500996566801823e-01
+0.000000000000000e+00    +0.000000000000000e+00    -8.626197915827279e+05    -8.745418691333251e-03    -1.376531784579963e-02    +5.654117829143505e-01    +9.500768311601308e-01
+0.000000000000000e+00    +0.000000000000000e+00    -8.634155662982109e+05    -8.748724547412379e-03    -1.377048733281680e-02    +5.654072034661277e-01    +9.500539852753225e-01
+0.000000000000000e+00    +0.000000000000000e+00    -8.642113410136924e+05    -8.752032905432295e-03    -1.377566071247653e-02    +5.654026187749174e-01    +9.500311190247647e-01
+0.000000000000000e+00    +0.000000000000000e+00    -8.650071157291753e+05    -8.755343778381781e-03    -1.378083800509283e-02    +5.653980288186274e-01    +9.500082323115173e-01
+0.000000000000000e+00    +0.000000000000000e+00    -8.658028904446570e+05    -8.758657167072852e-03    -1.378601921194914e-02    +5.653934335920263e-01    +9.499853251227571e-01
+0.000000000000000e+00    +0.000000000000000e+00    -8.665986651601399e+05    -8.761973070861163e-03    -1.379120433204300e-02    +5.653888330918976e-01    +9.499623974557385e-01
+0.000000000000000e+00    +0.000000000000000e+00    -8.673944398756215e+05    -8.765291489165562e-03    -1.379639336446959e-02    +5.653842273149354e-01    +9.499394493072756e-01
+0.000000000000000e+00    +0.000000000000000e+00    -8.681902145911044e+05    -8.768612434659977e-03    -1.380158632905155e-02    +5.653796162394240e-01    +9.499164805824968e-01
+0.000000000000000e+00    +0.000000000000000e+00    -8.689859893065860e+05    -8.771935902005071e-03    -1.380678321745417e-02    +5.653749998686427e-01    +9.498934913110713e-01
+0.000000000000000e+00    +0.000000000000000e+00    -8.697817640220688e+05    -8.775261896756634e-03    -1.381198403836623e-02    +5.653703781907361e-01    +9.498704814473233e-01
+0.000000000000000e+00    +0.000000000000000e+00    -8.705775387375505e+05    -8.778590426240813e-03    -1.381718880325302e-02    +5.653657511913724e-01    +9.498474509332877e-01
+0.000000000000000e+00    +0.000000000000000e+00    -8.713733134530332e+05    -8.781921489122196e-03    -1.382239751003767e-02    +5.653611188682487e-01    +9.498243997709048e-01
+0.000000000000000e+00    +0.000000000000000e+00    -8.721690881685151e+05    -8.785255085256363e-03    -1.382761015849905e-02    +5.653564812174020e-01    +9.498013279538819e-01
+0.000000000000000e+00    +0.000000000000000e+00    -8.729648628839966e+05    -8.788591226252836e-03    -1.383282676679641e-02    +5.653518382185082e-01    +9.497782353945531e-01
+0.000000000000000e+00    +0.000000000000000e+00    -8.737606375994794e+05    -8.791929906808141e-03    -1.383804732665238e-02    +5.653471898747640e-01    +9.497551221222811e-01
+0.000000000000000e+00    +0.000000000000000e+00    -8.745564123149608e+05    -8.795271132565508e-03    -1.384327184689299e-02    +5.653425361741259e-01    +9.497319880906678e-01
+0.000000000000000e+00    +0.000000000000000e+00    -8.753521870304437e+05    -8.798614907046899e-03    -1.384850033303669e-02    +5.653378771074904e-01    +9.497088332679621e-01
+0.000000000000000e+00    +0.000000000000000e+00    -8.761479617459254e+05    -8.801961235068396e-03    -1.385373279262365e-02    +5.653332126639390e-01    +9.496856576134322e-01
+0.000000000000000e+00    +0.000000000000000e+00    -8.769437364614083e+05    -8.805310114541604e-03    -1.385896922239936e-02    +5.653285428421690e-01    +9.496624611341492e-01
+0.000000000000000e+00    +0.000000000000000e+00    -8.777395111768900e+05    -8.808661554825776e-03    -1.386420963700373e-02    +5.653238676249064e-01    +9.496392437578843e-01
+0.000000000000000e+00    +0.000000000000000e+00    -8.785352858923728e+05    -8.812015560470064e-03    -1.386945404356506e-02    +5.653191870015674e-01    +9.496160054456816e-01
+0.000000000000000e+00    +0.000000000000000e+00    -8.793310606078544e+05    -8.815372116654438e-03    -1.387470241892217e-02    +5.653145009886015e-01    +9.495927462927932e-01
+0.000000000000000e+00    +0.000000000000000e+00    -8.801268353233372e+05    -8.818731252698685e-03    -1.387995480891491e-02    +5.653098095408262e-01    +9.495694660886222e-01
+0.000000000000000e+00    +0.000000000000000e+00    -8.809226100388189e+05    -8.822092947344005e-03    -1.388521118033618e-02    +5.653051126836753e-01    +9.495461649729918e-01
+0.000000000000000e+00    +0.000000000000000e+00    -8.817183847543019e+05    -8.825457220480675e-03    -1.389047156427634e-02    +5.653004103850977e-01    +9.495228428005960e-01
+0.000000000000000e+00    +0.000000000000000e+00    -8.825141594697835e+05    -8.828824072839489e-03    -1.389573596190374e-02    +5.652957026397907e-01    +9.494994995588334e-01
+0.000000000000000e+00    +0.000000000000000e+00    -8.833099341852664e+05    -8.832193499172259e-03    -1.390100436502185e-02    +5.652909894508125e-01    +9.494761352765823e-01
+0.000000000000000e+00    +0.000000000000000e+00    -8.841057089007479e+05    -8.835565512803076e-03    -1.390627679446828e-02    +5.652862707952337e-01    +9.494527498539338e-01
+0.000000000000000e+00    +0.000000000000000e+00    -8.849014836162308e+05    -8.838940102017462e-03    -1.391155323194767e-02    +5.652815466851521e-01    +9.494293433645768e-01
+0.000000000000000e+00    +0.000000000000000e+00    -8.856972583317125e+05    -8.842317284005008e-03    -1.391683370433590e-02    +5.652768170921987e-01    +9.494059156817514e-01
+0.000000000000000e+00    +0.000000000000000e+00    -8.864930330471954e+05    -8.845697054963955e-03    -1.392211820571388e-02    +5.652720820173812e-01    +9.493824668242310e-01
+0.000000000000000e+00    +0.000000000000000e+00    -8.872888077626771e+05    -8.849079424644229e-03    -1.392740675133262e-02    +5.652673414427125e-01    +9.493589967167870e-01
+0.000000000000000e+00    +0.000000000000000e+00    -8.880845824781599e+05    -8.852464385862943e-03    -1.393269932998024e-02    +5.652625953739274e-01    +9.493355054016475e-01
+0.000000000000000e+00    +0.000000000000000e+00    -8.888803571936415e+05    -8.855851953857907e-03    -1.393799596548551e-02    +5.652578437853185e-01    +9.493119927654561e-01
+0.000000000000000e+00    +0.000000000000000e+00    -8.896761319091243e+05    -8.859242118869706e-03    -1.394329664261388e-02    +5.652530866862245e-01    +9.492884588682967e-01
+0.000000000000000e+00    +0.000000000000000e+00    -8.904719066246060e+05    -8.862634891607111e-03    -1.394860137811048e-02    +5.652483240572634e-01    +9.492649036282055e-01
+0.000000000000000e+00    +0.000000000000000e+00    -8.912676813400890e+05    -8.866030271961166e-03    -1.395391017182601e-02    +5.652435558942216e-01    +9.492413270382606e-01
+0.000000000000000e+00    +0.000000000000000e+00    -8.920634560555703e+05    -8.869428272221480e-03    -1.395922304298685e-02    +5.652387821754594e-01    +9.492177290054393e-01
+0.000000000000000e+00    +0.000000000000000e+00    -8.928592307710535e+05    -8.872828875552087e-03    -1.396453996529280e-02    +5.652340029202484e-01    +9.491941096389562e-01
+0.000000000000000e+00    +0.000000000000000e+00    -8.936550054865349e+05    -8.876232109805799e-03    -1.396986098228758e-02    +5.652292180850499e-01    +9.491704687376741e-01
+0.000000000000000e+00    +0.000000000000000e+00    -8.944507802020166e+05    -8.879637955829840e-03    -1.397518606406468e-02    +5.652244276923891e-01    +9.491468064268649e-01
+0.000000000000000e+00    +0.000000000000000e+00    -8.952465549174993e+05    -8.883046431274574e-03    -1.398051523821389e-02    +5.652196317130317e-01    +9.491231225762008e-01
+0.000000000000000e+00    +0.000000000000000e+00    -8.960423296329823e+05    -8.886457533401056e-03    -1.398584850048270e-02    +5.652148301464109e-01    +9.490994171969228e-01
+0.000000000000000e+00    +0.000000000000000e+00    -8.968381043484637e+05    -8.889871267819595e-03    -1.399118585965277e-02    +5.652100229802001e-01    +9.490756902422735e-01
+0.000000000000000e+00    +0.000000000000000e+00    -8.976338790639454e+05    -8.893287643305525e-03    -1.399652732946264e-02    +5.652052101975975e-01    +9.490519416434516e-01
+0.000000000000000e+00    +0.000000000000000e+00    -8.984296537794283e+05    -8.896706637068496e-03    -1.400187287430216e-02    +5.652003918262738e-01    +9.490281715510801e-01
+0.000000000000000e+00    +0.000000000000000e+00    -8.992254284949100e+05    -8.900128289823088e-03    -1.400722255781769e-02    +5.651955678043926e-01    +9.490043796743157e-01
+0.000000000000000e+00    +0.000000000000000e+00    -9.000212032103929e+05    -8.903552579285112e-03    -1.401257634522387e-02    +5.651907381589004e-01    +9.489805661601846e-01
+0.000000000000000e+00    +0.000000000000000e+00    -9.008169779258744e+05    -8.906979508730343e-03    -1.401793424163318e-02    +5.651859028807134e-01    +9.489567309781125e-01
+0.000000000000000e+00    +0.000000000000000e+00    -9.016127526413572e+05    -8.910409092845748e-03    -1.402329627002558e-02    +5.651810619446292e-01    +9.489328740180760e-01
+0.000000000000000e+00    +0.000000000000000e+00    -9.024085273568389e+05    -8.913841330666476e-03    -1.402866242892236e-02    +5.651762153475141e-01    +9.489089952788693e-01
+0.000000000000000e+00    +0.000000000000000e+00    -9.032043020723219e+05    -8.917276228868596e-03    -1.403403272877478e-02    +5.651713630754366e-01    +9.488850947061382e-01
+0.000000000000000e+00    +0.000000000000000e+00    -9.040000767878036e+05    -8.920713781227458e-03    -1.403940715987291e-02    +5.651665051326826e-01    +9.488611723352695e-01
+0.000000000000000e+00    +0.000000000000000e+00    -9.047958515032864e+05    -8.924153992455171e-03    -1.404478572959236e-02    +5.651616415080819e-01    +9.488372281255599e-01
+0.000000000000000e+00    +0.000000000000000e+00    -9.055916262187680e+05    -8.927596867357161e-03    -1.405016844546648e-02    +5.651567721903181e-01    +9.488132620356151e-01
+0.000000000000000e+00    +0.000000000000000e+00    -9.063874009342508e+05    -8.931042420856690e-03    -1.405555533084751e-02    +5.651518971537427e-01    +9.487892739535673e-01
+0.000000000000000e+00    +0.000000000000000e+00    -9.071831756497325e+05    -8.934490644156808e-03    -1.406094637201437e-02    +5.651470164062516e-01    +9.487652639326412e-01
+0.000000000000000e+00    +0.000000000000000e+00    -9.079789503652154e+05    -8.937941536467068e-03    -1.406634156773771e-02    +5.651421299444160e-01    +9.487412319703694e-01
+0.000000000000000e+00    +0.000000000000000e+00    -9.087747250806971e+05    -8.941395110585873e-03    -1.407174093804222e-02    +5.651372377455518e-01    +9.487171779696164e-01
+0.000000000000000e+00    +0.000000000000000e+00    -9.095704997961799e+05    -8.944851367210108e-03    -1.407714448404837e-02    +5.651323398040959e-01    +9.486931019174660e-01
+0.000000000000000e+00    +0.000000000000000e+00    -9.103662745116615e+05    -8.948310304302121e-03    -1.408255220258826e-02    +5.651274361183580e-01    +9.486690038200681e-01
+0.000000000000000e+00    +0.000000000000000e+00    -9.111620492271443e+05    -8.951771933621707e-03    -1.408796411206187e-02    +5.651225266670743e-01    +9.486448835874337e-01
+0.000000000000000e+00    +0.000000000000000e+00    -9.119578239426260e+05    -8.955236256065162e-03    -1.409338021390137e-02    +5.651176114443694e-01    +9.486207412052048e-01
+0.000000000000000e+00    +0.000000000000000e+00    -9.127535986581090e+05    -8.958703267420343e-03    -1.409880050154041e-02    +5.651126904516126e-01    +9.485965766946408e-01
+0.000000000000000e+00    +0.000000000000000e+00    -9.135493733735906e+05    -8.962172968628026e-03    -1.410422497646282e-02    +5.651077636828613e-01    +9.485723900410984e-01
+0.000000000000000e+00    +0.000000000000000e+00    -9.143451480890731e+05    -8.965645383752633e-03    -1.410965367630962e-02    +5.651028310993128e-01    +9.485481810686884e-01
+0.000000000000000e+00    +0.000000000000000e+00    -9.151409228045549e+05    -8.969120500569593e-03    -1.411508658201605e-02    +5.650978927136872e-01    +9.485239498544275e-01
+0.000000000000000e+00    +0.000000000000000e+00    -9.159366975200364e+05    -8.972598321527915e-03    -1.412052369741526e-02    +5.650929485178615e-01    +9.484996963731068e-01
+0.000000000000000e+00    +0.000000000000000e+00    -9.167324722355194e+05    -8.976078852993917e-03    -1.412596503248204e-02    +5.650879984981321e-01    +9.484754205721480e-01
+0.000000000000000e+00    +0.000000000000000e+00    -9.175282469510009e+05    -8.979562097540635e-03    -1.413141059126582e-02    +5.650830426461749e-01    +9.484511224253949e-01
+0.000000000000000e+00    +0.000000000000000e+00    -9.183240216664837e+05    -8.983048058734011e-03    -1.413686037936434e-02    +5.650780809522431e-01    +9.484268018997534e-01
+0.000000000000000e+00    +0.000000000000000e+00    -9.191197963819654e+05    -8.986536742393799e-03    -1.414231440589988e-02    +5.650731134033679e-01    +9.484024589463798e-01
+0.000000000000000e+00    +0.000000000000000e+00    -9.199155710974484e+05    -8.990028152388965e-03    -1.414777267694843e-02    +5.650681399893419e-01    +9.483780935300082e-01
+0.000000000000000e+00    +0.000000000000000e+00    -9.207113458129300e+05    -8.993522285477807e-03    -1.415323518746725e-02    +5.650631607100820e-01    +9.483537056649893e-01
+0.000000000000000e+00    +0.000000000000000e+00    -9.215071205284129e+05    -8.997019146676432e-03    -1.415870194531502e-02    +5.650581755537306e-01    +9.483292953080440e-01
+0.000000000000000e+00    +0.000000000000000e+00    -9.223028952438944e+05    -9.000518739212870e-03    -1.416417295556536e-02    +5.650531845109689e-01    +9.483048624283332e-01
+0.000000000000000e+00    +0.000000000000000e+00    -9.230986699593773e+05    -9.004021069167390e-03    -1.416964822774908e-02    +5.650481875683938e-01    +9.482804069750851e-01
+0.000000000000000e+00    +0.000000000000000e+00    -9.238944446748589e+05    -9.007526140414338e-03    -1.417512776795218e-02    +5.650431847157353e-01    +9.482559289128956e-01
+0.000000000000000e+00    +0.000000000000000e+00    -9.246902193903419e+05    -9.011033958803281e-03    -1.418061158534619e-02    +5.650381759398895e-01    +9.482314281925447e-01
+0.000000000000000e+00    +0.000000000000000e+00    -9.254859941058236e+05    -9.014544518388826e-03    -1.418609967066642e-02    +5.650331612445867e-01    +9.482069048471796e-01
+0.000000000000000e+00    +0.000000000000000e+00    -9.262817688213064e+05    -9.018057829982981e-03    -1.419159204083013e-02    +5.650281406096144e-01    +9.481823587929020e-01
+0.000000000000000e+00    +0.000000000000000e+00    -9.270775435367880e+05    -9.021573892421504e-03    -1.419708869405388e-02    +5.650231140318576e-01    +9.481577900294191e-01
+0.000000000000000e+00    +0.000000000000000e+00    -9.278733182522708e+05    -9.025092707183813e-03    -1.420258963267206e-02    +5.650180815044179e-01    +9.481331985379833e-01
+0.000000000000000e+00    +0.000000000000000e+00    -9.286690929677525e+05    -9.028614290923675e-03    -1.420809488274457e-02    +5.650130429986732e-01    +9.481085841937588e-01
+0.000000000000000e+00    +0.000000000000000e+00    -9.294648676832354e+05    -9.032138638269372e-03    -1.421360443591942e-02    +5.650079985174937e-01    +9.480839470257836e-01
+0.000000000000000e+00    +0.000000000000000e+00    -9.302606423987171e+05    -9.035665738107860e-03    -1.421911827484095e-02    +5.650029480719780e-01    +9.480592871033016e-01
+0.000000000000000e+00    +0.000000000000000e+00    -9.310564171142000e+05    -9.039195614369959e-03    -1.422463643692870e-02    +5.649978916230374e-01    +9.480346042505426e-01
+0.000000000000000e+00    +0.000000000000000e+00    -9.318521918296815e+05    -9.042728266076898e-03    -1.423015892070930e-02    +5.649928291672293e-01    +9.480098984657752e-01
+0.000000000000000e+00    +0.000000000000000e+00    -9.326479665451644e+05    -9.046263696333792e-03    -1.423568573106048e-02    +5.649877606952519e-01    +9.479851697187510e-01
+0.000000000000000e+00    +0.000000000000000e+00    -9.334437412606460e+05    -9.049801900769731e-03    -1.424121686117888e-02    +5.649826862085171e-01    +9.479604180314950e-01
+0.000000000000000e+00    +0.000000000000000e+00    -9.342395159761274e+05    -9.053342892806371e-03    -1.424675233206533e-02    +5.649776056829086e-01    +9.479356433015651e-01
+0.000000000000000e+00    +0.000000000000000e+00    -9.350352906916104e+05    -9.056886664436121e-03    -1.425229213124627e-02    +5.649725191250415e-01    +9.479108455763786e-01
+0.000000000000000e+00    +0.000000000000000e+00    -9.358310654070920e+05    -9.060433227543026e-03    -1.425783627731436e-02    +5.649674265129740e-01    +9.478860247642037e-01
+0.000000000000000e+00    +0.000000000000000e+00    -9.366268401225749e+05    -9.063982590947517e-03    -1.426338478410091e-02    +5.649623278291362e-01    +9.478611807946541e-01
+0.000000000000000e+00    +0.000000000000000e+00    -9.374226148380564e+05    -9.067534743190718e-03    -1.426893763373237e-02    +5.649572230850837e-01    +9.478363137392813e-01
+0.000000000000000e+00    +0.000000000000000e+00    -9.382183895535392e+05    -9.071089699472819e-03    -1.427449484998080e-02    +5.649521122540574e-01    +9.478114234830566e-01
+0.000000000000000e+00    +0.000000000000000e+00    -9.390141642690209e+05    -9.074647459149189e-03    -1.428005643188752e-02    +5.649469953320541e-01    +9.477865100217802e-01
+0.000000000000000e+00    +0.000000000000000e+00    -9.398099389845039e+05    -9.078208024013263e-03    -1.428562238228283e-02    +5.649418723115581e-01    +9.477615733342084e-01
+0.000000000000000e+00    +0.000000000000000e+00    -9.406057136999855e+05    -9.081771399089783e-03    -1.429119270905201e-02    +5.649367431803941e-01    +9.477366133764414e-01
+0.000000000000000e+00    +0.000000000000000e+00    -9.414014884154684e+05    -9.085337594891663e-03    -1.429676742866458e-02    +5.649316079184663e-01    +9.477116300660925e-01
+0.000000000000000e+00    +0.000000000000000e+00    -9.421972631309499e+05    -9.088906590519289e-03    -1.430234650849423e-02    +5.649264665509115e-01    +9.476866235408216e-01
+0.000000000000000e+00    +0.000000000000000e+00    -9.429930378464328e+05    -9.092478417456203e-03    -1.430792999775422e-02    +5.649213190274021e-01    +9.476615935713354e-01
+0.000000000000000e+00    +0.000000000000000e+00    -9.437888125619144e+05    -9.096053065172848e-03    -1.431351788006052e-02    +5.649161653581201e-01    +9.476365402225517e-01
+0.000000000000000e+00    +0.000000000000000e+00    -9.445845872773974e+05    -9.099630540061030e-03    -1.431911016541882e-02    +5.649110055288541e-01    +9.476114634409045e-01
+0.000000000000000e+00    +0.000000000000000e+00    -9.453803619928791e+05    -9.103210843716968e-03    -1.432470685636375e-02    +5.649058395322955e-01    +9.475863632063759e-01
+0.000000000000000e+00    +0.000000000000000e+00    -9.461761367083619e+05    -9.106793987657928e-03    -1.433030797093162e-02    +5.649006673468043e-01    +9.475612394293760e-01
+0.000000000000000e+00    +0.000000000000000e+00    -9.469719114238435e+05    -9.110379967539136e-03    -1.433591350237877e-02    +5.648954889736201e-01    +9.475360921314784e-01
+0.000000000000000e+00    +0.000000000000000e+00    -9.477676861393264e+05    -9.113968789296233e-03    -1.434152346000808e-02    +5.648903043991326e-01    +9.475109212621995e-01
+0.000000000000000e+00    +0.000000000000000e+00    -9.485634608548080e+05    -9.117560446549024e-03    -1.434713783388663e-02    +5.648851136275170e-01    +9.474857268573926e-01
+0.000000000000000e+00    +0.000000000000000e+00    -9.493592355702909e+05    -9.121154958952431e-03    -1.435275665475994e-02    +5.648799166253088e-01    +9.474605087702941e-01
+0.000000000000000e+00    +0.000000000000000e+00    -9.501550102857726e+05    -9.124752326429862e-03    -1.435837992257079e-02    +5.648747133875407e-01    +9.474352669924450e-01
+0.000000000000000e+00    +0.000000000000000e+00    -9.509507850012555e+05    -9.128352543218332e-03    -1.436400762834294e-02    +5.648695039174692e-01    +9.474100015553389e-01
+0.000000000000000e+00    +0.000000000000000e+00    -9.517465597167370e+05    -9.131955622002079e-03    -1.436963979192736e-02    +5.648642881916506e-01    +9.473847123610120e-01
+0.000000000000000e+00    +0.000000000000000e+00    -9.525423344322200e+05    -9.135561564046343e-03    -1.437527641535498e-02    +5.648590662031485e-01    +9.473593993915577e-01
+0.000000000000000e+00    +0.000000000000000e+00    -9.533381091477015e+05    -9.139170359053230e-03    -1.438091748256395e-02    +5.648538379617740e-01    +9.473340627102745e-01
+0.000000000000000e+00    +0.000000000000000e+00    -9.541338838631845e+05    -9.142782039286902e-03    -1.438656304400486e-02    +5.648486034156575e-01    +9.473087020816402e-01
+0.000000000000000e+00    +0.000000000000000e+00    -9.549296585786659e+05    -9.146396579024180e-03    -1.439221305955481e-02    +5.648433625969472e-01    +9.472833176771444e-01
+0.000000000000000e+00    +0.000000000000000e+00    -9.557254332941474e+05    -9.150013993814049e-03    -1.439786755351181e-02    +5.648381154779647e-01    +9.472579093786178e-01
+0.000000000000000e+00    +0.000000000000000e+00    -9.565212080096303e+05    -9.153634303284121e-03    -1.440352655661612e-02    +5.648328620250740e-01    +9.472324770390537e-01
+0.000000000000000e+00    +0.000000000000000e+00    -9.573169827251135e+05    -9.157257477522836e-03    -1.440919002217972e-02    +5.648276022765195e-01    +9.472070208594298e-01
+0.000000000000000e+00    +0.000000000000000e+00    -9.581127574405948e+05    -9.160883550252531e-03    -1.441485800290087e-02    +5.648223361781743e-01    +9.471815405937863e-01
+0.000000000000000e+00    +0.000000000000000e+00    -9.589085321560764e+05    -9.164512510358212e-03    -1.442053048149703e-02    +5.648170637409891e-01    +9.471560363109841e-01
+0.000000000000000e+00    +0.000000000000000e+00    -9.597043068715592e+05    -9.168144371096023e-03    -1.442620747870688e-02    +5.648117849405022e-01    +9.471305079087239e-01
+0.000000000000000e+00    +0.000000000000000e+00    -9.605000815870409e+05    -9.171779113862775e-03    -1.443188896551041e-02    +5.648064997985541e-01    +9.471049555085664e-01
+0.000000000000000e+00    +0.000000000000000e+00    -9.612958563025239e+05    -9.175416772533819e-03    -1.443757499486381e-02    +5.648012082606674e-01    +9.470793788632222e-01
+0.000000000000000e+00    +0.000000000000000e+00    -9.620916310180055e+05    -9.179057323641196e-03    -1.444326553017901e-02    +5.647959103557514e-01    +9.470537781283797e-01
+0.000000000000000e+00    +0.000000000000000e+00    -9.628874057334884e+05    -9.182700780717534e-03    -1.444896059260656e-02    +5.647906060588824e-01    +9.470281531997273e-01
+0.000000000000000e+00    +0.000000000000000e+00    -9.636831804489699e+05    -9.186347153743321e-03    -1.445466019780785e-02    +5.647852953502790e-01    +9.470025039977736e-01
+0.000000000000000e+00    +0.000000000000000e+00    -9.644789551644528e+05    -9.189996444864736e-03    -1.446036434919313e-02    +5.647799782215475e-01    +9.469768304981069e-01
+0.000000000000000e+00    +0.000000000000000e+00    -9.652747298799345e+05    -9.193648660628207e-03    -1.446607305703768e-02    +5.647746546578691e-01    +9.469511326453560e-01
+0.000000000000000e+00    +0.000000000000000e+00    -9.660705045954174e+05    -9.197303780012614e-03    -1.447178628853449e-02    +5.647693246846137e-01    +9.469254105781165e-01
+0.000000000000000e+00    +0.000000000000000e+00    -9.668662793108991e+05    -9.200961837597110e-03    -1.447750409773587e-02    +5.647639882460657e-01    +9.468996640437822e-01
+0.000000000000000e+00    +0.000000000000000e+00    -9.676620540263819e+05    -9.204622824324710e-03    -1.448322647058598e-02    +5.647586453501248e-01    +9.468738930966246e-01
+0.000000000000000e+00    +0.000000000000000e+00    -9.684578287418635e+05    -9.208286745306134e-03    -1.448895341509746e-02    +5.647532959840145e-01    +9.468480976913188e-01
+0.000000000000000e+00    +0.000000000000000e+00    -9.692536034573463e+05    -9.211953598686163e-03    -1.449468492842044e-02    +5.647479401451189e-01    +9.468222778315214e-01
+0.000000000000000e+00    +0.000000000000000e+00    -9.700493781728280e+05    -9.215623397623045e-03    -1.450042103115971e-02    +5.647425778088795e-01    +9.467964334151695e-01
+0.000000000000000e+00    +0.000000000000000e+00    -9.708451528883108e+05    -9.219296132756532e-03    -1.450616170874988e-02    +5.647372089836277e-01    +9.467705644987120e-01
+0.000000000000000e+00    +0.000000000000000e+00    -9.716409276037926e+05    -9.222971821374760e-03    -1.451190698823795e-02    +5.647318336387313e-01    +9.467446709509572e-01
+0.000000000000000e+00    +0.000000000000000e+00    -9.724367023192755e+05    -9.226650455477634e-03    -1.451765685719339e-02    +5.647264517805192e-01    +9.467187528187344e-01
+0.000000000000000e+00    +0.000000000000000e+00    -9.732324770347570e+05    -9.230332049952288e-03    -1.452341133891319e-02    +5.647210633818283e-01    +9.466928099876848e-01
+0.000000000000000e+00    +0.000000000000000e+00    -9.740282517502399e+05    -9.234016597830633e-03    -1.452917042257649e-02    +5.647156684474636e-01    +9.466668424973491e-01
+0.000000000000000e+00    +0.000000000000000e+00    -9.748240264657215e+05    -9.237704116342746e-03    -1.453493413514507e-02    +5.647102669467882e-01    +9.466408502167756e-01
+0.000000000000000e+00    +0.000000000000000e+00    -9.756198011812044e+05    -9.241394592665490e-03    -1.454070245665203e-02    +5.647048588931695e-01    +9.466148332267408e-01
+0.000000000000000e+00    +0.000000000000000e+00    -9.764155758966862e+05    -9.245088037150030e-03    -1.454647540329669e-02    +5.646994442660183e-01    +9.465887914447501e-01
+0.000000000000000e+00    +0.000000000000000e+00    -9.772113506121674e+05    -9.248784460902411e-03    -1.455225299250204e-02    +5.646940230436103e-01    +9.465627247828602e-01
+0.000000000000000e+00    +0.000000000000000e+00    -9.780071253276505e+05    -9.252483857864707e-03    -1.455803521486570e-02    +5.646885952293790e-01    +9.465366332741346e-01
+0.000000000000000e+00    +0.000000000000000e+00    -9.788029000431320e+05    -9.256186239399012e-03    -1.456382208818072e-02    +5.646831608011902e-01    +9.465105168288180e-01
+0.000000000000000e+00    +0.000000000000000e+00    -9.795986747586149e+05    -9.259891601443767e-03    -1.456961360616653e-02    +5.646777197595334e-01    +9.464843754658655e-01
+0.000000000000000e+00    +0.000000000000000e+00    -9.803944494740964e+05    -9.263599950679343e-03    -1.457540977930300e-02    +5.646722720891180e-01    +9.464582091284877e-01
+0.000000000000000e+00    +0.000000000000000e+00    -9.811902241895793e+05    -9.267311295507603e-03    -1.458121062078202e-02    +5.646668177721030e-01    +9.464320177476734e-01
+0.000000000000000e+00    +0.000000000000000e+00    -9.819859989050609e+05    -9.271025632027585e-03    -1.458701612456985e-02    +5.646613568087141e-01    +9.464058013412043e-01
+0.000000000000000e+00    +0.000000000000000e+00    -9.827817736205439e+05    -9.274742972258516e-03    -1.459282630949242e-02    +5.646558891757603e-01    +9.463795598145162e-01
+0.000000000000000e+00    +0.000000000000000e+00    -9.835775483360256e+05    -9.278463309627956e-03    -1.459864116534880e-02    +5.646504148773791e-01    +9.463532932042041e-01
+0.000000000000000e+00    +0.000000000000000e+00    -9.843733230515084e+05    -9.282186652315035e-03    -1.460446070495819e-02    +5.646449338959997e-01    +9.463270014427712e-01
+0.000000000000000e+00    +0.000000000000000e+00    -9.851690977669900e+05    -9.285913015866341e-03    -1.461028495268465e-02    +5.646394462031744e-01    +9.463006844105908e-01
+0.000000000000000e+00    +0.000000000000000e+00    -9.859648724824728e+05    -9.289642382072614e-03    -1.461611388014810e-02    +5.646339518201562e-01    +9.462743422263875e-01
+0.000000000000000e+00    +0.000000000000000e+00    -9.867606471979545e+05    -9.293374776081741e-03    -1.462194752666715e-02    +5.646284507043180e-01    +9.462479747027460e-01
+0.000000000000000e+00    +0.000000000000000e+00    -9.875564219134374e+05    -9.297110184732707e-03    -1.462778587177239e-02    +5.646229428694680e-01    +9.462215819226854e-01
+0.000000000000000e+00    +0.000000000000000e+00    -9.883521966289191e+05    -9.300848619605652e-03    -1.463362893358706e-02    +5.646174282929355e-01    +9.461951637945502e-01
+0.000000000000000e+00    +0.000000000000000e+00    -9.891479713444019e+05    -9.304590090113495e-03    -1.463947672689792e-02    +5.646119069552175e-01    +9.461687202418604e-01
+0.000000000000000e+00    +0.000000000000000e+00    -9.899437460598835e+05    -9.308334589697142e-03    -1.464532924152423e-02    +5.646063788603670e-01    +9.461422513010047e-01
+0.000000000000000e+00    +0.000000000000000e+00    -9.907395207753663e+05    -9.312082118764459e-03    -1.465118647814193e-02    +5.646008440021557e-01    +9.461157569591867e-01
+0.000000000000000e+00    +0.000000000000000e+00    -9.915352954908480e+05    -9.315832700580780e-03    -1.465704847316665e-02    +5.645953023405703e-01    +9.460892370419399e-01
+0.000000000000000e+00    +0.000000000000000e+00    -9.923310702063310e+05    -9.319586313738887e-03    -1.466291519324146e-02    +5.645897539015841e-01    +9.460626916905565e-01
+0.000000000000000e+00    +0.000000000000000e+00    -9.931268449218126e+05    -9.323342983264553e-03    -1.466878667748858e-02    +5.645841986425352e-01    +9.460361207181184e-01
+0.000000000000000e+00    +0.000000000000000e+00    -9.939226196372955e+05    -9.327102708884242e-03    -1.467466292558701e-02    +5.645786365581361e-01    +9.460095241164131e-01
+0.000000000000000e+00    +0.000000000000000e+00    -9.947183943527770e+05    -9.330865483537693e-03    -1.468054392655562e-02    +5.645730676531381e-01    +9.459829019253286e-01
+0.000000000000000e+00    +0.000000000000000e+00    -9.955141690682599e+05    -9.334631320869664e-03    -1.468642970175990e-02    +5.645674919016426e-01    +9.459562540382727e-01
+0.000000000000000e+00    +0.000000000000000e+00    -9.963099437837414e+05    -9.338400222385522e-03    -1.469232025363695e-02    +5.645619092956988e-01    +9.459295804344335e-01
+0.000000000000000e+00    +0.000000000000000e+00    -9.971057184992245e+05    -9.342172186669155e-03    -1.469821558003230e-02    +5.645563198316765e-01    +9.459028811137061e-01
+0.000000000000000e+00    +0.000000000000000e+00    -9.979014932147060e+05    -9.345947225717379e-03    -1.470411569974895e-02    +5.645507234860546e-01    +9.458761559810296e-01
+0.000000000000000e+00    +0.000000000000000e+00    -9.986972679301875e+05    -9.349725337647524e-03    -1.471002060992706e-02    +5.645451202558691e-01    +9.458494050395152e-01
+0.000000000000000e+00    +0.000000000000000e+00    -9.994930426456704e+05    -9.353506536096141e-03    -1.471593033193225e-02    +5.645395101151217e-01    +9.458226281824131e-01
+0.000000000000000e+00    +0.000000000000000e+00    -1.000288817361153e+06    -9.357290802352078e-03    -1.472184483660809e-02    +5.645338930858027e-01    +9.457958255319745e-01
+0.000000000000000e+00    +0.000000000000000e+00    -1.001084592076635e+06    -9.361078166433395e-03    -1.472776417088669e-02    +5.645282691175644e-01    +9.457689968654277e-01
+0.000000000000000e+00    +0.000000000000000e+00    -1.001880366792116e+06    -9.364868617051202e-03    -1.473368831724942e-02    +5.645226382213625e-01    +9.457421422523582e-01
+0.000000000000000e+00    +0.000000000000000e+00    -1.002676141507599e+06    -9.368662169887756e-03    -1.473961730024003e-02    +5.645170003680778e-01    +9.457152615714126e-01
+0.000000000000000e+00    +0.000000000000000e+00    -1.003471916223081e+06    -9.372458816921291e-03    -1.474555110741578e-02    +5.645113555638017e-01    +9.456883548690630e-01
+0.000000000000000e+00    +0.000000000000000e+00    -1.004267690938564e+06    -9.376258559971339e-03    -1.475148974166222e-02    +5.645057037999955e-01    +9.456614221221332e-01
+0.000000000000000e+00    +0.000000000000000e+00    -1.005063465654045e+06    -9.380061412874056e-03    -1.475743322466812e-02    +5.645000450502273e-01    +9.456344632221995e-01
+0.000000000000000e+00    +0.000000000000000e+00    -1.005859240369528e+06    -9.383867383999104e-03    -1.476338156960666e-02    +5.644943792961676e-01    +9.456074780994835e-01
+0.000000000000000e+00    +0.000000000000000e+00    -1.006655015085010e+06    -9.387676456257255e-03    -1.476933474984997e-02    +5.644887065573825e-01    +9.455804668647315e-01
+0.000000000000000e+00    +0.000000000000000e+00    -1.007450789800493e+06    -9.391488655483900e-03    -1.477529280579811e-02    +5.644830267895059e-01    +9.455534293243915e-01
+0.000000000000000e+00    +0.000000000000000e+00    -1.008246564515975e+06    -9.395303969797139e-03    -1.478125571900305e-02    +5.644773400043379e-01    +9.455263655521907e-01
+0.000000000000000e+00    +0.000000000000000e+00    -1.009042339231457e+06    -9.399122420233507e-03    -1.478722352237767e-02    +5.644716461646017e-01    +9.454992753884831e-01
+0.000000000000000e+00    +0.000000000000000e+00    -1.009838113946939e+06    -9.402943990171475e-03    -1.479319619005698e-02    +5.644659452891557e-01    +9.454721589406229e-01
+0.000000000000000e+00    +0.000000000000000e+00    -1.010633888662422e+06    -9.406768700591952e-03    -1.479917375485630e-02    +5.644602373407616e-01    +9.454450160492984e-01
+0.000000000000000e+00    +0.000000000000000e+00    -1.011429663377904e+06    -9.410596542768108e-03    -1.480515620325039e-02    +5.644545223264900e-01    +9.454178467658253e-01
+0.000000000000000e+00    +0.000000000000000e+00    -1.012225438093386e+06    -9.414427532301496e-03    -1.481114355966671e-02    +5.644488002170801e-01    +9.453906509689457e-01
+0.000000000000000e+00    +0.000000000000000e+00    -1.013021212808868e+06    -9.418261668495765e-03    -1.481713582311936e-02    +5.644430710075879e-01    +9.453634286529523e-01
+0.000000000000000e+00    +0.000000000000000e+00    -1.013816987524351e+06    -9.422098957112502e-03    -1.482313300267715e-02    +5.644373346834078e-01    +9.453361797663320e-01
+0.000000000000000e+00    +0.000000000000000e+00    -1.014612762239833e+06    -9.425939389809018e-03    -1.482913508538199e-02    +5.644315912510133e-01    +9.453089043576891e-01
+0.000000000000000e+00    +0.000000000000000e+00    -1.015408536955316e+06    -9.429782982536310e-03    -1.483514209620953e-02    +5.644258406805371e-01    +9.452816023031344e-01
+0.000000000000000e+00    +0.000000000000000e+00    -1.016204311670797e+06    -9.433629743152561e-03    -1.484115404754703e-02    +5.644200829541849e-01    +9.452542735360993e-01
+0.000000000000000e+00    +0.000000000000000e+00    -1.017000086386278e+06    -9.437479668185646e-03    -1.484717093405542e-02    +5.644143180711068e-01    +9.452269180705147e-01
+0.000000000000000e+00    +0.000000000000000e+00    -1.017795861101762e+06    -9.441332757715297e-03    -1.485319275591930e-02    +5.644085460251315e-01    +9.451995358951198e-01
+0.000000000000000e+00    +0.000000000000000e+00    -1.018591635817245e+06    -9.445189020241300e-03    -1.485921952649151e-02    +5.644027667974632e-01    +9.451721269387777e-01
+0.000000000000000e+00    +0.000000000000000e+00    -1.019387410532726e+06    -9.449048463999901e-03    -1.486525125873458e-02    +5.643969803696732e-01    +9.451446911321431e-01
+0.000000000000000e+00    +0.000000000000000e+00    -1.020183185248208e+06    -9.452911094052604e-03    -1.487128796064947e-02    +5.643911867280723e-01    +9.451172284283977e-01
+0.000000000000000e+00    +0.000000000000000e+00    -1.020978959963690e+06    -9.456776906879419e-03    -1.487732962681840e-02    +5.643853858718295e-01    +9.450897388417310e-01
+0.000000000000000e+00    +0.000000000000000e+00    -1.021774734679172e+06    -9.460645906792886e-03    -1.488337626404340e-02    +5.643795777883585e-01    +9.450622223306634e-01
+0.000000000000000e+00    +0.000000000000000e+00    -1.022570509394655e+06    -9.464518102027617e-03    -1.488942788527630e-02    +5.643737624591633e-01    +9.450346788257539e-01
+0.000000000000000e+00    +0.000000000000000e+00    -1.023366284110136e+06    -9.468393500746655e-03    -1.489548450336778e-02    +5.643679398658317e-01    +9.450071082580055e-01
+0.000000000000000e+00    +0.000000000000000e+00    -1.024162058825619e+06    -9.472272101647158e-03    -1.490154611637532e-02    +5.643621100041566e-01    +9.449795106257347e-01
+0.000000000000000e+00    +0.000000000000000e+00    -1.024957833541101e+06    -9.476153900814918e-03    -1.490761271825186e-02    +5.643562728738538e-01    +9.449518859458773e-01
+0.000000000000000e+00    +0.000000000000000e+00    -1.025753608256584e+06    -9.480038916967722e-03    -1.491368433831360e-02    +5.643504284405897e-01    +9.449242340742898e-01
+0.000000000000000e+00    +0.000000000000000e+00    -1.026549382972065e+06    -9.483927148188388e-03    -1.491976097368723e-02    +5.643445767010441e-01    +9.448965550135444e-01
+0.000000000000000e+00    +0.000000000000000e+00    -1.027345157687548e+06    -9.487818597170032e-03    -1.492584262865182e-02    +5.643387176449487e-01    +9.448688487334719e-01
+0.000000000000000e+00    +0.000000000000000e+00    -1.028140932403030e+06    -9.491713270400288e-03    -1.493192931342888e-02    +5.643328512563078e-01    +9.448411151768376e-01
+0.000000000000000e+00    +0.000000000000000e+00    -1.028936707118513e+06    -9.495611172316475e-03    -1.493802103504631e-02    +5.643269775221944e-01    +9.448133543009554e-01
+0.000000000000000e+00    +0.000000000000000e+00    -1.029732481833995e+06    -9.499512296486923e-03    -1.494411778354114e-02    +5.643210964460527e-01    +9.447855661405434e-01
+0.000000000000000e+00    +0.000000000000000e+00    -1.030528256549477e+06    -9.503416662505093e-03    -1.495021958959433e-02    +5.643152079920785e-01    +9.447577505449632e-01
+0.000000000000000e+00    +0.000000000000000e+00    -1.031324031264959e+06    -9.507324263142896e-03    -1.495632644203980e-02    +5.643093121648916e-01    +9.447299075544906e-01
+0.000000000000000e+00    +0.000000000000000e+00    -1.032119805980442e+06    -9.511235110434994e-03    -1.496243835974452e-02    +5.643034089400393e-01    +9.447020370722550e-01
+0.000000000000000e+00    +0.000000000000000e+00    -1.032915580695924e+06    -9.515149207345922e-03    -1.496855534745283e-02    +5.642974983067356e-01    +9.446741390658892e-01
+0.000000000000000e+00    +0.000000000000000e+00    -1.033711355411406e+06    -9.519066555698416e-03    -1.497467740810108e-02    +5.642915802559035e-01    +9.446462135111821e-01
+0.000000000000000e+00    +0.000000000000000e+00    -1.034507130126888e+06    -9.522987161059428e-03    -1.498080455047440e-02    +5.642856547727974e-01    +9.446182603572111e-01
+0.000000000000000e+00    +0.000000000000000e+00    -1.035302904842371e+06    -9.526911031431122e-03    -1.498693678717458e-02    +5.642797218389681e-01    +9.445902795356342e-01
+0.000000000000000e+00    +0.000000000000000e+00    -1.036098679557853e+06    -9.530838156612749e-03    -1.499307410236331e-02    +5.642737814634817e-01    +9.445622711078849e-01
+0.000000000000000e+00    +0.000000000000000e+00    -1.036894454273335e+06    -9.534768552107912e-03    -1.499921652032328e-02    +5.642678336165157e-01    +9.445342349521479e-01
+0.000000000000000e+00    +0.000000000000000e+00    -1.037690228988817e+06    -9.538702224950648e-03    -1.500536405217273e-02    +5.642618782810305e-01    +9.445061710068372e-01
+0.000000000000000e+00    +0.000000000000000e+00    -1.038486003704298e+06    -9.542639167825365e-03    -1.501151668658163e-02    +5.642559154617001e-01    +9.444780793127633e-01
+0.000000000000000e+00    +0.000000000000000e+00    -1.039281778419782e+06    -9.546579403277047e-03    -1.501767445884636e-02    +5.642499451179545e-01    +9.444499596977046e-01
+0.000000000000000e+00    +0.000000000000000e+00    -1.040077553135263e+06    -9.550522919932731e-03    -1.502383735134120e-02    +5.642439672605907e-01    +9.444218122313038e-01
+0.000000000000000e+00    +0.000000000000000e+00    -1.040873327850746e+06    -9.554469722383708e-03    -1.503000537129436e-02    +5.642379818762078e-01    +9.443936368694268e-01
+0.000000000000000e+00    +0.000000000000000e+00    -1.041669102566228e+06    -9.558419826432921e-03    -1.503617854350086e-02    +5.642319889343773e-01    +9.443654334877760e-01
+0.000000000000000e+00    +0.000000000000000e+00    -1.042464877281710e+06    -9.562373223702528e-03    -1.504235685499938e-02    +5.642259884413352e-01    +9.443372021346081e-01
+0.000000000000000e+00    +0.000000000000000e+00    -1.043260651997192e+06    -9.566329920846437e-03    -1.504854031625128e-02    +5.642199803804995e-01    +9.443089427509531e-01
+0.000000000000000e+00    +0.000000000000000e+00    -1.044056426712675e+06    -9.570289922967559e-03    -1.505472893533787e-02    +5.642139647376246e-01    +9.442806552888082e-01
+0.000000000000000e+00    +0.000000000000000e+00    -1.044852201428156e+06    -9.574253244635083e-03    -1.506092273513019e-02    +5.642079414840552e-01    +9.442523396325078e-01
+0.000000000000000e+00    +0.000000000000000e+00    -1.045647976143639e+06    -9.578219880390483e-03    -1.506712170722908e-02    +5.642019106215521e-01    +9.442239958093821e-01
+0.000000000000000e+00    +0.000000000000000e+00    -1.046443750859121e+06    -9.582189831587972e-03    -1.507332585382431e-02    +5.641958721415152e-01    +9.441956237981799e-01
+0.000000000000000e+00    +0.000000000000000e+00    -1.047239525574604e+06    -9.586163115596130e-03    -1.507953520215296e-02    +5.641898260109619e-01    +9.441672234631228e-01
+0.000000000000000e+00    +0.000000000000000e+00    -1.048035300290085e+06    -9.590139720946116e-03    -1.508574973443370e-02    +5.641837722407719e-01    +9.441387948744367e-01
+0.000000000000000e+00    +0.000000000000000e+00    -1.048831075005568e+06    -9.594119663350694e-03    -1.509196947527930e-02    +5.641777108004374e-01    +9.441103379081630e-01
+0.000000000000000e+00    +0.000000000000000e+00    -1.049626849721050e+06    -9.598102933198859e-03    -1.509819440980865e-02    +5.641716416980006e-01    +9.440818526212381e-01
+0.000000000000000e+00    +0.000000000000000e+00    -1.050422624436533e+06    -9.602089560612192e-03    -1.510442458515838e-02    +5.641655648809419e-01    +9.440533387865498e-01
+0.000000000000000e+00    +0.000000000000000e+00    -1.051218399152015e+06    -9.606079524875107e-03    -1.511065996913880e-02    +5.641594803742040e-01    +9.440247965403330e-01
+0.000000000000000e+00    +0.000000000000000e+00    -1.052014173867497e+06    -9.610072834669201e-03    -1.511690057534867e-02    +5.641533881579122e-01    +9.439962258088151e-01
+0.000000000000000e+00    +0.000000000000000e+00    -1.052809948582979e+06    -9.614069506917216e-03    -1.512314643035479e-02    +5.641472881995857e-01    +9.439676264590492e-01
+0.000000000000000e+00    +0.000000000000000e+00    -1.053605723298462e+06    -9.618069527551999e-03    -1.512939751232038e-02    +5.641411805140256e-01    +9.439389985797683e-01
+0.000000000000000e+00    +0.000000000000000e+00    -1.054401498013943e+06    -9.622072918889538e-03    -1.513565385617271e-02    +5.641350650604673e-01    +9.439103419994586e-01
+0.000000000000000e+00    +0.000000000000000e+00    -1.055197272729427e+06    -9.626079679572026e-03    -1.514191545995493e-02    +5.641289418342756e-01    +9.438816567158104e-01
+0.000000000000000e+00    +0.000000000000000e+00    -1.055993047444908e+06    -9.630089822543346e-03    -1.514818234398837e-02    +5.641228108089383e-01    +9.438529426242115e-01
+0.000000000000000e+00    +0.000000000000000e+00    -1.056788822160391e+06    -9.634103323141385e-03    -1.515445446987057e-02    +5.641166720154374e-01    +9.438241998892447e-01
+0.000000000000000e+00    +0.000000000000000e+00    -1.057584596875872e+06    -9.638120213534643e-03    -1.516073188789436e-02    +5.641105253978266e-01    +9.437954282686960e-01
+0.000000000000000e+00    +0.000000000000000e+00    -1.058380371591355e+06    -9.642140482421747e-03    -1.516701458059828e-02    +5.641043709666397e-01    +9.437666278313342e-01
+0.000000000000000e+00    +0.000000000000000e+00    -1.059176146306837e+06    -9.646164149420940e-03    -1.517330257870529e-02    +5.640982086850612e-01    +9.437377984246366e-01
+0.000000000000000e+00    +0.000000000000000e+00    -1.059971921022319e+06    -9.650191201736503e-03    -1.517959586238150e-02    +5.640920385659000e-01    +9.437089401281182e-01
+0.000000000000000e+00    +0.000000000000000e+00    -1.060767695737801e+06    -9.654221660702513e-03    -1.518589446502737e-02    +5.640858605696578e-01    +9.436800527768737e-01
+0.000000000000000e+00    +0.000000000000000e+00    -1.061563470453284e+06    -9.658255522360123e-03    -1.519219838062635e-02    +5.640796746955762e-01    +9.436511363870322e-01
+0.000000000000000e+00    +0.000000000000000e+00    -1.062359245168766e+06    -9.662292788936766e-03    -1.519850761274943e-02    +5.640734809334041e-01    +9.436221909305061e-01
+0.000000000000000e+00    +0.000000000000000e+00    -1.063155019884248e+06    -9.666333471754171e-03    -1.520482217920016e-02    +5.640672792589170e-01    +9.435932163139348e-01
+0.000000000000000e+00    +0.000000000000000e+00    -1.063950794599730e+06    -9.670377558185216e-03    -1.521114206038646e-02    +5.640610696846381e-01    +9.435642126156163e-01
+0.000000000000000e+00    +0.000000000000000e+00    -1.064746569315212e+06    -9.674425084405519e-03    -1.521746731290500e-02    +5.640548521481287e-01    +9.435351795639320e-01
+0.000000000000000e+00    +0.000000000000000e+00    -1.065542344030695e+06    -9.678476021711348e-03    -1.522379789212320e-02    +5.640486266865855e-01    +9.435061173523147e-01
+0.000000000000000e+00    +0.000000000000000e+00    -1.066338118746177e+06    -9.682530392615959e-03    -1.523013383323564e-02    +5.640423932585019e-01    +9.434770258071380e-01
+0.000000000000000e+00    +0.000000000000000e+00    -1.067133893461659e+06    -9.686588201977420e-03    -1.523647514401510e-02    +5.640361518494758e-01    +9.434479048810956e-01
+0.000000000000000e+00    +0.000000000000000e+00    -1.067929668177141e+06    -9.690649442665558e-03    -1.524282181344297e-02    +5.640299024635347e-01    +9.434187546129958e-01
+0.000000000000000e+00    +0.000000000000000e+00    -1.068725442892624e+06    -9.694714131442331e-03    -1.524917386779848e-02    +5.640236450679278e-01    +9.433895748702023e-01
+0.000000000000000e+00    +0.000000000000000e+00    -1.069521217608106e+06    -9.698782264440875e-03    -1.525553130120389e-02    +5.640173796616350e-01    +9.433603656679830e-01
+0.000000000000000e+00    +0.000000000000000e+00    -1.070316992323588e+06    -9.702853865519639e-03    -1.526189415104056e-02    +5.640111062009086e-01    +9.433311268226098e-01
+0.000000000000000e+00    +0.000000000000000e+00    -1.071112767039070e+06    -9.706928908650277e-03    -1.526826237682452e-02    +5.640048247188515e-01    +9.433018585084090e-01
+0.000000000000000e+00    +0.000000000000000e+00    -1.071908541754553e+06    -9.711007419440601e-03    -1.527463601859721e-02    +5.639985351689720e-01    +9.432725605291352e-01
+0.000000000000000e+00    +0.000000000000000e+00    -1.072704316470035e+06    -9.715089394318692e-03    -1.528101507097571e-02    +5.639922375497440e-01    +9.432432328977866e-01
+0.000000000000000e+00    +0.000000000000000e+00    -1.073500091185517e+06    -9.719174840199392e-03    -1.528739954486700e-02    +5.639859318434470e-01    +9.432138755521660e-01
+0.000000000000000e+00    +0.000000000000000e+00    -1.074295865900999e+06    -9.723263756706976e-03    -1.529378943982115e-02    +5.639796180435993e-01    +9.431844884823747e-01
+0.000000000000000e+00    +0.000000000000000e+00    -1.075091640616482e+06    -9.727356149971866e-03    -1.530018476553146e-02    +5.639732961336588e-01    +9.431550716317723e-01
+0.000000000000000e+00    +0.000000000000000e+00    -1.075887415331964e+06    -9.731452041181953e-03    -1.530658555524512e-02    +5.639669660737860e-01    +9.431256248353779e-01
+0.000000000000000e+00    +0.000000000000000e+00    -1.076683190047447e+06    -9.735551420597517e-03    -1.531299179393150e-02    +5.639606278719096e-01    +9.430961481504162e-01
+0.000000000000000e+00    +0.000000000000000e+00    -1.077478964762928e+06    -9.739654290823503e-03    -1.531940348574441e-02    +5.639542815168737e-01    +9.430666415455353e-01
+0.000000000000000e+00    +0.000000000000000e+00    -1.078274739478410e+06    -9.743760650545313e-03    -1.532582062875610e-02    +5.639479270035768e-01    +9.430371050174821e-01
+0.000000000000000e+00    +0.000000000000000e+00    -1.079070514193893e+06    -9.747870527608020e-03    -1.533224326659425e-02    +5.639415642817609e-01    +9.430075383532271e-01
+0.000000000000000e+00    +0.000000000000000e+00    -1.079866288909375e+06    -9.751983909106783e-03    -1.533867137930983e-02    +5.639351933642206e-01    +9.429779416326569e-01
+0.000000000000000e+00    +0.000000000000000e+00    -1.080662063624857e+06    -9.756100788620442e-03    -1.534510495694267e-02    +5.639288142537213e-01    +9.429483148892772e-01
+0.000000000000000e+00    +0.000000000000000e+00    -1.081457838340338e+06    -9.760221192238790e-03    -1.535154404036122e-02    +5.639224269026325e-01    +9.429186579225575e-01
+0.000000000000000e+00    +0.000000000000000e+00    -1.082253613055822e+06    -9.764345127818302e-03    -1.535798864205799e-02    +5.639160312915364e-01    +9.428889706629059e-01
+0.000000000000000e+00    +0.000000000000000e+00    -1.083049387771303e+06    -9.768472592391414e-03    -1.536443875754634e-02    +5.639096274177814e-01    +9.428592531187264e-01
+0.000000000000000e+00    +0.000000000000000e+00    -1.083845162486786e+06    -9.772603572504108e-03    -1.537089436591412e-02    +5.639032152949948e-01    +9.428295053740090e-01
+0.000000000000000e+00    +0.000000000000000e+00    -1.084640937202268e+06    -9.776738094857193e-03    -1.537735550896189e-02    +5.638967948744622e-01    +9.427997272236255e-01
+0.000000000000000e+00    +0.000000000000000e+00    -1.085436711917750e+06    -9.780876154994579e-03    -1.538382217994808e-02    +5.638903661558143e-01    +9.427699186865255e-01
+0.000000000000000e+00    +0.000000000000000e+00    -1.086232486633232e+06    -9.785017759484635e-03    -1.539029438924655e-02    +5.638839291215416e-01    +9.427400797024184e-01
+0.000000000000000e+00    +0.000000000000000e+00    -1.087028261348715e+06    -9.789162925744182e-03    -1.539677216422539e-02    +5.638774837372400e-01    +9.427102101327234e-01
+0.000000000000000e+00    +0.000000000000000e+00    -1.087824036064197e+06    -9.793311633123563e-03    -1.540325547280666e-02    +5.638710300276838e-01    +9.426803101130685e-01
+0.000000000000000e+00    +0.000000000000000e+00    -1.088619810779679e+06    -9.797463911031423e-03    -1.540974436099929e-02    +5.638645679397652e-01    +9.426503794185350e-01
+0.000000000000000e+00    +0.000000000000000e+00    -1.089415585495161e+06    -9.801619747914238e-03    -1.541623881098682e-02    +5.638580974840923e-01    +9.426204181190846e-01
+0.000000000000000e+00    +0.000000000000000e+00    -1.090211360210644e+06    -9.805779144841228e-03    -1.542273882452662e-02    +5.638516186516220e-01    +9.425904261939444e-01
+0.000000000000000e+00    +0.000000000000000e+00    -1.091007134926126e+06    -9.809942127480995e-03    -1.542924444186589e-02    +5.638451313949621e-01    +9.425604034448267e-01
+0.000000000000000e+00    +0.000000000000000e+00    -1.091802909641608e+06    -9.814108686314636e-03    -1.543575564835760e-02    +5.638386357215197e-01    +9.425303499269828e-01
+0.000000000000000e+00    +0.000000000000000e+00    -1.092598684357090e+06    -9.818278829199820e-03    -1.544227245637745e-02    +5.638321316116039e-01    +9.425002655705463e-01
+0.000000000000000e+00    +0.000000000000000e+00    -1.093394459072573e+06    -9.822452563981982e-03    -1.544879487834876e-02    +5.638256190455186e-01    +9.424701503055789e-01
+0.000000000000000e+00    +0.000000000000000e+00    -1.094190233788055e+06    -9.826629884479826e-03    -1.545532290477596e-02    +5.638190980254417e-01    +9.424400041633251e-01
+0.000000000000000e+00    +0.000000000000000e+00    -1.094986008503537e+06    -9.830810805365778e-03    -1.546185655869890e-02    +5.638125685209813e-01    +9.424098270246036e-01
+0.000000000000000e+00    +0.000000000000000e+00    -1.095781783219019e+06    -9.834995325242624e-03    -1.546839583812631e-02    +5.638060305268167e-01    +9.423796188860336e-01
+0.000000000000000e+00    +0.000000000000000e+00    -1.096577557934502e+06    -9.839183457379745e-03    -1.547494076392582e-02    +5.637994840146905e-01    +9.423493796384239e-01
+0.000000000000000e+00    +0.000000000000000e+00    -1.097373332649984e+06    -9.843375194207981e-03    -1.548149132445793e-02    +5.637929289888994e-01    +9.423191093229084e-01
+0.000000000000000e+00    +0.000000000000000e+00    -1.098169107365466e+06    -9.847570552134992e-03    -1.548804754547200e-02    +5.637863654162287e-01    +9.422888078075883e-01
+0.000000000000000e+00    +0.000000000000000e+00    -1.098964882080948e+06    -9.851769529769959e-03    -1.549460942499810e-02    +5.637797932912824e-01    +9.422584750889000e-01
+0.000000000000000e+00    +0.000000000000000e+00    -1.099760656796431e+06    -9.855972147904579e-03    -1.550117699566264e-02    +5.637732125739132e-01    +9.422281110031054e-01
+0.000000000000000e+00    +0.000000000000000e+00    -1.100556431511912e+06    -9.860178379356366e-03    -1.550775021521050e-02    +5.637666232990866e-01    +9.421977157329094e-01
+0.000000000000000e+00    +0.000000000000000e+00    -1.101352206227395e+06    -9.864388265100771e-03    -1.551432914770872e-02    +5.637600253949802e-01    +9.421672889687986e-01
+0.000000000000000e+00    +0.000000000000000e+00    -1.102147980942877e+06    -9.868601777088913e-03    -1.552091374963100e-02    +5.637534188979176e-01    +9.421368308995957e-01
+0.000000000000000e+00    +0.000000000000000e+00    -1.102943755658358e+06    -9.872818945344310e-03    -1.552750406792719e-02    +5.637468037531620e-01    +9.421063412948081e-01
+0.000000000000000e+00    +0.000000000000000e+00    -1.103739530373842e+06    -9.877039755191988e-03    -1.553410007992981e-02    +5.637401799760619e-01    +9.420758202466453e-01
+0.000000000000000e+00    +0.000000000000000e+00    -1.104535305089324e+06    -9.881264231340153e-03    -1.554070182433720e-02    +5.637335475201438e-01    +9.420452675628159e-01
+0.000000000000000e+00    +0.000000000000000e+00    -1.105331079804806e+06    -9.885492369989373e-03    -1.554730929545878e-02    +5.637269063836536e-01    +9.420146832568598e-01
+0.000000000000000e+00    +0.000000000000000e+00    -1.106126854520288e+06    -9.889724165328276e-03    -1.555392248434512e-02    +5.637202565679978e-01    +9.419840673570675e-01
+0.000000000000000e+00    +0.000000000000000e+00    -1.106922629235770e+06    -9.893959636991700e-03    -1.556054142180448e-02    +5.637135980345762e-01    +9.419534197076153e-01
+0.000000000000000e+00    +0.000000000000000e+00    -1.107718403951252e+06    -9.898198774029076e-03    -1.556716609095405e-02    +5.637069307928502e-01    +9.419227403737676e-01
+0.000000000000000e+00    +0.000000000000000e+00    -1.108514178666735e+06    -9.902441603714627e-03    -1.557379653452093e-02    +5.637002547921370e-01    +9.418920291443271e-01
+0.000000000000000e+00    +0.000000000000000e+00    -1.109309953382217e+06    -9.906688122575171e-03    -1.558043274734194e-02    +5.636935700300915e-01    +9.418612860303056e-01
+0.000000000000000e+00    +0.000000000000000e+00    -1.110105728097699e+06    -9.910938320435049e-03    -1.558707471365321e-02    +5.636868765149236e-01    +9.418305110914617e-01
+0.000000000000000e+00    +0.000000000000000e+00    -1.110901502813181e+06    -9.915192212067794e-03    -1.559372245665204e-02    +5.636801742155421e-01    +9.417997042069389e-01
+0.000000000000000e+00    +0.000000000000000e+00    -1.111697277528664e+06    -9.919449818617547e-03    -1.560037600959702e-02    +5.636734630907712e-01    +9.417688652094740e-01
+0.000000000000000e+00    +0.000000000000000e+00    -1.112493052244145e+06    -9.923711123589201e-03    -1.560703534695513e-02    +5.636667431587388e-01    +9.417379942043401e-01
+0.000000000000000e+00    +0.000000000000000e+00    -1.113288826959629e+06    -9.927976144765168e-03    -1.561370049660185e-02    +5.636600143835115e-01    +9.417070910487532e-01
+0.000000000000000e+00    +0.000000000000000e+00    -1.114084601675110e+06    -9.932244873369179e-03    -1.562037144505483e-02    +5.636532767710359e-01    +9.416761557920713e-01
+0.000000000000000e+00    +0.000000000000000e+00    -1.114880376390593e+06    -9.936517336931785e-03    -1.562704823545743e-02    +5.636465302699266e-01    +9.416451882206902e-01
+0.000000000000000e+00    +0.000000000000000e+00    -1.115676151106075e+06    -9.940793516681692e-03    -1.563373083875224e-02    +5.636397749018831e-01    +9.416141884562861e-01
+0.000000000000000e+00    +0.000000000000000e+00    -1.116471925821557e+06    -9.945073430260441e-03    -1.564041928258755e-02    +5.636330106310780e-01    +9.415831563569023e-01
+0.000000000000000e+00    +0.000000000000000e+00    -1.117267700537039e+06    -9.949357075613213e-03    -1.564711356398929e-02    +5.636262374527855e-01    +9.415520919230702e-01
+0.000000000000000e+00    +0.000000000000000e+00    -1.118063475252522e+06    -9.953644470149712e-03    -1.565381371031721e-02    +5.636194553314763e-01    +9.415209950142666e-01
+0.000000000000000e+00    +0.000000000000000e+00    -1.118859249968004e+06    -9.957935604337083e-03    -1.566051970691306e-02    +5.636126642742175e-01    +9.414898656851934e-01
+0.000000000000000e+00    +0.000000000000000e+00    -1.119655024683486e+06    -9.962230479133938e-03    -1.566723155539688e-02    +5.636058642714746e-01    +9.414587039146516e-01
+0.000000000000000e+00    +0.000000000000000e+00    -1.120450799398968e+06    -9.966529123800767e-03    -1.567394930166428e-02    +5.635990552688634e-01    +9.414275094759480e-01
+0.000000000000000e+00    +0.000000000000000e+00    -1.121246574114450e+06    -9.970831536453992e-03    -1.568067294306712e-02    +5.635922372612860e-01    +9.413962823680886e-01
+0.000000000000000e+00    +0.000000000000000e+00    -1.122042348829933e+06    -9.975137710392610e-03    -1.568740246929260e-02    +5.635854102512692e-01    +9.413650226252723e-01
+0.000000000000000e+00    +0.000000000000000e+00    -1.122838123545416e+06    -9.979447652976300e-03    -1.569413789198015e-02    +5.635785742190454e-01    +9.413337301796558e-01
+0.000000000000000e+00    +0.000000000000000e+00    -1.123633898260897e+06    -9.983761377129953e-03    -1.570087923152997e-02    +5.635717291359885e-01    +9.413024049228248e-01
+0.000000000000000e+00    +0.000000000000000e+00    -1.124429672976379e+06    -9.988078888009958e-03    -1.570762649622857e-02    +5.635648749857650e-01    +9.412710468026717e-01
+0.000000000000000e+00    +0.000000000000000e+00    -1.125225447691862e+06    -9.992400179055316e-03    -1.571437967601742e-02    +5.635580117706321e-01    +9.412396558522291e-01
+0.000000000000000e+00    +0.000000000000000e+00    -1.126021222407343e+06    -9.996725266973473e-03    -1.572113879714849e-02    +5.635511394558730e-01    +9.412082319355644e-01
+0.000000000000000e+00    +0.000000000000000e+00    -1.126816997122826e+06    -1.000105414726817e-02    -1.572790385284457e-02    +5.635442580404368e-01    +9.411767750705679e-01
+0.000000000000000e+00    +0.000000000000000e+00    -1.127612771838308e+06    -1.000538683658083e-02    -1.573467486926590e-02    +5.635373674896483e-01    +9.411452851216525e-01
+0.000000000000000e+00    +0.000000000000000e+00    -1.128408546553790e+06    -1.000972332958341e-02    -1.574145183833790e-02    +5.635304678037443e-01    +9.411137621126902e-01
+0.000000000000000e+00    +0.000000000000000e+00    -1.129204321269272e+06    -1.001406363625147e-02    -1.574823477580192e-02    +5.635235589585987e-01    +9.410822059564543e-01
+0.000000000000000e+00    +0.000000000000000e+00    -1.130000095984755e+06    -1.001840777135147e-02    -1.575502370495829e-02    +5.635166409224217e-01    +9.410506165306960e-01
+0.000000000000000e+00    +0.000000000000000e+00    -1.130795870700237e+06    -1.002275572328635e-02    -1.576181860793087e-02    +5.635097137053877e-01    +9.410189939047984e-01
+0.000000000000000e+00    +0.000000000000000e+00    -1.131591645415719e+06    -1.002710750239994e-02    -1.576861950101052e-02    +5.635027772827077e-01    +9.409873379887702e-01
+0.000000000000000e+00    +0.000000000000000e+00    -1.132387420131201e+06    -1.003146311358735e-02    -1.577542639207615e-02    +5.634958316382530e-01    +9.409556487320315e-01
+0.000000000000000e+00    +0.000000000000000e+00    -1.133183194846684e+06    -1.003582257585972e-02    -1.578223931104291e-02    +5.634888767333461e-01    +9.409239259812764e-01
+0.000000000000000e+00    +0.000000000000000e+00    -1.133978969562166e+06    -1.004018587136009e-02    -1.578905823027729e-02    +5.634819125881092e-01    +9.408921698513254e-01
+0.000000000000000e+00    +0.000000000000000e+00    -1.134774744277649e+06    -1.004455302667658e-02    -1.579588319143034e-02    +5.634749391517104e-01    +9.408603801338061e-01
+0.000000000000000e+00    +0.000000000000000e+00    -1.135570518993130e+06    -1.004892404027466e-02    -1.580271419241572e-02    +5.634679564181838e-01    +9.408285568246134e-01
+0.000000000000000e+00    +0.000000000000000e+00    -1.136366293708613e+06    -1.005329890254744e-02    -1.580955121839928e-02    +5.634609643944558e-01    +9.407966999786411e-01
+0.000000000000000e+00    +0.000000000000000e+00    -1.137162068424095e+06    -1.005767764788526e-02    -1.581639432326719e-02    +5.634539630171047e-01    +9.407648093304164e-01
+0.000000000000000e+00    +0.000000000000000e+00    -1.137957843139577e+06    -1.006206025385010e-02    -1.582324347230792e-02    +5.634469523135420e-01    +9.407328850279223e-01
+0.000000000000000e+00    +0.000000000000000e+00    -1.138753617855059e+06    -1.006644673741068e-02    -1.583009869212164e-02    +5.634399322481389e-01    +9.407009269325621e-01
+0.000000000000000e+00    +0.000000000000000e+00    -1.139549392570541e+06    -1.007083710222521e-02    -1.583695998869840e-02    +5.634329028065372e-01    +9.406689350023240e-01
+0.000000000000000e+00    +0.000000000000000e+00    -1.140345167286024e+06    -1.007523135578252e-02    -1.584382737395180e-02    +5.634258639682189e-01    +9.406369091673480e-01
+0.000000000000000e+00    +0.000000000000000e+00    -1.141140942001506e+06    -1.007962950181027e-02    -1.585070085393739e-02    +5.634188157186663e-01    +9.406048493851074e-01
+0.000000000000000e+00    +0.000000000000000e+00    -1.141936716716988e+06    -1.008403156135951e-02    -1.585758046176683e-02    +5.634117580155610e-01    +9.405727554867608e-01
+0.000000000000000e+00    +0.000000000000000e+00    -1.142732491432470e+06    -1.008843750265625e-02    -1.586446614808347e-02    +5.634046909012718e-01    +9.405406276884316e-01
+0.000000000000000e+00    +0.000000000000000e+00    -1.143528266147953e+06    -1.009284736576220e-02    -1.587135797553510e-02    +5.633976143029326e-01    +9.405084656828619e-01
+0.000000000000000e+00    +0.000000000000000e+00    -1.144324040863434e+06    -1.009726113530147e-02    -1.587825592048933e-02    +5.633905282365964e-01    +9.404762695664100e-01
+0.000000000000000e+00    +0.000000000000000e+00    -1.145119815578917e+06    -1.010167884159251e-02    -1.588516003045088e-02    +5.633834326449272e-01    +9.404440391025464e-01
+0.000000000000000e+00    +0.000000000000000e+00    -1.145915590294399e+06    -1.010610046567494e-02    -1.589207027614096e-02    +5.633763275497096e-01    +9.404117744138139e-01
+0.000000000000000e+00    +0.000000000000000e+00    -1.146711365009881e+06    -1.011052601029270e-02    -1.589898666195414e-02    +5.633692129378605e-01    +9.403794754648238e-01
+0.000000000000000e+00    +0.000000000000000e+00    -1.147507139725363e+06    -1.011495550867748e-02    -1.590590924004183e-02    +5.633620887472406e-01    +9.403471419974119e-01
+0.000000000000000e+00    +0.000000000000000e+00    -1.148302914440846e+06    -1.011938893129810e-02    -1.591283796462501e-02    +5.633549550166279e-01    +9.403147742112336e-01
+0.000000000000000e+00    +0.000000000000000e+00    -1.149098689156328e+06    -1.012382632255839e-02    -1.591977290515394e-02    +5.633478116658114e-01    +9.402823717666735e-01
+0.000000000000000e+00    +0.000000000000000e+00    -1.149894463871810e+06    -1.012826764970851e-02    -1.592671401088021e-02    +5.633406587387521e-01    +9.402499348867857e-01
+0.000000000000000e+00    +0.000000000000000e+00    -1.150690238587292e+06    -1.013271294764161e-02    -1.593366133637542e-02    +5.633334961704572e-01    +9.402174633012705e-01
+0.000000000000000e+00    +0.000000000000000e+00    -1.151486013302775e+06    -1.013716219567718e-02    -1.594061484970831e-02    +5.633263239854518e-01    +9.401849571451162e-01
+0.000000000000000e+00    +0.000000000000000e+00    -1.152281788018257e+06    -1.014161542778830e-02    -1.594757460407633e-02    +5.633191421201318e-01    +9.401524161544680e-01
+0.000000000000000e+00    +0.000000000000000e+00    -1.153077562733739e+06    -1.014607262527506e-02    -1.595454057064287e-02    +5.633119505958099e-01    +9.401198404498107e-01
+0.000000000000000e+00    +0.000000000000000e+00    -1.153873337449221e+06    -1.015053380948458e-02    -1.596151278288533e-02    +5.633047493691675e-01    +9.400872298593959e-01
+0.000000000000000e+00    +0.000000000000000e+00    -1.154669112164704e+06    -1.015499898574605e-02    -1.596849124945846e-02    +5.632975384227035e-01    +9.400545843281234e-01
+0.000000000000000e+00    +0.000000000000000e+00    -1.155464886880185e+06    -1.015946814285614e-02    -1.597547595309677e-02    +5.632903177656036e-01    +9.400219039218886e-01
+0.000000000000000e+00    +0.000000000000000e+00    -1.156260661595668e+06    -1.016394130666892e-02    -1.598246693436363e-02    +5.632830873471588e-01    +9.399891884357209e-01
+0.000000000000000e+00    +0.000000000000000e+00    -1.157056436311150e+06    -1.016841845538288e-02    -1.598946415954133e-02    +5.632758471936717e-01    +9.399564380128079e-01
+0.000000000000000e+00    +0.000000000000000e+00    -1.157852211026633e+06    -1.017289963002490e-02    -1.599646769285202e-02    +5.632685972298124e-01    +9.399236523371371e-01
+0.000000000000000e+00    +0.000000000000000e+00    -1.158647985742115e+06    -1.017738482228422e-02    -1.600347752174731e-02    +5.632613374600197e-01    +9.398908314529794e-01
+0.000000000000000e+00    +0.000000000000000e+00    -1.159443760457597e+06    -1.018187402801774e-02    -1.601049363992974e-02    +5.632540678819813e-01    +9.398579753745586e-01
+0.000000000000000e+00    +0.000000000000000e+00    -1.160239535173079e+06    -1.018636725095238e-02    -1.601751605342450e-02    +5.632467884806353e-01    +9.398250840584521e-01
+0.000000000000000e+00    +0.000000000000000e+00    -1.161035309888562e+06    -1.019086452219805e-02    -1.602454481109688e-02    +5.632394991965115e-01    +9.397921572606290e-01
+0.000000000000000e+00    +0.000000000000000e+00    -1.161831084604044e+06    -1.019536582280397e-02    -1.603157988372431e-02    +5.632322000512426e-01    +9.397591951032500e-01
+0.000000000000000e+00    +0.000000000000000e+00    -1.162626859319526e+06    -1.019987116619073e-02    -1.603862129240552e-02    +5.632248910139633e-01    +9.397261974718922e-01
+0.000000000000000e+00    +0.000000000000000e+00    -1.163422634035008e+06    -1.020438054970882e-02    -1.604566903330124e-02    +5.632175720798590e-01    +9.396931643694858e-01
+0.000000000000000e+00    +0.000000000000000e+00    -1.164218408750490e+06    -1.020889400262576e-02    -1.605272315236857e-02    +5.632102431922710e-01    +9.396600955652341e-01
+0.000000000000000e+00    +0.000000000000000e+00    -1.165014183465973e+06    -1.021341151065035e-02    -1.605978362766492e-02    +5.632029043652342e-01    +9.396269911471077e-01
+0.000000000000000e+00    +0.000000000000000e+00    -1.165809958181455e+06    -1.021793308253938e-02    -1.606685047302984e-02    +5.631955555753335e-01    +9.395938510345877e-01
+0.000000000000000e+00    +0.000000000000000e+00    -1.166605732896937e+06    -1.022245872209277e-02    -1.607392369468462e-02    +5.631881968071899e-01    +9.395606751832222e-01
+0.000000000000000e+00    +0.000000000000000e+00    -1.167401507612419e+06    -1.022698844003079e-02    -1.608100330964044e-02    +5.631808280341414e-01    +9.395274634978225e-01
+0.000000000000000e+00    +0.000000000000000e+00    -1.168197282327901e+06    -1.023152223294239e-02    -1.608808931286267e-02    +5.631734492524911e-01    +9.394942159867002e-01
+0.000000000000000e+00    +0.000000000000000e+00    -1.168993057043383e+06    -1.023606012885349e-02    -1.609518174837232e-02    +5.631660604073403e-01    +9.394609324277000e-01
+0.000000000000000e+00    +0.000000000000000e+00    -1.169788831758866e+06    -1.024060211706375e-02    -1.610228059984394e-02    +5.631586615068076e-01    +9.394276128823246e-01
+0.000000000000000e+00    +0.000000000000000e+00    -1.170584606474347e+06    -1.024514820744847e-02    -1.610938588289226e-02    +5.631512525254804e-01    +9.393942572614942e-01
+0.000000000000000e+00    +0.000000000000000e+00    -1.171380381189831e+06    -1.024969839129757e-02    -1.611649758420246e-02    +5.631438334682247e-01    +9.393608656122685e-01
+0.000000000000000e+00    +0.000000000000000e+00    -1.172176155905312e+06    -1.025425270835415e-02    -1.612361576608402e-02    +5.631364042608605e-01    +9.393274376262390e-01
+0.000000000000000e+00    +0.000000000000000e+00    -1.172971930620795e+06    -1.025881111681251e-02    -1.613074036367093e-02    +5.631289649622140e-01    +9.392939735930284e-01
+0.000000000000000e+00    +0.000000000000000e+00    -1.173767705336277e+06    -1.026337365861912e-02    -1.613787144252818e-02    +5.631215154944209e-01    +9.392604731882284e-01
+0.000000000000000e+00    +0.000000000000000e+00    -1.174563480051759e+06    -1.026794033755182e-02    -1.614500900905090e-02    +5.631140558418745e-01    +9.392269363667258e-01
+0.000000000000000e+00    +0.000000000000000e+00    -1.175359254767241e+06    -1.027251114535315e-02    -1.615215305060515e-02    +5.631065860086084e-01    +9.391933631721380e-01
+0.000000000000000e+00    +0.000000000000000e+00    -1.176155029482724e+06    -1.027708608385809e-02    -1.615930357026139e-02    +5.630991059821614e-01    +9.391597535740732e-01
+0.000000000000000e+00    +0.000000000000000e+00    -1.176950804198206e+06    -1.028166519168790e-02    -1.616646062864601e-02    +5.630916156898732e-01    +9.391261072716941e-01
+0.000000000000000e+00    +0.000000000000000e+00    -1.177746578913688e+06    -1.028624843506572e-02    -1.617362417344825e-02    +5.630841151774809e-01    +9.390924244956921e-01
+0.000000000000000e+00    +0.000000000000000e+00    -1.178542353629170e+06    -1.029083584620880e-02    -1.618079425507872e-02    +5.630766043827108e-01    +9.390587049924910e-01
+0.000000000000000e+00    +0.000000000000000e+00    -1.179338128344653e+06    -1.029542742186113e-02    -1.618797086889599e-02    +5.630690833013277e-01    +9.390249487684982e-01
+0.000000000000000e+00    +0.000000000000000e+00    -1.180133903060135e+06    -1.030002317499560e-02    -1.619515403541583e-02    +5.630615519024809e-01    +9.389911557111218e-01
+0.000000000000000e+00    +0.000000000000000e+00    -1.180929677775618e+06    -1.030462309776262e-02    -1.620234374270683e-02    +5.630540101894257e-01    +9.389573258606732e-01
+0.000000000000000e+00    +0.000000000000000e+00    -1.181725452491099e+06    -1.030922719665945e-02    -1.620954000113830e-02    +5.630464581418835e-01    +9.389234591521503e-01
+0.000000000000000e+00    +0.000000000000000e+00    -1.182521227206581e+06    -1.031383548584899e-02    -1.621674283314824e-02    +5.630388957269709e-01    +9.388895554639539e-01
+0.000000000000000e+00    +0.000000000000000e+00    -1.183317001922064e+06    -1.031844798278580e-02    -1.622395226636826e-02    +5.630313229063489e-01    +9.388556146500907e-01
+0.000000000000000e+00    +0.000000000000000e+00    -1.184112776637546e+06    -1.032306466145624e-02    -1.623116826051094e-02    +5.630237397130335e-01    +9.388216368843659e-01
+0.000000000000000e+00    +0.000000000000000e+00    -1.184908551353028e+06    -1.032768556344317e-02    -1.623839088067979e-02    +5.630161460689844e-01    +9.387876218435078e-01
+0.000000000000000e+00    +0.000000000000000e+00    -1.185704326068510e+06    -1.033231066550472e-02    -1.624562009107053e-02    +5.630085420026537e-01    +9.387535696806372e-01
+0.000000000000000e+00    +0.000000000000000e+00    -1.186500100783993e+06    -1.033693998086416e-02    -1.625285591247918e-02    +5.630009274825363e-01    +9.387194802810875e-01
+0.000000000000000e+00    +0.000000000000000e+00    -1.187295875499474e+06    -1.034157354950131e-02    -1.626009840774877e-02    +5.629933024330490e-01    +9.386853533326482e-01
+0.000000000000000e+00    +0.000000000000000e+00    -1.188091650214957e+06    -1.034621132394705e-02    -1.626734750320536e-02    +5.629856669224969e-01    +9.386511891668531e-01
+0.000000000000000e+00    +0.000000000000000e+00    -1.188887424930439e+06    -1.035085333066856e-02    -1.627460324019822e-02    +5.629780208974725e-01    +9.386169875715602e-01
+0.000000000000000e+00    +0.000000000000000e+00    -1.189683199645921e+06    -1.035549959237784e-02    -1.628186565466839e-02    +5.629703643106967e-01    +9.385827483613884e-01
+0.000000000000000e+00    +0.000000000000000e+00    -1.190478974361403e+06    -1.036015010629110e-02    -1.628913474268587e-02    +5.629626971568545e-01    +9.385484715387852e-01
+0.000000000000000e+00    +0.000000000000000e+00    -1.191274749076886e+06    -1.036480487780795e-02    -1.629641051295357e-02    +5.629550194171176e-01    +9.385141570461233e-01
+0.000000000000000e+00    +0.000000000000000e+00    -1.192070523792367e+06    -1.036946389578027e-02    -1.630369294836213e-02    +5.629473310999489e-01    +9.384798049476616e-01
+0.000000000000000e+00    +0.000000000000000e+00    -1.192866298507851e+06    -1.037412718712614e-02    -1.631098209119849e-02    +5.629396321509674e-01    +9.384454150271249e-01
+0.000000000000000e+00    +0.000000000000000e+00    -1.193662073223332e+06    -1.037879476428797e-02    -1.631827796136727e-02    +5.629319225396306e-01    +9.384109871744569e-01
+0.000000000000000e+00    +0.000000000000000e+00    -1.194457847938815e+06    -1.038346659469032e-02    -1.632558050831676e-02    +5.629242023097528e-01    +9.383765216118047e-01
+0.000000000000000e+00    +0.000000000000000e+00    -1.195253622654297e+06    -1.038814273982661e-02    -1.633288982824561e-02    +5.629164713496606e-01    +9.383420178677794e-01
+0.000000000000000e+00    +0.000000000000000e+00    -1.196049397369779e+06    -1.039282315543025e-02    -1.634020585264658e-02    +5.629087297224938e-01    +9.383074762502295e-01
+0.000000000000000e+00    +0.000000000000000e+00    -1.196845172085261e+06    -1.039750787621865e-02    -1.634752863579237e-02    +5.629009773607399e-01    +9.382728964852757e-01
+0.000000000000000e+00    +0.000000000000000e+00    -1.197640946800744e+06    -1.040219691008186e-02    -1.635485819053383e-02    +5.628932142412278e-01    +9.382382784960713e-01
+0.000000000000000e+00    +0.000000000000000e+00    -1.198436721516226e+06    -1.040689024208513e-02    -1.636219449387316e-02    +5.628854403785560e-01    +9.382036223745458e-01
+0.000000000000000e+00    +0.000000000000000e+00    -1.199232496231708e+06    -1.041158790063517e-02    -1.636953759041226e-02    +5.628776557155093e-01    +9.381689278928085e-01
+0.000000000000000e+00    +0.000000000000000e+00    -1.200028270947190e+06    -1.041628987218332e-02    -1.637688745945727e-02    +5.628698602643682e-01    +9.381341951322736e-01
+0.000000000000000e+00    +0.000000000000000e+00    -1.200824045662672e+06    -1.042099617271777e-02    -1.638424412621054e-02    +5.628620539884233e-01    +9.380994239566159e-01
+0.000000000000000e+00    +0.000000000000000e+00    -1.201619820378155e+06    -1.042570682358446e-02    -1.639160762444615e-02    +5.628542368420236e-01    +9.380646141894882e-01
+0.000000000000000e+00    +0.000000000000000e+00    -1.202415595093638e+06    -1.043042179871680e-02    -1.639897791386356e-02    +5.628464088581813e-01    +9.380297660048018e-01
+0.000000000000000e+00    +0.000000000000000e+00    -1.203211369809119e+06    -1.043514112538566e-02    -1.640635503722280e-02    +5.628385699813416e-01    +9.379948791827827e-01
+0.000000000000000e+00    +0.000000000000000e+00    -1.204007144524602e+06    -1.043986482172999e-02    -1.641373902336666e-02    +5.628307201710567e-01    +9.379599535704302e-01
+0.000000000000000e+00    +0.000000000000000e+00    -1.204802919240084e+06    -1.044459285553372e-02    -1.642112982236732e-02    +5.628228594705484e-01    +9.379249893871331e-01
+0.000000000000000e+00    +0.000000000000000e+00    -1.205598693955567e+06    -1.044932528299543e-02    -1.642852752216602e-02    +5.628149877760060e-01    +9.378899861989780e-01
+0.000000000000000e+00    +0.000000000000000e+00    -1.206394468671048e+06    -1.045406207145442e-02    -1.643593207240068e-02    +5.628071051313801e-01    +9.378549442281692e-01
+0.000000000000000e+00    +0.000000000000000e+00    -1.207190243386530e+06    -1.045880323609622e-02    -1.644334349690180e-02    +5.627992115009968e-01    +9.378198633439981e-01
+0.000000000000000e+00    +0.000000000000000e+00    -1.207986018102012e+06    -1.046354879367595e-02    -1.645076182227962e-02    +5.627913068465283e-01    +9.377847434035025e-01
+0.000000000000000e+00    +0.000000000000000e+00    -1.208781792817496e+06    -1.046829874793403e-02    -1.645818705481373e-02    +5.627833911512803e-01    +9.377495843599315e-01
+0.000000000000000e+00    +0.000000000000000e+00    -1.209577567532977e+06    -1.047305308380134e-02    -1.646561917129320e-02    +5.627754644298970e-01    +9.377143863059045e-01
+0.000000000000000e+00    +0.000000000000000e+00    -1.210373342248459e+06    -1.047781183690288e-02    -1.647305822762438e-02    +5.627675266124723e-01    +9.376791489589040e-01
+0.000000000000000e+00    +0.000000000000000e+00    -1.211169116963941e+06    -1.048257499752498e-02    -1.648050420919208e-02    +5.627595777046801e-01    +9.376438723714348e-01
+0.000000000000000e+00    +0.000000000000000e+00    -1.211964891679424e+06    -1.048734257869849e-02    -1.648795713662437e-02    +5.627516176742099e-01    +9.376085564280522e-01
+0.000000000000000e+00    +0.000000000000000e+00    -1.212760666394906e+06    -1.049211459217396e-02    -1.649541702870770e-02    +5.627436464908501e-01    +9.375732010224451e-01
+0.000000000000000e+00    +0.000000000000000e+00    -1.213556441110387e+06    -1.049689103987160e-02    -1.650288388885526e-02    +5.627356641407734e-01    +9.375378061210811e-01
+0.000000000000000e+00    +0.000000000000000e+00    -1.214352215825870e+06    -1.050167190803030e-02    -1.651035769589909e-02    +5.627276706363550e-01    +9.375023718067446e-01
+0.000000000000000e+00    +0.000000000000000e+00    -1.215147990541352e+06    -1.050645721478365e-02    -1.651783847842127e-02    +5.627196659366313e-01    +9.374668979259959e-01
+0.000000000000000e+00    +0.000000000000000e+00    -1.215943765256835e+06    -1.051124700323420e-02    -1.652532630426463e-02    +5.627116499587883e-01    +9.374313841397564e-01
+0.000000000000000e+00    +0.000000000000000e+00    -1.216739539972317e+06    -1.051604122649812e-02    -1.653282110078039e-02    +5.627036227705818e-01    +9.373958307757809e-01
+0.000000000000000e+00    +0.000000000000000e+00    -1.217535314687799e+06    -1.052083991719571e-02    -1.654032291896722e-02    +5.626955843066512e-01    +9.373602375733544e-01
+0.000000000000000e+00    +0.000000000000000e+00    -1.218331089403281e+06    -1.052564309198913e-02    -1.654783178544570e-02    +5.626875345283081e-01    +9.373246043890283e-01
+0.000000000000000e+00    +0.000000000000000e+00    -1.219126864118763e+06    -1.053045073232692e-02    -1.655534767167684e-02    +5.626794734558533e-01    +9.372889313407368e-01
+0.000000000000000e+00    +0.000000000000000e+00    -1.219922638834246e+06    -1.053526285891582e-02    -1.656287061024182e-02    +5.626714010437451e-01    +9.372532182555279e-01
+0.000000000000000e+00    +0.000000000000000e+00    -1.220718413549728e+06    -1.054007946436081e-02    -1.657040059007483e-02    +5.626633172935589e-01    +9.372174651684654e-01
+0.000000000000000e+00    +0.000000000000000e+00    -1.221514188265210e+06    -1.054490057455812e-02    -1.657793765195404e-02    +5.626552221509566e-01    +9.371816718677778e-01
+0.000000000000000e+00    +0.000000000000000e+00    -1.222309962980693e+06    -1.054972619137705e-02    -1.658548179934025e-02    +5.626471156018952e-01    +9.371458383195614e-01
+0.000000000000000e+00    +0.000000000000000e+00    -1.223105737696175e+06    -1.055455631333744e-02    -1.659303303028539e-02    +5.626389976379349e-01    +9.371099645150458e-01
+0.000000000000000e+00    +0.000000000000000e+00    -1.223901512411658e+06    -1.055939095962563e-02    -1.660059137512724e-02    +5.626308682158675e-01    +9.370740502919507e-01
+0.000000000000000e+00    +0.000000000000000e+00    -1.224697287127139e+06    -1.056423012170354e-02    -1.660815682101504e-02    +5.626227273390754e-01    +9.370380956936244e-01
+0.000000000000000e+00    +0.000000000000000e+00    -1.225493061842621e+06    -1.056907381376493e-02    -1.661572939043333e-02    +5.626145749726743e-01    +9.370021005948331e-01
+0.000000000000000e+00    +0.000000000000000e+00    -1.226288836558104e+06    -1.057392204985348e-02    -1.662330910580257e-02    +5.626064110819876e-01    +9.369660648710804e-01
+0.000000000000000e+00    +0.000000000000000e+00    -1.227084611273587e+06    -1.057877482446537e-02    -1.663089595898513e-02    +5.625982356652215e-01    +9.369299885430994e-01
+0.000000000000000e+00    +0.000000000000000e+00    -1.227880385989068e+06    -1.058363214850912e-02    -1.663848996735798e-02    +5.625900486929104e-01    +9.368938715098258e-01
+0.000000000000000e+00    +0.000000000000000e+00    -1.228676160704549e+06    -1.058849402446404e-02    -1.664609113524476e-02    +5.625818501497670e-01    +9.368577137326017e-01
+0.000000000000000e+00    +0.000000000000000e+00    -1.229471935420033e+06    -1.059336047704568e-02    -1.665369950167262e-02    +5.625736399829577e-01    +9.368215150074191e-01
+0.000000000000000e+00    +0.000000000000000e+00    -1.230267710135515e+06    -1.059823149333715e-02    -1.666131504700457e-02    +5.625654182031041e-01    +9.367852754098344e-01
+0.000000000000000e+00    +0.000000000000000e+00    -1.231063484850997e+06    -1.060310708728141e-02    -1.666893779331367e-02    +5.625571847754705e-01    +9.367489948160324e-01
+0.000000000000000e+00    +0.000000000000000e+00    -1.231859259566479e+06    -1.060798727826319e-02    -1.667656777138712e-02    +5.625489396560813e-01    +9.367126730612543e-01
+0.000000000000000e+00    +0.000000000000000e+00    -1.232655034281961e+06    -1.061287203609690e-02    -1.668420493455659e-02    +5.625406828847007e-01    +9.366763103495821e-01
+0.000000000000000e+00    +0.000000000000000e+00    -1.233450808997444e+06    -1.061776140777901e-02    -1.669184935644485e-02    +5.625324143705964e-01    +9.366399063111519e-01
+0.000000000000000e+00    +0.000000000000000e+00    -1.234246583712926e+06    -1.062265537159137e-02    -1.669950100383917e-02    +5.625241341392019e-01    +9.366034610865993e-01
+0.000000000000000e+00    +0.000000000000000e+00    -1.235042358428408e+06    -1.062755396333656e-02    -1.670715993293076e-02    +5.625158421185825e-01    +9.365669743890517e-01
+0.000000000000000e+00    +0.000000000000000e+00    -1.235838133143890e+06    -1.063245716403404e-02    -1.671482611470724e-02    +5.625075383295067e-01    +9.365304463388393e-01
+0.000000000000000e+00    +0.000000000000000e+00    -1.236633907859372e+06    -1.063736499249107e-02    -1.672249957881297e-02    +5.624992227287227e-01    +9.364938767754829e-01
+0.000000000000000e+00    +0.000000000000000e+00    -1.237429682574854e+06    -1.064227745328082e-02    -1.673018033293418e-02    +5.624908952970604e-01    +9.364572656439796e-01
+0.000000000000000e+00    +0.000000000000000e+00    -1.238225457290337e+06    -1.064719454677817e-02    -1.673786837808453e-02    +5.624825560224382e-01    +9.364206129207571e-01
+0.000000000000000e+00    +0.000000000000000e+00    -1.239021232005820e+06    -1.065211628505161e-02    -1.674556373352945e-02    +5.624742048729127e-01    +9.363839184950803e-01
+0.000000000000000e+00    +0.000000000000000e+00    -1.239817006721301e+06    -1.065704269244060e-02    -1.675326643781582e-02    +5.624658417956598e-01    +9.363471821644558e-01
+0.000000000000000e+00    +0.000000000000000e+00    -1.240612781436783e+06    -1.066197374901859e-02    -1.676097646037987e-02    +5.624574668129709e-01    +9.363104040562517e-01
+0.000000000000000e+00    +0.000000000000000e+00    -1.241408556152266e+06    -1.066690946262844e-02    -1.676869381372572e-02    +5.624490798999698e-01    +9.362735840913277e-01
+0.000000000000000e+00    +0.000000000000000e+00    -1.242204330867748e+06    -1.067184986389128e-02    -1.677641854619567e-02    +5.624406809930230e-01    +9.362367220201381e-01
+0.000000000000000e+00    +0.000000000000000e+00    -1.243000105583230e+06    -1.067679494013290e-02    -1.678415063862392e-02    +5.624322701020555e-01    +9.361998179157727e-01
+0.000000000000000e+00    +0.000000000000000e+00    -1.243795880298712e+06    -1.068174470247490e-02    -1.679189010870518e-02    +5.624238471964959e-01    +9.361628716743028e-01
+0.000000000000000e+00    +0.000000000000000e+00    -1.244591655014195e+06    -1.068669917060868e-02    -1.679963698772786e-02    +5.624154122311433e-01    +9.361258831274121e-01
+0.000000000000000e+00    +0.000000000000000e+00    -1.245387429729678e+06    -1.069165833464487e-02    -1.680739126080110e-02    +5.624069652111233e-01    +9.360888523274355e-01
+0.000000000000000e+00    +0.000000000000000e+00    -1.246183204445159e+06    -1.069662220619303e-02    -1.681515294641124e-02    +5.623985061049196e-01    +9.360517791665517e-01
+0.000000000000000e+00    +0.000000000000000e+00    -1.246978979160640e+06    -1.070159079399789e-02    -1.682292205874262e-02    +5.623900348858623e-01    +9.360146635579631e-01
+0.000000000000000e+00    +0.000000000000000e+00    -1.247774753876124e+06    -1.070656410388133e-02    -1.683069860738888e-02    +5.623815515322271e-01    +9.359775054366747e-01
+0.000000000000000e+00    +0.000000000000000e+00    -1.248570528591606e+06    -1.071154214002848e-02    -1.683848259936295e-02    +5.623730560250509e-01    +9.359403047499041e-01
+0.000000000000000e+00    +0.000000000000000e+00    -1.249366303307088e+06    -1.071652491559121e-02    -1.684627405568755e-02    +5.623645483300290e-01    +9.359030613778134e-01
+0.000000000000000e+00    +0.000000000000000e+00    -1.250162078022570e+06    -1.072151244200606e-02    -1.685407299478046e-02    +5.623560284157387e-01    +9.358657752131662e-01
+0.000000000000000e+00    +0.000000000000000e+00    -1.250957852738052e+06    -1.072650471293359e-02    -1.686187940725280e-02    +5.623474962810929e-01    +9.358284462815863e-01
+0.000000000000000e+00    +0.000000000000000e+00    -1.251753627453535e+06    -1.073150175276283e-02    -1.686969333161870e-02    +5.623389518724485e-01    +9.357910743791173e-01
+0.000000000000000e+00    +0.000000000000000e+00    -1.252549402169017e+06    -1.073650355822295e-02    -1.687751476340161e-02    +5.623303951834170e-01    +9.357536595081366e-01
+0.000000000000000e+00    +0.000000000000000e+00    -1.253345176884499e+06    -1.074151011279048e-02    -1.688534367717138e-02    +5.623218262302798e-01    +9.357162017705566e-01
+0.000000000000000e+00    +0.000000000000000e+00    -1.254140951599982e+06    -1.074652147772405e-02    -1.689318016901627e-02    +5.623132448961293e-01    +9.356787006864306e-01
+0.000000000000000e+00    +0.000000000000000e+00    -1.254936726315463e+06    -1.075153762506272e-02    -1.690102419617379e-02    +5.623046512167748e-01    +9.356411564421921e-01
+0.000000000000000e+00    +0.000000000000000e+00    -1.255732501030946e+06    -1.075655855573776e-02    -1.690887576030564e-02    +5.622960451785226e-01    +9.356035690093386e-01
+0.000000000000000e+00    +0.000000000000000e+00    -1.256528275746427e+06    -1.076158428102820e-02    -1.691673487950128e-02    +5.622874267499275e-01    +9.355659382814467e-01
+0.000000000000000e+00    +0.000000000000000e+00    -1.257324050461910e+06    -1.076661483982882e-02    -1.692460161512670e-02    +5.622787958521107e-01    +9.355282639450213e-01
+0.000000000000000e+00    +0.000000000000000e+00    -1.258119825177392e+06    -1.077165020226564e-02    -1.693247592125200e-02    +5.622701525241388e-01    +9.354905462010872e-01
+0.000000000000000e+00    +0.000000000000000e+00    -1.258915599892875e+06    -1.077669039060800e-02    -1.694035783289634e-02    +5.622614967155564e-01    +9.354527848610910e-01
+0.000000000000000e+00    +0.000000000000000e+00    -1.259711374608357e+06    -1.078173540210362e-02    -1.694824734640339e-02    +5.622528284188510e-01    +9.354149799231020e-01
+0.000000000000000e+00    +0.000000000000000e+00    -1.260507149323839e+06    -1.078678527741950e-02    -1.695614452580228e-02    +5.622441475518374e-01    +9.353771310600772e-01
+0.000000000000000e+00    +0.000000000000000e+00    -1.261302924039321e+06    -1.079183996946695e-02    -1.696404929827131e-02    +5.622354541831708e-01    +9.353392386020074e-01
+0.000000000000000e+00    +0.000000000000000e+00    -1.262098698754804e+06    -1.079689953919527e-02    -1.697196175917428e-02    +5.622267481956543e-01    +9.353013020702485e-01
+0.000000000000000e+00    +0.000000000000000e+00    -1.262894473470286e+06    -1.080196395046459e-02    -1.697988185299599e-02    +5.622180296391193e-01    +9.352633217124026e-01
+0.000000000000000e+00    +0.000000000000000e+00    -1.263690248185769e+06    -1.080703325009238e-02    -1.698780965310122e-02    +5.622092984205315e-01    +9.352252971553412e-01
+0.000000000000000e+00    +0.000000000000000e+00    -1.264486022901250e+06    -1.081210740465366e-02    -1.699574510810345e-02    +5.622005545850431e-01    +9.351872286265006e-01
+0.000000000000000e+00    +0.000000000000000e+00    -1.265281797616733e+06    -1.081718644466438e-02    -1.700368826590133e-02    +5.621917980675950e-01    +9.351491158748014e-01
+0.000000000000000e+00    +0.000000000000000e+00    -1.266077572332215e+06    -1.082227039578200e-02    -1.701163916736839e-02    +5.621830288114311e-01    +9.351109586844913e-01
+0.000000000000000e+00    +0.000000000000000e+00    -1.266873347047698e+06    -1.082735922130603e-02    -1.701959775581824e-02    +5.621742468673353e-01    +9.350727573078693e-01
+0.000000000000000e+00    +0.000000000000000e+00    -1.267669121763179e+06    -1.083245297079910e-02    -1.702756410891335e-02    +5.621654521371861e-01    +9.350345113505789e-01
+0.000000000000000e+00    +0.000000000000000e+00    -1.268464896478661e+06    -1.083755162554626e-02    -1.703553819831633e-02    +5.621566446407072e-01    +9.349962209294781e-01
+0.000000000000000e+00    +0.000000000000000e+00    -1.269260671194144e+06    -1.084265519342258e-02    -1.704352003666047e-02    +5.621478243516663e-01    +9.349578859627711e-01
+0.000000000000000e+00    +0.000000000000000e+00    -1.270056445909627e+06    -1.084776370120443e-02    -1.705150966638300e-02    +5.621389912111158e-01    +9.349195062261747e-01
+0.000000000000000e+00    +0.000000000000000e+00    -1.270852220625108e+06    -1.085287714075018e-02    -1.705950707548764e-02    +5.621301452204377e-01    +9.348810817573501e-01
+0.000000000000000e+00    +0.000000000000000e+00    -1.271647995340589e+06    -1.085799552176211e-02    -1.706751227956885e-02    +5.621212863501159e-01    +9.348426124603736e-01
+0.000000000000000e+00    +0.000000000000000e+00    -1.272443770056073e+06    -1.086311886326260e-02    -1.707552530896417e-02    +5.621124145544550e-01    +9.348040981688992e-01
+0.000000000000000e+00    +0.000000000000000e+00    -1.273239544771555e+06    -1.086824714704937e-02    -1.708354613588111e-02    +5.621035298521949e-01    +9.347655389962133e-01
+0.000000000000000e+00    +0.000000000000000e+00    -1.274035319487037e+06    -1.087338041303379e-02    -1.709157482307602e-02    +5.620946321613466e-01    +9.347269346191645e-01
+0.000000000000000e+00    +0.000000000000000e+00    -1.274831094202519e+06    -1.087851864601626e-02    -1.709961134765321e-02    +5.620857214954031e-01    +9.346882851280334e-01
+0.000000000000000e+00    +0.000000000000000e+00    -1.275626868918001e+06    -1.088366185018276e-02    -1.710765571652676e-02    +5.620767978342184e-01    +9.346495904681410e-01
+0.000000000000000e+00    +0.000000000000000e+00    -1.276422643633484e+06    -1.088881005600853e-02    -1.711570797791153e-02    +5.620678611119855e-01    +9.346108503866142e-01
+0.000000000000000e+00    +0.000000000000000e+00    -1.277218418348966e+06    -1.089396325200890e-02    -1.712376811464563e-02    +5.620589113356869e-01    +9.345720649458067e-01
+0.000000000000000e+00    +0.000000000000000e+00    -1.278014193064448e+06    -1.089912146149378e-02    -1.713183616359712e-02    +5.620499484518316e-01    +9.345332339467963e-01
+0.000000000000000e+00    +0.000000000000000e+00    -1.278809967779931e+06    -1.090428468925348e-02    -1.713991213299960e-02    +5.620409724390598e-01    +9.344943573294121e-01
+0.000000000000000e+00    +0.000000000000000e+00    -1.279605742495412e+06    -1.090945291311313e-02    -1.714799598873775e-02    +5.620319833228832e-01    +9.344554352368063e-01
+0.000000000000000e+00    +0.000000000000000e+00    -1.280401517210894e+06    -1.091462617845085e-02    -1.715608780210212e-02    +5.620229810112737e-01    +9.344164673037616e-01
+0.000000000000000e+00    +0.000000000000000e+00    -1.281197291926377e+06    -1.091980448951197e-02    -1.716418758069595e-02    +5.620139654837111e-01    +9.343774534736303e-01
+0.000000000000000e+00    +0.000000000000000e+00    -1.281993066641860e+06    -1.092498781683562e-02    -1.717229527901121e-02    +5.620049367783460e-01    +9.343383939443733e-01
+0.000000000000000e+00    +0.000000000000000e+00    -1.282788841357341e+06    -1.093017621970588e-02    -1.718041099002791e-02    +5.619958947786959e-01    +9.342992882456838e-01
+0.000000000000000e+00    +0.000000000000000e+00    -1.283584616072823e+06    -1.093536967361692e-02    -1.718853467652587e-02    +5.619868395142521e-01    +9.342601365371909e-01
+0.000000000000000e+00    +0.000000000000000e+00    -1.284380390788306e+06    -1.094056819660727e-02    -1.719666636702430e-02    +5.619777709402857e-01    +9.342209386591448e-01
+0.000000000000000e+00    +0.000000000000000e+00    -1.285176165503789e+06    -1.094577178166032e-02    -1.720480605126649e-02    +5.619686890557595e-01    +9.341816946399570e-01
+0.000000000000000e+00    +0.000000000000000e+00    -1.285971940219271e+06    -1.095098046201242e-02    -1.721295378171903e-02    +5.619595937893233e-01    +9.341424042047858e-01
+0.000000000000000e+00    +0.000000000000000e+00    -1.286767714934752e+06    -1.095619423843878e-02    -1.722110956047090e-02    +5.619504851262508e-01    +9.341030673228465e-01
+0.000000000000000e+00    +0.000000000000000e+00    -1.287563489650235e+06    -1.096141311157244e-02    -1.722927338907367e-02    +5.619413630520256e-01    +9.340636839649141e-01
+0.000000000000000e+00    +0.000000000000000e+00    -1.288359264365718e+06    -1.096663708472234e-02    -1.723744527326544e-02    +5.619322275474343e-01    +9.340242540815318e-01
+0.000000000000000e+00    +0.000000000000000e+00    -1.289155039081199e+06    -1.097186617820589e-02    -1.724562524541950e-02    +5.619230785634730e-01    +9.339847774947332e-01
+0.000000000000000e+00    +0.000000000000000e+00    -1.289950813796680e+06    -1.097710038156781e-02    -1.725381328994481e-02    +5.619139161049456e-01    +9.339452542585075e-01
+0.000000000000000e+00    +0.000000000000000e+00    -1.290746588512164e+06    -1.098233972301310e-02    -1.726200945142296e-02    +5.619047401089329e-01    +9.339056841353695e-01
+0.000000000000000e+00    +0.000000000000000e+00    -1.291542363227646e+06    -1.098758419626484e-02    -1.727021372088552e-02    +5.618955505728641e-01    +9.338660671474991e-01
+0.000000000000000e+00    +0.000000000000000e+00    -1.292338137943128e+06    -1.099283383129468e-02    -1.727842614572703e-02    +5.618863474305907e-01    +9.338264030437454e-01
+0.000000000000000e+00    +0.000000000000000e+00    -1.293133912658610e+06    -1.099808861869360e-02    -1.728664671210638e-02    +5.618771306849589e-01    +9.337866918697779e-01
+0.000000000000000e+00    +0.000000000000000e+00    -1.293929687374092e+06    -1.100334855310041e-02    -1.729487541211922e-02    +5.618679003317015e-01    +9.337469336413436e-01
+0.000000000000000e+00    +0.000000000000000e+00    -1.294725462089575e+06    -1.100861367178198e-02    -1.730311230459073e-02    +5.618586562916964e-01    +9.337071280518164e-01
+0.000000000000000e+00    +0.000000000000000e+00    -1.295521236805057e+06    -1.101388395663406e-02    -1.731135736216313e-02    +5.618493985829947e-01    +9.336672752123456e-01
+0.000000000000000e+00    +0.000000000000000e+00    -1.296317011520539e+06    -1.101915943766064e-02    -1.731961063217708e-02    +5.618401271390897e-01    +9.336273748711911e-01
+0.000000000000000e+00    +0.000000000000000e+00    -1.297112786236022e+06    -1.102444012297316e-02    -1.732787212822180e-02    +5.618308419318913e-01    +9.335874269412187e-01
+0.000000000000000e+00    +0.000000000000000e+00    -1.297908560951503e+06    -1.102972600043815e-02    -1.733614183199372e-02    +5.618215429688764e-01    +9.335474314887782e-01
+0.000000000000000e+00    +0.000000000000000e+00    -1.298704335666986e+06    -1.103501708987712e-02    -1.734441977497399e-02    +5.618122302012766e-01    +9.335073883387446e-01
+0.000000000000000e+00    +0.000000000000000e+00    -1.299500110382468e+06    -1.104031339442544e-02    -1.735270596287355e-02    +5.618029036096525e-01    +9.334672974416183e-01
+0.000000000000000e+00    +0.000000000000000e+00    -1.300295885097950e+06    -1.104561492639472e-02    -1.736100041559014e-02    +5.617935631583562e-01    +9.334271586786497e-01
+0.000000000000000e+00    +0.000000000000000e+00    -1.301091659813432e+06    -1.105092169425017e-02    -1.736930314710341e-02    +5.617842088184712e-01    +9.333869719599560e-01
+0.000000000000000e+00    +0.000000000000000e+00    -1.301887434528915e+06    -1.105623372316075e-02    -1.737761419749102e-02    +5.617748405315662e-01    +9.333467370691010e-01
+0.000000000000000e+00    +0.000000000000000e+00    -1.302683209244397e+06    -1.106155100549112e-02    -1.738593355568766e-02    +5.617654582970176e-01    +9.333064540377177e-01
+0.000000000000000e+00    +0.000000000000000e+00    -1.303478983959879e+06    -1.106687352843618e-02    -1.739426120219582e-02    +5.617560621233159e-01    +9.332661229371969e-01
+0.000000000000000e+00    +0.000000000000000e+00    -1.304274758675361e+06    -1.107220132915507e-02    -1.740259719563719e-02    +5.617466519307069e-01    +9.332257434603508e-01
+0.000000000000000e+00    +0.000000000000000e+00    -1.305070533390844e+06    -1.107753440616318e-02    -1.741094153470873e-02    +5.617372277076331e-01    +9.331853155918318e-01
+0.000000000000000e+00    +0.000000000000000e+00    -1.305866308106326e+06    -1.108287276875596e-02    -1.741929423456640e-02    +5.617277894234349e-01    +9.331448392351974e-01
+0.000000000000000e+00    +0.000000000000000e+00    -1.306662082821809e+06    -1.108821641279662e-02    -1.742765528946772e-02    +5.617183370711791e-01    +9.331043143956010e-01
+0.000000000000000e+00    +0.000000000000000e+00    -1.307457857537290e+06    -1.109356538528122e-02    -1.743602477353497e-02    +5.617088705534033e-01    +9.330637406905279e-01
+0.000000000000000e+00    +0.000000000000000e+00    -1.308253632252772e+06    -1.109891964867504e-02    -1.744440262918562e-02    +5.616993899222174e-01    +9.330231183776242e-01
+0.000000000000000e+00    +0.000000000000000e+00    -1.309049406968255e+06    -1.110427923562203e-02    -1.745278890773142e-02    +5.616898951054280e-01    +9.329824471836302e-01
+0.000000000000000e+00    +0.000000000000000e+00    -1.309845181683738e+06    -1.110964415488927e-02    -1.746118362388999e-02    +5.616803860730920e-01    +9.329417270150475e-01
+0.000000000000000e+00    +0.000000000000000e+00    -1.310640956399219e+06    -1.111501442055176e-02    -1.746958680043029e-02    +5.616708627857906e-01    +9.329009577384150e-01
+0.000000000000000e+00    +0.000000000000000e+00    -1.311436731114701e+06    -1.112039000415438e-02    -1.747799839363431e-02    +5.616613252795182e-01    +9.328601395430262e-01
+0.000000000000000e+00    +0.000000000000000e+00    -1.312232505830183e+06    -1.112577096793068e-02    -1.748641850122414e-02    +5.616517734292980e-01    +9.328192719302506e-01
+0.000000000000000e+00    +0.000000000000000e+00    -1.313028280545667e+06    -1.113115728264157e-02    -1.749484707879437e-02    +5.616422072724837e-01    +9.327783550943334e-01
+0.000000000000000e+00    +0.000000000000000e+00    -1.313824055261148e+06    -1.113654897315839e-02    -1.750328416560340e-02    +5.616326267502754e-01    +9.327373888201487e-01
+0.000000000000000e+00    +0.000000000000000e+00    -1.314619829976629e+06    -1.114194602980303e-02    -1.751172974744966e-02    +5.616230318652445e-01    +9.326963731539859e-01
+0.000000000000000e+00    +0.000000000000000e+00    -1.315415604692112e+06    -1.114734848818137e-02    -1.752018388061223e-02    +5.616134225393904e-01    +9.326553077985443e-01
+0.000000000000000e+00    +0.000000000000000e+00    -1.316211379407595e+06    -1.115275632242117e-02    -1.752864652567785e-02    +5.616037988040364e-01    +9.326141929228902e-01
+0.000000000000000e+00    +0.000000000000000e+00    -1.317007154123077e+06    -1.115816958263626e-02    -1.753711776145480e-02    +5.615941605552093e-01    +9.325730281194570e-01
+0.000000000000000e+00    +0.000000000000000e+00    -1.317802928838559e+06    -1.116358825931789e-02    -1.754559757431064e-02    +5.615845077950364e-01    +9.325318134324638e-01
+0.000000000000000e+00    +0.000000000000000e+00    -1.318598703554041e+06    -1.116901233608509e-02    -1.755408593918954e-02    +5.615748405378702e-01    +9.324905489595424e-01
+0.000000000000000e+00    +0.000000000000000e+00    -1.319394478269523e+06    -1.117444186422458e-02    -1.756258293685293e-02    +5.615651586774018e-01    +9.324492342835674e-01
+0.000000000000000e+00    +0.000000000000000e+00    -1.320190252985006e+06    -1.117987681676267e-02    -1.757108852636635e-02    +5.615554622468358e-01    +9.324078695814869e-01
+0.000000000000000e+00    +0.000000000000000e+00    -1.320986027700488e+06    -1.118531721887702e-02    -1.757960274752018e-02    +5.615457511862844e-01    +9.323664546348025e-01
+0.000000000000000e+00    +0.000000000000000e+00    -1.321781802415970e+06    -1.119076310108535e-02    -1.758812564906341e-02    +5.615360254262517e-01    +9.323249891831800e-01
+0.000000000000000e+00    +0.000000000000000e+00    -1.322577577131452e+06    -1.119621441812223e-02    -1.759665716121335e-02    +5.615262850325669e-01    +9.322834735431548e-01
+0.000000000000000e+00    +0.000000000000000e+00    -1.323373351846935e+06    -1.120167121926041e-02    -1.760519736126671e-02    +5.615165299020937e-01    +9.322419073127415e-01
+0.000000000000000e+00    +0.000000000000000e+00    -1.324169126562417e+06    -1.120713350703587e-02    -1.761374625447528e-02    +5.615067600151916e-01    +9.322002904439409e-01
+0.000000000000000e+00    +0.000000000000000e+00    -1.324964901277900e+06    -1.121260129266789e-02    -1.762230385914505e-02    +5.614969753366178e-01    +9.321586228234084e-01
+0.000000000000000e+00    +0.000000000000000e+00    -1.325760675993382e+06    -1.121807457192609e-02    -1.763087016950702e-02    +5.614871758587453e-01    +9.321169044552962e-01
+0.000000000000000e+00    +0.000000000000000e+00    -1.326556450708863e+06    -1.122355335778229e-02    -1.763944520653733e-02    +5.614773615431108e-01    +9.320751352128842e-01
+0.000000000000000e+00    +0.000000000000000e+00    -1.327352225424346e+06    -1.122903766849350e-02    -1.764802899969082e-02    +5.614675323417252e-01    +9.320333149286967e-01
+0.000000000000000e+00    +0.000000000000000e+00    -1.328148000139829e+06    -1.123452751301505e-02    -1.765662156393214e-02    +5.614576882232074e-01    +9.319914435059552e-01
+0.000000000000000e+00    +0.000000000000000e+00    -1.328943774855310e+06    -1.124002287635593e-02    -1.766522287664095e-02    +5.614478291990896e-01    +9.319495210306628e-01
+0.000000000000000e+00    +0.000000000000000e+00    -1.329739549570791e+06    -1.124552379796043e-02    -1.767383300011555e-02    +5.614379551831877e-01    +9.319075471739456e-01
+0.000000000000000e+00    +0.000000000000000e+00    -1.330535324286275e+06    -1.125103027626062e-02    -1.768245193311728e-02    +5.614280661628729e-01    +9.318655219186159e-01
+0.000000000000000e+00    +0.000000000000000e+00    -1.331331099001758e+06    -1.125654230100380e-02    -1.769107966032890e-02    +5.614181621410828e-01    +9.318234453145622e-01
+0.000000000000000e+00    +0.000000000000000e+00    -1.332126873717239e+06    -1.126205992549393e-02    -1.769971626581234e-02    +5.614082430064784e-01    +9.317813169265512e-01
+0.000000000000000e+00    +0.000000000000000e+00    -1.332922648432721e+06    -1.126758310237962e-02    -1.770836167685107e-02    +5.613983088286537e-01    +9.317391370864903e-01
+0.000000000000000e+00    +0.000000000000000e+00    -1.333718423148203e+06    -1.127311189572879e-02    -1.771701599391683e-02    +5.613883594767171e-01    +9.316969052773749e-01
+0.000000000000000e+00    +0.000000000000000e+00    -1.334514197863686e+06    -1.127864628092108e-02    -1.772567918001526e-02    +5.613783949793392e-01    +9.316546216572049e-01
+0.000000000000000e+00    +0.000000000000000e+00    -1.335309972579168e+06    -1.128418626436046e-02    -1.773435124564062e-02    +5.613684153092910e-01    +9.316122861487572e-01
+0.000000000000000e+00    +0.000000000000000e+00    -1.336105747294650e+06    -1.128973186700049e-02    -1.774303222444292e-02    +5.613584204130948e-01    +9.315698985628896e-01
+0.000000000000000e+00    +0.000000000000000e+00    -1.336901522010132e+06    -1.129528310791718e-02    -1.775172214731798e-02    +5.613484102405805e-01    +9.315274587243538e-01
+0.000000000000000e+00    +0.000000000000000e+00    -1.337697296725615e+06    -1.130083998912928e-02    -1.776042101844472e-02    +5.613383847722708e-01    +9.314849665882196e-01
+0.000000000000000e+00    +0.000000000000000e+00    -1.338493071441097e+06    -1.130640250117588e-02    -1.776912882382531e-02    +5.613283440093764e-01    +9.314424221976563e-01
+0.000000000000000e+00    +0.000000000000000e+00    -1.339288846156579e+06    -1.131197066553146e-02    -1.777784559774872e-02    +5.613182878972285e-01    +9.313998253594094e-01
+0.000000000000000e+00    +0.000000000000000e+00    -1.340084620872062e+06    -1.131754451177907e-02    -1.778657138758767e-02    +5.613082163664347e-01    +9.313571758173691e-01
+0.000000000000000e+00    +0.000000000000000e+00    -1.340880395587543e+06    -1.132312402258374e-02    -1.779530616737579e-02    +5.612981294323280e-01    +9.313144736741449e-01
+0.000000000000000e+00    +0.000000000000000e+00    -1.341676170303025e+06    -1.132870921276553e-02    -1.780404996090079e-02    +5.612880270520679e-01    +9.312717187872033e-01
+0.000000000000000e+00    +0.000000000000000e+00    -1.342471945018508e+06    -1.133430009487311e-02    -1.781280278880189e-02    +5.612779091868814e-01    +9.312289110306107e-01
+0.000000000000000e+00    +0.000000000000000e+00    -1.343267719733990e+06    -1.133989666611655e-02    -1.782156464768240e-02    +5.612677758257081e-01    +9.311860503958410e-01
+0.000000000000000e+00    +0.000000000000000e+00    -1.344063494449473e+06    -1.134549897120656e-02    -1.783033560832125e-02    +5.612576268713957e-01    +9.311431365107685e-01
+0.000000000000000e+00    +0.000000000000000e+00    -1.344859269164955e+06    -1.135110697872815e-02    -1.783911562292758e-02    +5.612474623646632e-01    +9.311001695852629e-01
+0.000000000000000e+00    +0.000000000000000e+00    -1.345655043880437e+06    -1.135672072160758e-02    -1.784790474347672e-02    +5.612372822295525e-01    +9.310571493378191e-01
+0.000000000000000e+00    +0.000000000000000e+00    -1.346450818595920e+06    -1.136234022017501e-02    -1.785670300305070e-02    +5.612270864128792e-01    +9.310140755818936e-01
+0.000000000000000e+00    +0.000000000000000e+00    -1.347246593311401e+06    -1.136796544632006e-02    -1.786551035873745e-02    +5.612168749493156e-01    +9.309709485024514e-01
+0.000000000000000e+00    +0.000000000000000e+00    -1.348042368026883e+06    -1.137359945052919e-02    -1.787440473835969e-02    +5.612066477426324e-01    +9.309276262190508e-01
+0.000000000000000e+00    +0.000000000000000e+00    -1.348838142742366e+06    -1.137923621924796e-02    -1.788323075127124e-02    +5.611964048024275e-01    +9.308843912058397e-01
+0.000000000000000e+00    +0.000000000000000e+00    -1.349633917457849e+06    -1.138487876490395e-02    -1.789206594674732e-02    +5.611861460773088e-01    +9.308411023899006e-01
+0.000000000000000e+00    +0.000000000000000e+00    -1.350429692173330e+06    -1.139052709665174e-02    -1.790091033505218e-02    +5.611758715333151e-01    +9.307977596778197e-01
+0.000000000000000e+00    +0.000000000000000e+00    -1.351225466888812e+06    -1.139618122405024e-02    -1.790976393232190e-02    +5.611655811364997e-01    +9.307543629652234e-01
+0.000000000000000e+00    +0.000000000000000e+00    -1.352021241604295e+06    -1.140184115667345e-02    -1.791862675452717e-02    +5.611552748528204e-01    +9.307109121478345e-01
+0.000000000000000e+00    +0.000000000000000e+00    -1.352817016319777e+06    -1.140750690410920e-02    -1.792749881744360e-02    +5.611449526481401e-01    +9.306674071215277e-01
+0.000000000000000e+00    +0.000000000000000e+00    -1.353612791035259e+06    -1.141317847596921e-02    -1.793638013690583e-02    +5.611346144882244e-01    +9.306238477818612e-01
+0.000000000000000e+00    +0.000000000000000e+00    -1.354408565750741e+06    -1.141885588193043e-02    -1.794527072985132e-02    +5.611242603387346e-01    +9.305802340221676e-01
+0.000000000000000e+00    +0.000000000000000e+00    -1.355204340466224e+06    -1.142453913164166e-02    -1.795417061195179e-02    +5.611138901652428e-01    +9.305365657378865e-01
+0.000000000000000e+00    +0.000000000000000e+00    -1.356000115181706e+06    -1.143022823478290e-02    -1.796307979911560e-02    +5.611035039332219e-01    +9.304928428238163e-01
+0.000000000000000e+00    +0.000000000000000e+00    -1.356795889897188e+06    -1.143592320108807e-02    -1.797199830806327e-02    +5.610931016080412e-01    +9.304490651730571e-01
+0.000000000000000e+00    +0.000000000000000e+00    -1.357591664612670e+06    -1.144162404029514e-02    -1.798092615506028e-02    +5.610826831549739e-01    +9.304052326793324e-01
+0.000000000000000e+00    +0.000000000000000e+00    -1.358387439328152e+06    -1.144733076215139e-02    -1.798986335604760e-02    +5.610722485391972e-01    +9.303613452367470e-01
+0.000000000000000e+00    +0.000000000000000e+00    -1.359183214043634e+06    -1.145304337645702e-02    -1.799880992774806e-02    +5.610617977257835e-01    +9.303174027377621e-01
+0.000000000000000e+00    +0.000000000000000e+00    -1.359978988759117e+06    -1.145876189301746e-02    -1.800776588645359e-02    +5.610513306797080e-01    +9.302734050754148e-01
+0.000000000000000e+00    +0.000000000000000e+00    -1.360774763474599e+06    -1.146448632166780e-02    -1.801673124864341e-02    +5.610408473658458e-01    +9.302293521421853e-01
+0.000000000000000e+00    +0.000000000000000e+00    -1.361570538190081e+06    -1.147021667226870e-02    -1.802570603087602e-02    +5.610303477489695e-01    +9.301852438301935e-01
+0.000000000000000e+00    +0.000000000000000e+00    -1.362366312905563e+06    -1.147595295470494e-02    -1.803469024975545e-02    +5.610198317937521e-01    +9.301410800312606e-01
+0.000000000000000e+00    +0.000000000000000e+00    -1.363162087621046e+06    -1.148169517887611e-02    -1.804368392168792e-02    +5.610092994647662e-01    +9.300968606373540e-01
+0.000000000000000e+00    +0.000000000000000e+00    -1.363957862336528e+06    -1.148744335471644e-02    -1.805268706338636e-02    +5.609987507264808e-01    +9.300525855396617e-01
+0.000000000000000e+00    +0.000000000000000e+00    -1.364753637052011e+06    -1.149319749217499e-02    -1.806169969136425e-02    +5.609881855432648e-01    +9.300082546295195e-01
+0.000000000000000e+00    +0.000000000000000e+00    -1.365549411767492e+06    -1.149895760124412e-02    -1.807072182265868e-02    +5.609776038793802e-01    +9.299638677970856e-01
+0.000000000000000e+00    +0.000000000000000e+00    -1.366345186482975e+06    -1.150472369192720e-02    -1.807975347400360e-02    +5.609670056989903e-01    +9.299194249328541e-01
+0.000000000000000e+00    +0.000000000000000e+00    -1.367140961198457e+06    -1.151049577423879e-02    -1.808879466183772e-02    +5.609563909661556e-01    +9.298749259276387e-01
+0.000000000000000e+00    +0.000000000000000e+00    -1.367936735913940e+06    -1.151627385826162e-02    -1.809784540374808e-02    +5.609457596448270e-01    +9.298303706699296e-01
+0.000000000000000e+00    +0.000000000000000e+00    -1.368732510629422e+06    -1.152205795403170e-02    -1.810690571554792e-02    +5.609351116988619e-01    +9.297857590512442e-01
+0.000000000000000e+00    +0.000000000000000e+00    -1.369528285344904e+06    -1.152784807170595e-02    -1.811597561553476e-02    +5.609244470919985e-01    +9.297410909583264e-01
+0.000000000000000e+00    +0.000000000000000e+00    -1.370324060060386e+06    -1.153364422136881e-02    -1.812505511957539e-02    +5.609137657878863e-01    +9.296963662821489e-01
+0.000000000000000e+00    +0.000000000000000e+00    -1.371119834775869e+06    -1.153944641319689e-02    -1.813414424528561e-02    +5.609030677500577e-01    +9.296515849102568e-01
+0.000000000000000e+00    +0.000000000000000e+00    -1.371915609491350e+06    -1.154525465736226e-02    -1.814324300957298e-02    +5.608923529419452e-01    +9.296067467312673e-01
+0.000000000000000e+00    +0.000000000000000e+00    -1.372711384206831e+06    -1.155106896407964e-02    -1.815235142983176e-02    +5.608816213268718e-01    +9.295618516326803e-01
+0.000000000000000e+00    +0.000000000000000e+00    -1.373507158922314e+06    -1.155688934355634e-02    -1.816146952267271e-02    +5.608708728680594e-01    +9.295168995032034e-01
+0.000000000000000e+00    +0.000000000000000e+00    -1.374302933637798e+06    -1.156271580606654e-02    -1.817059730580051e-02    +5.608601075286176e-01    +9.294718902293139e-01
+0.000000000000000e+00    +0.000000000000000e+00    -1.375098708353279e+06    -1.156854836188777e-02    -1.817973479640928e-02    +5.608493252715510e-01    +9.294268236981947e-01
+0.000000000000000e+00    +0.000000000000000e+00    -1.375894483068761e+06    -1.157438702132134e-02    -1.818888201168883e-02    +5.608385260597578e-01    +9.293816997968084e-01
+0.000000000000000e+00    +0.000000000000000e+00    -1.376690257784243e+06    -1.158023179471483e-02    -1.819803896939873e-02    +5.608277098560241e-01    +9.293365184108436e-01
+0.000000000000000e+00    +0.000000000000000e+00    -1.377486032499726e+06    -1.158608269241077e-02    -1.820720568656441e-02    +5.608168766230336e-01    +9.292912794271024e-01
+0.000000000000000e+00    +0.000000000000000e+00    -1.378281807215208e+06    -1.159193972480299e-02    -1.821638218090172e-02    +5.608060263233562e-01    +9.292459827308899e-01
+0.000000000000000e+00    +0.000000000000000e+00    -1.379077581930690e+06    -1.159780290227786e-02    -1.822556846932680e-02    +5.607951589194585e-01    +9.292006282087443e-01
+0.000000000000000e+00    +0.000000000000000e+00    -1.379873356646173e+06    -1.160367223529767e-02    -1.823476457006908e-02    +5.607842743736893e-01    +9.291552157445647e-01
+0.000000000000000e+00    +0.000000000000000e+00    -1.380669131361654e+06    -1.160954773431540e-02    -1.824397050050552e-02    +5.607733726482934e-01    +9.291097452235771e-01
+0.000000000000000e+00    +0.000000000000000e+00    -1.381464906077137e+06    -1.161542940982179e-02    -1.825318627835141e-02    +5.607624537054028e-01    +9.290642165301517e-01
+0.000000000000000e+00    +0.000000000000000e+00    -1.382260680792619e+06    -1.162131727233142e-02    -1.826241192131037e-02    +5.607515175070394e-01    +9.290186295484459e-01
+0.000000000000000e+00    +0.000000000000000e+00    -1.383056455508101e+06    -1.162721133237002e-02    -1.827164744674344e-02    +5.607405640151166e-01    +9.289729841630054e-01
+0.000000000000000e+00    +0.000000000000000e+00    -1.383852230223583e+06    -1.163311160054546e-02    -1.828089287347353e-02    +5.607295931914253e-01    +9.289272802554612e-01
+0.000000000000000e+00    +0.000000000000000e+00    -1.384648004939066e+06    -1.163901808741472e-02    -1.829014821840545e-02    +5.607186049976599e-01    +9.288815177107199e-01
+0.000000000000000e+00    +0.000000000000000e+00    -1.385443779654548e+06    -1.164493080360589e-02    -1.829941349961961e-02    +5.607075993953933e-01    +9.288356964112938e-01
+0.000000000000000e+00    +0.000000000000000e+00    -1.386239554370031e+06    -1.165084975976419e-02    -1.830868873499987e-02    +5.606965763460868e-01    +9.287898162398148e-01
+0.000000000000000e+00    +0.000000000000000e+00    -1.387035329085512e+06    -1.165677496659121e-02    -1.831797394322742e-02    +5.606855358110836e-01    +9.287438770772142e-01
+0.000000000000000e+00    +0.000000000000000e+00    -1.387831103800995e+06    -1.166270643475177e-02    -1.832726914141572e-02    +5.606744777516253e-01    +9.286978788070510e-01
+0.000000000000000e+00    +0.000000000000000e+00    -1.388626878516477e+06    -1.166864417500291e-02    -1.833657434838022e-02    +5.606634021288254e-01    +9.286518213095242e-01
+0.000000000000000e+00    +0.000000000000000e+00    -1.389422653231960e+06    -1.167458819807166e-02    -1.834588958153548e-02    +5.606523089036956e-01    +9.286057044671544e-01
+0.000000000000000e+00    +0.000000000000000e+00    -1.390218427947441e+06    -1.168053851477898e-02    -1.835521486003709e-02    +5.606411980371180e-01    +9.285595281590283e-01
+0.000000000000000e+00    +0.000000000000000e+00    -1.391014202662923e+06    -1.168649513591321e-02    -1.836455020156870e-02    +5.606300694898722e-01    +9.285132922666826e-01
+0.000000000000000e+00    +0.000000000000000e+00    -1.391809977378406e+06    -1.169245807230146e-02    -1.837389562415260e-02    +5.606189232226182e-01    +9.284669966707877e-01
+0.000000000000000e+00    +0.000000000000000e+00    -1.392605752093889e+06    -1.169842733483349e-02    -1.838325114675005e-02    +5.606077591958949e-01    +9.284206412500445e-01
+0.000000000000000e+00    +0.000000000000000e+00    -1.393401526809370e+06    -1.170440293438980e-02    -1.839261678743832e-02    +5.605965773701291e-01    +9.283742258845264e-01
+0.000000000000000e+00    +0.000000000000000e+00    -1.394197301524852e+06    -1.171038488189617e-02    -1.840199256478850e-02    +5.605853777056281e-01    +9.283277504531510e-01
+0.000000000000000e+00    +0.000000000000000e+00    -1.394993076240335e+06    -1.171637318828559e-02    -1.841137849690028e-02    +5.605741601625857e-01    +9.282812148354497e-01
+0.000000000000000e+00    +0.000000000000000e+00    -1.395788850955817e+06    -1.172236786457448e-02    -1.842077460333121e-02    +5.605629247010661e-01    +9.282346189080307e-01
+0.000000000000000e+00    +0.000000000000000e+00    -1.396584625671299e+06    -1.172836892173372e-02    -1.843018090182382e-02    +5.605516712810296e-01    +9.281879625505762e-01
+0.000000000000000e+00    +0.000000000000000e+00    -1.397380400386781e+06    -1.173437637078909e-02    -1.843959741085376e-02    +5.605403998623117e-01    +9.281412456411708e-01
+0.000000000000000e+00    +0.000000000000000e+00    -1.398176175102263e+06    -1.174039022284031e-02    -1.844902415010200e-02    +5.605291104046203e-01    +9.280944680554369e-01
+0.000000000000000e+00    +0.000000000000000e+00    -1.398971949817746e+06    -1.174641048893311e-02    -1.845846113721854e-02    +5.605178028675586e-01    +9.280476296724626e-01
+0.000000000000000e+00    +0.000000000000000e+00    -1.399767724533228e+06    -1.175243718023043e-02    -1.846790839215183e-02    +5.605064772105925e-01    +9.280007303668680e-01
+0.000000000000000e+00    +0.000000000000000e+00    -1.400563499248710e+06    -1.175847030783593e-02    -1.847736593268171e-02    +5.604951333930833e-01    +9.279537700169903e-01
+0.000000000000000e+00    +0.000000000000000e+00    -1.401359273964192e+06    -1.176450988296154e-02    -1.848683377865232e-02    +5.604837713742565e-01    +9.279067484971251e-01
+0.000000000000000e+00    +0.000000000000000e+00    -1.402155048679675e+06    -1.177055591679332e-02    -1.849631194858144e-02    +5.604723911132259e-01    +9.278596656837392e-01
+0.000000000000000e+00    +0.000000000000000e+00    -1.402950823395157e+06    -1.177660842057087e-02    -1.850580046166201e-02    +5.604609925689772e-01    +9.278125214518025e-01
+0.000000000000000e+00    +0.000000000000000e+00    -1.403746598110639e+06    -1.178266740555101e-02    -1.851529933684488e-02    +5.604495757003769e-01    +9.277653156764669e-01
+0.000000000000000e+00    +0.000000000000000e+00    -1.404542372826122e+06    -1.178873288301655e-02    -1.852480859305660e-02    +5.604381404661690e-01    +9.277180482326675e-01
+0.000000000000000e+00    +0.000000000000000e+00    -1.405338147541604e+06    -1.179480486431645e-02    -1.853432825021101e-02    +5.604266868249649e-01    +9.276707189932656e-01
+0.000000000000000e+00    +0.000000000000000e+00    -1.406133922257086e+06    -1.180088336077948e-02    -1.854385832702734e-02    +5.604152147352635e-01    +9.276233278330490e-01
+0.000000000000000e+00    +0.000000000000000e+00    -1.406929696972568e+06    -1.180696838377649e-02    -1.855339884259750e-02    +5.604037241554346e-01    +9.275758746258561e-01
+0.000000000000000e+00    +0.000000000000000e+00    -1.407725471688050e+06    -1.181305994473942e-02    -1.856294981686984e-02    +5.603922150437179e-01    +9.275283592436904e-01
+0.000000000000000e+00    +0.000000000000000e+00    -1.408521246403533e+06    -1.181915805508781e-02    -1.857251126878168e-02    +5.603806873582354e-01    +9.274807815601407e-01
+0.000000000000000e+00    +0.000000000000000e+00    -1.409317021119015e+06    -1.182526272630584e-02    -1.858208321821203e-02    +5.603691410569756e-01    +9.274331414468013e-01
+0.000000000000000e+00    +0.000000000000000e+00    -1.410112795834497e+06    -1.183137396988314e-02    -1.859166568447856e-02    +5.603575760978056e-01    +9.273854387760271e-01
+0.000000000000000e+00    +0.000000000000000e+00    -1.410908570549980e+06    -1.183749179733616e-02    -1.860125868687256e-02    +5.603459924384659e-01    +9.273376734199503e-01
+0.000000000000000e+00    +0.000000000000000e+00    -1.411704345265462e+06    -1.184361622023359e-02    -1.861086224530615e-02    +5.603343900365650e-01    +9.272898452492941e-01
+0.000000000000000e+00    +0.000000000000000e+00    -1.412500119980943e+06    -1.184974725018510e-02    -1.862047638001954e-02    +5.603227688495809e-01    +9.272419541339082e-01
+0.000000000000000e+00    +0.000000000000000e+00    -1.413295894696426e+06    -1.185588489877662e-02    -1.863010110994509e-02    +5.603111288348732e-01    +9.271939999457657e-01
+0.000000000000000e+00    +0.000000000000000e+00    -1.414091669411909e+06    -1.186202917766099e-02    -1.863973645499394e-02    +5.602994699496670e-01    +9.271459825547709e-01
+0.000000000000000e+00    +0.000000000000000e+00    -1.414887444127390e+06    -1.186818009852662e-02    -1.864938243526366e-02    +5.602877921510544e-01    +9.270979018302121e-01
+0.000000000000000e+00    +0.000000000000000e+00    -1.415683218842872e+06    -1.187433767308403e-02    -1.865903907069546e-02    +5.602760953960004e-01    +9.270497576413866e-01
+0.000000000000000e+00    +0.000000000000000e+00    -1.416478993558354e+06    -1.188050191308219e-02    -1.866870638147990e-02    +5.602643796413377e-01    +9.270015498568571e-01
+0.000000000000000e+00    +0.000000000000000e+00    -1.417274768273837e+06    -1.188667283027240e-02    -1.867838438714780e-02    +5.602526448437727e-01    +9.269532783461171e-01
+0.000000000000000e+00    +0.000000000000000e+00    -1.418070542989318e+06    -1.189285043645935e-02    -1.868807310785551e-02    +5.602408909598771e-01    +9.269049429772337e-01
+0.000000000000000e+00    +0.000000000000000e+00    -1.418866317704801e+06    -1.189903474349926e-02    -1.869777256433399e-02    +5.602291179460849e-01    +9.268565436169399e-01
+0.000000000000000e+00    +0.000000000000000e+00    -1.419662092420283e+06    -1.190522576323007e-02    -1.870748277612325e-02    +5.602173257587079e-01    +9.268080801338701e-01
+0.000000000000000e+00    +0.000000000000000e+00    -1.420457867135766e+06    -1.191142350756245e-02    -1.871720376386892e-02    +5.602055143539162e-01    +9.267595523943483e-01
+0.000000000000000e+00    +0.000000000000000e+00    -1.421253641851248e+06    -1.191762798841441e-02    -1.872693554766807e-02    +5.601936836877511e-01    +9.267109602654200e-01
+0.000000000000000e+00    +0.000000000000000e+00    -1.422049416566730e+06    -1.192383921774898e-02    -1.873667814801862e-02    +5.601818337161169e-01    +9.266623036131111e-01
+0.000000000000000e+00    +0.000000000000000e+00    -1.422845191282213e+06    -1.193005720755950e-02    -1.874643158544234e-02    +5.601699643947833e-01    +9.266135823031175e-01
+0.000000000000000e+00    +0.000000000000000e+00    -1.423640965997695e+06    -1.193628196987508e-02    -1.875619588062472e-02    +5.601580756793836e-01    +9.265647962005469e-01
+0.000000000000000e+00    +0.000000000000000e+00    -1.424436740713177e+06    -1.194251351673924e-02    -1.876597105386891e-02    +5.601461675254191e-01    +9.265159451709194e-01
+0.000000000000000e+00    +0.000000000000000e+00    -1.425232515428659e+06    -1.194875186022531e-02    -1.877575712548442e-02    +5.601342398882552e-01    +9.264670290794546e-01
+0.000000000000000e+00    +0.000000000000000e+00    -1.426028290144142e+06    -1.195499701247138e-02    -1.878555411666387e-02    +5.601222927231133e-01    +9.264180477894616e-01
+0.000000000000000e+00    +0.000000000000000e+00    -1.426824064859624e+06    -1.196124898563134e-02    -1.879536204824715e-02    +5.601103259850803e-01    +9.263690011646032e-01
+0.000000000000000e+00    +0.000000000000000e+00    -1.427619839575106e+06    -1.196750779185585e-02    -1.880518094023812e-02    +5.600983396291135e-01    +9.263198890697845e-01
+0.000000000000000e+00    +0.000000000000000e+00    -1.428415614290588e+06    -1.197377344340350e-02    -1.881501081460214e-02    +5.600863336100156e-01    +9.262707113660172e-01
+0.000000000000000e+00    +0.000000000000000e+00    -1.429211389006071e+06    -1.198004595249648e-02    -1.882485169162990e-02    +5.600743078824634e-01    +9.262214679170896e-01
+0.000000000000000e+00    +0.000000000000000e+00    -1.430007163721553e+06    -1.198632533141199e-02    -1.883470359223563e-02    +5.600622624009908e-01    +9.261721585853502e-01
+0.000000000000000e+00    +0.000000000000000e+00    -1.430802938437035e+06    -1.199261159247208e-02    -1.884456653769656e-02    +5.600501971199879e-01    +9.261227832321838e-01
+0.000000000000000e+00    +0.000000000000000e+00    -1.431598713152516e+06    -1.199890474802024e-02    -1.885444054906404e-02    +5.600381119937072e-01    +9.260733417190902e-01
+0.000000000000000e+00    +0.000000000000000e+00    -1.432394487868000e+06    -1.200520481045004e-02    -1.886432564787794e-02    +5.600260069762558e-01    +9.260238339063738e-01
+0.000000000000000e+00    +0.000000000000000e+00    -1.433190262583480e+06    -1.201151179214373e-02    -1.887422185462162e-02    +5.600138820216080e-01    +9.259742596559747e-01
+0.000000000000000e+00    +0.000000000000000e+00    -1.433986037298963e+06    -1.201782570558158e-02    -1.888412919146863e-02    +5.600017370835824e-01    +9.259246188264317e-01
+0.000000000000000e+00    +0.000000000000000e+00    -1.434781812014445e+06    -1.202414656320551e-02    -1.889404767885123e-02    +5.599895721158699e-01    +9.258749112791729e-01
+0.000000000000000e+00    +0.000000000000000e+00    -1.435577586729928e+06    -1.203047437756105e-02    -1.890397733902423e-02    +5.599773870720018e-01    +9.258251368719791e-01
+0.000000000000000e+00    +0.000000000000000e+00    -1.436373361445409e+06    -1.203680916118105e-02    -1.891391819314069e-02    +5.599651819053766e-01    +9.257752954643457e-01
+0.000000000000000e+00    +0.000000000000000e+00    -1.437169136160892e+06    -1.204315092663893e-02    -1.892387026258821e-02    +5.599529565692448e-01    +9.257253869150308e-01
+0.000000000000000e+00    +0.000000000000000e+00    -1.437964910876374e+06    -1.204949968656489e-02    -1.893383356939098e-02    +5.599407110167083e-01    +9.256754110813167e-01
+0.000000000000000e+00    +0.000000000000000e+00    -1.438760685591856e+06    -1.205585545358561e-02    -1.894380813469364e-02    +5.599284452007298e-01    +9.256253678217884e-01
+0.000000000000000e+00    +0.000000000000000e+00    -1.439556460307339e+06    -1.206221824040609e-02    -1.895379398081244e-02    +5.599161590741166e-01    +9.255752569925718e-01
+0.000000000000000e+00    +0.000000000000000e+00    -1.440352235022821e+06    -1.206858805972827e-02    -1.896379112919072e-02    +5.599038525895370e-01    +9.255250784510818e-01
+0.000000000000000e+00    +0.000000000000000e+00    -1.441148009738303e+06    -1.207496492432981e-02    -1.897379960237280e-02    +5.598915256995026e-01    +9.254748320524000e-01
+0.000000000000000e+00    +0.000000000000000e+00    -1.441943784453786e+06    -1.208134884695188e-02    -1.898381942118141e-02    +5.598791783563914e-01    +9.254245176544517e-01
+0.000000000000000e+00    +0.000000000000000e+00    -1.442739559169268e+06    -1.208773984045527e-02    -1.899385060863956e-02    +5.598668105124146e-01    +9.253741351108097e-01
+0.000000000000000e+00    +0.000000000000000e+00    -1.443535333884750e+06    -1.209413791766538e-02    -1.900389318606964e-02    +5.598544221196492e-01    +9.253236842778501e-01
+0.000000000000000e+00    +0.000000000000000e+00    -1.444331108600233e+06    -1.210054309148945e-02    -1.901394717603795e-02    +5.598420131300116e-01    +9.252731650093474e-01
+0.000000000000000e+00    +0.000000000000000e+00    -1.445126883315715e+06    -1.210695537485739e-02    -1.902401260086450e-02    +5.598295834952705e-01    +9.252225771592102e-01
+0.000000000000000e+00    +0.000000000000000e+00    -1.445922658031197e+06    -1.211337478072735e-02    -1.903408948275916e-02    +5.598171331670443e-01    +9.251719205812264e-01
+0.000000000000000e+00    +0.000000000000000e+00    -1.446718432746679e+06    -1.211980132209025e-02    -1.904417784393326e-02    +5.598046620968002e-01    +9.251211951288595e-01
+0.000000000000000e+00    +0.000000000000000e+00    -1.447514207462162e+06    -1.212623501195526e-02    -1.905427770623267e-02    +5.597921702358570e-01    +9.250704006559208e-01
+0.000000000000000e+00    +0.000000000000000e+00    -1.448309982177644e+06    -1.213267586344875e-02    -1.906438909361491e-02    +5.597796575353614e-01    +9.250195370120209e-01
+0.000000000000000e+00    +0.000000000000000e+00    -1.449105756893126e+06    -1.213912388962185e-02    -1.907451202732134e-02    +5.597671239463315e-01    +9.249686040514294e-01
+0.000000000000000e+00    +0.000000000000000e+00    -1.449901531608608e+06    -1.214557910362749e-02    -1.908464653031107e-02    +5.597545694196163e-01    +9.249176016249360e-01
+0.000000000000000e+00    +0.000000000000000e+00    -1.450697306324090e+06    -1.215204151864911e-02    -1.909479262547580e-02    +5.597419939059104e-01    +9.248665295831247e-01
+0.000000000000000e+00    +0.000000000000000e+00    -1.451493081039573e+06    -1.215851114790201e-02    -1.910495033566270e-02    +5.597293973557546e-01    +9.248153877763322e-01
+0.000000000000000e+00    +0.000000000000000e+00    -1.452288855755054e+06    -1.216498800461849e-02    -1.911511968330625e-02    +5.597167797195366e-01    +9.247641760553205e-01
+0.000000000000000e+00    +0.000000000000000e+00    -1.453084630470537e+06    -1.217147210210379e-02    -1.912530069181929e-02    +5.597041409474793e-01    +9.247128942687235e-01
+0.000000000000000e+00    +0.000000000000000e+00    -1.453880405186020e+06    -1.217796345364492e-02    -1.913549338331355e-02    +5.596914809896606e-01    +9.246615422672293e-01
+0.000000000000000e+00    +0.000000000000000e+00    -1.454676179901502e+06    -1.218446207263092e-02    -1.914569778160308e-02    +5.596787997959856e-01    +9.246101198980653e-01
+0.000000000000000e+00    +0.000000000000000e+00    -1.455471954616983e+06    -1.219096797244447e-02    -1.915591390948956e-02    +5.596660973162090e-01    +9.245586270099814e-01
+0.000000000000000e+00    +0.000000000000000e+00    -1.456267729332466e+06    -1.219748116654699e-02    -1.916614179088582e-02    +5.596533734999177e-01    +9.245070634493487e-01
+0.000000000000000e+00    +0.000000000000000e+00    -1.457063504047947e+06    -1.220400166834438e-02    -1.917638144745748e-02    +5.596406282965586e-01    +9.244554290663241e-01
+0.000000000000000e+00    +0.000000000000000e+00    -1.457859278763430e+06    -1.221052949139535e-02    -1.918663290382831e-02    +5.596278616553916e-01    +9.244037237052942e-01
+0.000000000000000e+00    +0.000000000000000e+00    -1.458655053478912e+06    -1.221706464922845e-02    -1.919689618300216e-02    +5.596150735255312e-01    +9.243519472132760e-01
+0.000000000000000e+00    +0.000000000000000e+00    -1.459450828194394e+06    -1.222360715542607e-02    -1.920717130845874e-02    +5.596022638559246e-01    +9.243000994360697e-01
+0.000000000000000e+00    +0.000000000000000e+00    -1.460246602909877e+06    -1.223015702361282e-02    -1.921745830385968e-02    +5.595894325953558e-01    +9.242481802187961e-01
+0.000000000000000e+00    +0.000000000000000e+00    -1.461042377625359e+06    -1.223671426740295e-02    -1.922775719173308e-02    +5.595765796924568e-01    +9.241961894083111e-01
+0.000000000000000e+00    +0.000000000000000e+00    -1.461838152340841e+06    -1.224327890058088e-02    -1.923806799798076e-02    +5.595637050956639e-01    +9.241441268449286e-01
+0.000000000000000e+00    +0.000000000000000e+00    -1.462633927056324e+06    -1.224985093681690e-02    -1.924839074476898e-02    +5.595508087532838e-01    +9.240919923754716e-01
+0.000000000000000e+00    +0.000000000000000e+00    -1.463429701771806e+06    -1.225643038989176e-02    -1.925872545613630e-02    +5.595378906134419e-01    +9.240397858429742e-01
+0.000000000000000e+00    +0.000000000000000e+00    -1.464225476487288e+06    -1.226301727360644e-02    -1.926907215574089e-02    +5.595249506240999e-01    +9.239875070908173e-01
+0.000000000000000e+00    +0.000000000000000e+00    -1.465021251202770e+06    -1.226961160183760e-02    -1.927943086823699e-02    +5.595119887330456e-01    +9.239351559601989e-01
+0.000000000000000e+00    +0.000000000000000e+00    -1.465817025918252e+06    -1.227621338845463e-02    -1.928980161720038e-02    +5.594990048879080e-01    +9.238827322939422e-01
+0.000000000000000e+00    +0.000000000000000e+00    -1.466612800633735e+06    -1.228282264738845e-02    -1.930018442684651e-02    +5.594859990361436e-01    +9.238302359333397e-01
+0.000000000000000e+00    +0.000000000000000e+00    -1.467408575349217e+06    -1.228943939260341e-02    -1.931057932131974e-02    +5.594729711250410e-01    +9.237776667194566e-01
+0.000000000000000e+00    +0.000000000000000e+00    -1.468204350064699e+06    -1.229606363814383e-02    -1.932098632585688e-02    +5.594599211017097e-01    +9.237250244909910e-01
+0.000000000000000e+00    +0.000000000000000e+00    -1.469000124780181e+06    -1.230269539799909e-02    -1.933140546341312e-02    +5.594468489131099e-01    +9.236723090904714e-01
+0.000000000000000e+00    +0.000000000000000e+00    -1.469795899495664e+06    -1.230933468626301e-02    -1.934183675863704e-02    +5.594337545060158e-01    +9.236195203569528e-01
+0.000000000000000e+00    +0.000000000000000e+00    -1.470591674211146e+06    -1.231598151709870e-02    -1.935228023699035e-02    +5.594206378270232e-01    +9.235666581276348e-01
+0.000000000000000e+00    +0.000000000000000e+00    -1.471387448926628e+06    -1.232263590462590e-02    -1.936273592193272e-02    +5.594074988225739e-01    +9.235137222430266e-01
+0.000000000000000e+00    +0.000000000000000e+00    -1.472183223642111e+06    -1.232929786307602e-02    -1.937320383878591e-02    +5.593943374389199e-01    +9.234607125398513e-01
+0.000000000000000e+00    +0.000000000000000e+00    -1.472978998357593e+06    -1.233596740669780e-02    -1.938368401237696e-02    +5.593811536221444e-01    +9.234076288553716e-01
+0.000000000000000e+00    +0.000000000000000e+00    -1.473774773073074e+06    -1.234264454975605e-02    -1.939417646700332e-02    +5.593679473181614e-01    +9.233544710274534e-01
+0.000000000000000e+00    +0.000000000000000e+00    -1.474570547788557e+06    -1.234932930660488e-02    -1.940468122825432e-02    +5.593547184726979e-01    +9.233012388912182e-01
+0.000000000000000e+00    +0.000000000000000e+00    -1.475366322504039e+06    -1.235602169158291e-02    -1.941519832039825e-02    +5.593414670313180e-01    +9.232479322838395e-01
+0.000000000000000e+00    +0.000000000000000e+00    -1.476162097219520e+06    -1.236272171909470e-02    -1.942572776840427e-02    +5.593281929394021e-01    +9.231945510408306e-01
+0.000000000000000e+00    +0.000000000000000e+00    -1.476957871935003e+06    -1.236942940363262e-02    -1.943626959848410e-02    +5.593148961421426e-01    +9.231410949950453e-01
+0.000000000000000e+00    +0.000000000000000e+00    -1.477753646650485e+06    -1.237614475963576e-02    -1.944682383457659e-02    +5.593015765845747e-01    +9.230875639831341e-01
+0.000000000000000e+00    +0.000000000000000e+00    -1.478549421365968e+06    -1.238286780167219e-02    -1.945739050287946e-02    +5.592882342115343e-01    +9.230339578372195e-01
+0.000000000000000e+00    +0.000000000000000e+00    -1.479345196081450e+06    -1.238959854430938e-02    -1.946796962862239e-02    +5.592748689676869e-01    +9.229802763908213e-01
+0.000000000000000e+00    +0.000000000000000e+00    -1.480140970796932e+06    -1.239633700213673e-02    -1.947856123661953e-02    +5.592614807975212e-01    +9.229265194778387e-01
+0.000000000000000e+00    +0.000000000000000e+00    -1.480936745512414e+06    -1.240308318983415e-02    -1.948916535297804e-02    +5.592480696453342e-01    +9.228726869294132e-01
+0.000000000000000e+00    +0.000000000000000e+00    -1.481732520227897e+06    -1.240983712209262e-02    -1.949978200311524e-02    +5.592346354552458e-01    +9.228187785775664e-01
+0.000000000000000e+00    +0.000000000000000e+00    -1.482528294943379e+06    -1.241659881364973e-02    -1.951041121263636e-02    +5.592211781711939e-01    +9.227647942535883e-01
+0.000000000000000e+00    +0.000000000000000e+00    -1.483324069658861e+06    -1.242336827932514e-02    -1.952105300821444e-02    +5.592076977369206e-01    +9.227107337864165e-01
+0.000000000000000e+00    +0.000000000000000e+00    -1.484119844374343e+06    -1.243014553389287e-02    -1.953170741441367e-02    +5.591941940960061e-01    +9.226565970084744e-01
+0.000000000000000e+00    +0.000000000000000e+00    -1.484915619089826e+06    -1.243693059223711e-02    -1.954237445755403e-02    +5.591806671918287e-01    +9.226023837485657e-01
+0.000000000000000e+00    +0.000000000000000e+00    -1.485711393805308e+06    -1.244372346932139e-02    -1.955305416494378e-02    +5.591671169675703e-01    +9.225480938332843e-01
+0.000000000000000e+00    +0.000000000000000e+00    -1.486507168520790e+06    -1.245052418001865e-02    -1.956374656065254e-02    +5.591535433662597e-01    +9.224937270947796e-01
+0.000000000000000e+00    +0.000000000000000e+00    -1.487302943236273e+06    -1.245733273937851e-02    -1.957445167214830e-02    +5.591399463307039e-01    +9.224392833585595e-01
+0.000000000000000e+00    +0.000000000000000e+00    -1.488098717951755e+06    -1.246414916242824e-02    -1.958516952534767e-02    +5.591263258035377e-01    +9.223847624525829e-01
+0.000000000000000e+00    +0.000000000000000e+00    -1.488894492667237e+06    -1.247097346424914e-02    -1.959590014650814e-02    +5.591126817272041e-01    +9.223301642037818e-01
+0.000000000000000e+00    +0.000000000000000e+00    -1.489690267382719e+06    -1.247780565998658e-02    -1.960664356247776e-02    +5.590990140439502e-01    +9.222754884376002e-01
+0.000000000000000e+00    +0.000000000000000e+00    -1.490486042098202e+06    -1.248464576478713e-02    -1.961739979912550e-02    +5.590853226958430e-01    +9.222207349808782e-01
+0.000000000000000e+00    +0.000000000000000e+00    -1.491281816813684e+06    -1.249149379390965e-02    -1.962816888409660e-02    +5.590716076247403e-01    +9.221659036567842e-01
+0.000000000000000e+00    +0.000000000000000e+00    -1.492077591529166e+06    -1.249834976259630e-02    -1.963895084360740e-02    +5.590578687723216e-01    +9.221109942907064e-01
+0.000000000000000e+00    +0.000000000000000e+00    -1.492873366244648e+06    -1.250521368612738e-02    -1.964974570380085e-02    +5.590441060800758e-01    +9.220560067077583e-01
+0.000000000000000e+00    +0.000000000000000e+00    -1.493669140960130e+06    -1.251208557990119e-02    -1.966055349272464e-02    +5.590303194892775e-01    +9.220009407291404e-01
+0.000000000000000e+00    +0.000000000000000e+00    -1.494464915675613e+06    -1.251896545926488e-02    -1.967137423613162e-02    +5.590165089410305e-01    +9.219457961798598e-01
+0.000000000000000e+00    +0.000000000000000e+00    -1.495260690391094e+06    -1.252585333969010e-02    -1.968220796183125e-02    +5.590026743762228e-01    +9.218905728807277e-01
+0.000000000000000e+00    +0.000000000000000e+00    -1.496056465106577e+06    -1.253274923668383e-02    -1.969305469747167e-02    +5.589888157355472e-01    +9.218352706524356e-01
+0.000000000000000e+00    +0.000000000000000e+00    -1.496852239822060e+06    -1.253965316571510e-02    -1.970391446872491e-02    +5.589749329595204e-01    +9.217798893188903e-01
+0.000000000000000e+00    +0.000000000000000e+00    -1.497648014537542e+06    -1.254656514243384e-02    -1.971478730470071e-02    +5.589610259884245e-01    +9.217244286972575e-01
+0.000000000000000e+00    +0.000000000000000e+00    -1.498443789253023e+06    -1.255348518244700e-02    -1.972567323239784e-02    +5.589470947623665e-01    +9.216688886081629e-01
+0.000000000000000e+00    +0.000000000000000e+00    -1.499239563968506e+06    -1.256041330137253e-02    -1.973657227803616e-02    +5.589331392212605e-01    +9.216132688732407e-01
+0.000000000000000e+00    +0.000000000000000e+00    -1.500035338683988e+06    -1.256734951495373e-02    -1.974748446988607e-02    +5.589191593047995e-01    +9.215575693099293e-01
+0.000000000000000e+00    +0.000000000000000e+00    -1.500831113399470e+06    -1.257429383896555e-02    -1.975840983594135e-02    +5.589051549524776e-01    +9.215017897357490e-01
+0.000000000000000e+00    +0.000000000000000e+00    -1.501626888114952e+06    -1.258124628923788e-02    -1.976934840449216e-02    +5.588911261035846e-01    +9.214459299672448e-01
+0.000000000000000e+00    +0.000000000000000e+00    -1.502422662830435e+06    -1.258820688160202e-02    -1.978030020279659e-02    +5.588770726972158e-01    +9.213899898224299e-01
+0.000000000000000e+00    +0.000000000000000e+00    -1.503218437545917e+06    -1.259517563193485e-02    -1.979126525816843e-02    +5.588629946722641e-01    +9.213339691187814e-01
+0.000000000000000e+00    +0.000000000000000e+00    -1.504014212261399e+06    -1.260215255623221e-02    -1.980224359979002e-02    +5.588488919673970e-01    +9.212778676699059e-01
+0.000000000000000e+00    +0.000000000000000e+00    -1.504809986976881e+06    -1.260913767046526e-02    -1.981323525515024e-02    +5.588347645210942e-01    +9.212216852920876e-01
+0.000000000000000e+00    +0.000000000000000e+00    -1.505605761692364e+06    -1.261613099069226e-02    -1.982424025281118e-02    +5.588206122716168e-01    +9.211654217991986e-01
+0.000000000000000e+00    +0.000000000000000e+00    -1.506401536407846e+06    -1.262313253298654e-02    -1.983525862061557e-02    +5.588064351570270e-01    +9.211090770059936e-01
+0.000000000000000e+00    +0.000000000000000e+00    -1.507197311123328e+06    -1.263014231352942e-02    -1.984629038798235e-02    +5.587922331151609e-01    +9.210526507238862e-01
+0.000000000000000e+00    +0.000000000000000e+00    -1.507993085838810e+06    -1.263716034848974e-02    -1.985733558292753e-02    +5.587780060836606e-01    +9.209961427664255e-01
+0.000000000000000e+00    +0.000000000000000e+00    -1.508788860554292e+06    -1.264418665407331e-02    -1.986839423327770e-02    +5.587637539999586e-01    +9.209395529470633e-01
+0.000000000000000e+00    +0.000000000000000e+00    -1.509584635269775e+06    -1.265122124660946e-02    -1.987946636880202e-02    +5.587494768012574e-01    +9.208828810752306e-01
+0.000000000000000e+00    +0.000000000000000e+00    -1.510380409985257e+06    -1.265826414243999e-02    -1.989055201847091e-02    +5.587351744245547e-01    +9.208261269613766e-01
+0.000000000000000e+00    +0.000000000000000e+00    -1.511176184700739e+06    -1.266531535789676e-02    -1.990165120989325e-02    +5.587208468066492e-01    +9.207692904180037e-01
+0.000000000000000e+00    +0.000000000000000e+00    -1.511971959416222e+06    -1.267237490946810e-02    -1.991276397342026e-02    +5.587064938840968e-01    +9.207123712521147e-01
+0.000000000000000e+00    +0.000000000000000e+00    -1.512767734131704e+06    -1.267944281359290e-02    -1.992389033705977e-02    +5.586921155932637e-01    +9.206553692745690e-01
+0.000000000000000e+00    +0.000000000000000e+00    -1.513563508847186e+06    -1.268651908686831e-02    -1.993503033159557e-02    +5.586777118702693e-01    +9.205982842906594e-01
+0.000000000000000e+00    +0.000000000000000e+00    -1.514359283562668e+06    -1.269360374579565e-02    -1.994618398431745e-02    +5.586632826510542e-01    +9.205411161116469e-01
+0.000000000000000e+00    +0.000000000000000e+00    -1.515155058278151e+06    -1.270069680706646e-02    -1.995735132606628e-02    +5.586488278713034e-01    +9.204838645417985e-01
+0.000000000000000e+00    +0.000000000000000e+00    -1.515950832993633e+06    -1.270779828736133e-02    -1.996853238627253e-02    +5.586343474664971e-01    +9.204265293875106e-01
+0.000000000000000e+00    +0.000000000000000e+00    -1.516746607709114e+06    -1.271490820336019e-02    -1.997972719320583e-02    +5.586198413719085e-01    +9.203691104568492e-01
+0.000000000000000e+00    +0.000000000000000e+00    -1.517542382424597e+06    -1.272202657191151e-02    -1.999093577813370e-02    +5.586053095225577e-01    +9.203116075518970e-01
+0.000000000000000e+00    +0.000000000000000e+00    -1.518338157140079e+06    -1.272915340983713e-02    -2.000215817051718e-02    +5.585907518532630e-01    +9.202540204775901e-01
+0.000000000000000e+00    +0.000000000000000e+00    -1.519133931855561e+06    -1.273628873401383e-02    -2.001339440000674e-02    +5.585761682986164e-01    +9.201963490380428e-01
+0.000000000000000e+00    +0.000000000000000e+00    -1.519929706571043e+06    -1.274343256136648e-02    -2.002464449627588e-02    +5.585615587929873e-01    +9.201385930368536e-01
+0.000000000000000e+00    +0.000000000000000e+00    -1.520725481286525e+06    -1.275058490890394e-02    -2.003590848989404e-02    +5.585469232705094e-01    +9.200807522754950e-01
+0.000000000000000e+00    +0.000000000000000e+00    -1.521521256002008e+06    -1.275774579367915e-02    -2.004718641134026e-02    +5.585322616650920e-01    +9.200228265551270e-01
+0.000000000000000e+00    +0.000000000000000e+00    -1.522317030717490e+06    -1.276491523273218e-02    -2.005847828960377e-02    +5.585175739104340e-01    +9.199648156791715e-01
+0.000000000000000e+00    +0.000000000000000e+00    -1.523112805432972e+06    -1.277209324329958e-02    -2.006978415731570e-02    +5.585028599399658e-01    +9.199067194438635e-01
+0.000000000000000e+00    +0.000000000000000e+00    -1.523908580148454e+06    -1.277927984248856e-02    -2.008110404274490e-02    +5.584881196869378e-01    +9.198485376529825e-01
+0.000000000000000e+00    +0.000000000000000e+00    -1.524704354863937e+06    -1.278647504761510e-02    -2.009243797809788e-02    +5.584733530843258e-01    +9.197902701025725e-01
+0.000000000000000e+00    +0.000000000000000e+00    -1.525500129579418e+06    -1.279367887598169e-02    -2.010378599404826e-02    +5.584585600648926e-01    +9.197319165910096e-01
+0.000000000000000e+00    +0.000000000000000e+00    -1.526295904294901e+06    -1.280089134488436e-02    -2.011514811991443e-02    +5.584437405611836e-01    +9.196734769186733e-01
+0.000000000000000e+00    +0.000000000000000e+00    -1.527091679010384e+06    -1.280811247179975e-02    -2.012652438823952e-02    +5.584288945054748e-01    +9.196149508795122e-01
+0.000000000000000e+00    +0.000000000000000e+00    -1.527887453725866e+06    -1.281534227415916e-02    -2.013791482924317e-02    +5.584140218298350e-01    +9.195563382712572e-01
+0.000000000000000e+00    +0.000000000000000e+00    -1.528683228441347e+06    -1.282258076950971e-02    -2.014931947476937e-02    +5.583991224660783e-01    +9.194976388881491e-01
+0.000000000000000e+00    +0.000000000000000e+00    -1.529479003156830e+06    -1.282982797537312e-02    -2.016073835482008e-02    +5.583841963458048e-01    +9.194388525273202e-01
+0.000000000000000e+00    +0.000000000000000e+00    -1.530274777872313e+06    -1.283708390946025e-02    -2.017217150280498e-02    +5.583692434003371e-01    +9.193799789791256e-01
+0.000000000000000e+00    +0.000000000000000e+00    -1.531070552587795e+06    -1.284434858937814e-02    -2.018361894836118e-02    +5.583542635608030e-01    +9.193210180403617e-01
+0.000000000000000e+00    +0.000000000000000e+00    -1.531866327303276e+06    -1.285162203287762e-02    -2.019508072341376e-02    +5.583392567580654e-01    +9.192619695031046e-01
+0.000000000000000e+00    +0.000000000000000e+00    -1.532662102018759e+06    -1.285890425778612e-02    -2.020655686052128e-02    +5.583242229227378e-01    +9.192028331577533e-01
+0.000000000000000e+00    +0.000000000000000e+00    -1.533457876734241e+06    -1.286619528195187e-02    -2.021804739150328e-02    +5.583091619852019e-01    +9.191436087955567e-01
+0.000000000000000e+00    +0.000000000000000e+00    -1.534253651449724e+06    -1.287349512324301e-02    -2.022955234742265e-02    +5.582940738756041e-01    +9.190842962086422e-01
+0.000000000000000e+00    +0.000000000000000e+00    -1.535049426165205e+06    -1.288080379962287e-02    -2.024107176040930e-02    +5.582789585238351e-01    +9.190248951866556e-01
+0.000000000000000e+00    +0.000000000000000e+00    -1.535845200880688e+06    -1.288812132914359e-02    -2.025260566350666e-02    +5.582638158595307e-01    +9.189654055170411e-01
+0.000000000000000e+00    +0.000000000000000e+00    -1.536640975596171e+06    -1.289544772986682e-02    -2.026415408872581e-02    +5.582486458120913e-01    +9.189058269886230e-01
+0.000000000000000e+00    +0.000000000000000e+00    -1.537436750311651e+06    -1.290278301985452e-02    -2.027571706681343e-02    +5.582334483106854e-01    +9.188461593920308e-01
+0.000000000000000e+00    +0.000000000000000e+00    -1.538232525027134e+06    -1.291012721740489e-02    -2.028729463301238e-02    +5.582182232841809e-01    +9.187864025090859e-01
+0.000000000000000e+00    +0.000000000000000e+00    -1.539028299742616e+06    -1.291748034066233e-02    -2.029888681752723e-02    +5.582029706612536e-01    +9.187265561303619e-01
+0.000000000000000e+00    +0.000000000000000e+00    -1.539824074458100e+06    -1.292484240799813e-02    -2.031049365481613e-02    +5.581876903702802e-01    +9.186666200380654e-01
+0.000000000000000e+00    +0.000000000000000e+00    -1.540619849173581e+06    -1.293221343772673e-02    -2.032211517665871e-02    +5.581723823394166e-01    +9.186065940188043e-01
+0.000000000000000e+00    +0.000000000000000e+00    -1.541415623889063e+06    -1.293959344828656e-02    -2.033375141656158e-02    +5.581570464965449e-01    +9.185464778554695e-01
+0.000000000000000e+00    +0.000000000000000e+00    -1.542211398604545e+06    -1.294698245812733e-02    -2.034540240700526e-02    +5.581416827693055e-01    +9.184862713323028e-01
+0.000000000000000e+00    +0.000000000000000e+00    -1.543007173320028e+06    -1.295438048580658e-02    -2.035706818179041e-02    +5.581262910850678e-01    +9.184259742305737e-01
+0.000000000000000e+00    +0.000000000000000e+00    -1.543802948035509e+06    -1.296178754988991e-02    -2.036874877360409e-02    +5.581108713709573e-01    +9.183655863330609e-01
+0.000000000000000e+00    +0.000000000000000e+00    -1.544598722750992e+06    -1.296920366908543e-02    -2.038044421728461e-02    +5.580954235538166e-01    +9.183051074180312e-01
+0.000000000000000e+00    +0.000000000000000e+00    -1.545394497466475e+06    -1.297662886204368e-02    -2.039215454494317e-02    +5.580799475602614e-01    +9.182445372682303e-01
+0.000000000000000e+00    +0.000000000000000e+00    -1.546190272181957e+06    -1.298406314755149e-02    -2.040387979068433e-02    +5.580644433166239e-01    +9.181838756621791e-01
+0.000000000000000e+00    +0.000000000000000e+00    -1.546986046897438e+06    -1.299150654445216e-02    -2.041561998865021e-02    +5.580489107489739e-01    +9.181231223777752e-01
+0.000000000000000e+00    +0.000000000000000e+00    -1.547781821612921e+06    -1.299895907157402e-02    -2.042737517127844e-02    +5.580333497831398e-01    +9.180622771955032e-01
+0.000000000000000e+00    +0.000000000000000e+00    -1.548577596328404e+06    -1.300642074796477e-02    -2.043914537499758e-02    +5.580177603446372e-01    +9.180013398879314e-01
+0.000000000000000e+00    +0.000000000000000e+00    -1.549373371043886e+06    -1.301389159257665e-02    -2.045093063256400e-02    +5.580021423587617e-01    +9.179403102338369e-01
+0.000000000000000e+00    +0.000000000000000e+00    -1.550169145759367e+06    -1.302137162446996e-02    -2.046273097800199e-02    +5.579864957505264e-01    +9.178791880090952e-01
+0.000000000000000e+00    +0.000000000000000e+00    -1.550964920474850e+06    -1.302886086281134e-02    -2.047454644655991e-02    +5.579708204446622e-01    +9.178179729867595e-01
+0.000000000000000e+00    +0.000000000000000e+00    -1.551760695190332e+06    -1.303635932676173e-02    -2.048637707197658e-02    +5.579551163656506e-01    +9.177566649420965e-01
+0.000000000000000e+00    +0.000000000000000e+00    -1.552556469905815e+06    -1.304386703560241e-02    -2.049822288954282e-02    +5.579393834376825e-01    +9.176952636469402e-01
+0.000000000000000e+00    +0.000000000000000e+00    -1.553352244621296e+06    -1.305138400864223e-02    -2.051008393383492e-02    +5.579236215846868e-01    +9.176337688738667e-01
+0.000000000000000e+00    +0.000000000000000e+00    -1.554148019336779e+06    -1.305891026523980e-02    -2.052196023925511e-02    +5.579078307303218e-01    +9.175721803951974e-01
+0.000000000000000e+00    +0.000000000000000e+00    -1.554943794052262e+06    -1.306644582490459e-02    -2.053385184247095e-02    +5.578920107979447e-01    +9.175104979784956e-01
+0.000000000000000e+00    +0.000000000000000e+00    -1.555739568767744e+06    -1.307399070705433e-02    -2.054575877652875e-02    +5.578761617106804e-01    +9.174487213974205e-01
+0.000000000000000e+00    +0.000000000000000e+00    -1.556535343483225e+06    -1.308154493130665e-02    -2.055768107791974e-02    +5.578602833913365e-01    +9.173868504186927e-01
+0.000000000000000e+00    +0.000000000000000e+00    -1.557331118198707e+06    -1.308910851729168e-02    -2.056961878202862e-02    +5.578443757624554e-01    +9.173248848104864e-01
+0.000000000000000e+00    +0.000000000000000e+00    -1.558126892914191e+06    -1.309668148469162e-02    -2.058157192408471e-02    +5.578284387463025e-01    +9.172628243406705e-01
+0.000000000000000e+00    +0.000000000000000e+00    -1.558922667629673e+06    -1.310426385331298e-02    -2.059354054090763e-02    +5.578124722648423e-01    +9.172006687735882e-01
+0.000000000000000e+00    +0.000000000000000e+00    -1.559718442345154e+06    -1.311185564285591e-02    -2.060552466531823e-02    +5.577964762398091e-01    +9.171384178803614e-01
+0.000000000000000e+00    +0.000000000000000e+00    -1.560514217060637e+06    -1.311945687333144e-02    -2.061752433622430e-02    +5.577804505925761e-01    +9.170760714202857e-01
+0.000000000000000e+00    +0.000000000000000e+00    -1.561309991776119e+06    -1.312706756467724e-02    -2.062953958932341e-02    +5.577643952442727e-01    +9.170136291579758e-01
+0.000000000000000e+00    +0.000000000000000e+00    -1.562105766491600e+06    -1.313468773684061e-02    -2.064157045909848e-02    +5.577483101157575e-01    +9.169510908596821e-01
+0.000000000000000e+00    +0.000000000000000e+00    -1.562901541207083e+06    -1.314231740998404e-02    -2.065361698378412e-02    +5.577321951275552e-01    +9.168884562841272e-01
+0.000000000000000e+00    +0.000000000000000e+00    -1.563697315922566e+06    -1.314995660424249e-02    -2.066567919949205e-02    +5.577160501999279e-01    +9.168257251933383e-01
+0.000000000000000e+00    +0.000000000000000e+00    -1.564493090638049e+06    -1.315760533977444e-02    -2.067775714144044e-02    +5.576998752528597e-01    +9.167628973503784e-01
+0.000000000000000e+00    +0.000000000000000e+00    -1.565288865353529e+06    -1.316526363693379e-02    -2.068985084809446e-02    +5.576836702060015e-01    +9.166999725117032e-01
+0.000000000000000e+00    +0.000000000000000e+00    -1.566084640069012e+06    -1.317293151604296e-02    -2.070196035568637e-02    +5.576674349787401e-01    +9.166369504372686e-01
+0.000000000000000e+00    +0.000000000000000e+00    -1.566880414784494e+06    -1.318060899750671e-02    -2.071408570094993e-02    +5.576511694901608e-01    +9.165738308854825e-01
+0.000000000000000e+00    +0.000000000000000e+00    -1.567676189499977e+06    -1.318829610182932e-02    -2.072622692153250e-02    +5.576348736590433e-01    +9.165106136124428e-01
+0.000000000000000e+00    +0.000000000000000e+00    -1.568471964215458e+06    -1.319599284955236e-02    -2.073838405448697e-02    +5.576185474038761e-01    +9.164472983747146e-01
+0.000000000000000e+00    +0.000000000000000e+00    -1.569267738930941e+06    -1.320369926126513e-02    -2.075055713651413e-02    +5.576021906428548e-01    +9.163838849288827e-01
+0.000000000000000e+00    +0.000000000000000e+00    -1.570063513646424e+06    -1.321141535775856e-02    -2.076274620766347e-02    +5.575858032938310e-01    +9.163203730247158e-01
+0.000000000000000e+00    +0.000000000000000e+00    -1.570859288361906e+06    -1.321914115967535e-02    -2.077495130290323e-02    +5.575693852744213e-01    +9.162567624207251e-01
+0.000000000000000e+00    +0.000000000000000e+00    -1.571655063077387e+06    -1.322687668788119e-02    -2.078717246104820e-02    +5.575529365018895e-01    +9.161930528676802e-01
+0.000000000000000e+00    +0.000000000000000e+00    -1.572450837792870e+06    -1.323462196323466e-02    -2.079940971921631e-02    +5.575364568932171e-01    +9.161292441188404e-01
+0.000000000000000e+00    +0.000000000000000e+00    -1.573246612508353e+06    -1.324237700682130e-02    -2.081166311844886e-02    +5.575199463650270e-01    +9.160653359195746e-01
+0.000000000000000e+00    +0.000000000000000e+00    -1.574042387223835e+06    -1.325014183955916e-02    -2.082393269422211e-02    +5.575034048337102e-01    +9.160013280248757e-01
+0.000000000000000e+00    +0.000000000000000e+00    -1.574838161939316e+06    -1.325791648257997e-02    -2.083621848559953e-02    +5.574868322153002e-01    +9.159372201824612e-01
+0.000000000000000e+00    +0.000000000000000e+00    -1.575633936654799e+06    -1.326570095710165e-02    -2.084852053216295e-02    +5.574702284255135e-01    +9.158730121384357e-01
+0.000000000000000e+00    +0.000000000000000e+00    -1.576429711370281e+06    -1.327349528434689e-02    -2.086083887204785e-02    +5.574535933797740e-01    +9.158087036409140e-01
+0.000000000000000e+00    +0.000000000000000e+00    -1.577225486085764e+06    -1.328129948560224e-02    -2.087317354335746e-02    +5.574369269931930e-01    +9.157442944374086e-01
+0.000000000000000e+00    +0.000000000000000e+00    -1.578021260801245e+06    -1.328911358231608e-02    -2.088552458650271e-02    +5.574202291805357e-01    +9.156797842705046e-01
+0.000000000000000e+00    +0.000000000000000e+00    -1.578817035516728e+06    -1.329693759591226e-02    -2.089789203972715e-02    +5.574034998562798e-01    +9.156151728861206e-01
+0.000000000000000e+00    +0.000000000000000e+00    -1.579612810232211e+06    -1.330477154792541e-02    -2.091027594234206e-02    +5.573867389345711e-01    +9.155504600275310e-01
+0.000000000000000e+00    +0.000000000000000e+00    -1.580408584947692e+06    -1.331261546000223e-02    -2.092267633475188e-02    +5.573699463292202e-01    +9.154856454353160e-01
+0.000000000000000e+00    +0.000000000000000e+00    -1.581204359663174e+06    -1.332046935378040e-02    -2.093509325554180e-02    +5.573531219537426e-01    +9.154207288527360e-01
+0.000000000000000e+00    +0.000000000000000e+00    -1.582000134378656e+06    -1.332833325103135e-02    -2.094752674489443e-02    +5.573362657213082e-01    +9.153557100194193e-01
+0.000000000000000e+00    +0.000000000000000e+00    -1.582795909094140e+06    -1.333620717357152e-02    -2.095997684245209e-02    +5.573193775447702e-01    +9.152905886753067e-01
+0.000000000000000e+00    +0.000000000000000e+00    -1.583591683809621e+06    -1.334409114329265e-02    -2.097244358803881e-02    +5.573024573366541e-01    +9.152253645593147e-01
+0.000000000000000e+00    +0.000000000000000e+00    -1.584387458525103e+06    -1.335198518226383e-02    -2.098492702409059e-02    +5.572855050091208e-01    +9.151600374048409e-01
+0.000000000000000e+00    +0.000000000000000e+00    -1.585183233240585e+06    -1.335988931241232e-02    -2.099742718801386e-02    +5.572685204740719e-01    +9.150946069538802e-01
+0.000000000000000e+00    +0.000000000000000e+00    -1.585979007956068e+06    -1.336780355596477e-02    -2.100994412272974e-02    +5.572515036430022e-01    +9.150290729375388e-01
+0.000000000000000e+00    +0.000000000000000e+00    -1.586774782671549e+06    -1.337572793503759e-02    -2.102247786687182e-02    +5.572344544271340e-01    +9.149634350941429e-01
+0.000000000000000e+00    +0.000000000000000e+00    -1.587570557387032e+06    -1.338366247199248e-02    -2.103502846327431e-02    +5.572173727372953e-01    +9.148976931535501e-01
+0.000000000000000e+00    +0.000000000000000e+00    -1.588366332102515e+06    -1.339160718910921e-02    -2.104759595115237e-02    +5.572002584840311e-01    +9.148318468515962e-01
+0.000000000000000e+00    +0.000000000000000e+00    -1.589162106817997e+06    -1.339956210889032e-02    -2.106018037335900e-02    +5.571831115774959e-01    +9.147658959166811e-01
+0.000000000000000e+00    +0.000000000000000e+00    -1.589957881533478e+06    -1.340752725380901e-02    -2.107278177036924e-02    +5.571659319275395e-01    +9.146998400808825e-01
+0.000000000000000e+00    +0.000000000000000e+00    -1.590753656248961e+06    -1.341550264642361e-02    -2.108540018300070e-02    +5.571487194436673e-01    +9.146336790749249e-01
+0.000000000000000e+00    +0.000000000000000e+00    -1.591549430964443e+06    -1.342348830947780e-02    -2.109803565479233e-02    +5.571314740350013e-01    +9.145674126237793e-01
+0.000000000000000e+00    +0.000000000000000e+00    -1.592345205679926e+06    -1.343148426563584e-02    -2.111068822568738e-02    +5.571141956103716e-01    +9.145010404583346e-01
+0.000000000000000e+00    +0.000000000000000e+00    -1.593140980395408e+06    -1.343949053776052e-02    -2.112335793864577e-02    +5.570968840782193e-01    +9.144345623031729e-01
+0.000000000000000e+00    +0.000000000000000e+00    -1.593936755110890e+06    -1.344750714878904e-02    -2.113604483668021e-02    +5.570795393466369e-01    +9.143679778820435e-01
+0.000000000000000e+00    +0.000000000000000e+00    -1.594732529826372e+06    -1.345553412164632e-02    -2.114874896078615e-02    +5.570621613233964e-01    +9.143012869216868e-01
+0.000000000000000e+00    +0.000000000000000e+00    -1.595528304541855e+06    -1.346357147941265e-02    -2.116147035391927e-02    +5.570447499158900e-01    +9.142344891444767e-01
+0.000000000000000e+00    +0.000000000000000e+00    -1.596324079257336e+06    -1.347161924520790e-02    -2.117420905823634e-02    +5.570273050311692e-01    +9.141675842735185e-01
+0.000000000000000e+00    +0.000000000000000e+00    -1.597119853972819e+06    -1.347967744226968e-02    -2.118696511694157e-02    +5.570098265759149e-01    +9.141005720292310e-01
+0.000000000000000e+00    +0.000000000000000e+00    -1.597915628688302e+06    -1.348774609390991e-02    -2.119973857324794e-02    +5.569923144564515e-01    +9.140334521312634e-01
+0.000000000000000e+00    +0.000000000000000e+00    -1.598711403403783e+06    -1.349582522351268e-02    -2.121252947031431e-02    +5.569747685787455e-01    +9.139662242986076e-01
+0.000000000000000e+00    +0.000000000000000e+00    -1.599507178119265e+06    -1.350391485453122e-02    -2.122533785116971e-02    +5.569571888484059e-01    +9.138988882497338e-01
+0.000000000000000e+00    +0.000000000000000e+00    -1.600302952834748e+06    -1.351201501056453e-02    -2.123816376051943e-02    +5.569395751706543e-01    +9.138314436992477e-01
+0.000000000000000e+00    +0.000000000000000e+00    -1.601098727550231e+06    -1.352012571519957e-02    -2.125100724099180e-02    +5.569219274503786e-01    +9.137638903648276e-01
+0.000000000000000e+00    +0.000000000000000e+00    -1.601894502265711e+06    -1.352824699210841e-02    -2.126386833544026e-02    +5.569042455920985e-01    +9.136962279629627e-01
+0.000000000000000e+00    +0.000000000000000e+00    -1.602690276981194e+06    -1.353637886514728e-02    -2.127674708927172e-02    +5.568865294999285e-01    +9.136284562046417e-01
+0.000000000000000e+00    +0.000000000000000e+00    -1.603486051696677e+06    -1.354452135821595e-02    -2.128964354711098e-02    +5.568687790776242e-01    +9.135605748015203e-01
+0.000000000000000e+00    +0.000000000000000e+00    -1.604281826412159e+06    -1.355267449521804e-02    -2.130255775185412e-02    +5.568509942285960e-01    +9.134925834676666e-01
+0.000000000000000e+00    +0.000000000000000e+00    -1.605077601127640e+06    -1.356083830026088e-02    -2.131548974938460e-02    +5.568331748558366e-01    +9.134244819108341e-01
+0.000000000000000e+00    +0.000000000000000e+00    -1.605873375843123e+06    -1.356901279746955e-02    -2.132843958416706e-02    +5.568153208619842e-01    +9.133562698406084e-01
+0.000000000000000e+00    +0.000000000000000e+00    -1.606669150558606e+06    -1.357719801108385e-02    -2.134140730153161e-02    +5.567974321492873e-01    +9.132879469641759e-01
+0.000000000000000e+00    +0.000000000000000e+00    -1.607464925274088e+06    -1.358539396535569e-02    -2.135439294524002e-02    +5.567795086196389e-01    +9.132195129908256e-01
+0.000000000000000e+00    +0.000000000000000e+00    -1.608260699989570e+06    -1.359360068471210e-02    -2.136739656132635e-02    +5.567615501745166e-01    +9.131509676248363e-01
+0.000000000000000e+00    +0.000000000000000e+00    -1.609056474705052e+06    -1.360181819370320e-02    -2.138041819685345e-02    +5.567435567149983e-01    +9.130823105677730e-01
+0.000000000000000e+00    +0.000000000000000e+00    -1.609852249420534e+06    -1.361004651682288e-02    -2.139345789568174e-02    +5.567255281418273e-01    +9.130135415263149e-01
+0.000000000000000e+00    +0.000000000000000e+00    -1.610648024136017e+06    -1.361828567872218e-02    -2.140651570348631e-02    +5.567074643553315e-01    +9.129446602029654e-01
+0.000000000000000e+00    +0.000000000000000e+00    -1.611443798851498e+06    -1.362653570419254e-02    -2.141959166735371e-02    +5.566893652554279e-01    +9.128756662967926e-01
+0.000000000000000e+00    +0.000000000000000e+00    -1.612239573566981e+06    -1.363479661801074e-02    -2.143268583212054e-02    +5.566712307416773e-01    +9.128065595102055e-01
+0.000000000000000e+00    +0.000000000000000e+00    -1.613035348282464e+06    -1.364306844517083e-02    -2.144579824581847e-02    +5.566530607131982e-01    +9.127373395388656e-01
+0.000000000000000e+00    +0.000000000000000e+00    -1.613831122997946e+06    -1.365135121066456e-02    -2.145892895450653e-02    +5.566348550687444e-01    +9.126680060812535e-01
+0.000000000000000e+00    +0.000000000000000e+00    -1.614626897713427e+06    -1.365964493961879e-02    -2.147207800548379e-02    +5.566166137066534e-01    +9.125985588327136e-01
+0.000000000000000e+00    +0.000000000000000e+00    -1.615422672428910e+06    -1.366794965715681e-02    -2.148524544402850e-02    +5.565983365248943e-01    +9.125289974914910e-01
+0.000000000000000e+00    +0.000000000000000e+00    -1.616218447144393e+06    -1.367626538861157e-02    -2.149843131839266e-02    +5.565800234209901e-01    +9.124593217494749e-01
+0.000000000000000e+00    +0.000000000000000e+00    -1.617014221859875e+06    -1.368459215940474e-02    -2.151163567695108e-02    +5.565616742920558e-01    +9.123895312974749e-01
+0.000000000000000e+00    +0.000000000000000e+00    -1.617809996575356e+06    -1.369292999498841e-02    -2.152485856682304e-02    +5.565432890348225e-01    +9.123196258277694e-01
+0.000000000000000e+00    +0.000000000000000e+00    -1.618605771290839e+06    -1.370127892085250e-02    -2.153810003404209e-02    +5.565248675456308e-01    +9.122496050337886e-01
+0.000000000000000e+00    +0.000000000000000e+00    -1.619401546006321e+06    -1.370963896276411e-02    -2.155136012914877e-02    +5.565064097203393e-01    +9.121794685997461e-01
+0.000000000000000e+00    +0.000000000000000e+00    -1.620197320721804e+06    -1.371801014639693e-02    -2.156463889850300e-02    +5.564879154544610e-01    +9.121092162167315e-01
+0.000000000000000e+00    +0.000000000000000e+00    -1.620993095437285e+06    -1.372639249759467e-02    -2.157793639043876e-02    +5.564693846430639e-01    +9.120388475713033e-01
+0.000000000000000e+00    +0.000000000000000e+00    -1.621788870152768e+06    -1.373478604234926e-02    -2.159125265474804e-02    +5.564508171807757e-01    +9.119683623464375e-01
+0.000000000000000e+00    +0.000000000000000e+00    -1.622584644868251e+06    -1.374319080666195e-02    -2.160458773941381e-02    +5.564322129618354e-01    +9.118977602275793e-01
+0.000000000000000e+00    +0.000000000000000e+00    -1.623380419583731e+06    -1.375160681669962e-02    -2.161794169425900e-02    +5.564135718800302e-01    +9.118270408958752e-01
+0.000000000000000e+00    +0.000000000000000e+00    -1.624176194299214e+06    -1.376003409868299e-02    -2.163131456832351e-02    +5.563948938287380e-01    +9.117562040330297e-01
+0.000000000000000e+00    +0.000000000000000e+00    -1.624971969014697e+06    -1.376847267890031e-02    -2.164470641017204e-02    +5.563761787009185e-01    +9.116852493207309e-01
+0.000000000000000e+00    +0.000000000000000e+00    -1.625767743730180e+06    -1.377692258374792e-02    -2.165811726883172e-02    +5.563574263890979e-01    +9.116141764389067e-01
+0.000000000000000e+00    +0.000000000000000e+00    -1.626563518445660e+06    -1.378538383986849e-02    -2.167154719700407e-02    +5.563386367853101e-01    +9.115429850597658e-01
+0.000000000000000e+00    +0.000000000000000e+00    -1.627359293161143e+06    -1.379385647375890e-02    -2.168499624191025e-02    +5.563198097812488e-01    +9.114716748647644e-01
+0.000000000000000e+00    +0.000000000000000e+00    -1.628155067876626e+06    -1.380234051217434e-02    -2.169846445470102e-02    +5.563009452681076e-01    +9.114002455271566e-01
+0.000000000000000e+00    +0.000000000000000e+00    -1.628950842592109e+06    -1.381083598195365e-02    -2.171195188637427e-02    +5.562820431366462e-01    +9.113286967195572e-01
+0.000000000000000e+00    +0.000000000000000e+00    -1.629746617307589e+06    -1.381934291002825e-02    -2.172545858797264e-02    +5.562631032771841e-01    +9.112570281135707e-01
+0.000000000000000e+00    +0.000000000000000e+00    -1.630542392023072e+06    -1.382786132329540e-02    -2.173898460762634e-02    +5.562441255796486e-01    +9.111852393852719e-01
+0.000000000000000e+00    +0.000000000000000e+00    -1.631338166738555e+06    -1.383639124904825e-02    -2.175253000053367e-02    +5.562251099334041e-01    +9.111133301966888e-01
+0.000000000000000e+00    +0.000000000000000e+00    -1.632133941454037e+06    -1.384493271436260e-02    -2.176609481471031e-02    +5.562060562274902e-01    +9.110413002222304e-01
+0.000000000000000e+00    +0.000000000000000e+00    -1.632929716169518e+06    -1.385348574658564e-02    -2.177967910231935e-02    +5.561869643504281e-01    +9.109691491276654e-01
+0.000000000000000e+00    +0.000000000000000e+00    -1.633725490885001e+06    -1.386205037323372e-02    -2.179328291728921e-02    +5.561678341902569e-01    +9.108968765745346e-01
+0.000000000000000e+00    +0.000000000000000e+00    -1.634521265600483e+06    -1.387062662170116e-02    -2.180690630854955e-02    +5.561486656346483e-01    +9.108244822326961e-01
+0.000000000000000e+00    +0.000000000000000e+00    -1.635317040315966e+06    -1.387921451973042e-02    -2.182054933091782e-02    +5.561294585707173e-01    +9.107519657601211e-01
+0.000000000000000e+00    +0.000000000000000e+00    -1.636112815031447e+06    -1.388781409501596e-02    -2.183421203590762e-02    +5.561102128851770e-01    +9.106793268199438e-01
+0.000000000000000e+00    +0.000000000000000e+00    -1.636908589746930e+06    -1.389642537529526e-02    -2.184789447383063e-02    +5.560909284643007e-01    +9.106065650765559e-01
+0.000000000000000e+00    +0.000000000000000e+00    -1.637704364462413e+06    -1.390504838870182e-02    -2.186159670194714e-02    +5.560716051937776e-01    +9.105336801804751e-01
+0.000000000000000e+00    +0.000000000000000e+00    -1.638500139177895e+06    -1.391368316321980e-02    -2.187531877183935e-02    +5.560522429589300e-01    +9.104606717917739e-01
+0.000000000000000e+00    +0.000000000000000e+00    -1.639295913893376e+06    -1.392232972686773e-02    -2.188906073365493e-02    +5.560328416446363e-01    +9.103875395721986e-01
+0.000000000000000e+00    +0.000000000000000e+00    -1.640091688608859e+06    -1.393098810809802e-02    -2.190282264531791e-02    +5.560134011351689e-01    +9.103142831680675e-01
+0.000000000000000e+00    +0.000000000000000e+00    -1.640887463324342e+06    -1.393965833515778e-02    -2.191660455775826e-02    +5.559939213144481e-01    +9.102409022376809e-01
+0.000000000000000e+00    +0.000000000000000e+00    -1.641683238039823e+06    -1.394834043661762e-02    -2.193040652710370e-02    +5.559744020658276e-01    +9.101673964286859e-01
+0.000000000000000e+00    +0.000000000000000e+00    -1.642479012755305e+06    -1.395703444105641e-02    -2.194422860739425e-02    +5.559548432722182e-01    +9.100937653915934e-01
+0.000000000000000e+00    +0.000000000000000e+00    -1.643274787470788e+06    -1.396574037702372e-02    -2.195807084971077e-02    +5.559352448161025e-01    +9.100200087813942e-01
+0.000000000000000e+00    +0.000000000000000e+00    -1.644070562186270e+06    -1.397445827357249e-02    -2.197193331442597e-02    +5.559156065793136e-01    +9.099461262348015e-01
+0.000000000000000e+00    +0.000000000000000e+00    -1.644866336901753e+06    -1.398318815944588e-02    -2.198581605247337e-02    +5.558959284433658e-01    +9.098721174050313e-01
+0.000000000000000e+00    +0.000000000000000e+00    -1.645662111617234e+06    -1.399193006377061e-02    -2.199971912128569e-02    +5.558762102891680e-01    +9.097979819321954e-01
+0.000000000000000e+00    +0.000000000000000e+00    -1.646457886332717e+06    -1.400068401563126e-02    -2.201364257499769e-02    +5.558564519971962e-01    +9.097237194614922e-01
+0.000000000000000e+00    +0.000000000000000e+00    -1.647253661048199e+06    -1.400945004430651e-02    -2.202758646986101e-02    +5.558366534473930e-01    +9.096493296331442e-01
+0.000000000000000e+00    +0.000000000000000e+00    -1.648049435763680e+06    -1.401822817913547e-02    -2.204155086115623e-02    +5.558168145192213e-01    +9.095748120881268e-01
+0.000000000000000e+00    +0.000000000000000e+00    -1.648845210479163e+06    -1.402701844963553e-02    -2.205553580589299e-02    +5.557969350916124e-01    +9.095001664631466e-01
+0.000000000000000e+00    +0.000000000000000e+00    -1.649640985194646e+06    -1.403582088545403e-02    -2.206954136167852e-02    +5.557770150429830e-01    +9.094253923927386e-01
+0.000000000000000e+00    +0.000000000000000e+00    -1.650436759910128e+06    -1.404463551620789e-02    -2.208356758303434e-02    +5.557570542513007e-01    +9.093504895161021e-01
+0.000000000000000e+00    +0.000000000000000e+00    -1.651232534625610e+06    -1.405346237177342e-02    -2.209761452802321e-02    +5.557370525939589e-01    +9.092754574647839e-01
+0.000000000000000e+00    +0.000000000000000e+00    -1.652028309341092e+06    -1.406230148208604e-02    -2.211168225364601e-02    +5.557170099478592e-01    +9.092002958712224e-01
+0.000000000000000e+00    +0.000000000000000e+00    -1.652824084056575e+06    -1.407115287722922e-02    -2.212577081786832e-02    +5.556969261893708e-01    +9.091250043649781e-01
+0.000000000000000e+00    +0.000000000000000e+00    -1.653619858772057e+06    -1.408001658741512e-02    -2.213988027915390e-02    +5.556768011943356e-01    +9.090495825735920e-01
+0.000000000000000e+00    +0.000000000000000e+00    -1.654415633487538e+06    -1.408889264284822e-02    -2.215401069334692e-02    +5.556566348381254e-01    +9.089740301283777e-01
+0.000000000000000e+00    +0.000000000000000e+00    -1.655211408203021e+06    -1.409778107400898e-02    -2.216816212013368e-02    +5.556364269955153e-01    +9.088983466524017e-01
+0.000000000000000e+00    +0.000000000000000e+00    -1.656007182918504e+06    -1.410668191143114e-02    -2.218233461793750e-02    +5.556161775407790e-01    +9.088225317699681e-01
+0.000000000000000e+00    +0.000000000000000e+00    -1.656802957633986e+06    -1.411559518581252e-02    -2.219652824644147e-02    +5.555958863476368e-01    +9.087465851019201e-01
+0.000000000000000e+00    +0.000000000000000e+00    -1.657598732349467e+06    -1.412452092786417e-02    -2.221074306312904e-02    +5.555755532893184e-01    +9.086705062720696e-01
+0.000000000000000e+00    +0.000000000000000e+00    -1.658394507064950e+06    -1.413345916848810e-02    -2.222497912732535e-02    +5.555551782384843e-01    +9.085942948996739e-01
+0.000000000000000e+00    +0.000000000000000e+00    -1.659190281780433e+06    -1.414240993877118e-02    -2.223923650003986e-02    +5.555347610672233e-01    +9.085179505997216e-01
+0.000000000000000e+00    +0.000000000000000e+00    -1.659986056495914e+06    -1.415137326985439e-02    -2.225351524097450e-02    +5.555143016471089e-01    +9.084414729884900e-01
+0.000000000000000e+00    +0.000000000000000e+00    -1.660781831211396e+06    -1.416034919302001e-02    -2.226781541049312e-02    +5.554937998491568e-01    +9.083648616798764e-01
+0.000000000000000e+00    +0.000000000000000e+00    -1.661577605926879e+06    -1.416933773959236e-02    -2.228213706735837e-02    +5.554732555438667e-01    +9.082881162896030e-01
+0.000000000000000e+00    +0.000000000000000e+00    -1.662373380642362e+06    -1.417833894110457e-02    -2.229648027249786e-02    +5.554526686011458e-01    +9.082112364282011e-01
+0.000000000000000e+00    +0.000000000000000e+00    -1.663169155357842e+06    -1.418735282928110e-02    -2.231084508859301e-02    +5.554320388903137e-01    +9.081342217017696e-01
+0.000000000000000e+00    +0.000000000000000e+00    -1.663964930073325e+06    -1.419637943586428e-02    -2.232523157612793e-02    +5.554113662801754e-01    +9.080570717193212e-01
+0.000000000000000e+00    +0.000000000000000e+00    -1.664760704788808e+06    -1.420541879281628e-02    -2.233963979795579e-02    +5.553906506389299e-01    +9.079797860842762e-01
+0.000000000000000e+00    +0.000000000000000e+00    -1.665556479504291e+06    -1.421447093204439e-02    -2.235406981305945e-02    +5.553698918342881e-01    +9.079023644060724e-01
+0.000000000000000e+00    +0.000000000000000e+00    -1.666352254219771e+06    -1.422353588583021e-02    -2.236852168625533e-02    +5.553490897332805e-01    +9.078248062820911e-01
+0.000000000000000e+00    +0.000000000000000e+00    -1.667148028935254e+06    -1.423261368634680e-02    -2.238299547724934e-02    +5.553282442024681e-01    +9.077471113180254e-01
+0.000000000000000e+00    +0.000000000000000e+00    -1.667943803650736e+06    -1.424170436610417e-02    -2.239749125069779e-02    +5.553073551077410e-01    +9.076692791091434e-01
+0.000000000000000e+00    +0.000000000000000e+00    -1.668739578366220e+06    -1.425080795774526e-02    -2.241200907157588e-02    +5.552864223144067e-01    +9.075913092489002e-01
+0.000000000000000e+00    +0.000000000000000e+00    -1.669535353081700e+06    -1.425992449375383e-02    -2.242654899857148e-02    +5.552654456873173e-01    +9.075132013412360e-01
+0.000000000000000e+00    +0.000000000000000e+00    -1.670331127797183e+06    -1.426905400711188e-02    -2.244111109890506e-02    +5.552444250905723e-01    +9.074349549729720e-01
+0.000000000000000e+00    +0.000000000000000e+00    -1.671126902512666e+06    -1.427819653054501e-02    -2.245569543129972e-02    +5.552233603878547e-01    +9.073565697455176e-01
+0.000000000000000e+00    +0.000000000000000e+00    -1.671922677228148e+06    -1.428735209746633e-02    -2.247030206722199e-02    +5.552022514420019e-01    +9.072780452352986e-01
+0.000000000000000e+00    +0.000000000000000e+00    -1.672718451943629e+06    -1.429652074092887e-02    -2.248493106728422e-02    +5.551810981154748e-01    +9.071993810377080e-01
+0.000000000000000e+00    +0.000000000000000e+00    -1.673514226659112e+06    -1.430570249429738e-02    -2.249958249634708e-02    +5.551599002700537e-01    +9.071205767389660e-01
+0.000000000000000e+00    +0.000000000000000e+00    -1.674310001374595e+06    -1.431489739108976e-02    -2.251425641993576e-02    +5.551386577669035e-01    +9.070416319227864e-01
+0.000000000000000e+00    +0.000000000000000e+00    -1.675105776090077e+06    -1.432410546504759e-02    -2.252895290580651e-02    +5.551173704665409e-01    +9.069625461674521e-01
+0.000000000000000e+00    +0.000000000000000e+00    -1.675901550805558e+06    -1.433332674974754e-02    -2.254367201520669e-02    +5.550960382290069e-01    +9.068833190620922e-01
+0.000000000000000e+00    +0.000000000000000e+00    -1.676697325521041e+06    -1.434256127922890e-02    -2.255841381694193e-02    +5.550746609135780e-01    +9.068039501804626e-01
+0.000000000000000e+00    +0.000000000000000e+00    -1.677493100236523e+06    -1.435180908747403e-02    -2.257317837570468e-02    +5.550532383790000e-01    +9.067244391026875e-01
+0.000000000000000e+00    +0.000000000000000e+00    -1.678288874952007e+06    -1.436107020870699e-02    -2.258796575875321e-02    +5.550317704833478e-01    +9.066447854028036e-01
+0.000000000000000e+00    +0.000000000000000e+00    -1.679084649667487e+06    -1.437034467741987e-02    -2.260277603647170e-02    +5.550102570840095e-01    +9.065649886477064e-01
+0.000000000000000e+00    +0.000000000000000e+00    -1.679880424382970e+06    -1.437963252789982e-02    -2.261760927178419e-02    +5.549886980379019e-01    +9.064850484168813e-01
+0.000000000000000e+00    +0.000000000000000e+00    -1.680676199098453e+06    -1.438893379481909e-02    -2.263246553332804e-02    +5.549670932011943e-01    +9.064049642778325e-01
+0.000000000000000e+00    +0.000000000000000e+00    -1.681471973813935e+06    -1.439824851295428e-02    -2.264734488916140e-02    +5.549454424294356e-01    +9.063247357978097e-01
+0.000000000000000e+00    +0.000000000000000e+00    -1.682267748529416e+06    -1.440757671724647e-02    -2.266224740808559e-02    +5.549237455775211e-01    +9.062443625413307e-01
+0.000000000000000e+00    +0.000000000000000e+00    -1.683063523244899e+06    -1.441691844273947e-02    -2.267717315825270e-02    +5.549020024997201e-01    +9.061638440727738e-01
+0.000000000000000e+00    +0.000000000000000e+00    -1.683859297960382e+06    -1.442627372473482e-02    -2.269212221060016e-02    +5.548802130495980e-01    +9.060831799499602e-01
+0.000000000000000e+00    +0.000000000000000e+00    -1.684655072675862e+06    -1.443564259847725e-02    -2.270709463182743e-02    +5.548583770801619e-01    +9.060023697372502e-01
+0.000000000000000e+00    +0.000000000000000e+00    -1.685450847391345e+06    -1.444502509960868e-02    -2.272209049448548e-02    +5.548364944436425e-01    +9.059214129867096e-01
+0.000000000000000e+00    +0.000000000000000e+00    -1.686246622106828e+06    -1.445442126356213e-02    -2.273710986347853e-02    +5.548145649917774e-01    +9.058403092632894e-01
+0.000000000000000e+00    +0.000000000000000e+00    -1.687042396822311e+06    -1.446383112631914e-02    -2.275215281288344e-02    +5.547925885754488e-01    +9.057590581134309e-01
+0.000000000000000e+00    +0.000000000000000e+00    -1.687838171537791e+06    -1.447325472376577e-02    -2.276721941161717e-02    +5.547705650449846e-01    +9.056776590918032e-01
+0.000000000000000e+00    +0.000000000000000e+00    -1.688633946253274e+06    -1.448269209213861e-02    -2.278230973332161e-02    +5.547484942499434e-01    +9.055961117428460e-01
+0.000000000000000e+00    +0.000000000000000e+00    -1.689429720968757e+06    -1.449214326765786e-02    -2.279742384820539e-02    +5.547263760392855e-01    +9.055144156159890e-01
+0.000000000000000e+00    +0.000000000000000e+00    -1.690225495684240e+06    -1.450160828669640e-02    -2.281256182677946e-02    +5.547042102612889e-01    +9.054325702586729e-01
+0.000000000000000e+00    +0.000000000000000e+00    -1.691021270399720e+06    -1.451108718581457e-02    -2.282772374060496e-02    +5.546819967635290e-01    +9.053505752149412e-01
+0.000000000000000e+00    +0.000000000000000e+00    -1.691817045115203e+06    -1.452058000180530e-02    -2.284290966327125e-02    +5.546597353928517e-01    +9.052684300236068e-01
+0.000000000000000e+00    +0.000000000000000e+00    -1.692612819830685e+06    -1.453008677158239e-02    -2.285811966790281e-02    +5.546374259954258e-01    +9.051861342228963e-01
+0.000000000000000e+00    +0.000000000000000e+00    -1.693408594546169e+06    -1.453960753220178e-02    -2.287335382761297e-02    +5.546150684167264e-01    +9.051036873495955e-01
+0.000000000000000e+00    +0.000000000000000e+00    -1.694204369261649e+06    -1.454914232087486e-02    -2.288861221577857e-02    +5.545926625015259e-01    +9.050210889385273e-01
+0.000000000000000e+00    +0.000000000000000e+00    -1.695000143977132e+06    -1.455869117499630e-02    -2.290389490663220e-02    +5.545702080938776e-01    +9.049383385214360e-01
+0.000000000000000e+00    +0.000000000000000e+00    -1.695795918692615e+06    -1.456825413191448e-02    -2.291920197019138e-02    +5.545477050372225e-01    +9.048554356364543e-01
+0.000000000000000e+00    +0.000000000000000e+00    -1.696591693408098e+06    -1.457783122968321e-02    -2.293453348878119e-02    +5.545251531740174e-01    +9.047723797972178e-01
+0.000000000000000e+00    +0.000000000000000e+00    -1.697387468123578e+06    -1.458742250585205e-02    -2.294988953039626e-02    +5.545025523463251e-01    +9.046891705426342e-01
+0.000000000000000e+00    +0.000000000000000e+00    -1.698183242839061e+06    -1.459702799866859e-02    -2.296527017512506e-02    +5.544799023952185e-01    +9.046058073874937e-01
+0.000000000000000e+00    +0.000000000000000e+00    -1.698979017554544e+06    -1.460664774609892e-02    -2.298067549360222e-02    +5.544572031612619e-01    +9.045222898627314e-01
+0.000000000000000e+00    +0.000000000000000e+00    -1.699774792270027e+06    -1.461628178674249e-02    -2.299610556707338e-02    +5.544344544840504e-01    +9.044386174779104e-01
+0.000000000000000e+00    +0.000000000000000e+00    -1.700570566985507e+06    -1.462593015910895e-02    -2.301156047150161e-02    +5.544116562025670e-01    +9.043547897509236e-01
+0.000000000000000e+00    +0.000000000000000e+00    -1.701366341700990e+06    -1.463559290175848e-02    -2.302704028063846e-02    +5.543888081551093e-01    +9.042708062022469e-01
+0.000000000000000e+00    +0.000000000000000e+00    -1.702162116416472e+06    -1.464527005357372e-02    -2.304254507195449e-02    +5.543659101791499e-01    +9.041866663438379e-01
+0.000000000000000e+00    +0.000000000000000e+00    -1.702957891131953e+06    -1.465496165366927e-02    -2.305807492463310e-02    +5.543429621113748e-01    +9.041023696828765e-01
+0.000000000000000e+00    +0.000000000000000e+00    -1.703753665847436e+06    -1.466466774134342e-02    -2.307362991848756e-02    +5.543199637877050e-01    +9.040179157237794e-01
+0.000000000000000e+00    +0.000000000000000e+00    -1.704549440562919e+06    -1.467438835587571e-02    -2.308921012952479e-02    +5.542969150433950e-01    +9.039333039764904e-01
+0.000000000000000e+00    +0.000000000000000e+00    -1.705345215278402e+06    -1.468412353680988e-02    -2.310481563610279e-02    +5.542738157128855e-01    +9.038485339449526e-01
+0.000000000000000e+00    +0.000000000000000e+00    -1.706140989993884e+06    -1.469387332391973e-02    -2.312044651816182e-02    +5.542506656298158e-01    +9.037636051285349e-01
+0.000000000000000e+00    +0.000000000000000e+00    -1.706936764709365e+06    -1.470363775720488e-02    -2.313610285710323e-02    +5.542274646270205e-01    +9.036785170222469e-01
+0.000000000000000e+00    +0.000000000000000e+00    -1.707732539424848e+06    -1.471341687664463e-02    -2.315178473041414e-02    +5.542042125366533e-01    +9.035932691267906e-01
+0.000000000000000e+00    +0.000000000000000e+00    -1.708528314140331e+06    -1.472321072261355e-02    -2.316749222068473e-02    +5.541809091899677e-01    +9.035078609316716e-01
+0.000000000000000e+00    +0.000000000000000e+00    -1.709324088855811e+06    -1.473301933548437e-02    -2.318322540695387e-02    +5.541575544175178e-01    +9.034222919313893e-01
+0.000000000000000e+00    +0.000000000000000e+00    -1.710119863571294e+06    -1.474284275596277e-02    -2.319898437195789e-02    +5.541341480489813e-01    +9.033365616118559e-01
+0.000000000000000e+00    +0.000000000000000e+00    -1.710915638286776e+06    -1.475268102488147e-02    -2.321476919763625e-02    +5.541106899132600e-01    +9.032506694587987e-01
+0.000000000000000e+00    +0.000000000000000e+00    -1.711711413002260e+06    -1.476253418314399e-02    -2.323057996389417e-02    +5.540871798385062e-01    +9.031646149600691e-01
+0.000000000000000e+00    +0.000000000000000e+00    -1.712507187717740e+06    -1.477240227208353e-02    -2.324641675635073e-02    +5.540636176519310e-01    +9.030783975911193e-01
+0.000000000000000e+00    +0.000000000000000e+00    -1.713302962433223e+06    -1.478228533293196e-02    -2.326227965482066e-02    +5.540400031800762e-01    +9.029920168365665e-01
+0.000000000000000e+00    +0.000000000000000e+00    -1.714098737148706e+06    -1.479218340749915e-02    -2.327816874798014e-02    +5.540163362484544e-01    +9.029054721627066e-01
+0.000000000000000e+00    +0.000000000000000e+00    -1.714894511864189e+06    -1.480209653721453e-02    -2.329408411264137e-02    +5.539926166820477e-01    +9.028187630563353e-01
+0.000000000000000e+00    +0.000000000000000e+00    -1.715690286579669e+06    -1.481202476427929e-02    -2.331002583859823e-02    +5.539688443046964e-01    +9.027318889781831e-01
+0.000000000000000e+00    +0.000000000000000e+00    -1.716486061295152e+06    -1.482196813069729e-02    -2.332599400769644e-02    +5.539450189396059e-01    +9.026448494021211e-01
+0.000000000000000e+00    +0.000000000000000e+00    -1.717281836010635e+06    -1.483192667891640e-02    -2.334198870763297e-02    +5.539211404090014e-01    +9.025576437892907e-01
+0.000000000000000e+00    +0.000000000000000e+00    -1.718077610726118e+06    -1.484190045124377e-02    -2.335801001934381e-02    +5.538972085344357e-01    +9.024702716117341e-01
+0.000000000000000e+00    +0.000000000000000e+00    -1.718873385441598e+06    -1.485188949074940e-02    -2.337405803641145e-02    +5.538732231363009e-01    +9.023827323159951e-01
+0.000000000000000e+00    +0.000000000000000e+00    -1.719669160157081e+06    -1.486189384013938e-02    -2.339013284081628e-02    +5.538491840344254e-01    +9.022950253685726e-01
+0.000000000000000e+00    +0.000000000000000e+00    -1.720464934872563e+06    -1.487191354243897e-02    -2.340623451760441e-02    +5.538250910477065e-01    +9.022071502284105e-01
+0.000000000000000e+00    +0.000000000000000e+00    -1.721260709588047e+06    -1.488194864125620e-02    -2.342236316048892e-02    +5.538009439939591e-01    +9.021191063363744e-01
+0.000000000000000e+00    +0.000000000000000e+00    -1.722056484303527e+06    -1.489199917976682e-02    -2.343851885008592e-02    +5.537767426904605e-01    +9.020308931560633e-01
+0.000000000000000e+00    +0.000000000000000e+00    -1.722852259019010e+06    -1.490206520204734e-02    -2.345470168242505e-02    +5.537524869532243e-01    +9.019425101203158e-01
+0.000000000000000e+00    +0.000000000000000e+00    -1.723648033734493e+06    -1.491214675177492e-02    -2.347091174111072e-02    +5.537281765976991e-01    +9.018539566834237e-01
+0.000000000000000e+00    +0.000000000000000e+00    -1.724443808449976e+06    -1.492224387317682e-02    -2.348714911759190e-02    +5.537038114382499e-01    +9.017652322830918e-01
+0.000000000000000e+00    +0.000000000000000e+00    -1.725239583165456e+06    -1.493235661048907e-02    -2.350341389958056e-02    +5.536793912884446e-01    +9.016763363621561e-01
+0.000000000000000e+00    +0.000000000000000e+00    -1.726035357880939e+06    -1.494248500858416e-02    -2.351970618439927e-02    +5.536549159607076e-01    +9.015872683435171e-01
+0.000000000000000e+00    +0.000000000000000e+00    -1.726831132596422e+06    -1.495262911170289e-02    -2.353602605193908e-02    +5.536303852670091e-01    +9.014980276808926e-01
+0.000000000000000e+00    +0.000000000000000e+00    -1.727626907311902e+06    -1.496278896523847e-02    -2.355237360263203e-02    +5.536057990178820e-01    +9.014086137875204e-01
+0.000000000000000e+00    +0.000000000000000e+00    -1.728422682027385e+06    -1.497296461413053e-02    -2.356874892323233e-02    +5.535811570232956e-01    +9.013190261003821e-01
+0.000000000000000e+00    +0.000000000000000e+00    -1.729218456742868e+06    -1.498315610414279e-02    -2.358515211395577e-02    +5.535564590919483e-01    +9.012292640292369e-01
+0.000000000000000e+00    +0.000000000000000e+00    -1.730014231458351e+06    -1.499336348025236e-02    -2.360158325425476e-02    +5.535317050321560e-01    +9.011393270208857e-01
+0.000000000000000e+00    +0.000000000000000e+00    -1.730810006173834e+06    -1.500358678877402e-02    -2.361804244786892e-02    +5.535068946506649e-01    +9.010492144745386e-01
+0.000000000000000e+00    +0.000000000000000e+00    -1.731605780889314e+06    -1.501382607553913e-02    -2.363452978416953e-02    +5.534820277536577e-01    +9.009589258144106e-01
+0.000000000000000e+00    +0.000000000000000e+00    -1.732401555604797e+06    -1.502408138701559e-02    -2.365104536185796e-02    +5.534571041461250e-01    +9.008684604451903e-01
+0.000000000000000e+00    +0.000000000000000e+00    -1.733197330320280e+06    -1.503435276960346e-02    -2.366758927403207e-02    +5.534321236322545e-01    +9.007778177800833e-01
+0.000000000000000e+00    +0.000000000000000e+00    -1.733993105035760e+06    -1.504464026994710e-02    -2.368416161476661e-02    +5.534070860152500e-01    +9.006869972284387e-01
+0.000000000000000e+00    +0.000000000000000e+00    -1.734788879751243e+06    -1.505494393502676e-02    -2.370076248101191e-02    +5.533819910972738e-01    +9.005959981921612e-01
+0.000000000000000e+00    +0.000000000000000e+00    -1.735584654466725e+06    -1.506526381199065e-02    -2.371739196902303e-02    +5.533568386795343e-01    +9.005048200724116e-01
+0.000000000000000e+00    +0.000000000000000e+00    -1.736380429182209e+06    -1.507559994810883e-02    -2.373405017335728e-02    +5.533316285623112e-01    +9.004134622714791e-01
+0.000000000000000e+00    +0.000000000000000e+00    -1.737176203897689e+06    -1.508595239125672e-02    -2.375073719702146e-02    +5.533063605446676e-01    +9.003219241736817e-01
+0.000000000000000e+00    +0.000000000000000e+00    -1.737971978613172e+06    -1.509632118912763e-02    -2.376745313487397e-02    +5.532810344248978e-01    +9.002302051765685e-01
+0.000000000000000e+00    +0.000000000000000e+00    -1.738767753328655e+06    -1.510670638984401e-02    -2.378419808644785e-02    +5.532556500001719e-01    +9.001383046667898e-01
+0.000000000000000e+00    +0.000000000000000e+00    -1.739563528044138e+06    -1.511710804170319e-02    -2.380097215058012e-02    +5.532302070666731e-01    +9.000462220301823e-01
+0.000000000000000e+00    +0.000000000000000e+00    -1.740359302759618e+06    -1.512752619320012e-02    -2.381777542586085e-02    +5.532047054195822e-01    +8.999539566509120e-01
+0.000000000000000e+00    +0.000000000000000e+00    -1.741155077475101e+06    -1.513796089344141e-02    -2.383460801926060e-02    +5.531791448528277e-01    +8.998615078952202e-01
+0.000000000000000e+00    +0.000000000000000e+00    -1.741950852190584e+06    -1.514841219110612e-02    -2.385147002435983e-02    +5.531535251596853e-01    +8.997688751523838e-01
+0.000000000000000e+00    +0.000000000000000e+00    -1.742746626906066e+06    -1.515888013548421e-02    -2.386836154304519e-02    +5.531278461321694e-01    +8.996760577938696e-01
+0.000000000000000e+00    +0.000000000000000e+00    -1.743542401621547e+06    -1.516936477629184e-02    -2.388528268159998e-02    +5.531021075611301e-01    +8.995830551806666e-01
+0.000000000000000e+00    +0.000000000000000e+00    -1.744338176337030e+06    -1.517986616313991e-02    -2.390223353957975e-02    +5.530763092365600e-01    +8.994898666842203e-01
+0.000000000000000e+00    +0.000000000000000e+00    -1.745133951052513e+06    -1.519038434612375e-02    -2.391921422208134e-02    +5.530504509472431e-01    +8.993964916633165e-01
+0.000000000000000e+00    +0.000000000000000e+00    -1.745929725767993e+06    -1.520091937535497e-02    -2.393622482996419e-02    +5.530245324810223e-01    +8.993029294824804e-01
+0.000000000000000e+00    +0.000000000000000e+00    -1.746725500483476e+06    -1.521147130156433e-02    -2.395326547234684e-02    +5.529985536244375e-01    +8.992091794884214e-01
+0.000000000000000e+00    +0.000000000000000e+00    -1.747521275198959e+06    -1.522204017536094e-02    -2.397033625118430e-02    +5.529725141631574e-01    +8.991152410390711e-01
+0.000000000000000e+00    +0.000000000000000e+00    -1.748317049914442e+06    -1.523262604795327e-02    -2.398743727619743e-02    +5.529464138815439e-01    +8.990211134754383e-01
+0.000000000000000e+00    +0.000000000000000e+00    -1.749112824629922e+06    -1.524322897028200e-02    -2.400456864686799e-02    +5.529202525631657e-01    +8.989267961555273e-01
+0.000000000000000e+00    +0.000000000000000e+00    -1.749908599345405e+06    -1.525384899424769e-02    -2.402173047783032e-02    +5.528940299900541e-01    +8.988322884064578e-01
+0.000000000000000e+00    +0.000000000000000e+00    -1.750704374060887e+06    -1.526448617118968e-02    -2.403892286735998e-02    +5.528677459436093e-01    +8.987375895838545e-01
+0.000000000000000e+00    +0.000000000000000e+00    -1.751500148776371e+06    -1.527514055339098e-02    -2.405614592846115e-02    +5.528414002036925e-01    +8.986426990132209e-01
+0.000000000000000e+00    +0.000000000000000e+00    -1.752295923491851e+06    -1.528581219343973e-02    -2.407339977560668e-02    +5.528149925489960e-01    +8.985476160149120e-01
+0.000000000000000e+00    +0.000000000000000e+00    -1.753091698207334e+06    -1.529650114343193e-02    -2.409068450828433e-02    +5.527885227575237e-01    +8.984523399351630e-01
+0.000000000000000e+00    +0.000000000000000e+00    -1.753887472922817e+06    -1.530720745668198e-02    -2.410800024621376e-02    +5.527619906055489e-01    +8.983568700796429e-01
+0.000000000000000e+00    +0.000000000000000e+00    -1.754683247638300e+06    -1.531793118581771e-02    -2.412534709008562e-02    +5.527353958687597e-01    +8.982612057874987e-01
+0.000000000000000e+00    +0.000000000000000e+00    -1.755479022353780e+06    -1.532867238464381e-02    -2.414272515985142e-02    +5.527087383211232e-01    +8.981653463590986e-01
+0.000000000000000e+00    +0.000000000000000e+00    -1.756274797069263e+06    -1.533943110673148e-02    -2.416013456569548e-02    +5.526820177357308e-01    +8.980692911107817e-01
+0.000000000000000e+00    +0.000000000000000e+00    -1.757070571784746e+06    -1.535020740575744e-02    -2.417757541498455e-02    +5.526552338845933e-01    +8.979730393617401e-01
+0.000000000000000e+00    +0.000000000000000e+00    -1.757866346500229e+06    -1.536100133609686e-02    -2.419504782437703e-02    +5.526283865382651e-01    +8.978765904111344e-01
+0.000000000000000e+00    +0.000000000000000e+00    -1.758662121215709e+06    -1.537181295238878e-02    -2.421255191086674e-02    +5.526014754661008e-01    +8.977799435549796e-01
+0.000000000000000e+00    +0.000000000000000e+00    -1.759457895931192e+06    -1.538264230942854e-02    -2.423008778954313e-02    +5.525745004363187e-01    +8.976830980903572e-01
+0.000000000000000e+00    +0.000000000000000e+00    -1.760253670646674e+06    -1.539348946208561e-02    -2.424765557189952e-02    +5.525474612160431e-01    +8.975860533186015e-01
+0.000000000000000e+00    +0.000000000000000e+00    -1.761049445362158e+06    -1.540435446567195e-02    -2.426525537331033e-02    +5.525203575710711e-01    +8.974888085311551e-01
+0.000000000000000e+00    +0.000000000000000e+00    -1.761845220077638e+06    -1.541523737592991e-02    -2.428288731273721e-02    +5.524931892658675e-01    +8.973913630101008e-01
+0.000000000000000e+00    +0.000000000000000e+00    -1.762640994793121e+06    -1.542613824885018e-02    -2.430055150896815e-02    +5.524659560636728e-01    +8.972937160352452e-01
+0.000000000000000e+00    +0.000000000000000e+00    -1.763436769508604e+06    -1.543705714061136e-02    -2.431824807935992e-02    +5.524386577265327e-01    +8.971958668864823e-01
+0.000000000000000e+00    +0.000000000000000e+00    -1.764232544224087e+06    -1.544799410778089e-02    -2.433597714388471e-02    +5.524112940151655e-01    +8.970978148361248e-01
+0.000000000000000e+00    +0.000000000000000e+00    -1.765028318939567e+06    -1.545894920691464e-02    -2.435373881696464e-02    +5.523838646892076e-01    +8.969995591643244e-01
+0.000000000000000e+00    +0.000000000000000e+00    -1.765824093655050e+06    -1.546992249535096e-02    -2.437153322353257e-02    +5.523563695067016e-01    +8.969010991286814e-01
+0.000000000000000e+00    +0.000000000000000e+00    -1.766619868370533e+06    -1.548091403063191e-02    -2.438936048724033e-02    +5.523288082244530e-01    +8.968024339865163e-01
+0.000000000000000e+00    +0.000000000000000e+00    -1.767415643086015e+06    -1.549192387030182e-02    -2.440722072636686e-02    +5.523011805981536e-01    +8.967035630025985e-01
+0.000000000000000e+00    +0.000000000000000e+00    -1.768211417801496e+06    -1.550295207244024e-02    -2.442511406454724e-02    +5.522734863820344e-01    +8.966044854288322e-01
+0.000000000000000e+00    +0.000000000000000e+00    -1.769007192516979e+06    -1.551399869519995e-02    -2.444304062141073e-02    +5.522457253291517e-01    +8.965052005219468e-01
+0.000000000000000e+00    +0.000000000000000e+00    -1.769802967232462e+06    -1.552506379765079e-02    -2.446100052952406e-02    +5.522178971908347e-01    +8.964057075114049e-01
+0.000000000000000e+00    +0.000000000000000e+00    -1.770598741947942e+06    -1.553614743834981e-02    -2.447899390557242e-02    +5.521900017175997e-01    +8.963060056539353e-01
+0.000000000000000e+00    +0.000000000000000e+00    -1.771394516663425e+06    -1.554724967679471e-02    -2.449702087955751e-02    +5.521620386582048e-01    +8.962060941782425e-01
+0.000000000000000e+00    +0.000000000000000e+00    -1.772190291378908e+06    -1.555837057247849e-02    -2.451508157574637e-02    +5.521340077602520e-01    +8.961059723210477e-01
+0.000000000000000e+00    +0.000000000000000e+00    -1.772986066094391e+06    -1.556951018545742e-02    -2.453317612402878e-02    +5.521059087698084e-01    +8.960056393055645e-01
+0.000000000000000e+00    +0.000000000000000e+00    -1.773781840809871e+06    -1.558066857605874e-02    -2.455130465400410e-02    +5.520777414315887e-01    +8.959050943526703e-01
+0.000000000000000e+00    +0.000000000000000e+00    -1.774577615525354e+06    -1.559184580442073e-02    -2.456946728575885e-02    +5.520495054892491e-01    +8.958043366983716e-01
+0.000000000000000e+00    +0.000000000000000e+00    -1.775373390240837e+06    -1.560304193206986e-02    -2.458766416132568e-02    +5.520212006843441e-01    +8.957033655341596e-01
+0.000000000000000e+00    +0.000000000000000e+00    -1.776169164956320e+06    -1.561425701974606e-02    -2.460589540121495e-02    +5.519928267577418e-01    +8.956021800893667e-01
+0.000000000000000e+00    +0.000000000000000e+00    -1.776964939671800e+06    -1.562549112936124e-02    -2.462416114343981e-02    +5.519643834483343e-01    +8.955007795571828e-01
+0.000000000000000e+00    +0.000000000000000e+00    -1.777760714387283e+06    -1.563674432248371e-02    -2.464246151327829e-02    +5.519358704940199e-01    +8.953991631519513e-01
+0.000000000000000e+00    +0.000000000000000e+00    -1.778556489102765e+06    -1.564801666165319e-02    -2.466079664938490e-02    +5.519072876308311e-01    +8.952973300596377e-01
+0.000000000000000e+00    +0.000000000000000e+00    -1.779352263818249e+06    -1.565930820934763e-02    -2.467916668320483e-02    +5.518786345936039e-01    +8.951952794768394e-01
+0.000000000000000e+00    +0.000000000000000e+00    -1.780148038533729e+06    -1.567061902864227e-02    -2.469757175201041e-02    +5.518499111155344e-01    +8.950930105860425e-01
+0.000000000000000e+00    +0.000000000000000e+00    -1.780943813249212e+06    -1.568194918282196e-02    -2.471601199116429e-02    +5.518211169284264e-01    +8.949905225702700e-01
+0.000000000000000e+00    +0.000000000000000e+00    -1.781739587964695e+06    -1.569329873523378e-02    -2.473448753117398e-02    +5.517922517627842e-01    +8.948878146186587e-01
+0.000000000000000e+00    +0.000000000000000e+00    -1.782535362680178e+06    -1.570466775006270e-02    -2.475299851297199e-02    +5.517633153472798e-01    +8.947848858974291e-01
+0.000000000000000e+00    +0.000000000000000e+00    -1.783331137395658e+06    -1.571605629210972e-02    -2.477154508344406e-02    +5.517343074088868e-01    +8.946817355583329e-01
+0.000000000000000e+00    +0.000000000000000e+00    -1.784126912111141e+06    -1.572746442538809e-02    -2.479012736773058e-02    +5.517052276738266e-01    +8.945783627912385e-01
+0.000000000000000e+00    +0.000000000000000e+00    -1.784922686826624e+06    -1.573889221528779e-02    -2.480874551183421e-02    +5.516760758660941e-01    +8.944747667432014e-01
+0.000000000000000e+00    +0.000000000000000e+00    -1.785718461542107e+06    -1.575033972732149e-02    -2.482739965784605e-02    +5.516468517082915e-01    +8.943709465654668e-01
+0.000000000000000e+00    +0.000000000000000e+00    -1.786514236257587e+06    -1.576180702735560e-02    -2.484608994844955e-02    +5.516175549214639e-01    +8.942669014049025e-01
+0.000000000000000e+00    +0.000000000000000e+00    -1.787310010973070e+06    -1.577329418120007e-02    -2.486481651884188e-02    +5.515881852253739e-01    +8.941626304193310e-01
+0.000000000000000e+00    +0.000000000000000e+00    -1.788105785688553e+06    -1.578480125613300e-02    -2.488357952653042e-02    +5.515587423374405e-01    +8.940581327208599e-01
+0.000000000000000e+00    +0.000000000000000e+00    -1.788901560404033e+06    -1.579632831846400e-02    -2.490237910358801e-02    +5.515292259744045e-01    +8.939534074666167e-01
+0.000000000000000e+00    +0.000000000000000e+00    -1.789697335119516e+06    -1.580787543573871e-02    -2.492121539973184e-02    +5.514996358508060e-01    +8.938484537768367e-01
+0.000000000000000e+00    +0.000000000000000e+00    -1.790493109834999e+06    -1.581944267595410e-02    -2.494008856689700e-02    +5.514699716795037e-01    +8.937432707641417e-01
+0.000000000000000e+00    +0.000000000000000e+00    -1.791288884550482e+06    -1.583103010678419e-02    -2.495899874411256e-02    +5.514402331722099e-01    +8.936378575622984e-01
+0.000000000000000e+00    +0.000000000000000e+00    -1.792084659265965e+06    -1.584263779687000e-02    -2.497794608258169e-02    +5.514104200385856e-01    +8.935322132784846e-01
+0.000000000000000e+00    +0.000000000000000e+00    -1.792880433981445e+06    -1.585426581505391e-02    -2.499693073071175e-02    +5.513805319867545e-01    +8.934263370217304e-01
+0.000000000000000e+00    +0.000000000000000e+00    -1.793676208696927e+06    -1.586591423102441e-02    -2.501595284656509e-02    +5.513505687228434e-01    +8.933202278791944e-01
+0.000000000000000e+00    +0.000000000000000e+00    -1.794471983412411e+06    -1.587758311408340e-02    -2.503501257390366e-02    +5.513205299518391e-01    +8.932138849617414e-01
+0.000000000000000e+00    +0.000000000000000e+00    -1.795267758127891e+06    -1.588927253457409e-02    -2.505411006981241e-02    +5.512904153765736e-01    +8.931073073513274e-01
+0.000000000000000e+00    +0.000000000000000e+00    -1.796063532843374e+06    -1.590098256256819e-02    -2.507324547923943e-02    +5.512602246986366e-01    +8.930004941494510e-01
+0.000000000000000e+00    +0.000000000000000e+00    -1.796859307558857e+06    -1.591271326962397e-02    -2.509241896888434e-02    +5.512299576171207e-01    +8.928934444125717e-01
+0.000000000000000e+00    +0.000000000000000e+00    -1.797655082274340e+06    -1.592446472686425e-02    -2.511163069003669e-02    +5.511996138299678e-01    +8.927861572228671e-01
+0.000000000000000e+00    +0.000000000000000e+00    -1.798450856989820e+06    -1.593623700560748e-02    -2.513088079073632e-02    +5.511691930335237e-01    +8.926786316650649e-01
+0.000000000000000e+00    +0.000000000000000e+00    -1.799246631705303e+06    -1.594803017878012e-02    -2.515016944285121e-02    +5.511386949215046e-01    +8.925708667747778e-01
+0.000000000000000e+00    +0.000000000000000e+00    -1.800042406420786e+06    -1.595984431880078e-02    -2.516949680131796e-02    +5.511081191864977e-01    +8.924628616161631e-01
+0.000000000000000e+00    +0.000000000000000e+00    -1.800838181136269e+06    -1.597167949822964e-02    -2.518886301662819e-02    +5.510774655194999e-01    +8.923546152581232e-01
+0.000000000000000e+00    +0.000000000000000e+00    -1.801633955851749e+06    -1.598353579093394e-02    -2.520826825707290e-02    +5.510467336090548e-01    +8.922461267318337e-01
+0.000000000000000e+00    +0.000000000000000e+00    -1.802429730567232e+06    -1.599541327086268e-02    -2.522771268518737e-02    +5.510159231421221e-01    +8.921373950756261e-01
+0.000000000000000e+00    +0.000000000000000e+00    -1.803225505282714e+06    -1.600731201227280e-02    -2.524719646204404e-02    +5.509850338039090e-01    +8.920284193267859e-01
+0.000000000000000e+00    +0.000000000000000e+00    -1.804021279998197e+06    -1.601923209027483e-02    -2.526671975758427e-02    +5.509540652774564e-01    +8.919191985017952e-01
+0.000000000000000e+00    +0.000000000000000e+00    -1.804817054713678e+06    -1.603117357960403e-02    -2.528628272715815e-02    +5.509230172445264e-01    +8.918097316410879e-01
+0.000000000000000e+00    +0.000000000000000e+00    -1.805612829429161e+06    -1.604313655668286e-02    -2.530588555069239e-02    +5.508918893840805e-01    +8.917000177342342e-01
+0.000000000000000e+00    +0.000000000000000e+00    -1.806408604144644e+06    -1.605512109712057e-02    -2.532552838509326e-02    +5.508606813740943e-01    +8.915900558107909e-01
+0.000000000000000e+00    +0.000000000000000e+00    -1.807204378860124e+06    -1.606712727795117e-02    -2.534521140668658e-02    +5.508293928899105e-01    +8.914798448592272e-01
+0.000000000000000e+00    +0.000000000000000e+00    -1.808000153575607e+06    -1.607915517585763e-02    -2.536493477747184e-02    +5.507980236055252e-01    +8.913693838913428e-01
+0.000000000000000e+00    +0.000000000000000e+00    -1.808795928291090e+06    -1.609120486867924e-02    -2.538469867360558e-02    +5.507665731924692e-01    +8.912586718878228e-01
+0.000000000000000e+00    +0.000000000000000e+00    -1.809591703006573e+06    -1.610327643469449e-02    -2.540450327172453e-02    +5.507350413203140e-01    +8.911477078243158e-01
+0.000000000000000e+00    +0.000000000000000e+00    -1.810387477722053e+06    -1.611536995210884e-02    -2.542434873924998e-02    +5.507034276570482e-01    +8.910364906899565e-01
+0.000000000000000e+00    +0.000000000000000e+00    -1.811183252437536e+06    -1.612748550025365e-02    -2.544423525690961e-02    +5.506717318681716e-01    +8.909250194442645e-01
+0.000000000000000e+00    +0.000000000000000e+00    -1.811979027153019e+06    -1.613962315828643e-02    -2.546416299420277e-02    +5.506399536176474e-01    +8.908132930640263e-01
+0.000000000000000e+00    +0.000000000000000e+00    -1.812774801868502e+06    -1.615178300630448e-02    -2.548413213027629e-02    +5.506080925670602e-01    +8.907013105033389e-01
+0.000000000000000e+00    +0.000000000000000e+00    -1.813570576583982e+06    -1.616396512526258e-02    -2.550414285224922e-02    +5.505761483756536e-01    +8.905890706967482e-01
+0.000000000000000e+00    +0.000000000000000e+00    -1.814366351299465e+06    -1.617616959595939e-02    -2.552419533616564e-02    +5.505441207010853e-01    +8.904765725956804e-01
+0.000000000000000e+00    +0.000000000000000e+00    -1.815162126014948e+06    -1.618839649938420e-02    -2.554428975347115e-02    +5.505120091991607e-01    +8.903638151560342e-01
+0.000000000000000e+00    +0.000000000000000e+00    -1.815957900730431e+06    -1.620064591828713e-02    -2.556442630022436e-02    +5.504798135226162e-01    +8.902507972821831e-01
+0.000000000000000e+00    +0.000000000000000e+00    -1.816753675445911e+06    -1.621291793477374e-02    -2.558460515212378e-02    +5.504475333229314e-01    +8.901375179130590e-01
+0.000000000000000e+00    +0.000000000000000e+00    -1.817549450161394e+06    -1.622521263221236e-02    -2.560482650000119e-02    +5.504151682488706e-01    +8.900239759541494e-01
+0.000000000000000e+00    +0.000000000000000e+00    -1.818345224876876e+06    -1.623753009433215e-02    -2.562509053292326e-02    +5.503827179471459e-01    +8.899101703098085e-01
+0.000000000000000e+00    +0.000000000000000e+00    -1.819140999592360e+06    -1.624987040451725e-02    -2.564539742507095e-02    +5.503501820629586e-01    +8.897960999083983e-01
+0.000000000000000e+00    +0.000000000000000e+00    -1.819936774307840e+06    -1.626223364835202e-02    -2.566574738282085e-02    +5.503175602380155e-01    +8.896817636119743e-01
+0.000000000000000e+00    +0.000000000000000e+00    -1.820732549023323e+06    -1.627461991054825e-02    -2.568614058773320e-02    +5.502848521128781e-01    +8.895671603255446e-01
+0.000000000000000e+00    +0.000000000000000e+00    -1.821528323738805e+06    -1.628702927710015e-02    -2.570657723637249e-02    +5.502520573252975e-01    +8.894522889206937e-01
+0.000000000000000e+00    +0.000000000000000e+00    -1.822324098454289e+06    -1.629946183424433e-02    -2.572705752098875e-02    +5.502191755109906e-01    +8.893371482725760e-01
+0.000000000000000e+00    +0.000000000000000e+00    -1.823119873169769e+06    -1.631191766896202e-02    -2.574758163870732e-02    +5.501862063032412e-01    +8.892217372422508e-01
+0.000000000000000e+00    +0.000000000000000e+00    -1.823915647885252e+06    -1.632439686827858e-02    -2.576814977856735e-02    +5.501531493334306e-01    +8.891060547015232e-01
+0.000000000000000e+00    +0.000000000000000e+00    -1.824711422600735e+06    -1.633689952047327e-02    -2.578876214366979e-02    +5.501200042300747e-01    +8.889900994903801e-01
+0.000000000000000e+00    +0.000000000000000e+00    -1.825507197316218e+06    -1.634942571421756e-02    -2.580941893523474e-02    +5.500867706194762e-01    +8.888738704475420e-01
+0.000000000000000e+00    +0.000000000000000e+00    -1.826302972031698e+06    -1.636197553851629e-02    -2.583012035146968e-02    +5.500534481257637e-01    +8.887573664126110e-01
+0.000000000000000e+00    +0.000000000000000e+00    -1.827098746747181e+06    -1.637454908321235e-02    -2.585086659671499e-02    +5.500200363704735e-01    +8.886405862084558e-01
+0.000000000000000e+00    +0.000000000000000e+00    -1.827894521462664e+06    -1.638714643918022e-02    -2.587165788484212e-02    +5.499865349723727e-01    +8.885235286346133e-01
+0.000000000000000e+00    +0.000000000000000e+00    -1.828690296178146e+06    -1.639976769624114e-02    -2.589249440122373e-02    +5.499529435491118e-01    +8.884061925403820e-01
+0.000000000000000e+00    +0.000000000000000e+00    -1.829486070893627e+06    -1.641241294706592e-02    -2.591337637367690e-02    +5.499192617140943e-01    +8.882885766883648e-01
+0.000000000000000e+00    +0.000000000000000e+00    -1.830281845609110e+06    -1.642508228298282e-02    -2.593430399612163e-02    +5.498854890797952e-01    +8.881706799012088e-01
+0.000000000000000e+00    +0.000000000000000e+00    -1.831077620324593e+06    -1.643777579689132e-02    -2.595527748146512e-02    +5.498516252554347e-01    +8.880525009598869e-01
+0.000000000000000e+00    +0.000000000000000e+00    -1.831873395040073e+06    -1.645049358256849e-02    -2.597629704883755e-02    +5.498176698474911e-01    +8.879340386281492e-01
+0.000000000000000e+00    +0.000000000000000e+00    -1.832669169755556e+06    -1.646323573364137e-02    -2.599736290494912e-02    +5.497836224605241e-01    +8.878152916883837e-01
+0.000000000000000e+00    +0.000000000000000e+00    -1.833464944471039e+06    -1.647600234504755e-02    -2.601847527038425e-02    +5.497494826959782e-01    +8.876962588909558e-01
+0.000000000000000e+00    +0.000000000000000e+00    -1.834260719186522e+06    -1.648879351190945e-02    -2.603963435918431e-02    +5.497152501530695e-01    +8.875769389934575e-01
+0.000000000000000e+00    +0.000000000000000e+00    -1.835056493902002e+06    -1.650160933017853e-02    -2.606084039037438e-02    +5.496809244282507e-01    +8.874573307384714e-01
+0.000000000000000e+00    +0.000000000000000e+00    -1.835852268617485e+06    -1.651444989639060e-02    -2.608209358345027e-02    +5.496465051153892e-01    +8.873374328622092e-01
+0.000000000000000e+00    +0.000000000000000e+00    -1.836648043332967e+06    -1.652731530785666e-02    -2.610339416170662e-02    +5.496119918055896e-01    +8.872172440880460e-01
+0.000000000000000e+00    +0.000000000000000e+00    -1.837443818048451e+06    -1.654020566236987e-02    -2.612474234688571e-02    +5.495773840874193e-01    +8.870967631367862e-01
+0.000000000000000e+00    +0.000000000000000e+00    -1.838239592763931e+06    -1.655312105904723e-02    -2.614613837410108e-02    +5.495426815461895e-01    +8.869759886978216e-01
+0.000000000000000e+00    +0.000000000000000e+00    -1.839035367479414e+06    -1.656606159635873e-02    -2.616758245657841e-02    +5.495078837655685e-01    +8.868549194971049e-01
+0.000000000000000e+00    +0.000000000000000e+00    -1.839831142194897e+06    -1.657902737500815e-02    -2.618907483691321e-02    +5.494729903251822e-01    +8.867335541982065e-01
+0.000000000000000e+00    +0.000000000000000e+00    -1.840626916910380e+06    -1.659201849518600e-02    -2.621061573802241e-02    +5.494380008028580e-01    +8.866118914968870e-01
+0.000000000000000e+00    +0.000000000000000e+00    -1.841422691625860e+06    -1.660503505782306e-02    -2.623220538541714e-02    +5.494029147735867e-01    +8.864899300781063e-01
+0.000000000000000e+00    +0.000000000000000e+00    -1.842218466341343e+06    -1.661807716618979e-02    -2.625384403533949e-02    +5.493677318081400e-01    +8.863676685615692e-01
+0.000000000000000e+00    +0.000000000000000e+00    -1.843014241056826e+06    -1.663114492206599e-02    -2.627553190684148e-02    +5.493324514762628e-01    +8.862451056328718e-01
+0.000000000000000e+00    +0.000000000000000e+00    -1.843810015772309e+06    -1.664423842942800e-02    -2.629726924695210e-02    +5.492970733435774e-01    +8.861222399175954e-01
+0.000000000000000e+00    +0.000000000000000e+00    -1.844605790487789e+06    -1.665735779220711e-02    -2.631905629092079e-02    +5.492615969734240e-01    +8.859990700580185e-01
+0.000000000000000e+00    +0.000000000000000e+00    -1.845401565203272e+06    -1.667050311563500e-02    -2.634089328584141e-02    +5.492260219257193e-01    +8.858755946674255e-01
+0.000000000000000e+00    +0.000000000000000e+00    -1.846197339918755e+06    -1.668367450516565e-02    -2.636278047156342e-02    +5.491903477578395e-01    +8.857518123669433e-01
+0.000000000000000e+00    +0.000000000000000e+00    -1.846993114634238e+06    -1.669687206743352e-02    -2.638471809741491e-02    +5.491545740237905e-01    +8.856277217531490e-01
+0.000000000000000e+00    +0.000000000000000e+00    -1.847788889349718e+06    -1.671009590973510e-02    -2.640670641296549e-02    +5.491187002746216e-01    +8.855033214158616e-01
+0.000000000000000e+00    +0.000000000000000e+00    -1.848584664065201e+06    -1.672334613935514e-02    -2.642874565618887e-02    +5.490827260589877e-01    +8.853786099610267e-01
+0.000000000000000e+00    +0.000000000000000e+00    -1.849380438780684e+06    -1.673662286628829e-02    -2.645083610080235e-02    +5.490466509207879e-01    +8.852535859189702e-01
+0.000000000000000e+00    +0.000000000000000e+00    -1.850176213496164e+06    -1.674992619942293e-02    -2.647297798957288e-02    +5.490104744024082e-01    +8.851282478734720e-01
+0.000000000000000e+00    +0.000000000000000e+00    -1.850971988211647e+06    -1.676325624867857e-02    -2.649517157155940e-02    +5.489741960428955e-01    +8.850025943896512e-01
+0.000000000000000e+00    +0.000000000000000e+00    -1.851767762927129e+06    -1.677661312660285e-02    -2.651741712956811e-02    +5.489378153765152e-01    +8.848766239606022e-01
+0.000000000000000e+00    +0.000000000000000e+00    -1.852563537642613e+06    -1.678999694397068e-02    -2.653971490372113e-02    +5.489013319365478e-01    +8.847503351554977e-01
+0.000000000000000e+00    +0.000000000000000e+00    -1.853359312358096e+06    -1.680340781385915e-02    -2.656206516202281e-02    +5.488647452517570e-01    +8.846237264827812e-01
+0.000000000000000e+00    +0.000000000000000e+00    -1.854155087073576e+06    -1.681684584998703e-02    -2.658446817138576e-02    +5.488280548477733e-01    +8.844967964462007e-01
+0.000000000000000e+00    +0.000000000000000e+00    -1.854950861789059e+06    -1.683031116632814e-02    -2.660692419091027e-02    +5.487912602474281e-01    +8.843695435578320e-01
+0.000000000000000e+00    +0.000000000000000e+00    -1.855746636504542e+06    -1.684380387893467e-02    -2.662943350310370e-02    +5.487543609691251e-01    +8.842419662774016e-01
+0.000000000000000e+00    +0.000000000000000e+00    -1.856542411220022e+06    -1.685732410407735e-02    -2.665199638170952e-02    +5.487173565284350e-01    +8.841140630746344e-01
+0.000000000000000e+00    +0.000000000000000e+00    -1.857338185935505e+06    -1.687087195768520e-02    -2.667461308211920e-02    +5.486802464385979e-01    +8.839858324478884e-01
+0.000000000000000e+00    +0.000000000000000e+00    -1.858133960650988e+06    -1.688444755923009e-02    -2.669728390767166e-02    +5.486430302070417e-01    +8.838572727952451e-01
+0.000000000000000e+00    +0.000000000000000e+00    -1.858929735366471e+06    -1.689805102646906e-02    -2.672000911956555e-02    +5.486057073400032e-01    +8.837283825894454e-01
+0.000000000000000e+00    +0.000000000000000e+00    -1.859725510081951e+06    -1.691168247932998e-02    -2.674278900319869e-02    +5.485682773390911e-01    +8.835991602489847e-01
+0.000000000000000e+00    +0.000000000000000e+00    -1.860521284797434e+06    -1.692534203822225e-02    -2.676562383913739e-02    +5.485307397027278e-01    +8.834696041943947e-01
+0.000000000000000e+00    +0.000000000000000e+00    -1.861317059512916e+06    -1.693902982538814e-02    -2.678851392593132e-02    +5.484930939249232e-01    +8.833397128038066e-01
+0.000000000000000e+00    +0.000000000000000e+00    -1.862112834228400e+06    -1.695274596241228e-02    -2.681145953773170e-02    +5.484553394974824e-01    +8.832094844953420e-01
+0.000000000000000e+00    +0.000000000000000e+00    -1.862908608943880e+06    -1.696649057334740e-02    -2.683446097713350e-02    +5.484174759071794e-01    +8.830789176242224e-01
+0.000000000000000e+00    +0.000000000000000e+00    -1.863704383659363e+06    -1.698026378206413e-02    -2.685751853013917e-02    +5.483795026380976e-01    +8.829480105703151e-01
+0.000000000000000e+00    +0.000000000000000e+00    -1.864500158374846e+06    -1.699406571432204e-02    -2.688063250101526e-02    +5.483414191697471e-01    +8.828167616702169e-01
+0.000000000000000e+00    +0.000000000000000e+00    -1.865295933090329e+06    -1.700789649570675e-02    -2.690380317737134e-02    +5.483032249788966e-01    +8.826851692851827e-01
+0.000000000000000e+00    +0.000000000000000e+00    -1.866091707805809e+06    -1.702175625417503e-02    -2.692703087281286e-02    +5.482649195372397e-01    +8.825532317179404e-01
+0.000000000000000e+00    +0.000000000000000e+00    -1.866887482521292e+06    -1.703574961366761e-02    -2.695050966052602e-02    +5.482263923675370e-01    +8.824202329133513e-01
+0.000000000000000e+00    +0.000000000000000e+00    -1.867683257236775e+06    -1.704966886415755e-02    -2.697385448351430e-02    +5.481878615049255e-01    +8.822875917751940e-01
+0.000000000000000e+00    +0.000000000000000e+00    -1.868479031952255e+06    -1.706361749455705e-02    -2.699725724827070e-02    +5.481492177700924e-01    +8.821546002977134e-01
+0.000000000000000e+00    +0.000000000000000e+00    -1.869274806667738e+06    -1.707759563562091e-02    -2.702071829061119e-02    +5.481104606168389e-01    +8.820212567085618e-01
+0.000000000000000e+00    +0.000000000000000e+00    -1.870070581383221e+06    -1.709160342057731e-02    -2.704423792787136e-02    +5.480715894968148e-01    +8.818875592596405e-01
+0.000000000000000e+00    +0.000000000000000e+00    -1.870866356098704e+06    -1.710564098178594e-02    -2.706781647643159e-02    +5.480326038596337e-01    +8.817535062024784e-01
+0.000000000000000e+00    +0.000000000000000e+00    -1.871662130814184e+06    -1.711970845478652e-02    -2.709145425973460e-02    +5.479935031485742e-01    +8.816190957595930e-01
+0.000000000000000e+00    +0.000000000000000e+00    -1.872457905529667e+06    -1.713380597511766e-02    -2.711515160200917e-02    +5.479542868039025e-01    +8.814843261468575e-01
+0.000000000000000e+00    +0.000000000000000e+00    -1.873253680245150e+06    -1.714793367995076e-02    -2.713890883151116e-02    +5.479149542611202e-01    +8.813491955619019e-01
+0.000000000000000e+00    +0.000000000000000e+00    -1.874049454960633e+06    -1.716209170711367e-02    -2.716272627860570e-02    +5.478755049519629e-01    +8.812137021909259e-01
+0.000000000000000e+00    +0.000000000000000e+00    -1.874845229676113e+06    -1.717628019511939e-02    -2.718660427583484e-02    +5.478359383043422e-01    +8.810778442084293e-01
+0.000000000000000e+00    +0.000000000000000e+00    -1.875641004391596e+06    -1.719049928481747e-02    -2.721054316119611e-02    +5.477962537405628e-01    +8.809416197654616e-01
+0.000000000000000e+00    +0.000000000000000e+00    -1.876436779107078e+06    -1.720474911757450e-02    -2.723454327455714e-02    +5.477564506792171e-01    +8.808050270023996e-01
+0.000000000000000e+00    +0.000000000000000e+00    -1.877232553822562e+06    -1.721902983554716e-02    -2.725860495820748e-02    +5.477165285348657e-01    +8.806680640469445e-01
+0.000000000000000e+00    +0.000000000000000e+00    -1.878028328538042e+06    -1.723334158267115e-02    -2.728272855882743e-02    +5.476764867169545e-01    +8.805307290070478e-01
+0.000000000000000e+00    +0.000000000000000e+00    -1.878824103253525e+06    -1.724768450423036e-02    -2.730691442665010e-02    +5.476363246302350e-01    +8.803930199738702e-01
+0.000000000000000e+00    +0.000000000000000e+00    -1.879619877969008e+06    -1.726205874598317e-02    -2.733116291374533e-02    +5.475960416756651e-01    +8.802549350278890e-01
+0.000000000000000e+00    +0.000000000000000e+00    -1.880415652684491e+06    -1.727646445473448e-02    -2.735547437516463e-02    +5.475556372497652e-01    +8.801164722347656e-01
+0.000000000000000e+00    +0.000000000000000e+00    -1.881211427399971e+06    -1.729090177960978e-02    -2.737984917147629e-02    +5.475151107432226e-01    +8.799776296362395e-01
+0.000000000000000e+00    +0.000000000000000e+00    -1.882007202115454e+06    -1.730537087067491e-02    -2.740428766604914e-02    +5.474744615423289e-01    +8.798384052598089e-01
+0.000000000000000e+00    +0.000000000000000e+00    -1.882802976830937e+06    -1.731987187845436e-02    -2.742879022411232e-02    +5.474336890294611e-01    +8.796987971220651e-01
+0.000000000000000e+00    +0.000000000000000e+00    -1.883598751546420e+06    -1.733440495580500e-02    -2.745335721647849e-02    +5.473927925810392e-01    +8.795588032153228e-01
+0.000000000000000e+00    +0.000000000000000e+00    -1.884394526261900e+06    -1.734897025616574e-02    -2.747798901609438e-02    +5.473517715693670e-01    +8.794184215199371e-01
+0.000000000000000e+00    +0.000000000000000e+00    -1.885190300977383e+06    -1.736356793442162e-02    -2.750268599976591e-02    +5.473106253616649e-01    +8.792776499980856e-01
+0.000000000000000e+00    +0.000000000000000e+00    -1.885986075692866e+06    -1.737819814736320e-02    -2.752744854908348e-02    +5.472693533195416e-01    +8.791364865904159e-01
+0.000000000000000e+00    +0.000000000000000e+00    -1.886781850408349e+06    -1.739286105151796e-02    -2.755227704614310e-02    +5.472279548012863e-01    +8.789949292313437e-01
+0.000000000000000e+00    +0.000000000000000e+00    -1.887577625123829e+06    -1.740755680736713e-02    -2.757717188191242e-02    +5.471864291572928e-01    +8.788529758190237e-01
+0.000000000000000e+00    +0.000000000000000e+00    -1.888373399839312e+06    -1.742228557410190e-02    -2.760213344586361e-02    +5.471447757356669e-01    +8.787106242524775e-01
+0.000000000000000e+00    +0.000000000000000e+00    -1.889169174554795e+06    -1.743704751468722e-02    -2.762716213601669e-02    +5.471029938767282e-01    +8.785678723955422e-01
+0.000000000000000e+00    +0.000000000000000e+00    -1.889964949270278e+06    -1.745184279129759e-02    -2.765225834991778e-02    +5.470610829178947e-01    +8.784247181091887e-01
+0.000000000000000e+00    +0.000000000000000e+00    -1.890760723985758e+06    -1.746667156910172e-02    -2.767742249215107e-02    +5.470190421895565e-01    +8.782811592245314e-01
+0.000000000000000e+00    +0.000000000000000e+00    -1.891556498701241e+06    -1.748153401381088e-02    -2.770265496950111e-02    +5.469768710176827e-01    +8.781371935601483e-01
+0.000000000000000e+00    +0.000000000000000e+00    -1.892352273416724e+06    -1.749643029381388e-02    -2.772795619519953e-02    +5.469345687214675e-01    +8.779928189067946e-01
+0.000000000000000e+00    +0.000000000000000e+00    -1.893148048132204e+06    -1.751136057767149e-02    -2.775332658397897e-02    +5.468921346160036e-01    +8.778480330451178e-01
+0.000000000000000e+00    +0.000000000000000e+00    -1.893943822847687e+06    -1.752632503590757e-02    -2.777876655563949e-02    +5.468495680102979e-01    +8.777028337328143e-01
+0.000000000000000e+00    +0.000000000000000e+00    -1.894739597563170e+06    -1.754132384109964e-02    -2.780427653524771e-02    +5.468068682071276e-01    +8.775572187038658e-01
+0.000000000000000e+00    +0.000000000000000e+00    -1.895535372278653e+06    -1.755635716670689e-02    -2.782985695083305e-02    +5.467640345042692e-01    +8.774111856767762e-01
+0.000000000000000e+00    +0.000000000000000e+00    -1.896331146994133e+06    -1.757142518828821e-02    -2.785550823582024e-02    +5.467210661931283e-01    +8.772647323457845e-01
+0.000000000000000e+00    +0.000000000000000e+00    -1.897126921709616e+06    -1.758652808173661e-02    -2.788123082555013e-02    +5.466779625606191e-01    +8.771178563933320e-01
+0.000000000000000e+00    +0.000000000000000e+00    -1.897922696425099e+06    -1.760166602691754e-02    -2.790702516451128e-02    +5.466347228851509e-01    +8.769705554640143e-01
+0.000000000000000e+00    +0.000000000000000e+00    -1.898718471140582e+06    -1.761683920302822e-02    -2.793289169716230e-02    +5.465913464416415e-01    +8.768228271975395e-01
+0.000000000000000e+00    +0.000000000000000e+00    -1.899514245856062e+06    -1.763204779220929e-02    -2.795883087511039e-02    +5.465478324975289e-01    +8.766746692028662e-01
+0.000000000000000e+00    +0.000000000000000e+00    -1.900310020571545e+06    -1.764729197860510e-02    -2.798484315527170e-02    +5.465041803137469e-01    +8.765260790647722e-01
+0.000000000000000e+00    +0.000000000000000e+00    -1.901105795287028e+06    -1.766257194600830e-02    -2.801092899522087e-02    +5.464603891472560e-01    +8.763770543605469e-01
+0.000000000000000e+00    +0.000000000000000e+00    -1.901901570002511e+06    -1.767788788227484e-02    -2.803708886196780e-02    +5.464164582461598e-01    +8.762275926283548e-01
+0.000000000000000e+00    +0.000000000000000e+00    -1.902697344717991e+06    -1.769323997606472e-02    -2.806332322551869e-02    +5.463723868532215e-01    +8.760776913903667e-01
+0.000000000000000e+00    +0.000000000000000e+00    -1.903493119433474e+06    -1.770862841770464e-02    -2.808963256060726e-02    +5.463281742048708e-01    +8.759273481464777e-01
+0.000000000000000e+00    +0.000000000000000e+00    -1.904288894148957e+06    -1.772405339884506e-02    -2.811601734603849e-02    +5.462838195315280e-01    +8.757765603766280e-01
+0.000000000000000e+00    +0.000000000000000e+00    -1.905084668864440e+06    -1.773951511518288e-02    -2.814247807011469e-02    +5.462393220545548e-01    +8.756253255212000e-01
+0.000000000000000e+00    +0.000000000000000e+00    -1.905880443579920e+06    -1.775501376145031e-02    -2.816901522071681e-02    +5.461946809917171e-01    +8.754736410167122e-01
+0.000000000000000e+00    +0.000000000000000e+00    -1.906676218295403e+06    -1.777054953513450e-02    -2.819562929270762e-02    +5.461498955530373e-01    +8.753215042690917e-01
+0.000000000000000e+00    +0.000000000000000e+00    -1.907471993010886e+06    -1.778612263728519e-02    -2.822232078956306e-02    +5.461049649398423e-01    +8.751689126477394e-01
+0.000000000000000e+00    +0.000000000000000e+00    -1.908267767726369e+06    -1.780173326942200e-02    -2.824909021725889e-02    +5.460598883481189e-01    +8.750158635075170e-01
+0.000000000000000e+00    +0.000000000000000e+00    -1.909063542441849e+06    -1.781738163394518e-02    -2.827593808510947e-02    +5.460146649680157e-01    +8.748623541856820e-01
+0.000000000000000e+00    +0.000000000000000e+00    -1.909859317157332e+06    -1.783306793739043e-02    -2.830286491225724e-02    +5.459692939801740e-01    +8.747083819784212e-01
+0.000000000000000e+00    +0.000000000000000e+00    -1.910655091872815e+06    -1.784879238764718e-02    -2.832987122217881e-02    +5.459237745587512e-01    +8.745539441606195e-01
+0.000000000000000e+00    +0.000000000000000e+00    -1.911450866588295e+06    -1.786455519434887e-02    -2.835695754348563e-02    +5.458781058709293e-01    +8.743990379829163e-01
+0.000000000000000e+00    +0.000000000000000e+00    -1.912246641303778e+06    -1.788035656866780e-02    -2.838412440954424e-02    +5.458322870770854e-01    +8.742436606730282e-01
+0.000000000000000e+00    +0.000000000000000e+00    -1.913042416019261e+06    -1.789619672498182e-02    -2.841137236181621e-02    +5.457863173288753e-01    +8.740878094236354e-01
+0.000000000000000e+00    +0.000000000000000e+00    -1.913838190734744e+06    -1.791207587914784e-02    -2.843870194645809e-02    +5.457401957710921e-01    +8.739314814046015e-01
+0.000000000000000e+00    +0.000000000000000e+00    -1.914633965450227e+06    -1.792799425071357e-02    -2.846611371874543e-02    +5.456939215391365e-01    +8.737746737469358e-01
+0.000000000000000e+00    +0.000000000000000e+00    -1.915429740165707e+06    -1.794395205814525e-02    -2.849360823362131e-02    +5.456474937642786e-01    +8.736173835768954e-01
+0.000000000000000e+00    +0.000000000000000e+00    -1.916225514881190e+06    -1.795994952638074e-02    -2.852118606073409e-02    +5.456009115651581e-01    +8.734596079615756e-01
+0.000000000000000e+00    +0.000000000000000e+00    -1.917021289596673e+06    -1.797598687797985e-02    -2.854884776688562e-02    +5.455541740576105e-01    +8.733013439723045e-01
+0.000000000000000e+00    +0.000000000000000e+00    -1.917817064312153e+06    -1.799206434257157e-02    -2.857659393483599e-02    +5.455072803440305e-01    +8.731425886165902e-01
+0.000000000000000e+00    +0.000000000000000e+00    -1.918612839027636e+06    -1.800818214702302e-02    -2.860442514379909e-02    +5.454602295243112e-01    +8.729833389086057e-01
+0.000000000000000e+00    +0.000000000000000e+00    -1.919408613743118e+06    -1.802434052622705e-02    -2.863234199091747e-02    +5.454130206836832e-01    +8.728235917914429e-01
+0.000000000000000e+00    +0.000000000000000e+00    -1.920204388458602e+06    -1.804053971177873e-02    -2.866034506878853e-02    +5.453656529053507e-01    +8.726633442183707e-01
+0.000000000000000e+00    +0.000000000000000e+00    -1.921000163174082e+06    -1.805677994402224e-02    -2.868843498944821e-02    +5.453181252568824e-01    +8.725025930659708e-01
+0.000000000000000e+00    +0.000000000000000e+00    -1.921795937889565e+06    -1.807306145901598e-02    -2.871661235849132e-02    +5.452704368048022e-01    +8.723413352277659e-01
+0.000000000000000e+00    +0.000000000000000e+00    -1.922591712605048e+06    -1.808938449995833e-02    -2.874487779782363e-02    +5.452225866016567e-01    +8.721795675317805e-01
+0.000000000000000e+00    +0.000000000000000e+00    -1.923387487320531e+06    -1.810574931059818e-02    -2.877323193260066e-02    +5.451745736933581e-01    +8.720172867877787e-01
+0.000000000000000e+00    +0.000000000000000e+00    -1.924183262036011e+06    -1.812215614128720e-02    -2.880167540330171e-02    +5.451263971122737e-01    +8.718544897434483e-01
+0.000000000000000e+00    +0.000000000000000e+00    -1.924979036751494e+06    -1.813860523685434e-02    -2.883020884164730e-02    +5.450780558908586e-01    +8.716911731716241e-01
+0.000000000000000e+00    +0.000000000000000e+00    -1.925774811466977e+06    -1.815509685303594e-02    -2.885883290332203e-02    +5.450295490429941e-01    +8.715273337516127e-01
+0.000000000000000e+00    +0.000000000000000e+00    -1.926570586182460e+06    -1.817163124416366e-02    -2.888754824352747e-02    +5.449808755778351e-01    +8.713629681577519e-01
+0.000000000000000e+00    +0.000000000000000e+00    -1.927366360897940e+06    -1.818820866703645e-02    -2.891635552471909e-02    +5.449320344953543e-01    +8.711980730312980e-01
+0.000000000000000e+00    +0.000000000000000e+00    -1.928162135613423e+06    -1.820482938456226e-02    -2.894525542390065e-02    +5.448830247821160e-01    +8.710326449538932e-01
+0.000000000000000e+00    +0.000000000000000e+00    -1.928957910328906e+06    -1.822149365839545e-02    -2.897424861801387e-02    +5.448338454195593e-01    +8.708666805005125e-01
+0.000000000000000e+00    +0.000000000000000e+00    -1.929753685044389e+06    -1.823820175569990e-02    -2.900333579744019e-02    +5.447844953762248e-01    +8.707001761903984e-01
+0.000000000000000e+00    +0.000000000000000e+00    -1.930549459759869e+06    -1.825495394626536e-02    -2.903251766031018e-02    +5.447349736109448e-01    +8.705331285076459e-01
+0.000000000000000e+00    +0.000000000000000e+00    -1.931345234475352e+06    -1.827175050193654e-02    -2.906179491141056e-02    +5.446852790734058e-01    +8.703655339051026e-01
+0.000000000000000e+00    +0.000000000000000e+00    -1.932141009190835e+06    -1.828859169853800e-02    -2.909116826606286e-02    +5.446354107018669e-01    +8.701973887902158e-01
+0.000000000000000e+00    +0.000000000000000e+00    -1.932936783906318e+06    -1.830547781561993e-02    -2.912063844966872e-02    +5.445853674233497e-01    +8.700286895266067e-01
+0.000000000000000e+00    +0.000000000000000e+00    -1.933732558621798e+06    -1.832240913365798e-02    -2.915020619217851e-02    +5.445351481567532e-01    +8.698594324541038e-01
+0.000000000000000e+00    +0.000000000000000e+00    -1.934528333337281e+06    -1.833938593808920e-02    -2.917987223618027e-02    +5.444847518081402e-01    +8.696896138592735e-01
+0.000000000000000e+00    +0.000000000000000e+00    -1.935324108052764e+06    -1.835640851822899e-02    -2.920963733479729e-02    +5.444341772718742e-01    +8.695192299829840e-01
+0.000000000000000e+00    +0.000000000000000e+00    -1.936119882768244e+06    -1.837347716417354e-02    -2.923950224556539e-02    +5.443834234340819e-01    +8.693482770426001e-01
+0.000000000000000e+00    +0.000000000000000e+00    -1.936915657483727e+06    -1.839059217186785e-02    -2.926946774058475e-02    +5.443324891667303e-01    +8.691767511949861e-01
+0.000000000000000e+00    +0.000000000000000e+00    -1.937711432199209e+06    -1.840775383946374e-02    -2.929953459931929e-02    +5.442813733317106e-01    +8.690046485626228e-01
+0.000000000000000e+00    +0.000000000000000e+00    -1.938507206914693e+06    -1.842496246742078e-02    -2.932970360885038e-02    +5.442300747806250e-01    +8.688319652326191e-01
+0.000000000000000e+00    +0.000000000000000e+00    -1.939302981630173e+06    -1.844221836332279e-02    -2.935997557353716e-02    +5.441785923491234e-01    +8.686586972214607e-01
+0.000000000000000e+00    +0.000000000000000e+00    -1.940098756345656e+06    -1.845952183582904e-02    -2.939035130301879e-02    +5.441269248637696e-01    +8.684848405186126e-01
+0.000000000000000e+00    +0.000000000000000e+00    -1.940894531061139e+06    -1.847687319772600e-02    -2.942083161835403e-02    +5.440750711384169e-01    +8.683103910640894e-01
+0.000000000000000e+00    +0.000000000000000e+00    -1.941690305776622e+06    -1.849427276464629e-02    -2.945141734952822e-02    +5.440230299755784e-01    +8.681353447574568e-01
+0.000000000000000e+00    +0.000000000000000e+00    -1.942486080492102e+06    -1.851172085733276e-02    -2.948210934003271e-02    +5.439708001636901e-01    +8.679596974410679e-01
+0.000000000000000e+00    +0.000000000000000e+00    -1.943281855207585e+06    -1.852921780002600e-02    -2.951290844371319e-02    +5.439183804788623e-01    +8.677834449114655e-01
+0.000000000000000e+00    +0.000000000000000e+00    -1.944077629923068e+06    -1.854676392242336e-02    -2.954381552874377e-02    +5.438657696824841e-01    +8.676065829048050e-01
+0.000000000000000e+00    +0.000000000000000e+00    -1.944873404638551e+06    -1.856435955378538e-02    -2.957483146593214e-02    +5.438129665279642e-01    +8.674291071394319e-01
+0.000000000000000e+00    +0.000000000000000e+00    -1.945669179354031e+06    -1.858200503018748e-02    -2.960595714325437e-02    +5.437599697521763e-01    +8.672510132627851e-01
+0.000000000000000e+00    +0.000000000000000e+00    -1.946464954069514e+06    -1.859970069421376e-02    -2.963719346532487e-02    +5.437067780756737e-01    +8.670722968532366e-01
+0.000000000000000e+00    +0.000000000000000e+00    -1.947260728784997e+06    -1.861744688937996e-02    -2.966854134233171e-02    +5.436533902090724e-01    +8.668929534603815e-01
+0.000000000000000e+00    +0.000000000000000e+00    -1.948056503500480e+06    -1.863524396602114e-02    -2.970000170186096e-02    +5.435998048460490e-01    +8.667129785617922e-01
+0.000000000000000e+00    +0.000000000000000e+00    -1.948852278215960e+06    -1.865309227594186e-02    -2.973157547829313e-02    +5.435460206694656e-01    +8.665323676016533e-01
+0.000000000000000e+00    +0.000000000000000e+00    -1.949648052931443e+06    -1.867099217527320e-02    -2.976326361857837e-02    +5.434920363479021e-01    +8.663511159695886e-01
+0.000000000000000e+00    +0.000000000000000e+00    -1.950443827646926e+06    -1.868894402995519e-02    -2.979506709327290e-02    +5.434378505290801e-01    +8.661692189602409e-01
+0.000000000000000e+00    +0.000000000000000e+00    -1.951239602362409e+06    -1.870694820390257e-02    -2.982698687298265e-02    +5.433834618536094e-01    +8.659866718592675e-01
+0.000000000000000e+00    +0.000000000000000e+00    -1.952035377077889e+06    -1.872500506891013e-02    -2.985902394822103e-02    +5.433288689432276e-01    +8.658034698706688e-01
+0.000000000000000e+00    +0.000000000000000e+00    -1.952831151793372e+06    -1.874311500418091e-02    -2.989117932856524e-02    +5.432740704011878e-01    +8.656196081197727e-01
+0.000000000000000e+00    +0.000000000000000e+00    -1.953626926508855e+06    -1.876127838908665e-02    -2.992345402827322e-02    +5.432190648206444e-01    +8.654350817057482e-01
+0.000000000000000e+00    +0.000000000000000e+00    -1.954422701224335e+06    -1.877949561156085e-02    -2.995584908313781e-02    +5.431638507746134e-01    +8.652498856398508e-01
+0.000000000000000e+00    +0.000000000000000e+00    -1.955218475939818e+06    -1.879776705942259e-02    -2.998836553324272e-02    +5.431084268260655e-01    +8.650640149084502e-01
+0.000000000000000e+00    +0.000000000000000e+00    -1.956014250655301e+06    -1.881609313184142e-02    -3.002100444596751e-02    +5.430527915142191e-01    +8.648774643887178e-01
+0.000000000000000e+00    +0.000000000000000e+00    -1.956810025370784e+06    -1.883447423043123e-02    -3.005376689829021e-02    +5.429969433649057e-01    +8.646902289133226e-01
+0.000000000000000e+00    +0.000000000000000e+00    -1.957605800086264e+06    -1.885291076135182e-02    -3.008665398107485e-02    +5.429408808879325e-01    +8.645023032546353e-01
+0.000000000000000e+00    +0.000000000000000e+00    -1.958401574801747e+06    -1.887140314060471e-02    -3.011966680976820e-02    +5.428846025706233e-01    +8.643136820854381e-01
+0.000000000000000e+00    +0.000000000000000e+00    -1.959197349517230e+06    -1.888995178139241e-02    -3.015280649922003e-02    +5.428281068926745e-01    +8.641243600711088e-01
+0.000000000000000e+00    +0.000000000000000e+00    -1.959993124232713e+06    -1.890855711503550e-02    -3.018607420562266e-02    +5.427713923011018e-01    +8.639343317157766e-01
+0.000000000000000e+00    +0.000000000000000e+00    -1.960788898948193e+06    -1.892721956326251e-02    -3.021947107119793e-02    +5.427144572430578e-01    +8.637435915650450e-01
+0.000000000000000e+00    +0.000000000000000e+00    -1.961584673663676e+06    -1.894593956366529e-02    -3.025299827520868e-02    +5.426573001353380e-01    +8.635521340188117e-01
+0.000000000000000e+00    +0.000000000000000e+00    -1.962380448379159e+06    -1.896471756585197e-02    -3.028665702641719e-02    +5.425999193687264e-01    +8.633599533588003e-01
+0.000000000000000e+00    +0.000000000000000e+00    -1.963176223094642e+06    -1.898355400849249e-02    -3.032044851723990e-02    +5.425423133352786e-01    +8.631670439167057e-01
+0.000000000000000e+00    +0.000000000000000e+00    -1.963971997810122e+06    -1.900244934750914e-02    -3.035437398026760e-02    +5.424844803944315e-01    +8.629733998666457e-01
+0.000000000000000e+00    +0.000000000000000e+00    -1.964767772525605e+06    -1.902140404876128e-02    -3.038843467379212e-02    +5.424264188815133e-01    +8.627790152781799e-01
+0.000000000000000e+00    +0.000000000000000e+00    -1.965563547241088e+06    -1.904041857455721e-02    -3.042263185490386e-02    +5.423681271237475e-01    +8.625838842150018e-01
+0.000000000000000e+00    +0.000000000000000e+00    -1.966359321956571e+06    -1.905949340189529e-02    -3.045696681613459e-02    +5.423096034181568e-01    +8.623880006002218e-01
+0.000000000000000e+00    +0.000000000000000e+00    -1.967155096672051e+06    -1.907862900662320e-02    -3.049144085388506e-02    +5.422508460503972e-01    +8.621913583323060e-01
+0.000000000000000e+00    +0.000000000000000e+00    -1.967950871387534e+06    -1.909782588327889e-02    -3.052605530829054e-02    +5.421918532706512e-01    +8.619939511383933e-01
+0.000000000000000e+00    +0.000000000000000e+00    -1.968746646103017e+06    -1.911708452624047e-02    -3.056081152562295e-02    +5.421326233161116e-01    +8.617957727124340e-01
+0.000000000000000e+00    +0.000000000000000e+00    -1.969542420818500e+06    -1.913640543172184e-02    -3.059571086239334e-02    +5.420731544084050e-01    +8.615968167000069e-01
+0.000000000000000e+00    +0.000000000000000e+00    -1.970338195533980e+06    -1.915578911234806e-02    -3.063075471471931e-02    +5.420134447357393e-01    +8.613970765901763e-01
+0.000000000000000e+00    +0.000000000000000e+00    -1.971133970249463e+06    -1.917523608626698e-02    -3.066594449667767e-02    +5.419534924658179e-01    +8.611965457950282e-01
+0.000000000000000e+00    +0.000000000000000e+00    -1.971929744964946e+06    -1.919474687995532e-02    -3.070128164606641e-02    +5.418932957422113e-01    +8.609952176283316e-01
+0.000000000000000e+00    +0.000000000000000e+00    -1.972725519680426e+06    -1.921432202049966e-02    -3.073676760908446e-02    +5.418328526935082e-01    +8.607930853618675e-01
+0.000000000000000e+00    +0.000000000000000e+00    -1.973521294395909e+06    -1.923396205513460e-02    -3.077240387967058e-02    +5.417721614093188e-01    +8.605901420803991e-01
+0.000000000000000e+00    +0.000000000000000e+00    -1.974317069111392e+06    -1.925366753293442e-02    -3.080819196298694e-02    +5.417112199622630e-01    +8.603863808160982e-01
+0.000000000000000e+00    +0.000000000000000e+00    -1.975112843826875e+06    -1.927343900351781e-02    -3.084413337294893e-02    +5.416500264093538e-01    +8.601817945575524e-01
+0.000000000000000e+00    +0.000000000000000e+00    -1.975908618542358e+06    -1.929327704464834e-02    -3.088022968778779e-02    +5.415885787580290e-01    +8.599763760447877e-01
+0.000000000000000e+00    +0.000000000000000e+00    -1.976704393257838e+06    -1.931318222113040e-02    -3.091648246779913e-02    +5.415268750160752e-01    +8.597701180725053e-01
+0.000000000000000e+00    +0.000000000000000e+00    -1.977500167973320e+06    -1.933315512433900e-02    -3.095289333478598e-02    +5.414649131430492e-01    +8.595630131968671e-01
+0.000000000000000e+00    +0.000000000000000e+00    -1.978295942688804e+06    -1.935319634349752e-02    -3.098946391467824e-02    +5.414026910851223e-01    +8.593550539471562e-01
+0.000000000000000e+00    +0.000000000000000e+00    -1.979091717404284e+06    -1.937330648760456e-02    -3.102619588169634e-02    +5.413402067479259e-01    +8.591462326625938e-01
+0.000000000000000e+00    +0.000000000000000e+00    -1.979887492119767e+06    -1.939348615695466e-02    -3.106309090140446e-02    +5.412774580312425e-01    +8.589365417025461e-01
+0.000000000000000e+00    +0.000000000000000e+00    -1.980683266835250e+06    -1.941373598107364e-02    -3.110015070705335e-02    +5.412144427820772e-01    +8.587259731644127e-01
+0.000000000000000e+00    +0.000000000000000e+00    -1.981479041550733e+06    -1.943405659755147e-02    -3.113737705736876e-02    +5.411511588203189e-01    +8.585145190394473e-01
+0.000000000000000e+00    +0.000000000000000e+00    -1.982274816266213e+06    -1.945444863930574e-02    -3.117477171113240e-02    +5.410876039541984e-01    +8.583021713065803e-01
+0.000000000000000e+00    +0.000000000000000e+00    -1.983070590981696e+06    -1.947491276883136e-02    -3.121233649619972e-02    +5.410237759376826e-01    +8.580889216771400e-01
+0.000000000000000e+00    +0.000000000000000e+00    -1.983866365697179e+06    -1.949544964468555e-02    -3.125007324246722e-02    +5.409596725115317e-01    +8.578747618426630e-01
+0.000000000000000e+00    +0.000000000000000e+00    -1.984662140412662e+06    -1.951605994491575e-02    -3.128798382912053e-02    +5.408952913740043e-01    +8.576596832999441e-01
+0.000000000000000e+00    +0.000000000000000e+00    -1.985457915128142e+06    -1.953674435085427e-02    -3.132607015236289e-02    +5.408306302005812e-01    +8.574436774703870e-01
+0.000000000000000e+00    +0.000000000000000e+00    -1.986253689843625e+06    -1.955750356494423e-02    -3.136433416147656e-02    +5.407656866214879e-01    +8.572267355663675e-01
+0.000000000000000e+00    +0.000000000000000e+00    -1.987049464559108e+06    -1.957833829617566e-02    -3.140277782984792e-02    +5.407004582394015e-01    +8.570088486984112e-01
+0.000000000000000e+00    +0.000000000000000e+00    -1.987845239274591e+06    -1.959924926776706e-02    -3.144140317065321e-02    +5.406349426195344e-01    +8.567900078169498e-01
+0.000000000000000e+00    +0.000000000000000e+00    -1.988641013990071e+06    -1.962023721302841e-02    -3.148021222883739e-02    +5.405691372944064e-01    +8.565702037419460e-01
+0.000000000000000e+00    +0.000000000000000e+00    -1.989436788705554e+06    -1.964130288057423e-02    -3.151920709188224e-02    +5.405030397569441e-01    +8.563494271228536e-01
+0.000000000000000e+00    +0.000000000000000e+00    -1.990232563421037e+06    -1.966244703755585e-02    -3.155838989663094e-02    +5.404366474560007e-01    +8.561276684131744e-01
+0.000000000000000e+00    +0.000000000000000e+00    -1.991028338136520e+06    -1.968367044566881e-02    -3.159776278131090e-02    +5.403699578260187e-01    +8.559049180483183e-01
+0.000000000000000e+00    +0.000000000000000e+00    -1.991824112852000e+06    -1.970497389807634e-02    -3.163732796010529e-02    +5.403029682403564e-01    +8.556811661688055e-01
+0.000000000000000e+00    +0.000000000000000e+00    -1.992619887567483e+06    -1.972635820169505e-02    -3.167708768793747e-02    +5.402356760329834e-01    +8.554564027508641e-01
+0.000000000000000e+00    +0.000000000000000e+00    -1.993415662282966e+06    -1.974782416295715e-02    -3.171704423208275e-02    +5.401680785159972e-01    +8.552306177116757e-01
+0.000000000000000e+00    +0.000000000000000e+00    -1.994211436998449e+06    -1.976937262539538e-02    -3.175719994817064e-02    +5.401001729318481e-01    +8.550038006269937e-01
+0.000000000000000e+00    +0.000000000000000e+00    -1.995007211713929e+06    -1.979100442818418e-02    -3.179755719715769e-02    +5.400319565050705e-01    +8.547759410395251e-01
+0.000000000000000e+00    +0.000000000000000e+00    -1.995802986429412e+06    -1.981272043254107e-02    -3.183811839875048e-02    +5.399634264085681e-01    +8.545470282602334e-01
+0.000000000000000e+00    +0.000000000000000e+00    -1.996598761144895e+06    -1.983452152607674e-02    -3.187888604064931e-02    +5.398945797575261e-01    +8.543170513338998e-01
+0.000000000000000e+00    +0.000000000000000e+00    -1.997394535860375e+06    -1.985640858809419e-02    -3.191986260902449e-02    +5.398254136528743e-01    +8.540859992975720e-01
+0.000000000000000e+00    +0.000000000000000e+00    -1.998190310575858e+06    -1.987838254241822e-02    -3.196105069529436e-02    +5.397559251138178e-01    +8.538538607831846e-01
+0.000000000000000e+00    +0.000000000000000e+00    -1.998986085291341e+06    -1.990044432086170e-02    -3.200245292309212e-02    +5.396861111235476e-01    +8.536206242892890e-01
+0.000000000000000e+00    +0.000000000000000e+00    -1.999781860006824e+06    -1.992259485739885e-02    -3.204407193682443e-02    +5.396159686362222e-01    +8.533862782234981e-01
+0.000000000000000e+00    +0.000000000000000e+00    -2.000577634722307e+06    -1.994483513403812e-02    -3.208591049460770e-02    +5.395454945179521e-01    +8.531508105562856e-01
+0.000000000000000e+00    +0.000000000000000e+00    -2.001373409437787e+06    -1.996715948209309e-02    -3.212811670629766e-02    +5.394746638507925e-01    +8.529139284092028e-01
+0.000000000000000e+00    +0.000000000000000e+00    -2.002169184153270e+06    -1.998958215783697e-02    -3.217040668073787e-02    +5.394035161607607e-01    +8.526761728138251e-01
+0.000000000000000e+00    +0.000000000000000e+00    -2.002964958868753e+06    -2.001209755007416e-02    -3.221292452618222e-02    +5.393320272553471e-01    +8.524372590634088e-01
+0.000000000000000e+00    +0.000000000000000e+00    -2.003760733584233e+06    -2.003470673138290e-02    -3.225567348004076e-02    +5.392601937241545e-01    +8.521971736472790e-01
+0.000000000000000e+00    +0.000000000000000e+00    -2.004556508299716e+06    -2.005741076711992e-02    -3.229865656727683e-02    +5.391880121820868e-01    +8.519559034834577e-01
+0.000000000000000e+00    +0.000000000000000e+00    -2.005352283015199e+06    -2.008021074425104e-02    -3.234187687642948e-02    +5.391154791858265e-01    +8.517134352390052e-01
+0.000000000000000e+00    +0.000000000000000e+00    -2.006148057730682e+06    -2.010310777241852e-02    -3.238533755260939e-02    +5.390425912336554e-01    +8.514697553400984e-01
+0.000000000000000e+00    +0.000000000000000e+00    -2.006943832446162e+06    -2.012610298376638e-02    -3.242904181953325e-02    +5.389693447607160e-01    +8.512248499254788e-01
+0.000000000000000e+00    +0.000000000000000e+00    -2.007739607161645e+06    -2.014919753432565e-02    -3.247299296416053e-02    +5.388957361401381e-01    +8.509787048728908e-01
+0.000000000000000e+00    +0.000000000000000e+00    -2.008535381877128e+06    -2.017239260429360e-02    -3.251719434904926e-02    +5.388217616797346e-01    +8.507313057711856e-01
+0.000000000000000e+00    +0.000000000000000e+00    -2.009331156592611e+06    -2.019568939901157e-02    -3.256164940815326e-02    +5.387474176212844e-01    +8.504826379247097e-01
+0.000000000000000e+00    +0.000000000000000e+00    -2.010126931308091e+06    -2.021908914975348e-02    -3.260636164778392e-02    +5.386727001389622e-01    +8.502326863474936e-01
+0.000000000000000e+00    +0.000000000000000e+00    -2.010922706023574e+06    -2.024259311405759e-02    -3.265133466091413e-02    +5.385976053355165e-01    +8.499814357309537e-01
+0.000000000000000e+00    +0.000000000000000e+00    -2.011718480739057e+06    -2.026620257694286e-02    -3.269657211909723e-02    +5.385221292420420e-01    +8.497288704555034e-01
+0.000000000000000e+00    +0.000000000000000e+00    -2.012514255454540e+06    -2.028991885188762e-02    -3.274207777073956e-02    +5.384462678167047e-01    +8.494749745896354e-01
+0.000000000000000e+00    +0.000000000000000e+00    -2.013310030170020e+06    -2.031374328139732e-02    -3.278785545198983e-02    +5.383700169413080e-01    +8.492197318638619e-01
+0.000000000000000e+00    +0.000000000000000e+00    -2.014105804885503e+06    -2.033767723783389e-02    -3.283390909208442e-02    +5.382933724186830e-01    +8.489631256553386e-01
+0.000000000000000e+00    +0.000000000000000e+00    -2.014901579600986e+06    -2.036172212424289e-02    -3.288024272026173e-02    +5.382163299697302e-01    +8.487051389691449e-01
+0.000000000000000e+00    +0.000000000000000e+00    -2.015697354316466e+06    -2.038587937650712e-02    -3.292686043362100e-02    +5.381388852370752e-01    +8.484457544971572e-01
+0.000000000000000e+00    +0.000000000000000e+00    -2.016493129031949e+06    -2.041015046271929e-02    -3.297376644882109e-02    +5.380610337744152e-01    +8.481849545100308e-01
+0.000000000000000e+00    +0.000000000000000e+00    -2.017288903747432e+06    -2.043453688517155e-02    -3.302096507875867e-02    +5.379827710484802e-01    +8.479227208979626e-01
+0.000000000000000e+00    +0.000000000000000e+00    -2.018084678462915e+06    -2.045904018150773e-02    -3.306846073362037e-02    +5.379040924368653e-01    +8.476590351630400e-01
+0.000000000000000e+00    +0.000000000000000e+00    -2.018880453178395e+06    -2.048366192557333e-02    -3.311625793386501e-02    +5.378249932236824e-01    +8.473938783874272e-01
+0.000000000000000e+00    +0.000000000000000e+00    -2.019676227893878e+06    -2.050840372865384e-02    -3.316436131324477e-02    +5.377454685968313e-01    +8.471272312211324e-01
+0.000000000000000e+00    +0.000000000000000e+00    -2.020472002609360e+06    -2.053326724073630e-02    -3.321277562272475e-02    +5.376655136450252e-01    +8.468590738677372e-01
+0.000000000000000e+00    +0.000000000000000e+00    -2.021267777324844e+06    -2.055825415229556e-02    -3.326150571752257e-02    +5.375851233577594e-01    +8.465893861038973e-01
+0.000000000000000e+00    +0.000000000000000e+00    -2.022063552040324e+06    -2.058336619496885e-02    -3.331055658473811e-02    +5.375042926179762e-01    +8.463181472169710e-01
+0.000000000000000e+00    +0.000000000000000e+00    -2.022859326755807e+06    -2.060860514298293e-02    -3.335993334954213e-02    +5.374230161983361e-01    +8.460453359851696e-01
+0.000000000000000e+00    +0.000000000000000e+00    -2.023655101471290e+06    -2.063397281545941e-02    -3.340964124922097e-02    +5.373412887632762e-01    +8.457709307225427e-01
+0.000000000000000e+00    +0.000000000000000e+00    -2.024450876186773e+06    -2.065947107715710e-02    -3.345968566729614e-02    +5.372591048601151e-01    +8.454949092024083e-01
+0.000000000000000e+00    +0.000000000000000e+00    -2.025246650902253e+06    -2.068510184087703e-02    -3.351007210821075e-02    +5.371764589208270e-01    +8.452172487005440e-01
+0.000000000000000e+00    +0.000000000000000e+00    -2.026042425617736e+06    -2.071086706780718e-02    -3.356080625714077e-02    +5.370933452480463e-01    +8.449379258654220e-01
+0.000000000000000e+00    +0.000000000000000e+00    -2.026838200333219e+06    -2.073676877072120e-02    -3.361189392946461e-02    +5.370097580212313e-01    +8.446569168118294e-01
+0.000000000000000e+00    +0.000000000000000e+00    -2.027633975048702e+06    -2.076280901553188e-02    -3.366334108500486e-02    +5.369256912909316e-01    +8.443741970831912e-01
+0.000000000000000e+00    +0.000000000000000e+00    -2.028429749764182e+06    -2.078898992264858e-02    -3.371515386048290e-02    +5.368411389693253e-01    +8.440897415758393e-01
+0.000000000000000e+00    +0.000000000000000e+00    -2.029225524479665e+06    -2.081531366928642e-02    -3.376733856616379e-02    +5.367560948272593e-01    +8.438035245356662e-01
+0.000000000000000e+00    +0.000000000000000e+00    -2.030021299195148e+06    -2.084178249192831e-02    -3.381990167603807e-02    +5.366705524924873e-01    +8.435155195679113e-01
+0.000000000000000e+00    +0.000000000000000e+00    -2.030817073910631e+06    -2.086839868823953e-02    -3.387284984932416e-02    +5.365845054417751e-01    +8.432256995823703e-01
+0.000000000000000e+00    +0.000000000000000e+00    -2.031612848626111e+06    -2.089516461969967e-02    -3.392618992296515e-02    +5.364979469983775e-01    +8.429340367974971e-01
+0.000000000000000e+00    +0.000000000000000e+00    -2.032408623341594e+06    -2.092208271364483e-02    -3.397992894128727e-02    +5.364108703221309e-01    +8.426405026675977e-01
+0.000000000000000e+00    +0.000000000000000e+00    -2.033204398057077e+06    -2.094915546612551e-02    -3.403407415116413e-02    +5.363232684059963e-01    +8.423450678802367e-01
+0.000000000000000e+00    +0.000000000000000e+00    -2.034000172772557e+06    -2.097638544474452e-02    -3.408863300117017e-02    +5.362351340717325e-01    +8.420477023451816e-01
+0.000000000000000e+00    +0.000000000000000e+00    -2.034795947488040e+06    -2.100377529124247e-02    -3.414361316608371e-02    +5.361464599603118e-01    +8.417483751302247e-01
+0.000000000000000e+00    +0.000000000000000e+00    -2.035591722203523e+06    -2.103132772472100e-02    -3.419902254250726e-02    +5.360572385278102e-01    +8.414470544560185e-01
+0.000000000000000e+00    +0.000000000000000e+00    -2.036387496919006e+06    -2.105904554455939e-02    -3.425486927489532e-02    +5.359674620349758e-01    +8.411437076271621e-01
+0.000000000000000e+00    +0.000000000000000e+00    -2.037183271634489e+06    -2.108693163403181e-02    -3.431116174511983e-02    +5.358771225438774e-01    +8.408383010382701e-01
+0.000000000000000e+00    +0.000000000000000e+00    -2.037979046349969e+06    -2.111498896351876e-02    -3.436790860465416e-02    +5.357862119056508e-01    +8.405308000905858e-01
+0.000000000000000e+00    +0.000000000000000e+00    -2.038774821065452e+06    -2.114322059467141e-02    -3.442511874284921e-02    +5.356947217610784e-01    +8.402211692412260e-01
+0.000000000000000e+00    +0.000000000000000e+00    -2.039570595780935e+06    -2.117162968354313e-02    -3.448280136624515e-02    +5.356026435179321e-01    +8.399093718192513e-01
+0.000000000000000e+00    +0.000000000000000e+00    -2.040366370496415e+06    -2.120021948540681e-02    -3.454096594922490e-02    +5.355099683545300e-01    +8.395953701098215e-01
+0.000000000000000e+00    +0.000000000000000e+00    -2.041162145211898e+06    -2.122899335863968e-02    -3.459962228628836e-02    +5.354166872019596e-01    +8.392791252248056e-01
+0.000000000000000e+00    +0.000000000000000e+00    -2.041957919927381e+06    -2.125795476958482e-02    -3.465878047576224e-02    +5.353227907401953e-01    +8.389605971159844e-01
+0.000000000000000e+00    +0.000000000000000e+00    -2.042753694642864e+06    -2.128710729717111e-02    -3.471845095755034e-02    +5.352282693824680e-01    +8.386397444735567e-01
+0.000000000000000e+00    +0.000000000000000e+00    -2.043549469358344e+06    -2.131645463811477e-02    -3.477864452602237e-02    +5.351331132643514e-01    +8.383165246753751e-01
+0.000000000000000e+00    +0.000000000000000e+00    -2.044345244073827e+06    -2.134600061248824e-02    -3.483937228812031e-02    +5.350373122445485e-01    +8.379908938518946e-01
+0.000000000000000e+00    +0.000000000000000e+00    -2.045141018789310e+06    -2.137574916891848e-02    -3.490064583267713e-02    +5.349408558589186e-01    +8.376628065003151e-01
+0.000000000000000e+00    +0.000000000000000e+00    -2.045936793504793e+06    -2.140570439146658e-02    -3.496247702953623e-02    +5.348437333550198e-01    +8.373322158845298e-01
+0.000000000000000e+00    +0.000000000000000e+00    -2.046732568220273e+06    -2.143587050528462e-02    -3.502487826637984e-02    +5.347459336301966e-01    +8.369990735024312e-01
+0.000000000000000e+00    +0.000000000000000e+00    -2.047528342935756e+06    -2.146625188399925e-02    -3.508786228697776e-02    +5.346474452567074e-01    +8.366633294000285e-01
+0.000000000000000e+00    +0.000000000000000e+00    -2.048324117651239e+06    -2.149685305659324e-02    -3.515144233826613e-02    +5.345482564380885e-01    +8.363249318256503e-01
+0.000000000000000e+00    +0.000000000000000e+00    -2.049119892366722e+06    -2.152767871545543e-02    -3.521563215693412e-02    +5.344483549999818e-01    +8.359838272232860e-01
+0.000000000000000e+00    +0.000000000000000e+00    -2.049915667082202e+06    -2.155873372441205e-02    -3.528044596496625e-02    +5.343477283788953e-01    +8.356399602066551e-01
+0.000000000000000e+00    +0.000000000000000e+00    -2.050711441797685e+06    -2.159002312717627e-02    -3.534589847933361e-02    +5.342463636071856e-01    +8.352932735011823e-01
+0.000000000000000e+00    +0.000000000000000e+00    -2.051507216513168e+06    -2.162178885580892e-02    -3.541239533377545e-02    +5.341439424457732e-01    +8.349420769483304e-01
+0.000000000000000e+00    +0.000000000000000e+00    -2.052302991228651e+06    -2.165357340333909e-02    -3.547918930092600e-02    +5.340410466342561e-01    +8.345894968774842e-01
+0.000000000000000e+00    +0.000000000000000e+00    -2.053098765944131e+06    -2.168560965697924e-02    -3.554667127863975e-02    +5.339373697369838e-01    +8.342339054023881e-01
+0.000000000000000e+00    +0.000000000000000e+00    -2.053894540659614e+06    -2.171790311620360e-02    -3.561485795900791e-02    +5.338328973422952e-01    +8.338752384673963e-01
+0.000000000000000e+00    +0.000000000000000e+00    -2.054690315375097e+06    -2.175045992386628e-02    -3.568376727662365e-02    +5.337276140146721e-01    +8.335134269248186e-01
+0.000000000000000e+00    +0.000000000000000e+00    -2.055486090090580e+06    -2.178328646897366e-02    -3.575341789195693e-02    +5.336215037619378e-01    +8.331483989517628e-01
+0.000000000000000e+00    +0.000000000000000e+00    -2.056281864806060e+06    -2.181638941155021e-02    -3.582382924824492e-02    +5.335145499914402e-01    +8.327800798303790e-01
+0.000000000000000e+00    +0.000000000000000e+00    -2.057077639521543e+06    -2.184977567771781e-02    -3.589502158731415e-02    +5.334067355024275e-01    +8.324083919154418e-01
+0.000000000000000e+00    +0.000000000000000e+00    -2.057873414237026e+06    -2.188345250321161e-02    -3.596701603568666e-02    +5.332980424172263e-01    +8.320332542870738e-01
+0.000000000000000e+00    +0.000000000000000e+00    -2.058669188952506e+06    -2.191742742623857e-02    -3.603983462098066e-02    +5.331884521743208e-01    +8.316545827224274e-01
+0.000000000000000e+00    +0.000000000000000e+00    -2.059464963667989e+06    -2.195170832314188e-02    -3.611350035060030e-02    +5.330779454670412e-01    +8.312722893882738e-01
+0.000000000000000e+00    +0.000000000000000e+00    -2.060260738383472e+06    -2.198630342390293e-02    -3.618803726424127e-02    +5.329665022060409e-01    +8.308862826563195e-01
+0.000000000000000e+00    +0.000000000000000e+00    -2.061056513098955e+06    -2.202122132619981e-02    -3.626347048725750e-02    +5.328541014821430e-01    +8.304964669202000e-01
+0.000000000000000e+00    +0.000000000000000e+00    -2.061852287814438e+06    -2.205647104072738e-02    -3.633982632931688e-02    +5.327407214888158e-01    +8.301027422078503e-01
+0.000000000000000e+00    +0.000000000000000e+00    -2.062648062529918e+06    -2.209206199034700e-02    -3.641713232324462e-02    +5.326263395002979e-01    +8.297050040767365e-01
+0.000000000000000e+00    +0.000000000000000e+00    -2.063443837245401e+06    -2.212800404791500e-02    -3.649541732015578e-02    +5.325109317997935e-01    +8.293031432555147e-01
+0.000000000000000e+00    +0.000000000000000e+00    -2.064239611960884e+06    -2.216430758525545e-02    -3.657471160239683e-02    +5.323944735917981e-01    +8.288970452072554e-01
+0.000000000000000e+00    +0.000000000000000e+00    -2.065035386676364e+06    -2.220098348172943e-02    -3.665504694690828e-02    +5.322769389622901e-01    +8.284865899338918e-01
+0.000000000000000e+00    +0.000000000000000e+00    -2.065831161391847e+06    -2.223804316186269e-02    -3.673645673247301e-02    +5.321583008002889e-01    +8.280716515854183e-01
+0.000000000000000e+00    +0.000000000000000e+00    -2.066626936107330e+06    -2.227540423913699e-02    -3.681897254304569e-02    +5.320386151341148e-01    +8.276524171158810e-01
+0.000000000000000e+00    +0.000000000000000e+00    -2.067422710822813e+06    -2.231326185439650e-02    -3.690263817695764e-02    +5.319176890070322e-01    +8.272281307074364e-01
+0.000000000000000e+00    +0.000000000000000e+00    -2.068218485538293e+06    -2.235154023129909e-02    -3.698748830306475e-02    +5.317955710681154e-01    +8.267989494340650e-01
+0.000000000000000e+00    +0.000000000000000e+00    -2.069014260253776e+06    -2.239025386953407e-02    -3.707356484363553e-02    +5.316722278625857e-01    +8.263647160114783e-01
+0.000000000000000e+00    +0.000000000000000e+00    -2.069810034969259e+06    -2.242941756232213e-02    -3.716091116867638e-02    +5.315476248916589e-01    +8.259252682811553e-01
+0.000000000000000e+00    +0.000000000000000e+00    -2.070605809684742e+06    -2.246904696771642e-02    -3.724957313449306e-02    +5.314217258041138e-01    +8.254804349783327e-01
+0.000000000000000e+00    +0.000000000000000e+00    -2.071401584400222e+06    -2.250915865925120e-02    -3.733959927736628e-02    +5.312944922688425e-01    +8.250300350813938e-01
+0.000000000000000e+00    +0.000000000000000e+00    -2.072197359115705e+06    -2.254977017679423e-02    -3.743104102604093e-02    +5.311658838391620e-01    +8.245738771135718e-01
+0.000000000000000e+00    +0.000000000000000e+00    -2.072993133831188e+06    -2.259090015771459e-02    -3.752395296130231e-02    +5.310358577293383e-01    +8.241117580680623e-01
+0.000000000000000e+00    +0.000000000000000e+00    -2.073788908546671e+06    -2.263256839233052e-02    -3.761839307435177e-02    +5.309043686549958e-01    +8.236434625795486e-01
+0.000000000000000e+00    +0.000000000000000e+00    -2.074584683262151e+06    -2.267479594738320e-02    -3.771442307523749e-02    +5.307713685948815e-01    +8.231687617514568e-01
+0.000000000000000e+00    +0.000000000000000e+00    -2.075380457977634e+06    -2.271760526071545e-02    -3.781210872223822e-02    +5.306368065676144e-01    +8.226874120231564e-01
+0.000000000000000e+00    +0.000000000000000e+00    -2.076176232693117e+06    -2.276102030328765e-02    -3.791152020943055e-02    +5.305006283266864e-01    +8.221991536744441e-01
+0.000000000000000e+00    +0.000000000000000e+00    -2.076972007408597e+06    -2.280506667847515e-02    -3.801273257338356e-02    +5.303627760998023e-01    +8.217037094839010e-01
+0.000000000000000e+00    +0.000000000000000e+00    -2.077767782124080e+06    -2.284977181829559e-02    -3.811582618016061e-02    +5.302231882120846e-01    +8.212007828738497e-01
+0.000000000000000e+00    +0.000000000000000e+00    -2.078563556839563e+06    -2.289516515656359e-02    -3.822088725772146e-02    +5.300817987088129e-01    +8.206900560154236e-01
+0.000000000000000e+00    +0.000000000000000e+00    -2.079359331555046e+06    -2.294127833757607e-02    -3.832800850390628e-02    +5.299385369156356e-01    +8.201711876297679e-01
+0.000000000000000e+00    +0.000000000000000e+00    -2.080155106270526e+06    -2.298814544865361e-02    -3.843728977575284e-02    +5.297933269434633e-01    +8.196438105083496e-01
+0.000000000000000e+00    +0.000000000000000e+00    -2.080950880986009e+06    -2.303580329628632e-02    -3.854883887978473e-02    +5.296460871129193e-01    +8.191075286394844e-01
+0.000000000000000e+00    +0.000000000000000e+00    -2.081746655701492e+06    -2.308429168301017e-02    -3.866277246352146e-02    +5.294967293344170e-01    +8.185619140787995e-01
+0.000000000000000e+00    +0.000000000000000e+00    -2.082542430416975e+06    -2.313365382018567e-02    -3.877921707453499e-02    +5.293451583011709e-01    +8.180065029612877e-01
+0.000000000000000e+00    +0.000000000000000e+00    -2.083338205132455e+06    -2.318393668794312e-02    -3.889831034121488e-02    +5.291912706738812e-01    +8.174407913782656e-01
+0.000000000000000e+00    +0.000000000000000e+00    -2.084133979847938e+06    -2.323519150871325e-02    -3.902020236634170e-02    +5.290349540780073e-01    +8.168642303551669e-01
+0.000000000000000e+00    +0.000000000000000e+00    -2.084929754563421e+06    -2.328767921480134e-02    -3.914540889409502e-02    +5.288757998546572e-01    +8.162747455550809e-01
+0.000000000000000e+00    +0.000000000000000e+00    -2.085725529278904e+06    -2.334107235323420e-02    -3.927344050595320e-02    +5.287142168698199e-01    +8.156744820186068e-01
+0.000000000000000e+00    +0.000000000000000e+00    -2.086521303994384e+06    -2.339562555430569e-02    -3.940481857134102e-02    +5.285497966115190e-01    +8.150613668502767e-01
+0.000000000000000e+00    +0.000000000000000e+00    -2.087317078709867e+06    -2.345141395252684e-02    -3.953976238073165e-02    +5.283823763093892e-01    +8.144345999582288e-01
+0.000000000000000e+00    +0.000000000000000e+00    -2.088112853425350e+06    -2.350852115611010e-02    -3.967851620315835e-02    +5.282117752618934e-01    +8.137932913295937e-01
+0.000000000000000e+00    +0.000000000000000e+00    -2.088908628140833e+06    -2.356711752706308e-02    -3.982159033829311e-02    +5.280376497236536e-01    +8.131356482520206e-01
+0.000000000000000e+00    +0.000000000000000e+00    -2.089704402856313e+06    -2.362716305547536e-02    -3.996884347648334e-02    +5.278600418726281e-01    +8.124620618461713e-01
+0.000000000000000e+00    +0.000000000000000e+00    -2.090500177571796e+06    -2.368884369940141e-02    -4.012083062317560e-02    +5.276785729732428e-01    +8.117705726386650e-01
+0.000000000000000e+00    +0.000000000000000e+00    -2.091295952287279e+06    -2.375229354718897e-02    -4.027794330507273e-02    +5.274929559597655e-01    +8.110597584381317e-01
+0.000000000000000e+00    +0.000000000000000e+00    -2.092091727002762e+06    -2.381788443261892e-02    -4.044126214843786e-02    +5.273024643463833e-01    +8.103258060893215e-01
+0.000000000000000e+00    +0.000000000000000e+00    -2.092887501718242e+06    -2.388539338433412e-02    -4.061014595031687e-02    +5.271074490786758e-01    +8.095708420520434e-01
+0.000000000000000e+00    +0.000000000000000e+00    -2.093683276433725e+06    -2.395521107044927e-02    -4.078573025823269e-02    +5.269071363934817e-01    +8.087908413633995e-01
+0.000000000000000e+00    +0.000000000000000e+00    -2.094479051149208e+06    -2.402757717273593e-02    -4.096871472006024e-02    +5.267010168883199e-01    +8.079832687421663e-01
+0.000000000000000e+00    +0.000000000000000e+00    -2.095274825864691e+06    -2.410277499234018e-02    -4.115992610073532e-02    +5.264884893643370e-01    +8.071451294747076e-01
+0.000000000000000e+00    +0.000000000000000e+00    -2.096070600580171e+06    -2.418114353444563e-02    -4.136035361684815e-02    +5.262688354023697e-01    +8.062728419393828e-01
+0.000000000000000e+00    +0.000000000000000e+00    -2.096866375295654e+06    -2.426309410288426e-02    -4.157119732602428e-02    +5.260411844546024e-01    +8.053620627949645e-01
+0.000000000000000e+00    +0.000000000000000e+00    -2.097662150011137e+06    -2.434913385496421e-02    -4.179393681017020e-02    +5.258044642923976e-01    +8.044074388477108e-01
+0.000000000000000e+00    +0.000000000000000e+00    -2.098457924726620e+06    -2.443990023599271e-02    -4.203043158421262e-02    +5.255573285560653e-01    +8.034022442877549e-01
+0.000000000000000e+00    +0.000000000000000e+00    -2.099253699442100e+06    -2.453621316724865e-02    -4.228307327194791e-02    +5.252980469394318e-01    +8.023378308754116e-01
+0.000000000000000e+00    +0.000000000000000e+00    -2.100049474157583e+06    -2.463915763762481e-02    -4.255502643770660e-02    +5.250243313739236e-01    +8.012027577725360e-01
+0.000000000000000e+00    +0.000000000000000e+00    -2.100845248873066e+06    -2.475022163487908e-02    -4.285063078823311e-02    +5.247330457033135e-01    +7.999813382403523e-01
+0.000000000000000e+00    +0.000000000000000e+00    -2.101641023588546e+06    -2.487154281453180e-02    -4.317612046419494e-02    +5.244196863732975e-01    +7.986510404154987e-01
+0.000000000000000e+00    +0.000000000000000e+00    -2.102436798304029e+06    -2.500639143714131e-02    -4.354103233768203e-02    +5.240773654354760e-01    +7.971773979061417e-01
+0.000000000000000e+00    +0.000000000000000e+00    -2.103232573019512e+06    -2.516013486434375e-02    -4.396101861750049e-02    +5.236947657498026e-01    +7.955038214689268e-01
+0.000000000000000e+00    +0.000000000000000e+00    -2.104028347734995e+06    -2.534338051615289e-02    -4.446692644264577e-02    +5.232496883294444e-01    +7.935189173986302e-01
+0.000000000000000e+00    +0.000000000000000e+00    -2.104824122450475e+06    -2.558314548452957e-02    -4.513776672415042e-02    +5.226849073257664e-01    +7.909369914549010e-01
+0.000000000000000e+00    +0.000000000000000e+00    -2.105619897165958e+06    -2.607127837686731e-02    -4.653266380836143e-02    +5.215967873955183e-01    +7.857374791180068e-01
+0.000000000000000e+00    +0.000000000000000e+00    -2.106415671881441e+06    +3.463445441258748e-03    +3.961294455765330e-02    +2.608721955961355e-01    +5.319100247913331e-01
+0.000000000000000e+00    +0.000000000000000e+00    -2.107211446596924e+06    +3.469619123697888e-03    +3.965945308087389e-02    +2.608036322741658e-01    +5.318822328377903e-01
+0.000000000000000e+00    +0.000000000000000e+00    -2.108007221312404e+06    +3.475950103961206e-03    +3.970631719195694e-02    +2.607347098117676e-01    +5.318547099384502e-01
+0.000000000000000e+00    +0.000000000000000e+00    -2.108802996027887e+06    +3.482391248228179e-03    +3.975351456126618e-02    +2.606653654841171e-01    +5.318272247638199e-01
+0.000000000000000e+00    +0.000000000000000e+00    -2.109598770743370e+06    +3.488944651545779e-03    +3.980105025395719e-02    +2.605955938439158e-01    +5.317997803114827e-01
+0.000000000000000e+00    +0.000000000000000e+00    -2.110394545458853e+06    +3.495612688723448e-03    +3.984892972080630e-02    +2.605253894750378e-01    +5.317723807979929e-01
+0.000000000000000e+00    +0.000000000000000e+00    -2.111190320174333e+06    +3.502397801786504e-03    +3.989715855281762e-02    +2.604547468418720e-01    +5.317450305938327e-01
+0.000000000000000e+00    +0.000000000000000e+00    -2.111986094889816e+06    +3.509302514384266e-03    +3.994574249813378e-02    +2.603836602938142e-01    +5.317177342860816e-01
+0.000000000000000e+00    +0.000000000000000e+00    -2.112781869605299e+06    +3.516329401184914e-03    +3.999468743405206e-02    +2.603121240376748e-01    +5.316904965275956e-01
+0.000000000000000e+00    +0.000000000000000e+00    -2.113577644320782e+06    +3.523481124549187e-03    +4.004399940661371e-02    +2.602401321570404e-01    +5.316633222043559e-01
+0.000000000000000e+00    +0.000000000000000e+00    -2.114373419036262e+06    +3.530760454778055e-03    +4.009368465282417e-02    +2.601676786217847e-01    +5.316362165264271e-01
+0.000000000000000e+00    +0.000000000000000e+00    -2.115169193751745e+06    +3.538170174081739e-03    +4.014374951003636e-02    +2.600947572088245e-01    +5.316091845626495e-01
+0.000000000000000e+00    +0.000000000000000e+00    -2.115964968467228e+06    +3.545713233026417e-03    +4.019420057159824e-02    +2.600213616129436e-01    +5.315822319807444e-01
+0.000000000000000e+00    +0.000000000000000e+00    -2.116760743182711e+06    +3.553392608403777e-03    +4.024504455233766e-02    +2.599474853308159e-01    +5.315553643602252e-01
+0.000000000000000e+00    +0.000000000000000e+00    -2.117556517898191e+06    +3.561211432099813e-03    +4.029628841573332e-02    +2.598731217538546e-01    +5.315285878029531e-01
+0.000000000000000e+00    +0.000000000000000e+00    -2.118352292613674e+06    +3.569172890221481e-03    +4.034793928138795e-02    +2.597982640798984e-01    +5.315019084401384e-01
+0.000000000000000e+00    +0.000000000000000e+00    -2.119148067329157e+06    +3.577280233718067e-03    +4.040000444080632e-02    +2.597229053094450e-01    +5.314753324719464e-01
+0.000000000000000e+00    +0.000000000000000e+00    -2.119943842044637e+06    +3.585536896734709e-03    +4.045249147103313e-02    +2.596470383366739e-01    +5.314488667327728e-01
+0.000000000000000e+00    +0.000000000000000e+00    -2.120739616760120e+06    +3.593946398509186e-03    +4.050540814732326e-02    +2.595706558583095e-01    +5.314225182072485e-01
+0.000000000000000e+00    +0.000000000000000e+00    -2.121535391475603e+06    +3.602512344747006e-03    +4.055876245040246e-02    +2.594937503617069e-01    +5.313962940244986e-01
+0.000000000000000e+00    +0.000000000000000e+00    -2.122331166191086e+06    +3.611238463634422e-03    +4.061256260469119e-02    +2.594163141443584e-01    +5.313702016221967e-01
+0.000000000000000e+00    +0.000000000000000e+00    -2.123126940906569e+06    +3.620128651140998e-03    +4.066681712282067e-02    +2.593383393456059e-01    +5.313442489592435e-01
+0.000000000000000e+00    +0.000000000000000e+00    -2.123922715622049e+06    +3.629186884392817e-03    +4.072153473519657e-02    +2.592598178529325e-01    +5.313184440769130e-01
+0.000000000000000e+00    +0.000000000000000e+00    -2.124718490337532e+06    +3.638417304901252e-03    +4.077672446892931e-02    +2.591807413667728e-01    +5.312927954960560e-01
+0.000000000000000e+00    +0.000000000000000e+00    -2.125514265053015e+06    +3.647824150054909e-03    +4.083239559619748e-02    +2.591011013181228e-01    +5.312673118626562e-01
+0.000000000000000e+00    +0.000000000000000e+00    -2.126310039768495e+06    +3.657411870406655e-03    +4.088855773956465e-02    +2.590208889717816e-01    +5.312420025180674e-01
+0.000000000000000e+00    +0.000000000000000e+00    -2.127105814483978e+06    +3.667185040212579e-03    +4.094522080387232e-02    +2.589400953204800e-01    +5.312168770379884e-01
+0.000000000000000e+00    +0.000000000000000e+00    -2.127901589199461e+06    +3.677148394270625e-03    +4.100239501527159e-02    +2.588587111041447e-01    +5.311919453989516e-01
+0.000000000000000e+00    +0.000000000000000e+00    -2.128697363914944e+06    +3.687306813686616e-03    +4.106009091917139e-02    +2.587767267741380e-01    +5.311672178872432e-01
+0.000000000000000e+00    +0.000000000000000e+00    -2.129493138630424e+06    +3.697665414224253e-03    +4.111831945766504e-02    +2.586941325737097e-01    +5.311427055297986e-01
+0.000000000000000e+00    +0.000000000000000e+00    -2.130288913345907e+06    +3.708229424781361e-03    +4.117709188595339e-02    +2.586109183772131e-01    +5.311184194539086e-01
+0.000000000000000e+00    +0.000000000000000e+00    -2.131084688061390e+06    +3.719004330716297e-03    +4.123641989164043e-02    +2.585270738338608e-01    +5.310943715983806e-01
+0.000000000000000e+00    +0.000000000000000e+00    -2.131880462776873e+06    +3.729995788557953e-03    +4.129631554171488e-02    +2.584425882430544e-01    +5.310705742533226e-01
+0.000000000000000e+00    +0.000000000000000e+00    -2.132676237492353e+06    +3.741209700469297e-03    +4.135679134832154e-02    +2.583574506200418e-01    +5.310470404204573e-01
+0.000000000000000e+00    +0.000000000000000e+00    -2.133472012207836e+06    +3.752652126250973e-03    +4.141786022180538e-02    +2.582716495519619e-01    +5.310237833250315e-01
+0.000000000000000e+00    +0.000000000000000e+00    -2.134267786923319e+06    +3.764329452727776e-03    +4.147953559921881e-02    +2.581851733916424e-01    +5.310008172762809e-01
+0.000000000000000e+00    +0.000000000000000e+00    -2.135063561638802e+06    +3.776248234550696e-03    +4.154183135382203e-02    +2.580980100102018e-01    +5.309781567975052e-01
+0.000000000000000e+00    +0.000000000000000e+00    -2.135859336354282e+06    +3.788415347240903e-03    +4.160476191051674e-02    +2.580101469725064e-01    +5.309558174029626e-01
+0.000000000000000e+00    +0.000000000000000e+00    -2.136655111069765e+06    +3.800837887688168e-03    +4.166834220239084e-02    +2.579215713554326e-01    +5.309338150296454e-01
+0.000000000000000e+00    +0.000000000000000e+00    -2.137450885785248e+06    +3.813523321643681e-03    +4.173258777552097e-02    +2.578322699289062e-01    +5.309121667956243e-01
+0.000000000000000e+00    +0.000000000000000e+00    -2.138246660500731e+06    +3.826479332074476e-03    +4.179751472542696e-02    +2.577422288751222e-01    +5.308908901320912e-01
+0.000000000000000e+00    +0.000000000000000e+00    -2.139042435216211e+06    +3.839713960492584e-03    +4.186313979975759e-02    +2.576514339566816e-01    +5.308700035046306e-01
+0.000000000000000e+00    +0.000000000000000e+00    -2.139838209931694e+06    +3.853235632549034e-03    +4.192948043044142e-02    +2.575598705168733e-01    +5.308495265147616e-01
+0.000000000000000e+00    +0.000000000000000e+00    -2.140633984647177e+06    +3.867053027616714e-03    +4.199655470529022e-02    +2.574675231852476e-01    +5.308294791067706e-01
+0.000000000000000e+00    +0.000000000000000e+00    -2.141429759362660e+06    +3.881175351880966e-03    +4.206438151399879e-02    +2.573743763083104e-01    +5.308098830548329e-01
+0.000000000000000e+00    +0.000000000000000e+00    -2.142225534078140e+06    +3.895612108496134e-03    +4.213298048603875e-02    +2.572804134580980e-01    +5.307907605921077e-01
+0.000000000000000e+00    +0.000000000000000e+00    -2.143021308793623e+06    +3.910373241566296e-03    +4.220237208862820e-02    +2.571856176142240e-01    +5.307721351527325e-01
+0.000000000000000e+00    +0.000000000000000e+00    -2.143817083509106e+06    +3.925469203925394e-03    +4.227257768102894e-02    +2.570899712305033e-01    +5.307540317020512e-01
+0.000000000000000e+00    +0.000000000000000e+00    -2.144612858224586e+06    +3.940772661498537e-03    +4.234342460198381e-02    +2.569931695148545e-01    +5.307353918620893e-01
+0.000000000000000e+00    +0.000000000000000e+00    -2.145408632940069e+06    +3.956552166812860e-03    +4.241531192036341e-02    +2.568957316823879e-01    +5.307182925967372e-01
+0.000000000000000e+00    +0.000000000000000e+00    -2.146204407655552e+06    +3.972705114802049e-03    +4.248808591500732e-02    +2.567973899487579e-01    +5.307018167124927e-01
+0.000000000000000e+00    +0.000000000000000e+00    -2.147000182371035e+06    +3.989238564573556e-03    +4.256176875611879e-02    +2.566981171521223e-01    +5.306859678274256e-01
+0.000000000000000e+00    +0.000000000000000e+00    -2.147795957086515e+06    +4.006165789951587e-03    +4.263638717418648e-02    +2.565978918392778e-01    +5.306707784059777e-01
+0.000000000000000e+00    +0.000000000000000e+00    -2.148591731801998e+06    +4.023500545861488e-03    +4.271196907430053e-02    +2.564966914062666e-01    +5.306562817962498e-01
+0.000000000000000e+00    +0.000000000000000e+00    -2.149387506517481e+06    +4.041257279976208e-03    +4.278854370694272e-02    +2.563944922484007e-01    +5.306425131618093e-01
+0.000000000000000e+00    +0.000000000000000e+00    -2.150183281232964e+06    +4.059451155088613e-03    +4.286614174304593e-02    +2.562912696633544e-01    +5.306295094826051e-01
+0.000000000000000e+00    +0.000000000000000e+00    -2.150979055948444e+06    +4.078231166041330e-03    +4.294496850924875e-02    +2.561871823561065e-01    +5.306181685549440e-01
+0.000000000000000e+00    +0.000000000000000e+00    -2.151774830663927e+06    +4.097360919019953e-03    +4.302472519439045e-02    +2.560818510728637e-01    +5.306068900759795e-01
+0.000000000000000e+00    +0.000000000000000e+00    -2.152570605379410e+06    +4.116980143229288e-03    +4.310560893425705e-02    +2.559754176551266e-01    +5.305965117820726e-01
+0.000000000000000e+00    +0.000000000000000e+00    -2.153366380094893e+06    +4.137107178807852e-03    +4.318765672838396e-02    +2.558678517065821e-01    +5.305870773241045e-01
+0.000000000000000e+00    +0.000000000000000e+00    -2.154162154810373e+06    +4.157761967961590e-03    +4.327090831402260e-02    +2.557591222068655e-01    +5.305786368554875e-01
+0.000000000000000e+00    +0.000000000000000e+00    -2.154957929525856e+06    +4.178965610052097e-03    +4.335540564329961e-02    +2.556491965472877e-01    +5.305712436511186e-01
+0.000000000000000e+00    +0.000000000000000e+00    -2.155753704241339e+06    +4.200740457082816e-03    +4.344119306203994e-02    +2.555380404149921e-01    +5.305649543847012e-01
+0.000000000000000e+00    +0.000000000000000e+00    -2.156549478956819e+06    +4.223110216125666e-03    +4.352831750263252e-02    +2.554256176598312e-01    +5.305598294125311e-01
+0.000000000000000e+00    +0.000000000000000e+00    -2.157345253672302e+06    +4.246100059085340e-03    +4.361682869372670e-02    +2.553118901407446e-01    +5.305559330637245e-01
+0.000000000000000e+00    +0.000000000000000e+00    -2.158141028387785e+06    +4.269736754565680e-03    +4.370677940329953e-02    +2.551968175746195e-01    +5.305533340318482e-01
+0.000000000000000e+00    +0.000000000000000e+00    -2.158936803103268e+06    +4.294048797704574e-03    +4.379822569168037e-02    +2.550803573371775e-01    +5.305521056964845e-01
+0.000000000000000e+00    +0.000000000000000e+00    -2.159732577818751e+06    +4.319066572984160e-03    +4.389122721162204e-02    +2.549624642755755e-01    +5.305523266053178e-01
+0.000000000000000e+00    +0.000000000000000e+00    -2.160528352534231e+06    +4.344822527516086e-03    +4.398584753383062e-02    +2.548430904839932e-01    +5.305540809543448e-01
+0.000000000000000e+00    +0.000000000000000e+00    -2.161324127249714e+06    +4.371351356203389e-03    +4.408215450572105e-02    +2.547221850330715e-01    +5.305574590662432e-01
+0.000000000000000e+00    +0.000000000000000e+00    -2.162119901965197e+06    +4.398690231985904e-03    +4.418022067100168e-02    +2.545996937129199e-01    +5.305625580778380e-01
+0.000000000000000e+00    +0.000000000000000e+00    -2.162915676680677e+06    +4.426879043486438e-03    +4.428012372566610e-02    +2.544755586985383e-01    +5.305694825684593e-01
+0.000000000000000e+00    +0.000000000000000e+00    -2.163711451396160e+06    +4.455960675403986e-03    +4.438194704193708e-02    +2.543497181969834e-01    +5.305783453500674e-01
+0.000000000000000e+00    +0.000000000000000e+00    -2.164507226111643e+06    +4.485981321708949e-03    +4.448578025935253e-02    +2.542221060366853e-01    +5.305892683310571e-01
+0.000000000000000e+00    +0.000000000000000e+00    -2.165303000827126e+06    +4.516990844445097e-03    +4.459171995868694e-02    +2.540926512057649e-01    +5.306023835155698e-01
+0.000000000000000e+00    +0.000000000000000e+00    -2.166098775542606e+06    +4.549043184238995e-03    +4.469987043098209e-02    +2.539612773279960e-01    +5.306178341506297e-01
+0.000000000000000e+00    +0.000000000000000e+00    -2.166894550258089e+06    +4.582196826156306e-03    +4.481034456017419e-02    +2.538279020447828e-01    +5.306357760044484e-01
+0.000000000000000e+00    +0.000000000000000e+00    -2.167690324973572e+06    +4.616515349097258e-03    +4.492326483438298e-02    +2.536924363539763e-01    +5.306563789405490e-01
+0.000000000000000e+00    +0.000000000000000e+00    -2.168486099689055e+06    +4.652068036542256e-03    +4.503876452961105e-02    +2.535547837405430e-01    +5.306798285367185e-01
+0.000000000000000e+00    +0.000000000000000e+00    -2.169281874404535e+06    +4.688930620405096e-03    +4.515698906108453e-02    +2.534148393191937e-01    +5.307063282511957e-01
+0.000000000000000e+00    +0.000000000000000e+00    -2.170077649120018e+06    +4.727186117726879e-03    +4.527809759591914e-02    +2.532724886666024e-01    +5.307361016654352e-01
+0.000000000000000e+00    +0.000000000000000e+00    -2.170873423835501e+06    +4.766925838443968e-03    +4.540226491322297e-02    +2.531276065923426e-01    +5.307693953520165e-01
+0.000000000000000e+00    +0.000000000000000e+00    -2.171669198550984e+06    +4.808250563073088e-03    +4.552968363300833e-02    +2.529800555858326e-01    +5.308064821183494e-01
+0.000000000000000e+00    +0.000000000000000e+00    -2.172464973266464e+06    +4.851271948343802e-03    +4.566056682683002e-02    +2.528296840625056e-01    +5.308476649659385e-01
+0.000000000000000e+00    +0.000000000000000e+00    -2.173260747981947e+06    +4.896114213221995e-03    +4.579515122060376e-02    +2.526763241217410e-01    +5.308932817222417e-01
+0.000000000000000e+00    +0.000000000000000e+00    -2.174056522697430e+06    +4.942916167372788e-03    +4.593370094974451e-02    +2.525197890373667e-01    +5.309437107703465e-01
+0.000000000000000e+00    +0.000000000000000e+00    -2.174852297412913e+06    +4.991833693864093e-03    +4.607651225544119e-02    +2.523598699973778e-01    +5.309993779066954e-01
+0.000000000000000e+00    +0.000000000000000e+00    -2.175648072128393e+06    +5.043042771515086e-03    +4.622391910213672e-02    +2.521963323175077e-01    +5.310607648345288e-01
+0.000000000000000e+00    +0.000000000000000e+00    -2.176443846843876e+06    +5.096743253667149e-03    +4.637630029254964e-02    +2.520289105426815e-01    +5.311284196555722e-01
+0.000000000000000e+00    +0.000000000000000e+00    -2.177239621559359e+06    +5.153163573861531e-03    +4.653408825522601e-02    +2.518573024763595e-01    +5.312029700345323e-01
+0.000000000000000e+00    +0.000000000000000e+00    -2.178035396274842e+06    +5.212566752585550e-03    +4.669778031653080e-02    +2.516811614673359e-01    +5.312851399387919e-01
+0.000000000000000e+00    +0.000000000000000e+00    -2.178831170990322e+06    +5.275258042596311e-03    +4.686795296502796e-02    +2.515000867290959e-01    +5.313757710392601e-01
+0.000000000000000e+00    +0.000000000000000e+00    -2.179626945705805e+06    +5.341594984377024e-03    +4.704528069887814e-02    +2.513136104715641e-01    +5.314758507709336e-01
+0.000000000000000e+00    +0.000000000000000e+00    -2.180422720421288e+06    +5.412000653297166e-03    +4.723056077089197e-02    +2.511211810897380e-01    +5.315865493993724e-01
+0.000000000000000e+00    +0.000000000000000e+00    -2.181218495136768e+06    +5.486981510066953e-03    +4.742474652149020e-02    +2.509221405339814e-01    +5.317092699896923e-01
+0.000000000000000e+00    +0.000000000000000e+00    -2.182014269852251e+06    +5.567148321429702e-03    +4.762899549607712e-02    +2.507156553974669e-01    +5.318456486262040e-01
+0.000000000000000e+00    +0.000000000000000e+00    -2.182810044567734e+06    +5.653305303145624e-03    +4.784499081263214e-02    +2.505001591720060e-01    +5.319972967536216e-01
+0.000000000000000e+00    +0.000000000000000e+00    -2.183605819283217e+06    +5.746337127004958e-03    +4.807409417150871e-02    +2.502754856128249e-01    +5.321678545948425e-01
+0.000000000000000e+00    +0.000000000000000e+00    -2.184401593998700e+06    +5.847825884704084e-03    +4.831932829758777e-02    +2.500394722897878e-01    +5.323615963261398e-01
+0.000000000000000e+00    +0.000000000000000e+00    -2.185197368714180e+06    +5.958895064629537e-03    +4.858294214392030e-02    +2.497901131744659e-01    +5.325809131702776e-01
+0.000000000000000e+00    +0.000000000000000e+00    -2.185993143429663e+06    +6.082299796409072e-03    +4.887011141142601e-02    +2.495238590373819e-01    +5.328334729291299e-01
+0.000000000000000e+00    +0.000000000000000e+00    -2.186788918145146e+06    +6.221397810044921e-03    +4.918702180441561e-02    +2.492368942190509e-01    +5.331292992086450e-01
+0.000000000000000e+00    +0.000000000000000e+00    -2.187584692860626e+06    +6.380602471876419e-03    +4.954203678580441e-02    +2.489231022970574e-01    +5.334800477207916e-01
+0.000000000000000e+00    +0.000000000000000e+00    -2.188380467576109e+06    +6.570170873397512e-03    +4.995432872291776e-02    +2.485698103203435e-01    +5.339150423541528e-01
+0.000000000000000e+00    +0.000000000000000e+00    -2.189176242291592e+06    +6.806008763308577e-03    +5.045385991654551e-02    +2.481556541483606e-01    +5.344771649493755e-01
+0.000000000000000e+00    +0.000000000000000e+00    -2.189972017007075e+06    +7.135539169291817e-03    +5.112949780845001e-02    +2.476198003545441e-01    +5.352984653315009e-01
+0.000000000000000e+00    +0.000000000000000e+00    -2.190767791722555e+06    -3.092889408933508e-02    -2.021116033611142e-02    -1.828176455206129e-02    -1.214881832106385e-01
+0.000000000000000e+00    +0.000000000000000e+00    -2.191563566438038e+06    -3.098001705711718e-02    -2.024877225320924e-02    -1.834757309551193e-02    -1.217586342102168e-01
+0.000000000000000e+00    +0.000000000000000e+00    -2.192359341153521e+06    -3.103155215720173e-02    -2.028668804777609e-02    -1.841394662865683e-02    -1.220313269588607e-01
+0.000000000000000e+00    +0.000000000000000e+00    -2.193155115869004e+06    -3.108343716930318e-02    -2.032484106824298e-02    -1.848088601783844e-02    -1.223060374469229e-01
+0.000000000000000e+00    +0.000000000000000e+00    -2.193950890584484e+06    -3.113567739685436e-02    -2.036323454706146e-02    -1.854840101752658e-02    -1.225827976825240e-01
+0.000000000000000e+00    +0.000000000000000e+00    -2.194746665299967e+06    -3.118833569464104e-02    -2.040174934826268e-02    -1.861650521416183e-02    -1.228615329498645e-01
+0.000000000000000e+00    +0.000000000000000e+00    -2.195542440015450e+06    -3.124124800461998e-02    -2.044075649007673e-02    -1.868519865214526e-02    -1.231426055069734e-01
+0.000000000000000e+00    +0.000000000000000e+00    -2.196338214730933e+06    -3.129465072483857e-02    -2.047976741510203e-02    -1.875450585006714e-02    -1.234256169825138e-01
+0.000000000000000e+00    +0.000000000000000e+00    -2.197133989446413e+06    -3.134837576889371e-02    -2.051915851401396e-02    -1.882442741105423e-02    -1.237109329644333e-01
+0.000000000000000e+00    +0.000000000000000e+00    -2.197929764161896e+06    -3.140248813925028e-02    -2.055880980896110e-02    -1.889497814082248e-02    -1.239984831558094e-01
+0.000000000000000e+00    +0.000000000000000e+00    -2.198725538877379e+06    -3.145699485663601e-02    -2.059872562446440e-02    -1.896616972029140e-02    -1.242883078524358e-01
+0.000000000000000e+00    +0.000000000000000e+00    -2.199521313592862e+06    -3.151190314264916e-02    -2.063891037580367e-02    -1.903801418225633e-02    -1.245804484762412e-01
+0.000000000000000e+00    +0.000000000000000e+00    -2.200317088308342e+06    -3.156722044426753e-02    -2.067936860334460e-02    -1.911052392861921e-02    -1.248749477084049e-01
+0.000000000000000e+00    +0.000000000000000e+00    -2.201112863023825e+06    -3.162295444346772e-02    -2.072010497667571e-02    -1.918371174661615e-02    -1.251718495418292e-01
+0.000000000000000e+00    +0.000000000000000e+00    -2.201908637739308e+06    -3.167911306856783e-02    -2.076112430163909e-02    -1.925759082522354e-02    -1.254711993420032e-01
+0.000000000000000e+00    +0.000000000000000e+00    -2.202704412454791e+06    -3.173570450455535e-02    -2.080243152386745e-02    -1.933217477356038e-02    -1.257730439034707e-01
+0.000000000000000e+00    +0.000000000000000e+00    -2.203500187170271e+06    -3.179273720569367e-02    -2.084403173635110e-02    -1.940747763929762e-02    -1.260774315173493e-01
+0.000000000000000e+00    +0.000000000000000e+00    -2.204295961885754e+06    -3.185021990746442e-02    -2.088593018411458e-02    -1.948351392905577e-02    -1.263844120361111e-01
+0.000000000000000e+00    +0.000000000000000e+00    -2.205091736601237e+06    -3.190816164050302e-02    -2.092813227209698e-02    -1.956029862919203e-02    -1.266940369481360e-01
+0.000000000000000e+00    +0.000000000000000e+00    -2.205887511316717e+06    -3.196657174422912e-02    -2.097064357073624e-02    -1.963784722859858e-02    -1.270063594512367e-01
+0.000000000000000e+00    +0.000000000000000e+00    -2.206683286032200e+06    -3.202545988222659e-02    -2.101346982396026e-02    -1.971617574230470e-02    -1.273214345348599e-01
+0.000000000000000e+00    +0.000000000000000e+00    -2.207479060747683e+06    -3.208483605816834e-02    -2.105661695662455e-02    -1.979530073681402e-02    -1.276393190653124e-01
+0.000000000000000e+00    +0.000000000000000e+00    -2.208274835463166e+06    -3.214471063292878e-02    -2.110009108274703e-02    -1.987523935692434e-02    -1.279600718770499e-01
+0.000000000000000e+00    +0.000000000000000e+00    -2.209070610178649e+06    -3.220509434246934e-02    -2.114389851338738e-02    -1.995600935448777e-02    -1.282837538681031e-01
+0.000000000000000e+00    +0.000000000000000e+00    -2.209866384894129e+06    -3.226599831758415e-02    -2.118804576661484e-02    -2.003762911855591e-02    -1.286104281048210e-01
+0.000000000000000e+00    +0.000000000000000e+00    -2.210662159609612e+06    -3.232743410411580e-02    -2.123253957597347e-02    -2.012011770809759e-02    -1.289401599293272e-01
+0.000000000000000e+00    +0.000000000000000e+00    -2.211457934325095e+06    -3.238941368550143e-02    -2.127738690178186e-02    -2.020349488620705e-02    -1.292730170786081e-01
+0.000000000000000e+00    +0.000000000000000e+00    -2.212253709040575e+06    -3.245194950607973e-02    -2.132259494114334e-02    -2.028778115719272e-02    -1.296090698077274e-01
+0.000000000000000e+00    +0.000000000000000e+00    -2.213049483756058e+06    -3.251505449630777e-02    -2.136817113921092e-02    -2.037299780601637e-02    -1.299483910226862e-01
+0.000000000000000e+00    +0.000000000000000e+00    -2.213845258471541e+06    -3.257874210005435e-02    -2.141412320184594e-02    -2.045916694025332e-02    -1.302910564237691e-01
+0.000000000000000e+00    +0.000000000000000e+00    -2.214641033187024e+06    -3.264302630360798e-02    -2.146045910840350e-02    -2.054631153521085e-02    -1.306371446576388e-01
+0.000000000000000e+00    +0.000000000000000e+00    -2.215436807902504e+06    -3.270792166663294e-02    -2.150718712480498e-02    -2.063445548244225e-02    -1.309867374792902e-01
+0.000000000000000e+00    +0.000000000000000e+00    -2.216232582617987e+06    -3.277344335607684e-02    -2.155431581907827e-02    -2.072362364128692e-02    -1.313399199287736e-01
+0.000000000000000e+00    +0.000000000000000e+00    -2.217028357333470e+06    -3.283960718190674e-02    -2.160185407592873e-02    -2.081384189483819e-02    -1.316967805171790e-01
+0.000000000000000e+00    +0.000000000000000e+00    -2.217824132048950e+06    -3.290642963627572e-02    -2.164981111398001e-02    -2.090513720958670e-02    -1.320574114297241e-01
+0.000000000000000e+00    +0.000000000000000e+00    -2.218619906764433e+06    -3.297392793546096e-02    -2.169819650332356e-02    -2.099753769988516e-02    -1.324219087426718e-01
+0.000000000000000e+00    +0.000000000000000e+00    -2.219415681479916e+06    -3.304212006532576e-02    -2.174702018466814e-02    -2.109107269729930e-02    -1.327903726577629e-01
+0.000000000000000e+00    +0.000000000000000e+00    -2.220211456195399e+06    -3.311102483018845e-02    -2.179629248892338e-02    -2.118577282574000e-02    -1.331629077534909e-01
+0.000000000000000e+00    +0.000000000000000e+00    -2.221007230910882e+06    -3.318066190598114e-02    -2.184602415868938e-02    -2.128167008248564e-02    -1.335396232575237e-01
+0.000000000000000e+00    +0.000000000000000e+00    -2.221803005626362e+06    -3.325105189856556e-02    -2.189622637313451e-02    -2.137879792519381e-02    -1.339206333445648e-01
+0.000000000000000e+00    +0.000000000000000e+00    -2.222598780341845e+06    -3.332221640555789e-02    -2.194691077023386e-02    -2.147719136772080e-02    -1.343060574511470e-01
+0.000000000000000e+00    +0.000000000000000e+00    -2.223394555057328e+06    -3.339417808534278e-02    -2.199808947554473e-02    -2.157688708240007e-02    -1.346960206257534e-01
+0.000000000000000e+00    +0.000000000000000e+00    -2.224190329772808e+06    -3.346696073146395e-02    -2.204977513078603e-02    -2.167792351198191e-02    -1.350906539049057e-01
+0.000000000000000e+00    +0.000000000000000e+00    -2.224986104488291e+06    -3.354058935329625e-02    -2.210198092276534e-02    -2.178034099216779e-02    -1.354900947194015e-01
+0.000000000000000e+00    +0.000000000000000e+00    -2.225781879203774e+06    -3.361509026578663e-02    -2.215472061904507e-02    -2.188418188353894e-02    -1.358944873446486e-01
+0.000000000000000e+00    +0.000000000000000e+00    -2.226577653919257e+06    -3.369049118610199e-02    -2.220800860116343e-02    -2.198949071757711e-02    -1.363039833834742e-01
+0.000000000000000e+00    +0.000000000000000e+00    -2.227373428634737e+06    -3.376682134173877e-02    -2.226185990674661e-02    -2.209631435402337e-02    -1.367187423043900e-01
+0.000000000000000e+00    +0.000000000000000e+00    -2.228169203350220e+06    -3.384411158686382e-02    -2.231629026662249e-02    -2.220470215660568e-02    -1.371389320176608e-01
+0.000000000000000e+00    +0.000000000000000e+00    -2.228964978065703e+06    -3.392239453341825e-02    -2.237131615416764e-02    -2.231470618239384e-02    -1.375647295224646e-01
+0.000000000000000e+00    +0.000000000000000e+00    -2.229760752781186e+06    -3.400170469374561e-02    -2.242695483148072e-02    -2.242638139301940e-02    -1.379963216069301e-01
+0.000000000000000e+00    +0.000000000000000e+00    -2.230556527496666e+06    -3.408207863976989e-02    -2.248322440350831e-02    -2.253978588594053e-02    -1.384339056261328e-01
+0.000000000000000e+00    +0.000000000000000e+00    -2.231352302212149e+06    -3.416355517920887e-02    -2.254014387525368e-02    -2.265498115059823e-02    -1.388776903588563e-01
+0.000000000000000e+00    +0.000000000000000e+00    -2.232148076927632e+06    -3.424617555163247e-02    -2.259773321381078e-02    -2.277203235218307e-02    -1.393278969558464e-01
+0.000000000000000e+00    +0.000000000000000e+00    -2.232943851643115e+06    -3.432998364708917e-02    -2.265601341532962e-02    -2.289100864692504e-02    -1.397847599913518e-01
+0.000000000000000e+00    +0.000000000000000e+00    -2.233739626358595e+06    -3.441502625151702e-02    -2.271500658156157e-02    -2.301198353127822e-02    -1.402485286376247e-01
+0.000000000000000e+00    +0.000000000000000e+00    -2.234535401074078e+06    -3.450135332039619e-02    -2.277473599641183e-02    -2.313503523479684e-02    -1.407194679653086e-01
+0.000000000000000e+00    +0.000000000000000e+00    -2.235331175789561e+06    -3.458901828854138e-02    -2.283522621752028e-02    -2.326024715589550e-02    -1.411978604084250e-01
+0.000000000000000e+00    +0.000000000000000e+00    -2.236126950505044e+06    -3.467807841804419e-02    -2.289650316873468e-02    -2.338770835451312e-02    -1.416840073972609e-01
+0.000000000000000e+00    +0.000000000000000e+00    -2.236922725220524e+06    -3.476859519347911e-02    -2.295859424637762e-02    -2.351751410411162e-02    -1.421782312019445e-01
+0.000000000000000e+00    +0.000000000000000e+00    -2.237718499936007e+06    -3.486063477039913e-02    -2.302152843249619e-02    -2.364976651652148e-02    -1.426808770089793e-01
+0.000000000000000e+00    +0.000000000000000e+00    -2.238514274651490e+06    -3.495426848742804e-02    -2.308533642193769e-02    -2.378457524819643e-02    -1.431923152757341e-01
+0.000000000000000e+00    +0.000000000000000e+00    -2.239310049366973e+06    -3.504957345185014e-02    -2.315005075611391e-02    -2.392205830636229e-02    -1.437129444000710e-01
+0.000000000000000e+00    +0.000000000000000e+00    -2.240105824082453e+06    -3.514663321381272e-02    -2.321570597438408e-02    -2.406234296642927e-02    -1.442431937705959e-01
+0.000000000000000e+00    +0.000000000000000e+00    -2.240901598797936e+06    -3.524553854458483e-02    -2.328233877664342e-02    -2.420556682521816e-02    -1.447835272562814e-01
+0.000000000000000e+00    +0.000000000000000e+00    -2.241697373513419e+06    -3.534638833989927e-02    -2.334998820207111e-02    -2.435187901269619e-02    -1.453344472206663e-01
+0.000000000000000e+00    +0.000000000000000e+00    -2.242493148228899e+06    -3.544929067350636e-02    -2.341869582585208e-02    -2.450144159186909e-02    -1.458964991596481e-01
+0.000000000000000e+00    +0.000000000000000e+00    -2.243288922944382e+06    -3.555436403239069e-02    -2.348850596611101e-02    -2.465443119051310e-02    -1.464702770807760e-01
+0.000000000000000e+00    +0.000000000000000e+00    -2.244084697659865e+06    -3.566173877413829e-02    -2.355946591441970e-02    -2.481104090290288e-02    -1.470564297850565e-01
+0.000000000000000e+00    +0.000000000000000e+00    -2.244880472375348e+06    -3.577155885617170e-02    -2.363162618221174e-02    -2.497148252477064e-02    -1.476556682355194e-01
+0.000000000000000e+00    +0.000000000000000e+00    -2.245676247090831e+06    -3.588398390203772e-02    -2.370504075952214e-02    -2.513598919791752e-02    -1.482687742540852e-01
+0.000000000000000e+00    +0.000000000000000e+00    -2.246472021806311e+06    -3.599919168743285e-02    -2.377976739199102e-02    -2.530481855154624e-02    -1.488966108541975e-01
+0.000000000000000e+00    +0.000000000000000e+00    -2.247267796521794e+06    -3.611738115710540e-02    -2.385586785339824e-02    -2.547825647653828e-02    -1.495401346023236e-01
+0.000000000000000e+00    +0.000000000000000e+00    -2.248063571237277e+06    -3.623877611288992e-02    -2.393340822824177e-02    -2.565662166878802e-02    -1.502004105173593e-01
+0.000000000000000e+00    +0.000000000000000e+00    -2.248859345952757e+06    -3.636362977205987e-02    -2.401245915233285e-02    -2.584027118222139e-02    -1.508786301865751e-01
+0.000000000000000e+00    +0.000000000000000e+00    -2.249655120668240e+06    -3.649223044793477e-02    -2.409309602171354e-02    -2.602960723080071e-02    -1.515761339757860e-01
+0.000000000000000e+00    +0.000000000000000e+00    -2.250450895383723e+06    -3.662490871885488e-02    -2.417539908706216e-02    -2.622508564839060e-02    -1.522944385450382e-01
+0.000000000000000e+00    +0.000000000000000e+00    -2.251246670099206e+06    -3.676203064723016e-02    -2.425942041525786e-02    -2.642723007810459e-02    -1.530351919960371e-01
+0.000000000000000e+00    +0.000000000000000e+00    -2.252042444814686e+06    -3.690407251413676e-02    -2.434531218658844e-02    -2.663663195327378e-02    -1.538005291444978e-01
+0.000000000000000e+00    +0.000000000000000e+00    -2.252838219530169e+06    -3.705154297127655e-02    -2.443313719612191e-02    -2.685398703917330e-02    -1.545926676115004e-01
+0.000000000000000e+00    +0.000000000000000e+00    -2.253633994245652e+06    -3.720506631743167e-02    -2.452298965629742e-02    -2.708010654349761e-02    -1.554142844051467e-01
+0.000000000000000e+00    +0.000000000000000e+00    -2.254429768961135e+06    -3.736539481853736e-02    -2.461496234389733e-02    -2.731594989981165e-02    -1.562685373589312e-01
+0.000000000000000e+00    +0.000000000000000e+00    -2.255225543676615e+06    -3.753344888807532e-02    -2.470914057750104e-02    -2.756266635503372e-02    -1.571591976860670e-01
+0.000000000000000e+00    +0.000000000000000e+00    -2.256021318392098e+06    -3.771037427914056e-02    -2.480559199348974e-02    -2.782165273797334e-02    -1.580908332685564e-01
+0.000000000000000e+00    +0.000000000000000e+00    -2.256817093107581e+06    -3.789762659040474e-02    -2.490434844077523e-02    -2.809463617557924e-02    -1.590690696118288e-01
+0.000000000000000e+00    +0.000000000000000e+00    -2.257612867823064e+06    -3.809710112746679e-02    -2.500537329920761e-02    -2.838379687751738e-02    -1.601009747823356e-01
+0.000000000000000e+00    +0.000000000000000e+00    -2.258408642538544e+06    -3.831134102454518e-02    -2.510850063541864e-02    -2.869195744498196e-02    -1.611956484336550e-01
+0.000000000000000e+00    +0.000000000000000e+00    -2.259204417254027e+06    -3.854389021825439e-02    -2.521331679734945e-02    -2.902289043431381e-02    -1.623651705373558e-01
+0.000000000000000e+00    +0.000000000000000e+00    -2.260000191969510e+06    -3.879993512881137e-02    -2.531891550636324e-02    -2.938185121346534e-02    -1.636262282351196e-01
+0.000000000000000e+00    +0.000000000000000e+00    -2.260795966684993e+06    -3.908817981434912e-02    -2.542416399477190e-02    -2.977789667690136e-02    -1.650079208505391e-01
+0.000000000000000e+00    +0.000000000000000e+00    -2.261591741400473e+06    -3.942165547012520e-02    -2.552371938012960e-02    -3.022168079951522e-02    -1.665423473870974e-01
+0.000000000000000e+00    +0.000000000000000e+00    -2.262387516115956e+06    -3.982885104360793e-02    -2.560692329301806e-02    -3.073694421724448e-02    -1.683022574692738e-01
+0.000000000000000e+00    +0.000000000000000e+00    -2.263183290831439e+06    -4.038759904598142e-02    -2.563715817478866e-02    -3.138205953135857e-02    -1.704619293162246e-01
+0.000000000000000e+00    +0.000000000000000e+00    -2.263979065546922e+06    +2.291757925020716e-02    -6.388082945819479e-02    -3.006757787316359e-01    -5.978683006443410e-01
+0.000000000000000e+00    +0.000000000000000e+00    -2.264774840262402e+06    +2.308571683870760e-02    -6.448494521148045e-02    -3.010000083812788e-01    -5.991986643195901e-01
+0.000000000000000e+00    +0.000000000000000e+00    -2.265570614977885e+06    +2.331455061140234e-02    -6.530629917217706e-02    -3.014470353651779e-01    -6.010178718704171e-01
+0.000000000000000e+00    +0.000000000000000e+00    -2.266366389693368e+06    +3.508498593395700e-03    +5.535345554357440e-03    -5.704654056322515e-01    -9.824877325978720e-01
+0.000000000000000e+00    +0.000000000000000e+00    -2.267162164408848e+06    +3.507956611859717e-03    +5.534516080363555e-03    -5.704656997287008e-01    -9.824906473138357e-01
+0.000000000000000e+00    +0.000000000000000e+00    -2.267957939124331e+06    +3.507420193387430e-03    +5.533669003234110e-03    -5.704659944495464e-01    -9.824935841926187e-01
+0.000000000000000e+00    +0.000000000000000e+00    -2.268753713839814e+06    +3.506883926006467e-03    +5.532822199894382e-03    -5.704662890367320e-01    -9.824965200939548e-01
+0.000000000000000e+00    +0.000000000000000e+00    -2.269549488555297e+06    +3.506347821358079e-03    +5.531975653017790e-03    -5.704665834893251e-01    -9.824994550261613e-01
+0.000000000000000e+00    +0.000000000000000e+00    -2.270345263270780e+06    +3.505811880878192e-03    +5.531129364933433e-03    -5.704668778065715e-01    -9.825023889813292e-01
+0.000000000000000e+00    +0.000000000000000e+00    -2.271141037986260e+06    +3.505276102880634e-03    +5.530283332984000e-03    -5.704671719894379e-01    -9.825053219687535e-01
+0.000000000000000e+00    +0.000000000000000e+00    -2.271936812701743e+06    +3.504740489572367e-03    +5.529437560650051e-03    -5.704674660367548e-01    -9.825082539764317e-01
+0.000000000000000e+00    +0.000000000000000e+00    -2.272732587417226e+06    +3.504205036590090e-03    +5.528592041049350e-03    -5.704677599509584e-01    -9.825111850283084e-01
+0.000000000000000e+00    +0.000000000000000e+00    -2.273528362132706e+06    +3.503669746810614e-03    +5.527746778711871e-03    -5.704680537305108e-01    -9.825141151087293e-01
+0.000000000000000e+00    +0.000000000000000e+00    -2.274324136848189e+06    +3.503134620724884e-03    +5.526901774422688e-03    -5.704683473751834e-01    -9.825170442150625e-01
+0.000000000000000e+00    +0.000000000000000e+00    -2.275119911563672e+06    +3.502599656897605e-03    +5.526057025917711e-03    -5.704686408858052e-01    -9.825199723552324e-01
+0.000000000000000e+00    +0.000000000000000e+00    -2.275915686279155e+06    +3.502064855476709e-03    +5.525212533426960e-03    -5.704689342623364e-01    -9.825228995285075e-01
+0.000000000000000e+00    +0.000000000000000e+00    -2.276711460994635e+06    +3.501530218018416e-03    +5.524368299409109e-03    -5.704692275039647e-01    -9.825258257264398e-01
+0.000000000000000e+00    +0.000000000000000e+00    -2.277507235710118e+06    +3.500995741941960e-03    +5.523524319794680e-03    -5.704695206121462e-01    -9.825287509632168e-01
+0.000000000000000e+00    +0.000000000000000e+00    -2.278303010425601e+06    +3.500461427945705e-03    +5.522680595679219e-03    -5.704698135865390e-01    -9.825316752350998e-01
+0.000000000000000e+00    +0.000000000000000e+00    -2.279098785141081e+06    +3.499927276479694e-03    +5.521837127776446e-03    -5.704701064269376e-01    -9.825345985396925e-01
+0.000000000000000e+00    +0.000000000000000e+00    -2.279894559856564e+06    +3.499393286442316e-03    +5.520993914349022e-03    -5.704703991339868e-01    -9.825375208830917e-01
+0.000000000000000e+00    +0.000000000000000e+00    -2.280690334572047e+06    +3.498859459792273e-03    +5.520150958487392e-03    -5.704706917066533e-01    -9.825404422546535e-01
+0.000000000000000e+00    +0.000000000000000e+00    -2.281486109287530e+06    +3.498325796455077e-03    +5.519308260080845e-03    -5.704709841450196e-01    -9.825433626548465e-01
+0.000000000000000e+00    +0.000000000000000e+00    -2.282281884003013e+06    +3.497792292443403e-03    +5.518465812833693e-03    -5.704712764513119e-01    -9.825462821055607e-01
+0.000000000000000e+00    +0.000000000000000e+00    -2.283077658718493e+06    +3.497258951405896e-03    +5.517623622495878e-03    -5.704715686235708e-01    -9.825492005869207e-01
+0.000000000000000e+00    +0.000000000000000e+00    -2.283873433433976e+06    +3.496725771672194e-03    +5.516781686442000e-03    -5.704718606627528e-01    -9.825521181081178e-01
+0.000000000000000e+00    +0.000000000000000e+00    -2.284669208149459e+06    +3.496192755385624e-03    +5.515940008052138e-03    -5.704721525677251e-01    -9.825550346575026e-01
+0.000000000000000e+00    +0.000000000000000e+00    -2.285464982864939e+06    +3.495659899143615e-03    +5.515098581960942e-03    -5.704724443403913e-01    -9.825579502537518e-01
+0.000000000000000e+00    +0.000000000000000e+00    -2.286260757580422e+06    +3.495127205315085e-03    +5.514257411899335e-03    -5.704727359794950e-01    -9.825608648839912e-01
+0.000000000000000e+00    +0.000000000000000e+00    -2.287056532295905e+06    +3.494594672954634e-03    +5.513416496382677e-03    -5.704730274855950e-01    -9.825637785534509e-01
+0.000000000000000e+00    +0.000000000000000e+00    -2.287852307011388e+06    +3.494062302075621e-03    +5.512575835429983e-03    -5.704733188587243e-01    -9.825666912621327e-01
+0.000000000000000e+00    +0.000000000000000e+00    -2.288648081726868e+06    +3.493530093274686e-03    +5.511735429984296e-03    -5.704736100985974e-01    -9.825696030068416e-01
+0.000000000000000e+00    +0.000000000000000e+00    -2.289443856442351e+06    +3.492998045456100e-03    +5.510895278318037e-03    -5.704739012058537e-01    -9.825725137936392e-01
+0.000000000000000e+00    +0.000000000000000e+00    -2.290239631157834e+06    +3.492466158038675e-03    +5.510055379510898e-03    -5.704741921808526e-01    -9.825754236257801e-01
+0.000000000000000e+00    +0.000000000000000e+00    -2.291035405873317e+06    +3.491934432638360e-03    +5.509215736113667e-03    -5.704744830227499e-01    -9.825783324944962e-01
+0.000000000000000e+00    +0.000000000000000e+00    -2.291831180588797e+06    +3.491402867233101e-03    +5.508376344939159e-03    -5.704747737326926e-01    -9.825812404109106e-01
+0.000000000000000e+00    +0.000000000000000e+00    -2.292626955304280e+06    +3.490871464950664e-03    +5.507537210920974e-03    -5.704750643090105e-01    -9.825841473579930e-01
+0.000000000000000e+00    +0.000000000000000e+00    -2.293422730019763e+06    +3.490340222688731e-03    +5.506698329170863e-03    -5.704753547534408e-01    -9.825870533527672e-01
+0.000000000000000e+00    +0.000000000000000e+00    -2.294218504735246e+06    +3.489809141073198e-03    +5.505859700668329e-03    -5.704756450656814e-01    -9.825899583918947e-01
+0.000000000000000e+00    +0.000000000000000e+00    -2.295014279450726e+06    +3.489278220973590e-03    +5.505021326789233e-03    -5.704759352452974e-01    -9.825928624706854e-01
+0.000000000000000e+00    +0.000000000000000e+00    -2.295810054166209e+06    +3.488747460041716e-03    +5.504183203829112e-03    -5.704762252936124e-01    -9.825957656020482e-01
+0.000000000000000e+00    +0.000000000000000e+00    -2.296605828881692e+06    +3.488216860861995e-03    +5.503345335862499e-03    -5.704765152092546e-01    -9.825986677719275e-01
+0.000000000000000e+00    +0.000000000000000e+00    -2.297401603597175e+06    +3.487686423015982e-03    +5.502507722237536e-03    -5.704768049924930e-01    -9.826015689826690e-01
+0.000000000000000e+00    +0.000000000000000e+00    -2.298197378312655e+06    +3.487156144502736e-03    +5.501670359794093e-03    -5.704770946444609e-01    -9.826044692452873e-01
+0.000000000000000e+00    +0.000000000000000e+00    -2.298993153028138e+06    +3.486626027569886e-03    +5.500833252075980e-03    -5.704773841639708e-01    -9.826073685475687e-01
+0.000000000000000e+00    +0.000000000000000e+00    -2.299788927743621e+06    +3.486096070798840e-03    +5.499996396850952e-03    -5.704776735518379e-01    -9.826102668973297e-01
+0.000000000000000e+00    +0.000000000000000e+00    -2.300584702459104e+06    +3.485566273509882e-03    +5.499159793042063e-03    -5.704779628084740e-01    -9.826131642983631e-01
+0.000000000000000e+00    +0.000000000000000e+00    -2.301380477174584e+06    +3.485036637676975e-03    +5.498323443765096e-03    -5.704782519328404e-01    -9.826160607399465e-01
+0.000000000000000e+00    +0.000000000000000e+00    -2.302176251890067e+06    +3.484507160892224e-03    +5.497487345224777e-03    -5.704785409262919e-01    -9.826189562353060e-01
+0.000000000000000e+00    +0.000000000000000e+00    -2.302972026605550e+06    +3.483977845393567e-03    +5.496651500948311e-03    -5.704788297876476e-01    -9.826218507722851e-01
+0.000000000000000e+00    +0.000000000000000e+00    -2.303767801321030e+06    +3.483448689188330e-03    +5.495815907796918e-03    -5.704791185180350e-01    -9.826247443618370e-01
+0.000000000000000e+00    +0.000000000000000e+00    -2.304563576036513e+06    +3.482919692016933e-03    +5.494980565355273e-03    -5.704794071176355e-01    -9.826276370054605e-01
+0.000000000000000e+00    +0.000000000000000e+00    -2.305359350751996e+06    +3.482390856564582e-03    +5.494145477863603e-03    -5.704796955850238e-01    -9.826305286885424e-01
+0.000000000000000e+00    +0.000000000000000e+00    -2.306155125467479e+06    +3.481862181001323e-03    +5.493310642441484e-03    -5.704799839212392e-01    -9.826334194211434e-01
+0.000000000000000e+00    +0.000000000000000e+00    -2.306950900182962e+06    +3.481333664842751e-03    +5.492476058319061e-03    -5.704802721265850e-01    -9.826363092059905e-01
+0.000000000000000e+00    +0.000000000000000e+00    -2.307746674898442e+06    +3.480805306448790e-03    +5.491641722905802e-03    -5.704805602019956e-01    -9.826391980521219e-01
+0.000000000000000e+00    +0.000000000000000e+00    -2.308542449613925e+06    +3.480277109260768e-03    +5.490807641631617e-03    -5.704808481456343e-01    -9.826420859407985e-01
+0.000000000000000e+00    +0.000000000000000e+00    -2.309338224329408e+06    +3.479749072496899e-03    +5.489973813273581e-03    -5.704811359579677e-01    -9.826449728763450e-01
+0.000000000000000e+00    +0.000000000000000e+00    -2.310133999044888e+06    +3.479221193604912e-03    +5.489140233799782e-03    -5.704814236404264e-01    -9.826478588727877e-01
+0.000000000000000e+00    +0.000000000000000e+00    -2.310929773760371e+06    +3.478693474819435e-03    +5.488306906731751e-03    -5.704817111918322e-01    -9.826507439179920e-01
+0.000000000000000e+00    +0.000000000000000e+00    -2.311725548475854e+06    +3.478165915604979e-03    +5.487473831231712e-03    -5.704819986125174e-01    -9.826536280149412e-01
+0.000000000000000e+00    +0.000000000000000e+00    -2.312521323191337e+06    +3.477638515868470e-03    +5.486641007151854e-03    -5.704822859025717e-01    -9.826565111642149e-01
+0.000000000000000e+00    +0.000000000000000e+00    -2.313317097906817e+06    +3.477111273735955e-03    +5.485808431533491e-03    -5.704825730630559e-01    -9.826593933761264e-01
+0.000000000000000e+00    +0.000000000000000e+00    -2.314112872622300e+06    +3.476584191306794e-03    +5.484976107686714e-03    -5.704828600928659e-01    -9.826622746392767e-01
+0.000000000000000e+00    +0.000000000000000e+00    -2.314908647337783e+06    +3.476057269704363e-03    +5.484144037392897e-03    -5.704831469914300e-01    -9.826651549475821e-01
+0.000000000000000e+00    +0.000000000000000e+00    -2.315704422053266e+06    +3.475530505672809e-03    +5.483312215514971e-03    -5.704834337605608e-01    -9.826680343189025e-01
+0.000000000000000e+00    +0.000000000000000e+00    -2.316500196768746e+06    +3.475003899875869e-03    +5.482480643091685e-03    -5.704837203999358e-01    -9.826709127496948e-01
+0.000000000000000e+00    +0.000000000000000e+00    -2.317295971484229e+06    +3.474477453119846e-03    +5.481649321399184e-03    -5.704840069091561e-01    -9.826737902356149e-01
+0.000000000000000e+00    +0.000000000000000e+00    -2.318091746199712e+06    +3.473951164849440e-03    +5.480818249563918e-03    -5.704842932885632e-01    -9.826766667797620e-01
+0.000000000000000e+00    +0.000000000000000e+00    -2.318887520915195e+06    +3.473425036976503e-03    +5.479987430603996e-03    -5.704845795371563e-01    -9.826795423717574e-01
+0.000000000000000e+00    +0.000000000000000e+00    -2.319683295630675e+06    +3.472899067699097e-03    +5.479156861680805e-03    -5.704848656559557e-01    -9.826824170215073e-01
+0.000000000000000e+00    +0.000000000000000e+00    -2.320479070346158e+06    +3.472373255264660e-03    +5.478326540021955e-03    -5.704851516459538e-01    -9.826852907386674e-01
+0.000000000000000e+00    +0.000000000000000e+00    -2.321274845061641e+06    +3.471847601309193e-03    +5.477496468206233e-03    -5.704854375063001e-01    -9.826881635143732e-01
+0.000000000000000e+00    +0.000000000000000e+00    -2.322070619777124e+06    +3.471322106968683e-03    +5.476666648033384e-03    -5.704857232364160e-01    -9.826910353424748e-01
+0.000000000000000e+00    +0.000000000000000e+00    -2.322866394492604e+06    +3.470796770553978e-03    +5.475837076840505e-03    -5.704860088372600e-01    -9.826939062322650e-01
+0.000000000000000e+00    +0.000000000000000e+00    -2.323662169208087e+06    +3.470271592441353e-03    +5.475007755217243e-03    -5.704862943086668e-01    -9.826967761817645e-01
+0.000000000000000e+00    +0.000000000000000e+00    -2.324457943923570e+06    +3.469746571882984e-03    +5.474178681984655e-03    -5.704865796510816e-01    -9.826996451951245e-01
+0.000000000000000e+00    +0.000000000000000e+00    -2.325253718639053e+06    +3.469221709903859e-03    +5.473349858759838e-03    -5.704868648639866e-01    -9.827025132668152e-01
+0.000000000000000e+00    +0.000000000000000e+00    -2.326049493354533e+06    +3.468697006802492e-03    +5.472521286018198e-03    -5.704871499472594e-01    -9.827053803952677e-01
+0.000000000000000e+00    +0.000000000000000e+00    -2.326845268070016e+06    +3.468172461207807e-03    +5.471692961596356e-03    -5.704874349016839e-01    -9.827082465880393e-01
+0.000000000000000e+00    +0.000000000000000e+00    -2.327641042785499e+06    +3.467648072741096e-03    +5.470864884892822e-03    -5.704877197275046e-01    -9.827111118472738e-01
+0.000000000000000e+00    +0.000000000000000e+00    -2.328436817500979e+06    +3.467123842393069e-03    +5.470037057471625e-03    -5.704880044242230e-01    -9.827139761676269e-01
+0.000000000000000e+00    +0.000000000000000e+00    -2.329232592216462e+06    +3.466599769366929e-03    +5.469209478078483e-03    -5.704882889923106e-01    -9.827168395535139e-01
+0.000000000000000e+00    +0.000000000000000e+00    -2.330028366931945e+06    +3.466075855126998e-03    +5.468382149024034e-03    -5.704885734310111e-01    -9.827197019970055e-01
+0.000000000000000e+00    +0.000000000000000e+00    -2.330824141647428e+06    +3.465552097968034e-03    +5.467555067620896e-03    -5.704888577412905e-01    -9.827225635074772e-01
+0.000000000000000e+00    +0.000000000000000e+00    -2.331619916362911e+06    +3.465028498969684e-03    +5.466728235569418e-03    -5.704891419226004e-01    -9.827254240791071e-01
+0.000000000000000e+00    +0.000000000000000e+00    -2.332415691078391e+06    +3.464505057003959e-03    +5.465901651092558e-03    -5.704894259755933e-01    -9.827282837181189e-01
+0.000000000000000e+00    +0.000000000000000e+00    -2.333211465793874e+06    +3.463981771590345e-03    +5.465075313428751e-03    -5.704897099005672e-01    -9.827311424272096e-01
+0.000000000000000e+00    +0.000000000000000e+00    -2.334007240509357e+06    +3.463458643442757e-03    +5.464249223704681e-03    -5.704899936971753e-01    -9.827340002025488e-01
+0.000000000000000e+00    +0.000000000000000e+00    -2.334803015224837e+06    +3.462935674702642e-03    +5.463423385305006e-03    -5.704902773642936e-01    -9.827368570325009e-01
+0.000000000000000e+00    +0.000000000000000e+00    -2.335598789940320e+06    +3.462412860711071e-03    +5.462597790880228e-03    -5.704905609044895e-01    -9.827397129425713e-01
+0.000000000000000e+00    +0.000000000000000e+00    -2.336394564655803e+06    +3.461890204828807e-03    +5.461772445723546e-03    -5.704908443159772e-01    -9.827425679144935e-01
+0.000000000000000e+00    +0.000000000000000e+00    -2.337190339371286e+06    +3.461367706801062e-03    +5.460947349443990e-03    -5.704911275989351e-01    -9.827454219497078e-01
+0.000000000000000e+00    +0.000000000000000e+00    -2.337986114086766e+06    +3.460845365132549e-03    +5.460122499680341e-03    -5.704914107542128e-01    -9.827482750564497e-01
+0.000000000000000e+00    +0.000000000000000e+00    -2.338781888802249e+06    +3.460323179465492e-03    +5.459297895863681e-03    -5.704916937820421e-01    -9.827511272367476e-01
+0.000000000000000e+00    +0.000000000000000e+00    -2.339577663517732e+06    +3.459801150693929e-03    +5.458473539405467e-03    -5.704919766819775e-01    -9.827539784857865e-01
+0.000000000000000e+00    +0.000000000000000e+00    -2.340373438233215e+06    +3.459279280702390e-03    +5.457649433285285e-03    -5.704922594530362e-01    -9.827568287933350e-01
+0.000000000000000e+00    +0.000000000000000e+00    -2.341169212948695e+06    +3.458757566047956e-03    +5.456825572073033e-03    -5.704925420971233e-01    -9.827596781782540e-01
+0.000000000000000e+00    +0.000000000000000e+00    -2.341964987664178e+06    +3.458236006944706e-03    +5.456001956096675e-03    -5.704928246141606e-01    -9.827625266394586e-01
+0.000000000000000e+00    +0.000000000000000e+00    -2.342760762379661e+06    +3.457714606252059e-03    +5.455178589873110e-03    -5.704931070026377e-01    -9.827653741613971e-01
+0.000000000000000e+00    +0.000000000000000e+00    -2.343556537095144e+06    +3.457193361793411e-03    +5.454355469975012e-03    -5.704933892637729e-01    -9.827682207560079e-01
+0.000000000000000e+00    +0.000000000000000e+00    -2.344352311810624e+06    +3.456672272334734e-03    +5.453532594447580e-03    -5.704936713982722e-01    -9.827710664301074e-01
+0.000000000000000e+00    +0.000000000000000e+00    -2.345148086526107e+06    +3.456151340854800e-03    +5.452709967991631e-03    -5.704939534045615e-01    -9.827739111675017e-01
+0.000000000000000e+00    +0.000000000000000e+00    -2.345943861241590e+06    +3.455630564130902e-03    +5.451887585528229e-03    -5.704942352844243e-01    -9.827767549858389e-01
+0.000000000000000e+00    +0.000000000000000e+00    -2.346739635957070e+06    +3.455109944362332e-03    +5.451065450521014e-03    -5.704945170367077e-01    -9.827795978731929e-01
+0.000000000000000e+00    +0.000000000000000e+00    -2.347535410672553e+06    +3.454589479943415e-03    +5.450243560442090e-03    -5.704947986623202e-01    -9.827824398383854e-01
+0.000000000000000e+00    +0.000000000000000e+00    -2.348331185388036e+06    +3.454069173840256e-03    +5.449421919971152e-03    -5.704950801596942e-01    -9.827852808652952e-01
+0.000000000000000e+00    +0.000000000000000e+00    -2.349126960103519e+06    +3.453549022838947e-03    +5.448600524043068e-03    -5.704953615306083e-01    -9.827881209715211e-01
+0.000000000000000e+00    +0.000000000000000e+00    -2.349922734818999e+06    +3.453029027356216e-03    +5.447779373306573e-03    -5.704956427748744e-01    -9.827909601548707e-01
+0.000000000000000e+00    +0.000000000000000e+00    -2.350718509534482e+06    +3.452509186515042e-03    +5.446958466378785e-03    -5.704959238930054e-01    -9.827937984201952e-01
+0.000000000000000e+00    +0.000000000000000e+00    -2.351514284249965e+06    +3.451989502914097e-03    +5.446137807361497e-03    -5.704962048836340e-01    -9.827966357533769e-01
+0.000000000000000e+00    +0.000000000000000e+00    -2.352310058965448e+06    +3.451469974206747e-03    +5.445317392557935e-03    -5.704964857480675e-01    -9.827994721672797e-01
+0.000000000000000e+00    +0.000000000000000e+00    -2.353105833680928e+06    +3.450950601669837e-03    +5.444497223977843e-03    -5.704967664856536e-01    -9.828023076550102e-01
+0.000000000000000e+00    +0.000000000000000e+00    -2.353901608396411e+06    +3.450431385442632e-03    +5.443677301845951e-03    -5.704970470963555e-01    -9.828051422158671e-01
+0.000000000000000e+00    +0.000000000000000e+00    -2.354697383111894e+06    +3.449912323592459e-03    +5.442857623111506e-03    -5.704973275812563e-01    -9.828079758604666e-01
+0.000000000000000e+00    +0.000000000000000e+00    -2.355493157827377e+06    +3.449393417972119e-03    +5.442038190695054e-03    -5.704976079393924e-01    -9.828108085787689e-01
+0.000000000000000e+00    +0.000000000000000e+00    -2.356288932542857e+06    +3.448874667108880e-03    +5.441219002277498e-03    -5.704978881715976e-01    -9.828136403788696e-01
+0.000000000000000e+00    +0.000000000000000e+00    -2.357084707258340e+06    +3.448356071356392e-03    +5.440400058413516e-03    -5.704981682777194e-01    -9.828164712589111e-01
+0.000000000000000e+00    +0.000000000000000e+00    -2.357880481973823e+06    +3.447837631154920e-03    +5.439581359800202e-03    -5.704984482575574e-01    -9.828193012165536e-01
+0.000000000000000e+00    +0.000000000000000e+00    -2.358676256689306e+06    +3.447319346526298e-03    +5.438762906474238e-03    -5.704987281111380e-01    -9.828221302517407e-01
+0.000000000000000e+00    +0.000000000000000e+00    -2.359472031404786e+06    +3.446801216495557e-03    +5.437944696896829e-03    -5.704990078390262e-01    -9.828249583698594e-01
+0.000000000000000e+00    +0.000000000000000e+00    -2.360267806120269e+06    +3.446283241656419e-03    +5.437126732003242e-03    -5.704992874409394e-01    -9.828277855677391e-01
+0.000000000000000e+00    +0.000000000000000e+00    -2.361063580835752e+06    +3.445765421553664e-03    +5.436309011077294e-03    -5.704995669171602e-01    -9.828306118479263e-01
+0.000000000000000e+00    +0.000000000000000e+00    -2.361859355551235e+06    +3.445247756683218e-03    +5.435491534901445e-03    -5.704998462674600e-01    -9.828334372077819e-01
+0.000000000000000e+00    +0.000000000000000e+00    -2.362655130266715e+06    +3.444730246042228e-03    +5.434674301894394e-03    -5.705001254924174e-01    -9.828362616528413e-01
+0.000000000000000e+00    +0.000000000000000e+00    -2.363450904982198e+06    +3.444212891097075e-03    +5.433857314369391e-03    -5.705004045912789e-01    -9.828390851751722e-01
+0.000000000000000e+00    +0.000000000000000e+00    -2.364246679697681e+06    +3.443695689811124e-03    +5.433040569115677e-03    -5.705006835651816e-01    -9.828419077859463e-01
+0.000000000000000e+00    +0.000000000000000e+00    -2.365042454413161e+06    +3.443178643635351e-03    +5.432224068418891e-03    -5.705009624133804e-01    -9.828447294773209e-01
+0.000000000000000e+00    +0.000000000000000e+00    -2.365838229128644e+06    +3.442661750700000e-03    +5.431407809331780e-03    -5.705012411369212e-01    -9.828475502595565e-01
+0.000000000000000e+00    +0.000000000000000e+00    -2.366634003844127e+06    +3.442145014143419e-03    +5.430591796805119e-03    -5.705015197341494e-01    -9.828503701156014e-01
+0.000000000000000e+00    +0.000000000000000e+00    -2.367429778559610e+06    +3.441628431220514e-03    +5.429776026514726e-03    -5.705017982065831e-01    -9.828531890604841e-01
+0.000000000000000e+00    +0.000000000000000e+00    -2.368225553275093e+06    +3.441112002840576e-03    +5.428960499888551e-03    -5.705020765537699e-01    -9.828560070893214e-01
+0.000000000000000e+00    +0.000000000000000e+00    -2.369021327990573e+06    +3.440595728271416e-03    +5.428145215774027e-03    -5.705023547761416e-01    -9.828588242061687e-01
+0.000000000000000e+00    +0.000000000000000e+00    -2.369817102706056e+06    +3.440079608143048e-03    +5.427330175164480e-03    -5.705026328733970e-01    -9.828616404076566e-01
+0.000000000000000e+00    +0.000000000000000e+00    -2.370612877421539e+06    +3.439563643029650e-03    +5.426515378969425e-03    -5.705029108452637e-01    -9.828644556907132e-01
+0.000000000000000e+00    +0.000000000000000e+00    -2.371408652137019e+06    +3.439047830597004e-03    +5.425700823505315e-03    -5.705031886930373e-01    -9.828672700681363e-01
+0.000000000000000e+00    +0.000000000000000e+00    -2.372204426852502e+06    +3.438532173470947e-03    +5.424886512912151e-03    -5.705034664153408e-01    -9.828700835256760e-01
+0.000000000000000e+00    +0.000000000000000e+00    -2.373000201567985e+06    +3.438016668241252e-03    +5.424072441813714e-03    -5.705037440140481e-01    -9.828728960819879e-01
+0.000000000000000e+00    +0.000000000000000e+00    -2.373795976283468e+06    +3.437501318868320e-03    +5.423258616454095e-03    -5.705040214870643e-01    -9.828757077155481e-01
+0.000000000000000e+00    +0.000000000000000e+00    -2.374591750998948e+06    +3.436986121559996e-03    +5.422445030858159e-03    -5.705042988364684e-01    -9.828785184470876e-01
+0.000000000000000e+00    +0.000000000000000e+00    -2.375387525714431e+06    +3.436471079061185e-03    +5.421631689349340e-03    -5.705045760608202e-01    -9.828813282617168e-01
+0.000000000000000e+00    +0.000000000000000e+00    -2.376183300429914e+06    +3.435956189559638e-03    +5.420818589075253e-03    -5.705048531611326e-01    -9.828841371693710e-01
+0.000000000000000e+00    +0.000000000000000e+00    -2.376979075145397e+06    +3.435441455316949e-03    +5.420005733602348e-03    -5.705051301362258e-01    -9.828869451577867e-01
+0.000000000000000e+00    +0.000000000000000e+00    -2.377774849860877e+06    +3.434926872964910e-03    +5.419193117619574e-03    -5.705054069879504e-01    -9.828897522453904e-01
+0.000000000000000e+00    +0.000000000000000e+00    -2.378570624576360e+06    +3.434412445030945e-03    +5.418380745108252e-03    -5.705056837149829e-01    -9.828925584184767e-01
+0.000000000000000e+00    +0.000000000000000e+00    -2.379366399291843e+06    +3.433898170257499e-03    +5.417568614091295e-03    -5.705059603180377e-01    -9.828953636839558e-01
+0.000000000000000e+00    +0.000000000000000e+00    -2.380162174007326e+06    +3.433384048033803e-03    +5.416756723600928e-03    -5.705062367974804e-01    -9.828981680452296e-01
+0.000000000000000e+00    +0.000000000000000e+00    -2.380957948722806e+06    +3.432870078200814e-03    +5.415945073384837e-03    -5.705065131534334e-01    -9.829009715032331e-01
+0.000000000000000e+00    +0.000000000000000e+00    -2.381753723438289e+06    +3.432356264826992e-03    +5.415133669868094e-03    -5.705067893837461e-01    -9.829037740358392e-01
+0.000000000000000e+00    +0.000000000000000e+00    -2.382549498153772e+06    +3.431842600572246e-03    +5.414322501473071e-03    -5.705070654924032e-01    -9.829065756831261e-01
+0.000000000000000e+00    +0.000000000000000e+00    -2.383345272869255e+06    +3.431329091868827e-03    +5.413511578334875e-03    -5.705073414759826e-01    -9.829093764101130e-01
+0.000000000000000e+00    +0.000000000000000e+00    -2.384141047584735e+06    +3.430815736099762e-03    +5.412700896342047e-03    -5.705076173359291e-01    -9.829121762311029e-01
+0.000000000000000e+00    +0.000000000000000e+00    -2.384936822300218e+06    +3.430302531994997e-03    +5.411890453481355e-03    -5.705078930729621e-01    -9.829149751531003e-01
+0.000000000000000e+00    +0.000000000000000e+00    -2.385732597015701e+06    +3.429789481065076e-03    +5.411080252134977e-03    -5.705081686863069e-01    -9.829177731679369e-01
+0.000000000000000e+00    +0.000000000000000e+00    -2.386528371731184e+06    +3.429276583655405e-03    +5.410270292853921e-03    -5.705084441758148e-01    -9.829205702737845e-01
+0.000000000000000e+00    +0.000000000000000e+00    -2.387324146446664e+06    +3.428763838337073e-03    +5.409460573383516e-03    -5.705087195422909e-01    -9.829233664784981e-01
+0.000000000000000e+00    +0.000000000000000e+00    -2.388119921162147e+06    +3.428251245955053e-03    +5.408651095054366e-03    -5.705089947853182e-01    -9.829261617775399e-01
+0.000000000000000e+00    +0.000000000000000e+00    -2.388915695877630e+06    +3.427738806526393e-03    +5.407841857896799e-03    -5.705092699049238e-01    -9.829289561708765e-01
+0.000000000000000e+00    +0.000000000000000e+00    -2.389711470593110e+06    +3.427226518693953e-03    +5.407032859768466e-03    -5.705095449018742e-01    -9.829317496659711e-01
+0.000000000000000e+00    +0.000000000000000e+00    -2.390507245308593e+06    +3.426714383225394e-03    +5.406224101878099e-03    -5.705098197757941e-01    -9.829345422587087e-01
+0.000000000000000e+00    +0.000000000000000e+00    -2.391303020024076e+06    +3.426202399990190e-03    +5.405415584022756e-03    -5.705100945267899e-01    -9.829373339498597e-01
+0.000000000000000e+00    +0.000000000000000e+00    -2.392098794739559e+06    +3.425690570392860e-03    +5.404607308420769e-03    -5.705103691541454e-01    -9.829401247318301e-01
+0.000000000000000e+00    +0.000000000000000e+00    -2.392894569455042e+06    +3.425178892288197e-03    +5.403799271689681e-03    -5.705106436590477e-01    -9.829429146163725e-01
+0.000000000000000e+00    +0.000000000000000e+00    -2.393690344170522e+06    +3.424667364276034e-03    +5.402991471612275e-03    -5.705109180422855e-01    -9.829457036111950e-01
+0.000000000000000e+00    +0.000000000000000e+00    -2.394486118886005e+06    +3.424155991838096e-03    +5.402183916841537e-03    -5.705111923009545e-01    -9.829484916864808e-01
+0.000000000000000e+00    +0.000000000000000e+00    -2.395281893601488e+06    +3.423644769351167e-03    +5.401376598515526e-03    -5.705114664381081e-01    -9.829512788729223e-01
+0.000000000000000e+00    +0.000000000000000e+00    -2.396077668316968e+06    +3.423133699136883e-03    +5.400569520283407e-03    -5.705117404525373e-01    -9.829540651579549e-01
+0.000000000000000e+00    +0.000000000000000e+00    -2.396873443032451e+06    +3.422622780670578e-03    +5.399762681324772e-03    -5.705120143445604e-01    -9.829568505444890e-01
+0.000000000000000e+00    +0.000000000000000e+00    -2.397669217747934e+06    +3.422112013906728e-03    +5.398956081566812e-03    -5.705122881142388e-01    -9.829596350328386e-01
+0.000000000000000e+00    +0.000000000000000e+00    -2.398464992463417e+06    +3.421601399609837e-03    +5.398149722217411e-03    -5.705125617611986e-01    -9.829624186188998e-01
+0.000000000000000e+00    +0.000000000000000e+00    -2.399260767178898e+06    +3.421090936515668e-03    +5.397343601283308e-03    -5.705128352861545e-01    -9.829652013096222e-01
+0.000000000000000e+00    +0.000000000000000e+00    -2.400056541894380e+06    +3.420580624577368e-03    +5.396537718687173e-03    -5.705131086891684e-01    -9.829679831053314e-01
+0.000000000000000e+00    +0.000000000000000e+00    -2.400852316609863e+06    +3.420070465617846e-03    +5.395732077308374e-03    -5.705133819692993e-01    -9.829707639961530e-01
+0.000000000000000e+00    +0.000000000000000e+00    -2.401648091325345e+06    +3.419560456814642e-03    +5.394926672696245e-03    -5.705136551280972e-01    -9.829735439975259e-01
+0.000000000000000e+00    +0.000000000000000e+00    -2.402443866040826e+06    +3.419050599384359e-03    +5.394121506763793e-03    -5.705139281649452e-01    -9.829763231028951e-01
+0.000000000000000e+00    +0.000000000000000e+00    -2.403239640756309e+06    +3.418540893653191e-03    +5.393316580030738e-03    -5.705142010797061e-01    -9.829791013105389e-01
+0.000000000000000e+00    +0.000000000000000e+00    -2.404035415471792e+06    +3.418031339766689e-03    +5.392511892728741e-03    -5.705144738723387e-01    -9.829818786197253e-01
+0.000000000000000e+00    +0.000000000000000e+00    -2.404831190187275e+06    +3.417521936392862e-03    +5.391707442755495e-03    -5.705147465435918e-01    -9.829846550377761e-01
+0.000000000000000e+00    +0.000000000000000e+00    -2.405626964902756e+06    +3.417012684040073e-03    +5.390903230910349e-03    -5.705150190932299e-01    -9.829874305619889e-01
+0.000000000000000e+00    +0.000000000000000e+00    -2.406422739618238e+06    +3.416503582834841e-03    +5.390099257395436e-03    -5.705152915212217e-01    -9.829902051917349e-01
+0.000000000000000e+00    +0.000000000000000e+00    -2.407218514333721e+06    +3.415994632929739e-03    +5.389295522452824e-03    -5.705155638275218e-01    -9.829929789262437e-01
+0.000000000000000e+00    +0.000000000000000e+00    -2.408014289049203e+06    +3.415485833976116e-03    +5.388492025533168e-03    -5.705158360123533e-01    -9.829957517674771e-01
+0.000000000000000e+00    +0.000000000000000e+00    -2.408810063764684e+06    +3.414977186028039e-03    +5.387688766721499e-03    -5.705161080757237e-01    -9.829985237152046e-01
+0.000000000000000e+00    +0.000000000000000e+00    -2.409605838480167e+06    +3.414468688060564e-03    +5.386885744400094e-03    -5.705163800182169e-01    -9.830012947750731e-01
+0.000000000000000e+00    +0.000000000000000e+00    -2.410401613195650e+06    +3.413960341819702e-03    +5.386082961323754e-03    -5.705166518389355e-01    -9.830040649376363e-01
+0.000000000000000e+00    +0.000000000000000e+00    -2.411197387911133e+06    +3.413452145582483e-03    +5.385280414777839e-03    -5.705169235388375e-01    -9.830068342123355e-01
+0.000000000000000e+00    +0.000000000000000e+00    -2.411993162626613e+06    +3.412944100045626e-03    +5.384478105857882e-03    -5.705171951175863e-01    -9.830096025954448e-01
+0.000000000000000e+00    +0.000000000000000e+00    -2.412788937342096e+06    +3.412436205184517e-03    +5.383676034527936e-03    -5.705174665752312e-01    -9.830123700871574e-01
+0.000000000000000e+00    +0.000000000000000e+00    -2.413584712057578e+06    +3.411928460818497e-03    +5.382874200503374e-03    -5.705177379119046e-01    -9.830151366885198e-01
+0.000000000000000e+00    +0.000000000000000e+00    -2.414380486773059e+06    +3.411420867035987e-03    +5.382072603924009e-03    -5.705180091275956e-01    -9.830179023991125e-01
+0.000000000000000e+00    +0.000000000000000e+00    -2.415176261488542e+06    +3.410913424017456e-03    +5.381271245075810e-03    -5.705182802222443e-01    -9.830206672180143e-01
+0.000000000000000e+00    +0.000000000000000e+00    -2.415972036204025e+06    +3.410406128981202e-03    +5.380470119567216e-03    -5.705185511973720e-01    -9.830234311604416e-01
+0.000000000000000e+00    +0.000000000000000e+00    -2.416767810919508e+06    +3.409898986027244e-03    +5.379669233864885e-03    -5.705188220508250e-01    -9.830261942041325e-01
+0.000000000000000e+00    +0.000000000000000e+00    -2.417563585634991e+06    +3.409391993521977e-03    +5.378868585402805e-03    -5.705190927835121e-01    -9.830289563580276e-01
+0.000000000000000e+00    +0.000000000000000e+00    -2.418359360350471e+06    +3.408885150468037e-03    +5.378068172601463e-03    -5.705193633960014e-01    -9.830317176276308e-01
+0.000000000000000e+00    +0.000000000000000e+00    -2.419155135065954e+06    +3.408378457897778e-03    +5.377267997088716e-03    -5.705196338877780e-01    -9.830344780073849e-01
+0.000000000000000e+00    +0.000000000000000e+00    -2.419950909781436e+06    +3.407871914445862e-03    +5.376468056712402e-03    -5.705199042596063e-01    -9.830372375047841e-01
+0.000000000000000e+00    +0.000000000000000e+00    -2.420746684496917e+06    +3.407365520236052e-03    +5.375668351664365e-03    -5.705201745114563e-01    -9.830399961192229e-01
+0.000000000000000e+00    +0.000000000000000e+00    -2.421542459212400e+06    +3.406859276769751e-03    +5.374868884316710e-03    -5.705204446425625e-01    -9.830427538425831e-01
+0.000000000000000e+00    +0.000000000000000e+00    -2.422338233927883e+06    +3.406353183301947e-03    +5.374069653498503e-03    -5.705207146533585e-01    -9.830455106789765e-01
+0.000000000000000e+00    +0.000000000000000e+00    -2.423134008643366e+06    +3.405847239618658e-03    +5.373270658870111e-03    -5.705209845439941e-01    -9.830482666296343e-01
+0.000000000000000e+00    +0.000000000000000e+00    -2.423929783358847e+06    +3.405341444198642e-03    +5.372471898029228e-03    -5.705212543153166e-01    -9.830510217029053e-01
+0.000000000000000e+00    +0.000000000000000e+00    -2.424725558074330e+06    +3.404835799342540e-03    +5.371673374604911e-03    -5.705215239661344e-01    -9.830537758863274e-01
+0.000000000000000e+00    +0.000000000000000e+00    -2.425521332789812e+06    +3.404330304131020e-03    +5.370875087153436e-03    -5.705217934969741e-01    -9.830565291849566e-01
+0.000000000000000e+00    +0.000000000000000e+00    -2.426317107505292e+06    +3.403824958755776e-03    +5.370077035975288e-03    -5.705220629077689e-01    -9.830592815978164e-01
+0.000000000000000e+00    +0.000000000000000e+00    -2.427112882220775e+06    +3.403319761991874e-03    +5.369279219137421e-03    -5.705223321992077e-01    -9.830620331316369e-01
+0.000000000000000e+00    +0.000000000000000e+00    -2.427908656936258e+06    +3.402814713633751e-03    +5.368481636311939e-03    -5.705226013714352e-01    -9.830647837876066e-01
+0.000000000000000e+00    +0.000000000000000e+00    -2.428704431651741e+06    +3.402309816245009e-03    +5.367684291547447e-03    -5.705228704231211e-01    -9.830675335518249e-01
+0.000000000000000e+00    +0.000000000000000e+00    -2.429500206367224e+06    +3.401805066706954e-03    +5.366887179927735e-03    -5.705231393559625e-01    -9.830702824413240e-01
+0.000000000000000e+00    +0.000000000000000e+00    -2.430295981082704e+06    +3.401300467775067e-03    +5.366090305795067e-03    -5.705234081685275e-01    -9.830730304411759e-01
+0.000000000000000e+00    +0.000000000000000e+00    -2.431091755798187e+06    +3.400796016550545e-03    +5.365293664581129e-03    -5.705236768623961e-01    -9.830757775672126e-01
+0.000000000000000e+00    +0.000000000000000e+00    -2.431887530513670e+06    +3.400291713691974e-03    +5.364497257317399e-03    -5.705239454372519e-01    -9.830785238159244e-01
+0.000000000000000e+00    +0.000000000000000e+00    -2.432683305229150e+06    +3.399787560408355e-03    +5.363701085916020e-03    -5.705242138924869e-01    -9.830812691807849e-01
+0.000000000000000e+00    +0.000000000000000e+00    -2.433479079944633e+06    +3.399283555953650e-03    +5.362905149203396e-03    -5.705244822285345e-01    -9.830840136659104e-01
+0.000000000000000e+00    +0.000000000000000e+00    -2.434274854660116e+06    +3.398779701405642e-03    +5.362109448879914e-03    -5.705247504448556e-01    -9.830867572654974e-01
+0.000000000000000e+00    +0.000000000000000e+00    -2.435070629375599e+06    +3.398275993395296e-03    +5.361313979629306e-03    -5.705250185432791e-01    -9.830894999979457e-01
+0.000000000000000e+00    +0.000000000000000e+00    -2.435866404091080e+06    +3.397772434554191e-03    +5.360518745597307e-03    -5.705252865224401e-01    -9.830922418490048e-01
+0.000000000000000e+00    +0.000000000000000e+00    -2.436662178806563e+06    +3.397269026274112e-03    +5.359723748991036e-03    -5.705255543816330e-01    -9.830949828111438e-01
+0.000000000000000e+00    +0.000000000000000e+00    -2.437457953522045e+06    +3.396765764343390e-03    +5.358928983164504e-03    -5.705258221231345e-01    -9.830977229073465e-01
+0.000000000000000e+00    +0.000000000000000e+00    -2.438253728237527e+06    +3.396262652214029e-03    +5.358134453556392e-03    -5.705260897451433e-01    -9.831004621189020e-01
+0.000000000000000e+00    +0.000000000000000e+00    -2.439049502953008e+06    +3.395759686153422e-03    +5.357340154283845e-03    -5.705263572496797e-01    -9.831032004661738e-01
+0.000000000000000e+00    +0.000000000000000e+00    -2.439845277668491e+06    +3.395256870600942e-03    +5.356546092346413e-03    -5.705266246344176e-01    -9.831059379250731e-01
+0.000000000000000e+00    +0.000000000000000e+00    -2.440641052383974e+06    +3.394754202389290e-03    +5.355752262757156e-03    -5.705268919010779e-01    -9.831086745128796e-01
+0.000000000000000e+00    +0.000000000000000e+00    -2.441436827099457e+06    +3.394251682311593e-03    +5.354958666759142e-03    -5.705271590492725e-01    -9.831114102253532e-01
+0.000000000000000e+00    +0.000000000000000e+00    -2.442232601814938e+06    +3.393749311729055e-03    +5.354165306505265e-03    -5.705274260783142e-01    -9.831141450551398e-01
+0.000000000000000e+00    +0.000000000000000e+00    -2.443028376530421e+06    +3.393247088309338e-03    +5.353372178317325e-03    -5.705276929894776e-01    -9.831168790149893e-01
+0.000000000000000e+00    +0.000000000000000e+00    -2.443824151245903e+06    +3.392745012152872e-03    +5.352579282347164e-03    -5.705279597827442e-01    -9.831196121044274e-01
+0.000000000000000e+00    +0.000000000000000e+00    -2.444619925961385e+06    +3.392243082700984e-03    +5.351786617713495e-03    -5.705282264584458e-01    -9.831223443265551e-01
+0.000000000000000e+00    +0.000000000000000e+00    -2.445415700676866e+06    +3.391741303788987e-03    +5.350994190472122e-03    -5.705284930145800e-01    -9.831250756605578e-01
+0.000000000000000e+00    +0.000000000000000e+00    -2.446211475392349e+06    +3.391239671212750e-03    +5.350201993996748e-03    -5.705287594534150e-01    -9.831278061293599e-01
+0.000000000000000e+00    +0.000000000000000e+00    -2.447007250107832e+06    +3.390738186794606e-03    +5.349410031152463e-03    -5.705290257740182e-01    -9.831305357231247e-01
+0.000000000000000e+00    +0.000000000000000e+00    -2.447803024823315e+06    +3.390236848904921e-03    +5.348618299372276e-03    -5.705292919772899e-01    -9.831332644507720e-01
+0.000000000000000e+00    +0.000000000000000e+00    -2.448598799538795e+06    +3.389735660806745e-03    +5.347826803804749e-03    -5.705295580615322e-01    -9.831359922946111e-01
+0.000000000000000e+00    +0.000000000000000e+00    -2.449394574254278e+06    +3.389234618126106e-03    +5.347035537553550e-03    -5.705298240291028e-01    -9.831387192784903e-01
+0.000000000000000e+00    +0.000000000000000e+00    -2.450190348969761e+06    +3.388733723712226e-03    +5.346244505104947e-03    -5.705300898785232e-01    -9.831414453869857e-01
+0.000000000000000e+00    +0.000000000000000e+00    -2.450986123685241e+06    +3.388232976761594e-03    +5.345453705199841e-03    -5.705303556102557e-01    -9.831441706245150e-01
+0.000000000000000e+00    +0.000000000000000e+00    -2.451781898400724e+06    +3.387732376138969e-03    +5.344663136043538e-03    -5.705306212249371e-01    -9.831468949973210e-01
+0.000000000000000e+00    +0.000000000000000e+00    -2.452577673116207e+06    +3.387231924694554e-03    +5.343872802134264e-03    -5.705308867210903e-01    -9.831496184899575e-01
+0.000000000000000e+00    +0.000000000000000e+00    -2.453373447831690e+06    +3.386731620022417e-03    +5.343082699682327e-03    -5.705311521000265e-01    -9.831523411155632e-01
+0.000000000000000e+00    +0.000000000000000e+00    -2.454169222547173e+06    +3.386231460755884e-03    +5.342292826522353e-03    -5.705314173625052e-01    -9.831550628816470e-01
+0.000000000000000e+00    +0.000000000000000e+00    -2.454964997262653e+06    +3.385731449594921e-03    +5.341503186914608e-03    -5.705316825071288e-01    -9.831577837735836e-01
+0.000000000000000e+00    +0.000000000000000e+00    -2.455760771978136e+06    +3.385231586246899e-03    +5.340713780406302e-03    -5.705319475340881e-01    -9.831605037930108e-01
+0.000000000000000e+00    +0.000000000000000e+00    -2.456556546693619e+06    +3.384731868168315e-03    +5.339924602980416e-03    -5.705322124447656e-01    -9.831632229538297e-01
+0.000000000000000e+00    +0.000000000000000e+00    -2.457352321409099e+06    +3.384232298309385e-03    +5.339135659288551e-03    -5.705324772376326e-01    -9.831659412400604e-01
+0.000000000000000e+00    +0.000000000000000e+00    -2.458148096124582e+06    +3.383732875085373e-03    +5.338346946838192e-03    -5.705327419135635e-01    -9.831686586603696e-01
+0.000000000000000e+00    +0.000000000000000e+00    -2.458943870840065e+06    +3.383233597485629e-03    +5.337558464028908e-03    -5.705330064731283e-01    -9.831713752203243e-01
+0.000000000000000e+00    +0.000000000000000e+00    -2.459739645555548e+06    +3.382734467149531e-03    +5.336770213447119e-03    -5.705332709154932e-01    -9.831740909110690e-01
+0.000000000000000e+00    +0.000000000000000e+00    -2.460535420271029e+06    +3.382235483986080e-03    +5.335982194955092e-03    -5.705335352407410e-01    -9.831768057331497e-01
+0.000000000000000e+00    +0.000000000000000e+00    -2.461331194986512e+06    +3.381736646453141e-03    +5.335194406117774e-03    -5.705337994497233e-01    -9.831795196950164e-01
+0.000000000000000e+00    +0.000000000000000e+00    -2.462126969701994e+06    +3.381237955825037e-03    +5.334406848943437e-03    -5.705340635417989e-01    -9.831822327898035e-01
+0.000000000000000e+00    +0.000000000000000e+00    -2.462922744417476e+06    +3.380739412131422e-03    +5.333619523483677e-03    -5.705343275169880e-01    -9.831849450174024e-01
+0.000000000000000e+00    +0.000000000000000e+00    -2.463718519132957e+06    +3.380241013981948e-03    +5.332832427543569e-03    -5.705345913760601e-01    -9.831876563854354e-01
+0.000000000000000e+00    +0.000000000000000e+00    -2.464514293848441e+06    +3.379742762379127e-03    +5.332045562702552e-03    -5.705348551185192e-01    -9.831903668885157e-01
+0.000000000000000e+00    +0.000000000000000e+00    -2.465310068563923e+06    +3.379244657442902e-03    +5.331258929153967e-03    -5.705351187443364e-01    -9.831930765260443e-01
+0.000000000000000e+00    +0.000000000000000e+00    -2.466105843279406e+06    +3.378746698376203e-03    +5.330472525640130e-03    -5.705353822539683e-01    -9.831957853024157e-01
+0.000000000000000e+00    +0.000000000000000e+00    -2.466901617994887e+06    +3.378248884232414e-03    +5.329686350664201e-03    -5.705356456479493e-01    -9.831984932228423e-01
+0.000000000000000e+00    +0.000000000000000e+00    -2.467697392710369e+06    +3.377751217648545e-03    +5.328900408388345e-03    -5.705359089249189e-01    -9.832012002730437e-01
+0.000000000000000e+00    +0.000000000000000e+00    -2.468493167425851e+06    +3.377253696200722e-03    +5.328114694993824e-03    -5.705361720861943e-01    -9.832039064662497e-01
+0.000000000000000e+00    +0.000000000000000e+00    -2.469288942141334e+06    +3.376756322490607e-03    +5.327329214582233e-03    -5.705364351304331e-01    -9.832066117883804e-01
+0.000000000000000e+00    +0.000000000000000e+00    -2.470084716856815e+06    +3.376259092149818e-03    +5.326543960263806e-03    -5.705366980599801e-01    -9.832093162632416e-01
+0.000000000000000e+00    +0.000000000000000e+00    -2.470880491572298e+06    +3.375762009175002e-03    +5.325758938336896e-03    -5.705369608727562e-01    -9.832120198691773e-01
+0.000000000000000e+00    +0.000000000000000e+00    -2.471676266287781e+06    +3.375265070244268e-03    +5.324974143568986e-03    -5.705372235705514e-01    -9.832147226242921e-01
+0.000000000000000e+00    +0.000000000000000e+00    -2.472472041003264e+06    +3.374768278149573e-03    +5.324189580359232e-03    -5.705374861519245e-01    -9.832174245134775e-01
+0.000000000000000e+00    +0.000000000000000e+00    -2.473267815718744e+06    +3.374271630626698e-03    +5.323405245141556e-03    -5.705377486181065e-01    -9.832201255490916e-01
+0.000000000000000e+00    +0.000000000000000e+00    -2.474063590434227e+06    +3.373775129967720e-03    +5.322621141529143e-03    -5.705380109679197e-01    -9.832228257187399e-01
+0.000000000000000e+00    +0.000000000000000e+00    -2.474859365149709e+06    +3.373278774174654e-03    +5.321837266374721e-03    -5.705382732024548e-01    -9.832255250333342e-01
+0.000000000000000e+00    +0.000000000000000e+00    -2.475655139865190e+06    +3.372782565232593e-03    +5.321053622807501e-03    -5.705385353206963e-01    -9.832282234821484e-01
+0.000000000000000e+00    +0.000000000000000e+00    -2.476450914580673e+06    +3.372286499591664e-03    +5.320270205228385e-03    -5.705387973245545e-01    -9.832309210845351e-01
+0.000000000000000e+00    +0.000000000000000e+00    -2.477246689296156e+06    +3.371790578945359e-03    +5.319487016301103e-03    -5.705390592131678e-01    -9.832336178313624e-01
+0.000000000000000e+00    +0.000000000000000e+00    -2.478042464011639e+06    +3.371294805208786e-03    +5.318704059056223e-03    -5.705393209855598e-01    -9.832363137122658e-01
+0.000000000000000e+00    +0.000000000000000e+00    -2.478838238727122e+06    +3.370799175479173e-03    +5.317921328916392e-03    -5.705395826432967e-01    -9.832390087430772e-01
+0.000000000000000e+00    +0.000000000000000e+00    -2.479634013442602e+06    +3.370303691027831e-03    +5.317138827880649e-03    -5.705398441857414e-01    -9.832417029169581e-01
+0.000000000000000e+00    +0.000000000000000e+00    -2.480429788158085e+06    +3.369808351759233e-03    +5.316356555802942e-03    -5.705401056129787e-01    -9.832443962344791e-01
+0.000000000000000e+00    +0.000000000000000e+00    -2.481225562873567e+06    +3.369313156579246e-03    +5.315574510955674e-03    -5.705403669256195e-01    -9.832470887016480e-01
+0.000000000000000e+00    +0.000000000000000e+00    -2.482021337589048e+06    +3.368818107394923e-03    +5.314792696347769e-03    -5.705406281226915e-01    -9.832497803081599e-01
+0.000000000000000e+00    +0.000000000000000e+00    -2.482817112304531e+06    +3.368323203057385e-03    +5.314011110171664e-03    -5.705408892048345e-01    -9.832524710603096e-01
+0.000000000000000e+00    +0.000000000000000e+00    -2.483612887020014e+06    +3.367828442606554e-03    +5.313229750908104e-03    -5.705411501725893e-01    -9.832551609633807e-01
+0.000000000000000e+00    +0.000000000000000e+00    -2.484408661735497e+06    +3.367333828633427e-03    +5.312448622646563e-03    -5.705414110246232e-01    -9.832578500033503e-01
+0.000000000000000e+00    +0.000000000000000e+00    -2.485204436450978e+06    +3.366839356922977e-03    +5.311667718739419e-03    -5.705416717631926e-01    -9.832605382031776e-01
+0.000000000000000e+00    +0.000000000000000e+00    -2.486000211166461e+06    +3.366345031444051e-03    +5.310887045441592e-03    -5.705419323862382e-01    -9.832632255413669e-01
+0.000000000000000e+00    +0.000000000000000e+00    -2.486795985881943e+06    +3.365850848886117e-03    +5.310106597538397e-03    -5.705421928955396e-01    -9.832659120359517e-01
+0.000000000000000e+00    +0.000000000000000e+00    -2.487591760597423e+06    +3.365356811818516e-03    +5.309326379077448e-03    -5.705424532897760e-01    -9.832685976730401e-01
+0.000000000000000e+00    +0.000000000000000e+00    -2.488387535312906e+06    +3.364862919387453e-03    +5.308546388719424e-03    -5.705427135694312e-01    -9.832712824573175e-01
+0.000000000000000e+00    +0.000000000000000e+00    -2.489183310028390e+06    +3.364369170804521e-03    +5.307766625217042e-03    -5.705429737349543e-01    -9.832739663931320e-01
+0.000000000000000e+00    +0.000000000000000e+00    -2.489979084743872e+06    +3.363875566200544e-03    +5.306987088775079e-03    -5.705432337863096e-01    -9.832766494798343e-01
+0.000000000000000e+00    +0.000000000000000e+00    -2.490774859459355e+06    +3.363382105851090e-03    +5.306207779829829e-03    -5.705434937233862e-01    -9.832793317159839e-01
+0.000000000000000e+00    +0.000000000000000e+00    -2.491570634174836e+06    +3.362888789581249e-03    +5.305428698106635e-03    -5.705437535463095e-01    -9.832820131025876e-01
+0.000000000000000e+00    +0.000000000000000e+00    -2.492366408890318e+06    +3.362395618215968e-03    +5.304649844908403e-03    -5.705440132546785e-01    -9.832846936352196e-01
+0.000000000000000e+00    +0.000000000000000e+00    -2.493162183605801e+06    +3.361902590142745e-03    +5.303871217691895e-03    -5.705442728493763e-01    -9.832873733226977e-01
+0.000000000000000e+00    +0.000000000000000e+00    -2.493957958321281e+06    +3.361409706581315e-03    +5.303092818378865e-03    -5.705445323297941e-01    -9.832900521584594e-01
+0.000000000000000e+00    +0.000000000000000e+00    -2.494753733036764e+06    +3.360916965669781e-03    +5.302314644033477e-03    -5.705447916969456e-01    -9.832927301526740e-01
+0.000000000000000e+00    +0.000000000000000e+00    -2.495549507752248e+06    +3.360424369989719e-03    +5.301536698727397e-03    -5.705450509495050e-01    -9.832954072913792e-01
+0.000000000000000e+00    +0.000000000000000e+00    -2.496345282467730e+06    +3.359931916751653e-03    +5.300758978064291e-03    -5.705453100889744e-01    -9.832980835897775e-01
+0.000000000000000e+00    +0.000000000000000e+00    -2.497141057183211e+06    +3.359439607464198e-03    +5.299981484418329e-03    -5.705455691145931e-01    -9.833007590397436e-01
+0.000000000000000e+00    +0.000000000000000e+00    -2.497936831898693e+06    +3.358947442114759e-03    +5.299204217775167e-03    -5.705458280264011e-01    -9.833034336413949e-01
+0.000000000000000e+00    +0.000000000000000e+00    -2.498732606614176e+06    +3.358455421359020e-03    +5.298427179170949e-03    -5.705460868240873e-01    -9.833061073912251e-01
+0.000000000000000e+00    +0.000000000000000e+00    -2.499528381329658e+06    +3.357963541849505e-03    +5.297650363321858e-03    -5.705463455094455e-01    -9.833087803074794e-01
+0.000000000000000e+00    +0.000000000000000e+00    -2.500324156045139e+06    +3.357471807871421e-03    +5.296873776985263e-03    -5.705466040802545e-01    -9.833114523669468e-01
+0.000000000000000e+00    +0.000000000000000e+00    -2.501119930760622e+06    +3.356980216368476e-03    +5.296097415348950e-03    -5.705468625381567e-01    -9.833141235862687e-01
+0.000000000000000e+00    +0.000000000000000e+00    -2.501915705476105e+06    +3.356488768108887e-03    +5.295321279616945e-03    -5.705471208827798e-01    -9.833167939613446e-01
+0.000000000000000e+00    +0.000000000000000e+00    -2.502711480191588e+06    +3.355997463652336e-03    +5.294545370676287e-03    -5.705473791138638e-01    -9.833194634891865e-01
+0.000000000000000e+00    +0.000000000000000e+00    -2.503507254907070e+06    +3.355506300627733e-03    +5.293769684784815e-03    -5.705476372326874e-01    -9.833221321827316e-01
+0.000000000000000e+00    +0.000000000000000e+00    -2.504303029622552e+06    +3.355015282381376e-03    +5.292994227220273e-03    -5.705478952375258e-01    -9.833248000238675e-01
+0.000000000000000e+00    +0.000000000000000e+00    -2.505098804338033e+06    +3.354524406810980e-03    +5.292218994674065e-03    -5.705481531295171e-01    -9.833274670240557e-01
+0.000000000000000e+00    +0.000000000000000e+00    -2.505894579053516e+06    +3.354033674609594e-03    +5.291443988234567e-03    -5.705484109083298e-01    -9.833301331795992e-01
+0.000000000000000e+00    +0.000000000000000e+00    -2.506690353768997e+06    +3.353543084614950e-03    +5.290669206069126e-03    -5.705486685746075e-01    -9.833327984968659e-01
+0.000000000000000e+00    +0.000000000000000e+00    -2.507486128484480e+06    +3.353052637678447e-03    +5.289894649519233e-03    -5.705489261279365e-01    -9.833354629712930e-01
+0.000000000000000e+00    +0.000000000000000e+00    -2.508281903199963e+06    +3.352562333723345e-03    +5.289120318467119e-03    -5.705491835683902e-01    -9.833381266033496e-01
+0.000000000000000e+00    +0.000000000000000e+00    -2.509077677915446e+06    +3.352072173469293e-03    +5.288346214049740e-03    -5.705494408956240e-01    -9.833407893891836e-01
+0.000000000000000e+00    +0.000000000000000e+00    -2.509873452630926e+06    +3.351582154222287e-03    +5.287572332015465e-03    -5.705496981110848e-01    -9.833434513434826e-01
+0.000000000000000e+00    +0.000000000000000e+00    -2.510669227346410e+06    +3.351092279284251e-03    +5.286798677570915e-03    -5.705499552130731e-01    -9.833461124483811e-01
+0.000000000000000e+00    +0.000000000000000e+00    -2.511465002061892e+06    +3.350602544685087e-03    +5.286025244457521e-03    -5.705502122037045e-01    -9.833487727254833e-01
+0.000000000000000e+00    +0.000000000000000e+00    -2.512260776777372e+06    +3.350112953544040e-03    +5.285252037589256e-03    -5.705504690813756e-01    -9.833514321579243e-01
+0.000000000000000e+00    +0.000000000000000e+00    -2.513056551492855e+06    +3.349623505459639e-03    +5.284479056342846e-03    -5.705507258463299e-01    -9.833540907479237e-01
+0.000000000000000e+00    +0.000000000000000e+00    -2.513852326208338e+06    +3.349134199143085e-03    +5.283706298682280e-03    -5.705509824992774e-01    -9.833567485025410e-01
+0.000000000000000e+00    +0.000000000000000e+00    -2.514648100923821e+06    +3.348645035054958e-03    +5.282933765331387e-03    -5.705512390400082e-01    -9.833594054193381e-01
+0.000000000000000e+00    +0.000000000000000e+00    -2.515443875639304e+06    +3.348156013637213e-03    +5.282161456990342e-03    -5.705514954683234e-01    -9.833620614959682e-01
+0.000000000000000e+00    +0.000000000000000e+00    -2.516239650354784e+06    +3.347667134381503e-03    +5.281389372858362e-03    -5.705517517845234e-01    -9.833647167352465e-01
+0.000000000000000e+00    +0.000000000000000e+00    -2.517035425070267e+06    +3.347178397145146e-03    +5.280617512709140e-03    -5.705520079887153e-01    -9.833673711380069e-01
+0.000000000000000e+00    +0.000000000000000e+00    -2.517831199785750e+06    +3.346689802001290e-03    +5.279845876658374e-03    -5.705522640808935e-01    -9.833700247039094e-01
+0.000000000000000e+00    +0.000000000000000e+00    -2.518626974501230e+06    +3.346201349145437e-03    +5.279074465015719e-03    -5.705525200609886e-01    -9.833726774319480e-01
+0.000000000000000e+00    +0.000000000000000e+00    -2.519422749216713e+06    +3.345713038261848e-03    +5.278303277283801e-03    -5.705527759291983e-01    -9.833753293238924e-01
+0.000000000000000e+00    +0.000000000000000e+00    -2.520218523932197e+06    +3.345224868603085e-03    +5.277532312281851e-03    -5.705530316859477e-01    -9.833779803838599e-01
+0.000000000000000e+00    +0.000000000000000e+00    -2.521014298647679e+06    +3.344736841750303e-03    +5.276761572505179e-03    -5.705532873304406e-01    -9.833806306033244e-01
+0.000000000000000e+00    +0.000000000000000e+00    -2.521810073363160e+06    +3.344248954681505e-03    +5.275991053186938e-03    -5.705535428642931e-01    -9.833832799987429e-01
+0.000000000000000e+00    +0.000000000000000e+00    -2.522605848078643e+06    +3.343761211016606e-03    +5.275220760034905e-03    -5.705537982856411e-01    -9.833859285505318e-01
+0.000000000000000e+00    +0.000000000000000e+00    -2.523401622794125e+06    +3.343273608490845e-03    +5.274450689484760e-03    -5.705540535957040e-01    -9.833885762710247e-01
+0.000000000000000e+00    +0.000000000000000e+00    -2.524197397509607e+06    +3.342786148239507e-03    +5.273680843322690e-03    -5.705543087939199e-01    -9.833912231541262e-01
+0.000000000000000e+00    +0.000000000000000e+00    -2.524993172225088e+06    +3.342298828590911e-03    +5.272911218913015e-03    -5.705545638811967e-01    -9.833938692089623e-01
+0.000000000000000e+00    +0.000000000000000e+00    -2.525788946940572e+06    +3.341811650644099e-03    +5.272141817986649e-03    -5.705548188569912e-01    -9.833965144296307e-01
+0.000000000000000e+00    +0.000000000000000e+00    -2.526584721656054e+06    +3.341324613175544e-03    +5.271372638615481e-03    -5.705550737219764e-01    -9.833991588228246e-01
+0.000000000000000e+00    +0.000000000000000e+00    -2.527380496371537e+06    +3.340837719071243e-03    +5.270603685354046e-03    -5.705553284746753e-01    -9.834018023729368e-01
+0.000000000000000e+00    +0.000000000000000e+00    -2.528176271087018e+06    +3.340350964451831e-03    +5.269834952085693e-03    -5.705555831171489e-01    -9.834044451010705e-01
+0.000000000000000e+00    +0.000000000000000e+00    -2.528972045802500e+06    +3.339864351910986e-03    +5.269066442894642e-03    -5.705558376480740e-01    -9.834070869932198e-01
+0.000000000000000e+00    +0.000000000000000e+00    -2.529767820517982e+06    +3.339377879752365e-03    +5.268298155110943e-03    -5.705560920683698e-01    -9.834097280586364e-01
+0.000000000000000e+00    +0.000000000000000e+00    -2.530563595233465e+06    +3.338891549623137e-03    +5.267530091331104e-03    -5.705563463772071e-01    -9.834123682884427e-01
+0.000000000000000e+00    +0.000000000000000e+00    -2.531359369948946e+06    +3.338405361027928e-03    +5.266762250778755e-03    -5.705566005748780e-01    -9.834150076853750e-01
+0.000000000000000e+00    +0.000000000000000e+00    -2.532155144664429e+06    +3.337919311573805e-03    +5.265994629673790e-03    -5.705568546626658e-01    -9.834176462624818e-01
+0.000000000000000e+00    +0.000000000000000e+00    -2.532950919379912e+06    +3.337433403774993e-03    +5.265227231979793e-03    -5.705571086392880e-01    -9.834202840061828e-01
+0.000000000000000e+00    +0.000000000000000e+00    -2.533746694095395e+06    +3.336947637387840e-03    +5.264460057320761e-03    -5.705573625049044e-01    -9.834229209178429e-01
+0.000000000000000e+00    +0.000000000000000e+00    -2.534542468810875e+06    +3.336462010584244e-03    +5.263693102809439e-03    -5.705576162605033e-01    -9.834255570074417e-01
+0.000000000000000e+00    +0.000000000000000e+00    -2.535338243526358e+06    +3.335976525105208e-03    +5.262926371190064e-03    -5.705578699052066e-01    -9.834281922655947e-01
+0.000000000000000e+00    +0.000000000000000e+00    -2.536134018241841e+06    +3.335491181586738e-03    +5.262159863473402e-03    -5.705581234387147e-01    -9.834308266888955e-01
+0.000000000000000e+00    +0.000000000000000e+00    -2.536929792957321e+06    +3.335005976826866e-03    +5.261393574605309e-03    -5.705583768627325e-01    -9.834334602947756e-01
+0.000000000000000e+00    +0.000000000000000e+00    -2.537725567672804e+06    +3.334520912773921e-03    +5.260627507652943e-03    -5.705586301762742e-01    -9.834360930727331e-01
+0.000000000000000e+00    +0.000000000000000e+00    -2.538521342388287e+06    +3.334035989880813e-03    +5.259861663338626e-03    -5.705588833791357e-01    -9.834387250203536e-01
+0.000000000000000e+00    +0.000000000000000e+00    -2.539317117103770e+06    +3.333551206628116e-03    +5.259096039264802e-03    -5.705591364721425e-01    -9.834413561459369e-01
+0.000000000000000e+00    +0.000000000000000e+00    -2.540112891819253e+06    +3.333066564698392e-03    +5.258330638084454e-03    -5.705593894544485e-01    -9.834439864404149e-01
+0.000000000000000e+00    +0.000000000000000e+00    -2.540908666534733e+06    +3.332582062838892e-03    +5.257565457825245e-03    -5.705596423267397e-01    -9.834466159106323e-01
+0.000000000000000e+00    +0.000000000000000e+00    -2.541704441250216e+06    +3.332097700892280e-03    +5.256800498235193e-03    -5.705598950891302e-01    -9.834492445575052e-01
+0.000000000000000e+00    +0.000000000000000e+00    -2.542500215965699e+06    +3.331613478324707e-03    +5.256035758471340e-03    -5.705601477419309e-01    -9.834518723839859e-01
+0.000000000000000e+00    +0.000000000000000e+00    -2.543295990681179e+06    +3.331129397627438e-03    +5.255271242467060e-03    -5.705604002838733e-01    -9.834544993766133e-01
+0.000000000000000e+00    +0.000000000000000e+00    -2.544091765396663e+06    +3.330645455346861e-03    +5.254506944776798e-03    -5.705606527167923e-01    -9.834571255541703e-01
+0.000000000000000e+00    +0.000000000000000e+00    -2.544887540112145e+06    +3.330161654025747e-03    +5.253742869405735e-03    -5.705609050393928e-01    -9.834597509029323e-01
+0.000000000000000e+00    +0.000000000000000e+00    -2.545683314827628e+06    +3.329677992209557e-03    +5.252979014065614e-03    -5.705611572524651e-01    -9.834623754308326e-01
+0.000000000000000e+00    +0.000000000000000e+00    -2.546479089543109e+06    +3.329194472064870e-03    +5.252215382174055e-03    -5.705614093549126e-01    -9.834649991261788e-01
+0.000000000000000e+00    +0.000000000000000e+00    -2.547274864258592e+06    +3.328711089377340e-03    +5.251451967082979e-03    -5.705616613489636e-01    -9.834676220118806e-01
+0.000000000000000e+00    +0.000000000000000e+00    -2.548070638974074e+06    +3.328227846191076e-03    +5.250688772007550e-03    -5.705619132335842e-01    -9.834702440769246e-01
+0.000000000000000e+00    +0.000000000000000e+00    -2.548866413689554e+06    +3.327744744137434e-03    +5.249925799531500e-03    -5.705621650079563e-01    -9.834728653125028e-01
+0.000000000000000e+00    +0.000000000000000e+00    -2.549662188405037e+06    +3.327261781168802e-03    +5.249163046426950e-03    -5.705624166731790e-01    -9.834754857297707e-01
+0.000000000000000e+00    +0.000000000000000e+00    -2.550457963120521e+06    +3.326778957668402e-03    +5.248400513293079e-03    -5.705626682290843e-01    -9.834781053267151e-01
+0.000000000000000e+00    +0.000000000000000e+00    -2.551253737836003e+06    +3.326296274317652e-03    +5.247638201207956e-03    -5.705629196753496e-01    -9.834807240996918e-01
+0.000000000000000e+00    +0.000000000000000e+00    -2.552049512551486e+06    +3.325813730033622e-03    +5.246876108464127e-03    -5.705631710125699e-01    -9.834833420546265e-01
+0.000000000000000e+00    +0.000000000000000e+00    -2.552845287266967e+06    +3.325331324645451e-03    +5.246114234788862e-03    -5.705634222408668e-01    -9.834859591925069e-01
+0.000000000000000e+00    +0.000000000000000e+00    -2.553641061982449e+06    +3.324849058330197e-03    +5.245352580461835e-03    -5.705636733601790e-01    -9.834885755124274e-01
+0.000000000000000e+00    +0.000000000000000e+00    -2.554436836697931e+06    +3.324366932276770e-03    +5.244591147361933e-03    -5.705639243699198e-01    -9.834911910079919e-01
+0.000000000000000e+00    +0.000000000000000e+00    -2.555232611413412e+06    +3.323884944773533e-03    +5.243829932790448e-03    -5.705641752710119e-01    -9.834938056885340e-01
+0.000000000000000e+00    +0.000000000000000e+00    -2.556028386128895e+06    +3.323403097017911e-03    +5.243068938633531e-03    -5.705644260628634e-01    -9.834964195476212e-01
+0.000000000000000e+00    +0.000000000000000e+00    -2.556824160844378e+06    +3.322921387959200e-03    +5.242308163236314e-03    -5.705646767460535e-01    -9.834990325910015e-01
+0.000000000000000e+00    +0.000000000000000e+00    -2.557619935559861e+06    +3.322439817910510e-03    +5.241547607090502e-03    -5.705649273204502e-01    -9.835016448170363e-01
+0.000000000000000e+00    +0.000000000000000e+00    -2.558415710275342e+06    +3.321958386268394e-03    +5.240787269244683e-03    -5.705651777863996e-01    -9.835042562290511e-01
+0.000000000000000e+00    +0.000000000000000e+00    -2.559211484990824e+06    +3.321477094755546e-03    +5.240027152418236e-03    -5.705654281430363e-01    -9.835068668177598e-01
+0.000000000000000e+00    +0.000000000000000e+00    -2.560007259706307e+06    +3.320995940820504e-03    +5.239267252587804e-03    -5.705656783917201e-01    -9.835094765970457e-01
+0.000000000000000e+00    +0.000000000000000e+00    -2.560803034421789e+06    +3.320514925953636e-03    +5.238507572099445e-03    -5.705659285317067e-01    -9.835120855588937e-01
+0.000000000000000e+00    +0.000000000000000e+00    -2.561598809137270e+06    +3.320034050423475e-03    +5.237748111382771e-03    -5.705661785628882e-01    -9.835146937018935e-01
+0.000000000000000e+00    +0.000000000000000e+00    -2.562394583852753e+06    +3.319553313059550e-03    +5.236988868590699e-03    -5.705664284859048e-01    -9.835173010324452e-01
+0.000000000000000e+00    +0.000000000000000e+00    -2.563190358568236e+06    +3.319072714736344e-03    +5.236229845101162e-03    -5.705666783003333e-01    -9.835199075458673e-01
+0.000000000000000e+00    +0.000000000000000e+00    -2.563986133283719e+06    +3.318592255324535e-03    +5.235471040713345e-03    -5.705669280062720e-01    -9.835225132429100e-01
+0.000000000000000e+00    +0.000000000000000e+00    -2.564781907999201e+06    +3.318111933156041e-03    +5.234712452793050e-03    -5.705671776046202e-01    -9.835251181326744e-01
+0.000000000000000e+00    +0.000000000000000e+00    -2.565577682714683e+06    +3.317631749099005e-03    +5.233954082706483e-03    -5.705674270949572e-01    -9.835277222105153e-01
+0.000000000000000e+00    +0.000000000000000e+00    -2.566373457430165e+06    +3.317151704759868e-03    +5.233195932994202e-03    -5.705676764764802e-01    -9.835303254677703e-01
+0.000000000000000e+00    +0.000000000000000e+00    -2.567169232145647e+06    +3.316671798791030e-03    +5.232438001533815e-03    -5.705679257499203e-01    -9.835329279117923e-01
+0.000000000000000e+00    +0.000000000000000e+00    -2.567965006861128e+06    +3.316192030583988e-03    +5.231680287360485e-03    -5.705681749156255e-01    -9.835355295459421e-01
+0.000000000000000e+00    +0.000000000000000e+00    -2.568760781576611e+06    +3.315712399734055e-03    +5.230922789833680e-03    -5.705684239738369e-01    -9.835381303724713e-01
+0.000000000000000e+00    +0.000000000000000e+00    -2.569556556292094e+06    +3.315232908256579e-03    +5.230165512135598e-03    -5.705686729235394e-01    -9.835407303805077e-01
+0.000000000000000e+00    +0.000000000000000e+00    -2.570352331007577e+06    +3.314753554906856e-03    +5.229408452307700e-03    -5.705689217654107e-01    -9.835433295768434e-01
+0.000000000000000e+00    +0.000000000000000e+00    -2.571148105723057e+06    +3.314274337689764e-03    +5.228651607195527e-03    -5.705691705005178e-01    -9.835459279723564e-01
+0.000000000000000e+00    +0.000000000000000e+00    -2.571943880438541e+06    +3.313795261227508e-03    +5.227894984093147e-03    -5.705694191264920e-01    -9.835485255420496e-01
+0.000000000000000e+00    +0.000000000000000e+00    -2.572739655154023e+06    +3.313316320060406e-03    +5.227138574393699e-03    -5.705696676461987e-01    -9.835511223155531e-01
+0.000000000000000e+00    +0.000000000000000e+00    -2.573535429869503e+06    +3.312837518161926e-03    +5.226382384355334e-03    -5.705699160576070e-01    -9.835537182714073e-01
+0.000000000000000e+00    +0.000000000000000e+00    -2.574331204584986e+06    +3.312358853864334e-03    +5.225626411357747e-03    -5.705701643616135e-01    -9.835563134186850e-01
+0.000000000000000e+00    +0.000000000000000e+00    -2.575126979300469e+06    +3.311880327381431e-03    +5.224870655733758e-03    -5.705704125581383e-01    -9.835589077562905e-01
+0.000000000000000e+00    +0.000000000000000e+00    -2.575922754015952e+06    +3.311401938112101e-03    +5.224115116535339e-03    -5.705706606475243e-01    -9.835615012875347e-01
+0.000000000000000e+00    +0.000000000000000e+00    -2.576718528731436e+06    +3.310923686993161e-03    +5.223359795240673e-03    -5.705709086293174e-01    -9.835640940073956e-01
+0.000000000000000e+00    +0.000000000000000e+00    -2.577514303446916e+06    +3.310445572106887e-03    +5.222604688824679e-03    -5.705711565045414e-01    -9.835666859263175e-01
+0.000000000000000e+00    +0.000000000000000e+00    -2.578310078162398e+06    +3.309967596563003e-03    +5.221849802193042e-03    -5.705714042716170e-01    -9.835692770275064e-01
+0.000000000000000e+00    +0.000000000000000e+00    -2.579105852877880e+06    +3.309489756252378e-03    +5.221095128866809e-03    -5.705716519327039e-01    -9.835718673332734e-01
+0.000000000000000e+00    +0.000000000000000e+00    -2.579901627593361e+06    +3.309012054669349e-03    +5.220340674351888e-03    -5.705718994860229e-01    -9.835744568247528e-01
+0.000000000000000e+00    +0.000000000000000e+00    -2.580697402308844e+06    +3.308534490689414e-03    +5.219586436884376e-03    -5.705721469321872e-01    -9.835770455080736e-01
+0.000000000000000e+00    +0.000000000000000e+00    -2.581493177024327e+06    +3.308057063476155e-03    +5.218832415140183e-03    -5.705723942716616e-01    -9.835796333878291e-01
+0.000000000000000e+00    +0.000000000000000e+00    -2.582288951739810e+06    +3.307579773258699e-03    +5.218078609479071e-03    -5.705726415043579e-01    -9.835822204628353e-01
+0.000000000000000e+00    +0.000000000000000e+00    -2.583084726455291e+06    +3.307102620605734e-03    +5.217325020800545e-03    -5.705728886300129e-01    -9.835848067300614e-01
+0.000000000000000e+00    +0.000000000000000e+00    -2.583880501170774e+06    +3.306625604377508e-03    +5.216571647307006e-03    -5.705731356492473e-01    -9.835873921957349e-01
+0.000000000000000e+00    +0.000000000000000e+00    -2.584676275886255e+06    +3.306148725638871e-03    +5.215818490677106e-03    -5.705733825615409e-01    -9.835899768541436e-01
+0.000000000000000e+00    +0.000000000000000e+00    -2.585472050601738e+06    +3.305671984339886e-03    +5.215065550836053e-03    -5.705736293669502e-01    -9.835925607056052e-01
+0.000000000000000e+00    +0.000000000000000e+00    -2.586267825317219e+06    +3.305195378764914e-03    +5.214312825074718e-03    -5.705738760663946e-01    -9.835951437594713e-01
+0.000000000000000e+00    +0.000000000000000e+00    -2.587063600032702e+06    +3.304718910438823e-03    +5.213560315796379e-03    -5.705741226591151e-01    -9.835977260075401e-01
+0.000000000000000e+00    +0.000000000000000e+00    -2.587859374748185e+06    +3.304242578686144e-03    +5.212808021939825e-03    -5.705743691454925e-01    -9.836003074535165e-01
+0.000000000000000e+00    +0.000000000000000e+00    -2.588655149463668e+06    +3.303766384506085e-03    +5.212055945081562e-03    -5.705746155250402e-01    -9.836028880920419e-01
+0.000000000000000e+00    +0.000000000000000e+00    -2.589450924179150e+06    +3.303290326498678e-03    +5.211304083014423e-03    -5.705748617985135e-01    -9.836054679307505e-01
+0.000000000000000e+00    +0.000000000000000e+00    -2.590246698894632e+06    +3.302814404916223e-03    +5.210552436132880e-03    -5.705751079658121e-01    -9.836080469683356e-01
+0.000000000000000e+00    +0.000000000000000e+00    -2.591042473610114e+06    +3.302338620046720e-03    +5.209801004893207e-03    -5.705753540268185e-01    -9.836106252032876e-01
+0.000000000000000e+00    +0.000000000000000e+00    -2.591838248325596e+06    +3.301862971208366e-03    +5.209049788220209e-03    -5.705755999819156e-01    -9.836132026393521e-01
+0.000000000000000e+00    +0.000000000000000e+00    -2.592634023041077e+06    +3.301387459527152e-03    +5.208298787890505e-03    -5.705758458305519e-01    -9.836157792704844e-01
+0.000000000000000e+00    +0.000000000000000e+00    -2.593429797756560e+06    +3.300912083552909e-03    +5.207548001618116e-03    -5.705760915735073e-01    -9.836183551045884e-01
+0.000000000000000e+00    +0.000000000000000e+00    -2.594225572472043e+06    +3.300436843749347e-03    +5.206797430131226e-03    -5.705763372105732e-01    -9.836209301392120e-01
+0.000000000000000e+00    +0.000000000000000e+00    -2.595021347187526e+06    +3.299961740464574e-03    +5.206047073981730e-03    -5.705765827416003e-01    -9.836235043725194e-01
+0.000000000000000e+00    +0.000000000000000e+00    -2.595817121903006e+06    +3.299486773207079e-03    +5.205296932395127e-03    -5.705768281668728e-01    -9.836260778072238e-01
+0.000000000000000e+00    +0.000000000000000e+00    -2.596612896618489e+06    +3.299011942318311e-03    +5.204547005909659e-03    -5.705770734862452e-01    -9.836286504415304e-01
+0.000000000000000e+00    +0.000000000000000e+00    -2.597408671333972e+06    +3.298537247799595e-03    +5.203797294529130e-03    -5.705773186997475e-01    -9.836312222754825e-01
+0.000000000000000e+00    +0.000000000000000e+00    -2.598204446049452e+06    +3.298062689249768e-03    +5.203047797620569e-03    -5.705775638076166e-01    -9.836337933113064e-01
+0.000000000000000e+00    +0.000000000000000e+00    -2.599000220764935e+06    +3.297588265449355e-03    +5.202298513257281e-03    -5.705778088105140e-01    -9.836363635556624e-01
+0.000000000000000e+00    +0.000000000000000e+00    -2.599795995480418e+06    +3.297113978358782e-03    +5.201549444532065e-03    -5.705780537074563e-01    -9.836389329979898e-01
+0.000000000000000e+00    +0.000000000000000e+00    -2.600591770195901e+06    +3.296639827288455e-03    +5.200800590362838e-03    -5.705782984988313e-01    -9.836415016420650e-01
+0.000000000000000e+00    +0.000000000000000e+00    -2.601387544911384e+06    +3.296165812337760e-03    +5.200051950904895e-03    -5.705785431846176e-01    -9.836440694874062e-01
+0.000000000000000e+00    +0.000000000000000e+00    -2.602183319626865e+06    +3.295691933033864e-03    +5.199303525412387e-03    -5.705787877650896e-01    -9.836466365366261e-01
+0.000000000000000e+00    +0.000000000000000e+00    -2.602979094342347e+06    +3.295218188828698e-03    +5.198555313018756e-03    -5.705790322405612e-01    -9.836492027927488e-01
+0.000000000000000e+00    +0.000000000000000e+00    -2.603774869057829e+06    +3.294744580068024e-03    +5.197807314268896e-03    -5.705792766108831e-01    -9.836517682539558e-01
+0.000000000000000e+00    +0.000000000000000e+00    -2.604570643773310e+06    +3.294271107151569e-03    +5.197059529795813e-03    -5.705795208758803e-01    -9.836543329181323e-01
+0.000000000000000e+00    +0.000000000000000e+00    -2.605366418488794e+06    +3.293797769141711e-03    +5.196311958120605e-03    -5.705797650360664e-01    -9.836568967904072e-01
+0.000000000000000e+00    +0.000000000000000e+00    -2.606162193204276e+06    +3.293324567409316e-03    +5.195564601405851e-03    -5.705800090907648e-01    -9.836594598634117e-01
+0.000000000000000e+00    +0.000000000000000e+00    -2.606957967919759e+06    +3.292851500997782e-03    +5.194817458145853e-03    -5.705802530404990e-01    -9.836620221423719e-01
+0.000000000000000e+00    +0.000000000000000e+00    -2.607753742635240e+06    +3.292378568878721e-03    +5.194070526713837e-03    -5.705804968858297e-01    -9.836645836329146e-01
+0.000000000000000e+00    +0.000000000000000e+00    -2.608549517350723e+06    +3.291905773487777e-03    +5.193323810953803e-03    -5.705807406255310e-01    -9.836671443219064e-01
+0.000000000000000e+00    +0.000000000000000e+00    -2.609345292066205e+06    +3.291433111827784e-03    +5.192577306140704e-03    -5.705809842611783e-01    -9.836697042256176e-01
+0.000000000000000e+00    +0.000000000000000e+00    -2.610141066781687e+06    +3.290960586622667e-03    +5.191831016567366e-03    -5.705812277913979e-01    -9.836722633293641e-01
+0.000000000000000e+00    +0.000000000000000e+00    -2.610936841497168e+06    +3.290488196068513e-03    +5.191084939394305e-03    -5.705814712171501e-01    -9.836748216429526e-01
+0.000000000000000e+00    +0.000000000000000e+00    -2.611732616212652e+06    +3.290015940560614e-03    +5.190339075240468e-03    -5.705817145382603e-01    -9.836773791643041e-01
+0.000000000000000e+00    +0.000000000000000e+00    -2.612528390928134e+06    +3.289543819572579e-03    +5.189593423276401e-03    -5.705819577550310e-01    -9.836799358963184e-01
+0.000000000000000e+00    +0.000000000000000e+00    -2.613324165643618e+06    +3.289071832852477e-03    +5.188847983103057e-03    -5.705822008676207e-01    -9.836824918404141e-01
+0.000000000000000e+00    +0.000000000000000e+00    -2.614119940359098e+06    +3.288599982897618e-03    +5.188102758664362e-03    -5.705824438747739e-01    -9.836850469831213e-01
+0.000000000000000e+00    +0.000000000000000e+00    -2.614915715074581e+06    +3.288128266643734e-03    +5.187357745129519e-03    -5.705826867780992e-01    -9.836876013410706e-01
+0.000000000000000e+00    +0.000000000000000e+00    -2.615711489790063e+06    +3.287656685265392e-03    +5.186612944344115e-03    -5.705829295770215e-01    -9.836901549079708e-01
+0.000000000000000e+00    +0.000000000000000e+00    -2.616507264505543e+06    +3.287185238276652e-03    +5.185868355545091e-03    -5.705831722718203e-01    -9.836927076864976e-01
+0.000000000000000e+00    +0.000000000000000e+00    -2.617303039221026e+06    +3.286713925589638e-03    +5.185123978592680e-03    -5.705834148625716e-01    -9.836952596771812e-01
+0.000000000000000e+00    +0.000000000000000e+00    -2.618098813936509e+06    +3.286242748501067e-03    +5.184379815535150e-03    -5.705836573486379e-01    -9.836978108730524e-01
+0.000000000000000e+00    +0.000000000000000e+00    -2.618894588651992e+06    +3.285771705034696e-03    +5.183635863256154e-03    -5.705838997310656e-01    -9.837003612848555e-01
+0.000000000000000e+00    +0.000000000000000e+00    -2.619690363367475e+06    +3.285300796820744e-03    +5.182892124324466e-03    -5.705841420090463e-01    -9.837029109038266e-01
+0.000000000000000e+00    +0.000000000000000e+00    -2.620486138082955e+06    +3.284830022368406e-03    +5.182148596391530e-03    -5.705843841833765e-01    -9.837054597380792e-01
+0.000000000000000e+00    +0.000000000000000e+00    -2.621281912798438e+06    +3.284359381779276e-03    +5.181405279613443e-03    -5.705846262540344e-01    -9.837080077871229e-01
+0.000000000000000e+00    +0.000000000000000e+00    -2.622077687513920e+06    +3.283888875887485e-03    +5.180662175308555e-03    -5.705848682206202e-01    -9.837105550464920e-01
+0.000000000000000e+00    +0.000000000000000e+00    -2.622873462229401e+06    +3.283418505146342e-03    +5.179919284196123e-03    -5.705851100829309e-01    -9.837131015137796e-01
+0.000000000000000e+00    +0.000000000000000e+00    -2.623669236944884e+06    +3.282948268114869e-03    +5.179176604002393e-03    -5.705853518417373e-01    -9.837156471968350e-01
+0.000000000000000e+00    +0.000000000000000e+00    -2.624465011660367e+06    +3.282478164722280e-03    +5.178434134611388e-03    -5.705855934971059e-01    -9.837181920961009e-01
+0.000000000000000e+00    +0.000000000000000e+00    -2.625260786375850e+06    +3.282008195898457e-03    +5.177691877492091e-03    -5.705858350485875e-01    -9.837207362065946e-01
+0.000000000000000e+00    +0.000000000000000e+00    -2.626056561091333e+06    +3.281538359074828e-03    +5.176949828591398e-03    -5.705860764975329e-01    -9.837232795422668e-01
+0.000000000000000e+00    +0.000000000000000e+00    -2.626852335806814e+06    +3.281068658279929e-03    +5.176207994263994e-03    -5.705863178419009e-01    -9.837258220813748e-01
+0.000000000000000e+00    +0.000000000000000e+00    -2.627648110522296e+06    +3.280599091953630e-03    +5.175466372059751e-03    -5.705865590825235e-01    -9.837283638323929e-01
+0.000000000000000e+00    +0.000000000000000e+00    -2.628443885237778e+06    +3.280129658087628e-03    +5.174724958802177e-03    -5.705868002204623e-01    -9.837309048062516e-01
+0.000000000000000e+00    +0.000000000000000e+00    -2.629239659953259e+06    +3.279660358540535e-03    +5.173983757420687e-03    -5.705870412547913e-01    -9.837334449929528e-01
+0.000000000000000e+00    +0.000000000000000e+00    -2.630035434668743e+06    +3.279191191064764e-03    +5.173242764372244e-03    -5.705872821866951e-01    -9.837359844047019e-01
+0.000000000000000e+00    +0.000000000000000e+00    -2.630831209384225e+06    +3.278722160024603e-03    +5.172501986542815e-03    -5.705875230139621e-01    -9.837385230179406e-01
+0.000000000000000e+00    +0.000000000000000e+00    -2.631626984099708e+06    +3.278253260171978e-03    +5.171761415658718e-03    -5.705877637393166e-01    -9.837410608611001e-01
+0.000000000000000e+00    +0.000000000000000e+00    -2.632422758815189e+06    +3.277784494033189e-03    +5.171021055693181e-03    -5.705880043614908e-01    -9.837435979205877e-01
+0.000000000000000e+00    +0.000000000000000e+00    -2.633218533530672e+06    +3.277315863399724e-03    +5.170280909484556e-03    -5.705882448795949e-01    -9.837461341867438e-01
+0.000000000000000e+00    +0.000000000000000e+00    -2.634014308246154e+06    +3.276847363975307e-03    +5.169540970253909e-03    -5.705884852958641e-01    -9.837486696828610e-01
+0.000000000000000e+00    +0.000000000000000e+00    -2.634810082961634e+06    +3.276378999513121e-03    +5.168801243915288e-03    -5.705887256084008e-01    -9.837512043887018e-01
+0.000000000000000e+00    +0.000000000000000e+00    -2.635605857677117e+06    +3.275910767438715e-03    +5.168061726415634e-03    -5.705889658185563e-01    -9.837537383182282e-01
+0.000000000000000e+00    +0.000000000000000e+00    -2.636401632392600e+06    +3.275442669247948e-03    +5.167322420109566e-03    -5.705892059255923e-01    -9.837562714634107e-01
+0.000000000000000e+00    +0.000000000000000e+00    -2.637197407108083e+06    +3.274974703184296e-03    +5.166583322228375e-03    -5.705894459304390e-01    -9.837588038337965e-01
+0.000000000000000e+00    +0.000000000000000e+00    -2.637993181823567e+06    +3.274506871559992e-03    +5.165844436418720e-03    -5.705896858319406e-01    -9.837613354169332e-01
+0.000000000000000e+00    +0.000000000000000e+00    -2.638788956539046e+06    +3.274039172848383e-03    +5.165105760277647e-03    -5.705899256309093e-01    -9.837638662211202e-01
+0.000000000000000e+00    +0.000000000000000e+00    -2.639584731254530e+06    +3.273571605764654e-03    +5.164367291771457e-03    -5.705901653280323e-01    -9.837663962533688e-01
+0.000000000000000e+00    +0.000000000000000e+00    -2.640380505970012e+06    +3.273104173728766e-03    +5.163629036297929e-03    -5.705904049215870e-01    -9.837689254952302e-01
+0.000000000000000e+00    +0.000000000000000e+00    -2.641176280685492e+06    +3.272636872827381e-03    +5.162890987688244e-03    -5.705906444136080e-01    -9.837714539679111e-01
+0.000000000000000e+00    +0.000000000000000e+00    -2.641972055400976e+06    +3.272169704468605e-03    +5.162153148154000e-03    -5.705908838034025e-01    -9.837739816638645e-01
+0.000000000000000e+00    +0.000000000000000e+00    -2.642767830116458e+06    +3.271702671842435e-03    +5.161415522738643e-03    -5.705911230893658e-01    -9.837765085658732e-01
+0.000000000000000e+00    +0.000000000000000e+00    -2.643563604831941e+06    +3.271235768471108e-03    +5.160678101222443e-03    -5.705913622748464e-01    -9.837790347090172e-01
+0.000000000000000e+00    +0.000000000000000e+00    -2.644359379547422e+06    +3.270768999878119e-03    +5.159940892308193e-03    -5.705916013570429e-01    -9.837815600634991e-01
+0.000000000000000e+00    +0.000000000000000e+00    -2.645155154262905e+06    +3.270302362256448e-03    +5.159203890002055e-03    -5.705918403379356e-01    -9.837840846499347e-01
+0.000000000000000e+00    +0.000000000000000e+00    -2.645950928978386e+06    +3.269835858774832e-03    +5.158467099296638e-03    -5.705920792159300e-01    -9.837866084512523e-01
+0.000000000000000e+00    +0.000000000000000e+00    -2.646746703693869e+06    +3.269369487946827e-03    +5.157730517855297e-03    -5.705923179918172e-01    -9.837891314755265e-01
+0.000000000000000e+00    +0.000000000000000e+00    -2.647542478409350e+06    +3.268903247827758e-03    +5.156994142602325e-03    -5.705925566666219e-01    -9.837916537333355e-01
+0.000000000000000e+00    +0.000000000000000e+00    -2.648338253124833e+06    +3.268437141694099e-03    +5.156257978706653e-03    -5.705927952386957e-01    -9.837941752070160e-01
+0.000000000000000e+00    +0.000000000000000e+00    -2.649134027840316e+06    +3.267971166742327e-03    +5.155522021751823e-03    -5.705930337095027e-01    -9.837966959117648e-01
+0.000000000000000e+00    +0.000000000000000e+00    -2.649929802555799e+06    +3.267505324460960e-03    +5.154786274080111e-03    -5.705932720783102e-01    -9.837992158395960e-01
+0.000000000000000e+00    +0.000000000000000e+00    -2.650725577271280e+06    +3.267039614979950e-03    +5.154050735902229e-03    -5.705935103450813e-01    -9.838017349898482e-01
+0.000000000000000e+00    +0.000000000000000e+00    -2.651521351986763e+06    +3.266574037543807e-03    +5.153315406025941e-03    -5.705937485102310e-01    -9.838042533666571e-01
+0.000000000000000e+00    +0.000000000000000e+00    -2.652317126702245e+06    +3.266108591581244e-03    +5.152580283547066e-03    -5.705939865740810e-01    -9.838067709731674e-01
+0.000000000000000e+00    +0.000000000000000e+00    -2.653112901417727e+06    +3.265643278398186e-03    +5.151845370526821e-03    -5.705942245359923e-01    -9.838092878023678e-01
+0.000000000000000e+00    +0.000000000000000e+00    -2.653908676133208e+06    +3.265178096325401e-03    +5.151110664333700e-03    -5.705944623968475e-01    -9.838118038633294e-01
+0.000000000000000e+00    +0.000000000000000e+00    -2.654704450848691e+06    +3.264713047354783e-03    +5.150376168108761e-03    -5.705947001556569e-01    -9.838143191453385e-01
+0.000000000000000e+00    +0.000000000000000e+00    -2.655500225564174e+06    +3.264248130283069e-03    +5.149641879958706e-03    -5.705949378130651e-01    -9.838168336549409e-01
+0.000000000000000e+00    +0.000000000000000e+00    -2.656296000279657e+06    +3.263783344604629e-03    +5.148907799081528e-03    -5.705951753693594e-01    -9.838193473949282e-01
+0.000000000000000e+00    +0.000000000000000e+00    -2.657091774995137e+06    +3.263318689816496e-03    +5.148173924681747e-03    -5.705954128248257e-01    -9.838218603680728e-01
+0.000000000000000e+00    +0.000000000000000e+00    -2.657887549710620e+06    +3.262854168210349e-03    +5.147440260377675e-03    -5.705956501783213e-01    -9.838243725620334e-01
+0.000000000000000e+00    +0.000000000000000e+00    -2.658683324426103e+06    +3.262389777113624e-03    +5.146706801956497e-03    -5.705958874312418e-01    -9.838268839913002e-01
+0.000000000000000e+00    +0.000000000000000e+00    -2.659479099141583e+06    +3.261925517794026e-03    +5.145973551412081e-03    -5.705961245829673e-01    -9.838293946490819e-01
+0.000000000000000e+00    +0.000000000000000e+00    -2.660274873857067e+06    +3.261461389796872e-03    +5.145240508031069e-03    -5.705963616337595e-01    -9.838319045378797e-01
+0.000000000000000e+00    +0.000000000000000e+00    -2.661070648572549e+06    +3.260997394512150e-03    +5.144507674007871e-03    -5.705965985829367e-01    -9.838344136502289e-01
+0.000000000000000e+00    +0.000000000000000e+00    -2.661866423288032e+06    +3.260533530563036e-03    +5.143775047173072e-03    -5.705968354312319e-01    -9.838369219936172e-01
+0.000000000000000e+00    +0.000000000000000e+00    -2.662662198003515e+06    +3.260069796933705e-03    +5.143042625918302e-03    -5.705970721791916e-01    -9.838394295735943e-01
+0.000000000000000e+00    +0.000000000000000e+00    -2.663457972718996e+06    +3.259606195741863e-03    +5.142310413585428e-03    -5.705973088257639e-01    -9.838419363787640e-01
+0.000000000000000e+00    +0.000000000000000e+00    -2.664253747434478e+06    +3.259142724960760e-03    +5.141578406980988e-03    -5.705975453720120e-01    -9.838444424201227e-01
+0.000000000000000e+00    +0.000000000000000e+00    -2.665049522149961e+06    +3.258679385492801e-03    +5.140846607524086e-03    -5.705977818175041e-01    -9.838469476928526e-01
+0.000000000000000e+00    +0.000000000000000e+00    -2.665845296865441e+06    +3.258216177245836e-03    +5.140115015072701e-03    -5.705980181623157e-01    -9.838494521974950e-01
+0.000000000000000e+00    +0.000000000000000e+00    -2.666641071580925e+06    +3.257753100655614e-03    +5.139383630315324e-03    -5.705982544062534e-01    -9.838519559317440e-01
+0.000000000000000e+00    +0.000000000000000e+00    -2.667436846296407e+06    +3.257290154635074e-03    +5.138652451537075e-03    -5.705984905499002e-01    -9.838544589015243e-01
+0.000000000000000e+00    +0.000000000000000e+00    -2.668232621011890e+06    +3.256827339267858e-03    +5.137921478866958e-03    -5.705987265932426e-01    -9.838569611064386e-01
+0.000000000000000e+00    +0.000000000000000e+00    -2.669028395727371e+06    +3.256364655783567e-03    +5.137190714247866e-03    -5.705989625356817e-01    -9.838594625398878e-01
+0.000000000000000e+00    +0.000000000000000e+00    -2.669824170442854e+06    +3.255902102927527e-03    +5.136460155702798e-03    -5.705991983778858e-01    -9.838619632086972e-01
+0.000000000000000e+00    +0.000000000000000e+00    -2.670619945158335e+06    +3.255439679705543e-03    +5.135729801657892e-03    -5.705994341203908e-01    -9.838644631182977e-01
+0.000000000000000e+00    +0.000000000000000e+00    -2.671415719873818e+06    +3.254977388044508e-03    +5.134999655153745e-03    -5.705996697622422e-01    -9.838669622583270e-01
+0.000000000000000e+00    +0.000000000000000e+00    -2.672211494589299e+06    +3.254515228656349e-03    +5.134269717321751e-03    -5.705999053031066e-01    -9.838694606249747e-01
+0.000000000000000e+00    +0.000000000000000e+00    -2.673007269304782e+06    +3.254053198357043e-03    +5.133539983135936e-03    -5.706001407446352e-01    -9.838719582354984e-01
+0.000000000000000e+00    +0.000000000000000e+00    -2.673803044020265e+06    +3.253591298780660e-03    +5.132810455167131e-03    -5.706003760860230e-01    -9.838744550811316e-01
+0.000000000000000e+00    +0.000000000000000e+00    -2.674598818735748e+06    +3.253129529357482e-03    +5.132081132521506e-03    -5.706006113275893e-01    -9.838769511649930e-01
+0.000000000000000e+00    +0.000000000000000e+00    -2.675394593451230e+06    +3.252667891319546e-03    +5.131352017143614e-03    -5.706008464687348e-01    -9.838794464804753e-01
+0.000000000000000e+00    +0.000000000000000e+00    -2.676190368166712e+06    +3.252206383462165e-03    +5.130623107135412e-03    -5.706010815101018e-01    -9.838819410341323e-01
+0.000000000000000e+00    +0.000000000000000e+00    -2.676986142882194e+06    +3.251745005499250e-03    +5.129894402041586e-03    -5.706013164518642e-01    -9.838844348275655e-01
+0.000000000000000e+00    +0.000000000000000e+00    -2.677781917597676e+06    +3.251283757735878e-03    +5.129165902343552e-03    -5.706015512938948e-01    -9.838869278591769e-01
+0.000000000000000e+00    +0.000000000000000e+00    -2.678577692313157e+06    +3.250822640992881e-03    +5.128437609339330e-03    -5.706017860358045e-01    -9.838894201245763e-01
+0.000000000000000e+00    +0.000000000000000e+00    -2.679373467028640e+06    +3.250361654773176e-03    +5.127709522247082e-03    -5.706020206778744e-01    -9.838919116264948e-01
+0.000000000000000e+00    +0.000000000000000e+00    -2.680169241744123e+06    +3.249900798742158e-03    +5.126981640537254e-03    -5.706022552203039e-01    -9.838944023667925e-01
+0.000000000000000e+00    +0.000000000000000e+00    -2.680965016459606e+06    +3.249440072389679e-03    +5.126253963403518e-03    -5.706024896633802e-01    -9.838968923482770e-01
+0.000000000000000e+00    +0.000000000000000e+00    -2.681760791175087e+06    +3.248979475004941e-03    +5.125526489722065e-03    -5.706027240074932e-01    -9.838993815748410e-01
+0.000000000000000e+00    +0.000000000000000e+00    -2.682556565890569e+06    +3.248519009225011e-03    +5.124799223656144e-03    -5.706029582513299e-01    -9.839018700322849e-01
+0.000000000000000e+00    +0.000000000000000e+00    -2.683352340606051e+06    +3.248058672067690e-03    +5.124072160504891e-03    -5.706031923964355e-01    -9.839043577367600e-01
+0.000000000000000e+00    +0.000000000000000e+00    -2.684148115321532e+06    +3.247598466345666e-03    +5.123345304701375e-03    -5.706034264414074e-01    -9.839068446731307e-01
+0.000000000000000e+00    +0.000000000000000e+00    -2.684943890037016e+06    +3.247138390385906e-03    +5.122618653613051e-03    -5.706036603871255e-01    -9.839093308504714e-01
+0.000000000000000e+00    +0.000000000000000e+00    -2.685739664752498e+06    +3.246678442469710e-03    +5.121892204520374e-03    -5.706038942344911e-01    -9.839118162781268e-01
+0.000000000000000e+00    +0.000000000000000e+00    -2.686535439467981e+06    +3.246218625621687e-03    +5.121165962195283e-03    -5.706041279819949e-01    -9.839143009398109e-01
+0.000000000000000e+00    +0.000000000000000e+00    -2.687331214183464e+06    +3.245758938660281e-03    +5.120439924782213e-03    -5.706043616302654e-01    -9.839167848419400e-01
+0.000000000000000e+00    +0.000000000000000e+00    -2.688126988898945e+06    +3.245299381162264e-03    +5.119714091609304e-03    -5.706045951795465e-01    -9.839192679868559e-01
+0.000000000000000e+00    +0.000000000000000e+00    -2.688922763614427e+06    +3.244839952656512e-03    +5.118988461931630e-03    -5.706048286301052e-01    -9.839217503771549e-01
+0.000000000000000e+00    +0.000000000000000e+00    -2.689718538329909e+06    +3.244380654684752e-03    +5.118263038183150e-03    -5.706050619811864e-01    -9.839242320045576e-01
+0.000000000000000e+00    +0.000000000000000e+00    -2.690514313045390e+06    +3.243921484827203e-03    +5.117537816547708e-03    -5.706052952340481e-01    -9.839267128821775e-01
+0.000000000000000e+00    +0.000000000000000e+00    -2.691310087760874e+06    +3.243462445039957e-03    +5.116812800107274e-03    -5.706055283877232e-01    -9.839291929995083e-01
+0.000000000000000e+00    +0.000000000000000e+00    -2.692105862476356e+06    +3.243003534012262e-03    +5.116087986798706e-03    -5.706057614429071e-01    -9.839316723636682e-01
+0.000000000000000e+00    +0.000000000000000e+00    -2.692901637191839e+06    +3.242544753057938e-03    +5.115363378693200e-03    -5.706059943989600e-01    -9.839341509676148e-01
+0.000000000000000e+00    +0.000000000000000e+00    -2.693697411907320e+06    +3.242086100783291e-03    +5.114638973594471e-03    -5.706062272566170e-01    -9.839366288189185e-01
+0.000000000000000e+00    +0.000000000000000e+00    -2.694493186622803e+06    +3.241627577845531e-03    +5.113914772536427e-03    -5.706064600155732e-01    -9.839391059140846e-01
+0.000000000000000e+00    +0.000000000000000e+00    -2.695288961338284e+06    +3.241169185376735e-03    +5.113190777309798e-03    -5.706066926752820e-01    -9.839415822470419e-01
+0.000000000000000e+00    +0.000000000000000e+00    -2.696084736053765e+06    +3.240710920760032e-03    +5.112466983785792e-03    -5.706069252370991e-01    -9.839440578319681e-01
+0.000000000000000e+00    +0.000000000000000e+00    -2.696880510769248e+06    +3.240252785303159e-03    +5.111743394021659e-03    -5.706071577003891e-01    -9.839465326618622e-01
+0.000000000000000e+00    +0.000000000000000e+00    -2.697676285484731e+06    +3.239794777866073e-03    +5.111020006221710e-03    -5.706073900657577e-01    -9.839490067429225e-01
+0.000000000000000e+00    +0.000000000000000e+00    -2.698472060200214e+06    +3.239336900412068e-03    +5.110296823483519e-03    -5.706076223322376e-01    -9.839514800645980e-01
+0.000000000000000e+00    +0.000000000000000e+00    -2.699267834915698e+06    +3.238879151764339e-03    +5.109573843955520e-03    -5.706078545004529e-01    -9.839539526332828e-01
+0.000000000000000e+00    +0.000000000000000e+00    -2.700063609631178e+06    +3.238421532322237e-03    +5.108851068265077e-03    -5.706080865702293e-01    -9.839564244468736e-01
+0.000000000000000e+00    +0.000000000000000e+00    -2.700859384346661e+06    +3.237964041026414e-03    +5.108128494740865e-03    -5.706083185421321e-01    -9.839588955111382e-01
+0.000000000000000e+00    +0.000000000000000e+00    -2.701655159062143e+06    +3.237506678696176e-03    +5.107406124673937e-03    -5.706085504157729e-01    -9.839613658217049e-01
+0.000000000000000e+00    +0.000000000000000e+00    -2.702450933777623e+06    +3.237049443994328e-03    +5.106683955955559e-03    -5.706087821918583e-01    -9.839638353858398e-01
+0.000000000000000e+00    +0.000000000000000e+00    -2.703246708493106e+06    +3.236592339217986e-03    +5.105961992209925e-03    -5.706090138692511e-01    -9.839663041911902e-01
+0.000000000000000e+00    +0.000000000000000e+00    -2.704042483208589e+06    +3.236135362636370e-03    +5.105240230711603e-03    -5.706092454488562e-01    -9.839687722471394e-01
+0.000000000000000e+00    +0.000000000000000e+00    -2.704838257924072e+06    +3.235678514274279e-03    +5.104518671494510e-03    -5.706094769306892e-01    -9.839712395536108e-01
+0.000000000000000e+00    +0.000000000000000e+00    -2.705634032639554e+06    +3.235221794914533e-03    +5.103797315795665e-03    -5.706097083143808e-01    -9.839737061064239e-01
+0.000000000000000e+00    +0.000000000000000e+00    -2.706429807355036e+06    +3.234765203283837e-03    +5.103076161607141e-03    -5.706099396006044e-01    -9.839761719124983e-01
+0.000000000000000e+00    +0.000000000000000e+00    -2.707225582070517e+06    +3.234308739649124e-03    +5.102355209346811e-03    -5.706101707892512e-01    -9.839786369704470e-01
+0.000000000000000e+00    +0.000000000000000e+00    -2.708021356786000e+06    +3.233852405364490e-03    +5.101634461154804e-03    -5.706104018796641e-01    -9.839811012730035e-01
+0.000000000000000e+00    +0.000000000000000e+00    -2.708817131501481e+06    +3.233396199019817e-03    +5.100913914808967e-03    -5.706106328725847e-01    -9.839835648278231e-01
+0.000000000000000e+00    +0.000000000000000e+00    -2.709612906216965e+06    +3.232940120164988e-03    +5.100193569594238e-03    -5.706108637682684e-01    -9.839860276373910e-01
+0.000000000000000e+00    +0.000000000000000e+00    -2.710408680932447e+06    +3.232484169626381e-03    +5.099473426814807e-03    -5.706110945663241e-01    -9.839884896972949e-01
+0.000000000000000e+00    +0.000000000000000e+00    -2.711204455647930e+06    +3.232028347689981e-03    +5.098753486925686e-03    -5.706113252666348e-01    -9.839909510060335e-01
+0.000000000000000e+00    +0.000000000000000e+00    -2.712000230363411e+06    +3.231572653692593e-03    +5.098033748880867e-03    -5.706115558695642e-01    -9.839934115672336e-01
+0.000000000000000e+00    +0.000000000000000e+00    -2.712796005078894e+06    +3.231117087050101e-03    +5.097314211756100e-03    -5.706117863754345e-01    -9.839958713840999e-01
+0.000000000000000e+00    +0.000000000000000e+00    -2.713591779794376e+06    +3.230661648822230e-03    +5.096594877223723e-03    -5.706120167837380e-01    -9.839983304509613e-01
+0.000000000000000e+00    +0.000000000000000e+00    -2.714387554509858e+06    +3.230206338078840e-03    +5.095875743818716e-03    -5.706122470949722e-01    -9.840007887728807e-01
+0.000000000000000e+00    +0.000000000000000e+00    -2.715183329225339e+06    +3.229751155240235e-03    +5.095156812202331e-03    -5.706124773089521e-01    -9.840032463476418e-01
+0.000000000000000e+00    +0.000000000000000e+00    -2.715979103940823e+06    +3.229296099929171e-03    +5.094438081780668e-03    -5.706127074258960e-01    -9.840057031773258e-01
+0.000000000000000e+00    +0.000000000000000e+00    -2.716774878656305e+06    +3.228841173442994e-03    +5.093719554602067e-03    -5.706129374451752e-01    -9.840081592549776e-01
+0.000000000000000e+00    +0.000000000000000e+00    -2.717570653371788e+06    +3.228386373193732e-03    +5.093001226583870e-03    -5.706131673681255e-01    -9.840106145946093e-01
+0.000000000000000e+00    +0.000000000000000e+00    -2.718366428087269e+06    +3.227931701086835e-03    +5.092283100727448e-03    -5.706133971938115e-01    -9.840130691859954e-01
+0.000000000000000e+00    +0.000000000000000e+00    -2.719162202802752e+06    +3.227477156461895e-03    +5.091565175996668e-03    -5.706136269225942e-01    -9.840155230327373e-01
+0.000000000000000e+00    +0.000000000000000e+00    -2.719957977518234e+06    +3.227022739920507e-03    +5.090847453340010e-03    -5.706138565541967e-01    -9.840179761316381e-01
+0.000000000000000e+00    +0.000000000000000e+00    -2.720753752233714e+06    +3.226568448988182e-03    +5.090129928851689e-03    -5.706140860898969e-01    -9.840204284960995e-01
+0.000000000000000e+00    +0.000000000000000e+00    -2.721549526949198e+06    +3.226114287068101e-03    +5.089412607899075e-03    -5.706143155280025e-01    -9.840228801078116e-01
+0.000000000000000e+00    +0.000000000000000e+00    -2.722345301664681e+06    +3.225660251705256e-03    +5.088695486616559e-03    -5.706145448697810e-01    -9.840253309800537e-01
+0.000000000000000e+00    +0.000000000000000e+00    -2.723141076380163e+06    +3.225206343807703e-03    +5.087978566430664e-03    -5.706147741148015e-01    -9.840277811079852e-01
+0.000000000000000e+00    +0.000000000000000e+00    -2.723936851095647e+06    +3.224752563090443e-03    +5.087261846894784e-03    -5.706150032632347e-01    -9.840302304931864e-01
+0.000000000000000e+00    +0.000000000000000e+00    -2.724732625811127e+06    +3.224298909744394e-03    +5.086545328310048e-03    -5.706152323150115e-01    -9.840326791346751e-01
+0.000000000000000e+00    +0.000000000000000e+00    -2.725528400526610e+06    +3.223845383076533e-03    +5.085829009583049e-03    -5.706154612705093e-01    -9.840351270362373e-01
+0.000000000000000e+00    +0.000000000000000e+00    -2.726324175242092e+06    +3.223391983695695e-03    +5.085112891673572e-03    -5.706156901294480e-01    -9.840375741946378e-01
+0.000000000000000e+00    +0.000000000000000e+00    -2.727119949957572e+06    +3.222938712055156e-03    +5.084396975300132e-03    -5.706159188916260e-01    -9.840400206074734e-01
+0.000000000000000e+00    +0.000000000000000e+00    -2.727915724673056e+06    +3.222485565794409e-03    +5.083681256736442e-03    -5.706161475582614e-01    -9.840424662875283e-01
+0.000000000000000e+00    +0.000000000000000e+00    -2.728711499388538e+06    +3.222032547265736e-03    +5.082965739690437e-03    -5.706163761281945e-01    -9.840449112221668e-01
+0.000000000000000e+00    +0.000000000000000e+00    -2.729507274104021e+06    +3.221579656035404e-03    +5.082250423485459e-03    -5.706166046016714e-01    -9.840473554137634e-01
+0.000000000000000e+00    +0.000000000000000e+00    -2.730303048819503e+06    +3.221126890459275e-03    +5.081535305523740e-03    -5.706168329795486e-01    -9.840497988712400e-01
+0.000000000000000e+00    +0.000000000000000e+00    -2.731098823534985e+06    +3.220674252630112e-03    +5.080820389105695e-03    -5.706170612607977e-01    -9.840522415833579e-01
+0.000000000000000e+00    +0.000000000000000e+00    -2.731894598250466e+06    +3.220221740615428e-03    +5.080105671186579e-03    -5.706172894464200e-01    -9.840546835605816e-01
+0.000000000000000e+00    +0.000000000000000e+00    -2.732690372965949e+06    +3.219769355885547e-03    +5.079391154082759e-03    -5.706175175357016e-01    -9.840571247950332e-01
+0.000000000000000e+00    +0.000000000000000e+00    -2.733486147681430e+06    +3.219317097534675e-03    +5.078676836369024e-03    -5.706177455291259e-01    -9.840595652916388e-01
+0.000000000000000e+00    +0.000000000000000e+00    -2.734281922396914e+06    +3.218864964995903e-03    +5.077962717147427e-03    -5.706179734270059e-01    -9.840620050535095e-01
+0.000000000000000e+00    +0.000000000000000e+00    -2.735077697112396e+06    +3.218412959659207e-03    +5.077248798611988e-03    -5.706182012286679e-01    -9.840644440731944e-01
+0.000000000000000e+00    +0.000000000000000e+00    -2.735873471827879e+06    +3.217961080005158e-03    +5.076535078368035e-03    -5.706184289349048e-01    -9.840668823589299e-01
+0.000000000000000e+00    +0.000000000000000e+00    -2.736669246543360e+06    +3.217509328392926e-03    +5.075821560137162e-03    -5.706186565445545e-01    -9.840693198980425e-01
+0.000000000000000e+00    +0.000000000000000e+00    -2.737465021258843e+06    +3.217057701200932e-03    +5.075108238207715e-03    -5.706188840594687e-01    -9.840717567101053e-01
+0.000000000000000e+00    +0.000000000000000e+00    -2.738260795974325e+06    +3.216606201679063e-03    +5.074395117701061e-03    -5.706191114780376e-01    -9.840741927776503e-01
+0.000000000000000e+00    +0.000000000000000e+00    -2.739056570689807e+06    +3.216154827244036e-03    +5.073682194548468e-03    -5.706193388015885e-01    -9.840766281146434e-01
+0.000000000000000e+00    +0.000000000000000e+00    -2.739852345405288e+06    +3.215703578980911e-03    +5.072969470455588e-03    -5.706195660296023e-01    -9.840790627152903e-01
+0.000000000000000e+00    +0.000000000000000e+00    -2.740648120120771e+06    +3.215252457491531e-03    +5.072256946377137e-03    -5.706197931618031e-01    -9.840814965763850e-01
+0.000000000000000e+00    +0.000000000000000e+00    -2.741443894836254e+06    +3.214801461479993e-03    +5.071544620268847e-03    -5.706200201988696e-01    -9.840839297049611e-01
+0.000000000000000e+00    +0.000000000000000e+00    -2.742239669551737e+06    +3.214350590864785e-03    +5.070832491998131e-03    -5.706202471408697e-01    -9.840863621015119e-01
+0.000000000000000e+00    +0.000000000000000e+00    -2.743035444267218e+06    +3.213899848085320e-03    +5.070120565418162e-03    -5.706204739866025e-01    -9.840887937529234e-01
+0.000000000000000e+00    +0.000000000000000e+00    -2.743831218982700e+06    +3.213449230825459e-03    +5.069408836879402e-03    -5.706207007372610e-01    -9.840912246717233e-01
+0.000000000000000e+00    +0.000000000000000e+00    -2.744626993698183e+06    +3.212998737968970e-03    +5.068697304611555e-03    -5.706209273934333e-01    -9.840936548639923e-01
+0.000000000000000e+00    +0.000000000000000e+00    -2.745422768413663e+06    +3.212548372126104e-03    +5.067985972734159e-03    -5.706211539538323e-01    -9.840960843157013e-01
+0.000000000000000e+00    +0.000000000000000e+00    -2.746218543129147e+06    +3.212098130694391e-03    +5.067274837145992e-03    -5.706213804197946e-01    -9.840985130409200e-01
+0.000000000000000e+00    +0.000000000000000e+00    -2.747014317844629e+06    +3.211648015513137e-03    +5.066563900743945e-03    -5.706216067904215e-01    -9.841009410297877e-01
+0.000000000000000e+00    +0.000000000000000e+00    -2.747810092560112e+06    +3.211198026550604e-03    +5.065853163484553e-03    -5.706218330657558e-01    -9.841033682825109e-01
+0.000000000000000e+00    +0.000000000000000e+00    -2.748605867275596e+06    +3.210748163066145e-03    +5.065142624198403e-03    -5.706220592461967e-01    -9.841057948031310e-01
+0.000000000000000e+00    +0.000000000000000e+00    -2.749401641991076e+06    +3.210298424258595e-03    +5.064432281618121e-03    -5.706222853321731e-01    -9.841082205960185e-01
+0.000000000000000e+00    +0.000000000000000e+00    -2.750197416706558e+06    +3.209848811005144e-03    +5.063722137127010e-03    -5.706225113232714e-01    -9.841106456564933e-01
+0.000000000000000e+00    +0.000000000000000e+00    -2.750993191422040e+06    +3.209399323706692e-03    +5.063012191361702e-03    -5.706227372193159e-01    -9.841130699824332e-01
+0.000000000000000e+00    +0.000000000000000e+00    -2.751788966137521e+06    +3.208949961462159e-03    +5.062302442900840e-03    -5.706229630207869e-01    -9.841154935787420e-01
+0.000000000000000e+00    +0.000000000000000e+00    -2.752584740853005e+06    +3.208500725336021e-03    +5.061592893423225e-03    -5.706231887271758e-01    -9.841179164397288e-01
+0.000000000000000e+00    +0.000000000000000e+00    -2.753380515568487e+06    +3.208051613438025e-03    +5.060883539947334e-03    -5.706234143394591e-01    -9.841203385756289e-01
+0.000000000000000e+00    +0.000000000000000e+00    -2.754176290283971e+06    +3.207602627598665e-03    +5.060174385358536e-03    -5.706236398567430e-01    -9.841227599766252e-01
+0.000000000000000e+00    +0.000000000000000e+00    -2.754972064999452e+06    +3.207153765857215e-03    +5.059465426566572e-03    -5.706238652800396e-01    -9.841251806533280e-01
+0.000000000000000e+00    +0.000000000000000e+00    -2.755767839714934e+06    +3.206705030524927e-03    +5.058756667215890e-03    -5.706240906082147e-01    -9.841276005933294e-01
+0.000000000000000e+00    +0.000000000000000e+00    -2.756563614430415e+06    +3.206256419016919e-03    +5.058048103232066e-03    -5.706243158425930e-01    -9.841300198106016e-01
+0.000000000000000e+00    +0.000000000000000e+00    -2.757359389145896e+06    +3.205807932286499e-03    +5.057339736112616e-03    -5.706245409827210e-01    -9.841324383000636e-01
+0.000000000000000e+00    +0.000000000000000e+00    -2.758155163861379e+06    +3.205359570596660e-03    +5.056631566276625e-03    -5.706247660284943e-01    -9.841348560603370e-01
+0.000000000000000e+00    +0.000000000000000e+00    -2.758950938576862e+06    +3.204911334528359e-03    +5.055923594643085e-03    -5.706249909796476e-01    -9.841372730883330e-01
+0.000000000000000e+00    +0.000000000000000e+00    -2.759746713292345e+06    +3.204463223638795e-03    +5.055215820515058e-03    -5.706252158364292e-01    -9.841396893864821e-01
+0.000000000000000e+00    +0.000000000000000e+00    -2.760542488007828e+06    +3.204015236383639e-03    +5.054508241452363e-03    -5.706254405996410e-01    -9.841421049631586e-01
+0.000000000000000e+00    +0.000000000000000e+00    -2.761338262723309e+06    +3.203567374374401e-03    +5.053800859995612e-03    -5.706256652685002e-01    -9.841445198097277e-01
+0.000000000000000e+00    +0.000000000000000e+00    -2.762134037438792e+06    +3.203119637385113e-03    +5.053093675793832e-03    -5.706258898431469e-01    -9.841469339274442e-01
+0.000000000000000e+00    +0.000000000000000e+00    -2.762929812154274e+06    +3.202672024219972e-03    +5.052386686958030e-03    -5.706261143242076e-01    -9.841493473228018e-01
+0.000000000000000e+00    +0.000000000000000e+00    -2.763725586869754e+06    +3.202224537093306e-03    +5.051679896982126e-03    -5.706263387105973e-01    -9.841517599839132e-01
+0.000000000000000e+00    +0.000000000000000e+00    -2.764521361585237e+06    +3.201777172311474e-03    +5.050973300040095e-03    -5.706265630041953e-01    -9.841541719307264e-01
+0.000000000000000e+00    +0.000000000000000e+00    -2.765317136300720e+06    +3.201329934123278e-03    +5.050266902830858e-03    -5.706267872028966e-01    -9.841565831403998e-01
+0.000000000000000e+00    +0.000000000000000e+00    -2.766112911016203e+06    +3.200882818691235e-03    +5.049560699308013e-03    -5.706270113086527e-01    -9.841589936336430e-01
+0.000000000000000e+00    +0.000000000000000e+00    -2.766908685731684e+06    +3.200435829005523e-03    +5.048854694182051e-03    -5.706272353199895e-01    -9.841614033944036e-01
+0.000000000000000e+00    +0.000000000000000e+00    -2.767704460447167e+06    +3.199988962654271e-03    +5.048148883654055e-03    -5.706274592381432e-01    -9.841638124357109e-01
+0.000000000000000e+00    +0.000000000000000e+00    -2.768500235162649e+06    +3.199542220477265e-03    +5.047443269042824e-03    -5.706276830627185e-01    -9.841662207530971e-01
+0.000000000000000e+00    +0.000000000000000e+00    -2.769296009878131e+06    +3.199095603603990e-03    +5.046737852135654e-03    -5.706279067931758e-01    -9.841686283405131e-01
+0.000000000000000e+00    +0.000000000000000e+00    -2.770091784593612e+06    +3.198649110717422e-03    +5.046032630856670e-03    -5.706281304302014e-01    -9.841710352050980e-01
+0.000000000000000e+00    +0.000000000000000e+00    -2.770887559309096e+06    +3.198202740730409e-03    +5.045327603484779e-03    -5.706283539743660e-01    -9.841734413527639e-01
+0.000000000000000e+00    +0.000000000000000e+00    -2.771683334024578e+06    +3.197756495388966e-03    +5.044622772774628e-03    -5.706285774248209e-01    -9.841758467741502e-01
+0.000000000000000e+00    +0.000000000000000e+00    -2.772479108740061e+06    +3.197310373291520e-03    +5.043918136518828e-03    -5.706288007822943e-01    -9.841782514768466e-01
+0.000000000000000e+00    +0.000000000000000e+00    -2.773274883455542e+06    +3.196864376331733e-03    +5.043213697704128e-03    -5.706290240458639e-01    -9.841806554506989e-01
+0.000000000000000e+00    +0.000000000000000e+00    -2.774070658171025e+06    +3.196418503244810e-03    +5.042509454339717e-03    -5.706292472161890e-01    -9.841830587025582e-01
+0.000000000000000e+00    +0.000000000000000e+00    -2.774866432886507e+06    +3.195972753773365e-03    +5.041805406015269e-03    -5.706294702934254e-01    -9.841854612338643e-01
+0.000000000000000e+00    +0.000000000000000e+00    -2.775662207601989e+06    +3.195527128145424e-03    +5.041101553090589e-03    -5.706296932774841e-01    -9.841878630434342e-01
+0.000000000000000e+00    +0.000000000000000e+00    -2.776457982317470e+06    +3.195081626665174e-03    +5.040397896047395e-03    -5.706299161682392e-01    -9.841902641296719e-01
+0.000000000000000e+00    +0.000000000000000e+00    -2.777253757032954e+06    +3.194636247697106e-03    +5.039694432303963e-03    -5.706301389665356e-01    -9.841926645014353e-01
+0.000000000000000e+00    +0.000000000000000e+00    -2.778049531748436e+06    +3.194190993105005e-03    +5.038991164799055e-03    -5.706303616714659e-01    -9.841950641487328e-01
+0.000000000000000e+00    +0.000000000000000e+00    -2.778845306463920e+06    +3.193745862454973e-03    +5.038288092854134e-03    -5.706305842832730e-01    -9.841974630739370e-01
+0.000000000000000e+00    +0.000000000000000e+00    -2.779641081179400e+06    +3.193300854570732e-03    +5.037585214610323e-03    -5.706308068025725e-01    -9.841998612834352e-01
+0.000000000000000e+00    +0.000000000000000e+00    -2.780436855894883e+06    +3.192855969845715e-03    +5.036882530685562e-03    -5.706310292291928e-01    -9.842022587751571e-01
+0.000000000000000e+00    +0.000000000000000e+00    -2.781232630610364e+06    +3.192411209182602e-03    +5.036180042507409e-03    -5.706312515627080e-01    -9.842046555442812e-01
+0.000000000000000e+00    +0.000000000000000e+00    -2.782028405325845e+06    +3.191966572336083e-03    +5.035477749691958e-03    -5.706314738032673e-01    -9.842070515921686e-01
+0.000000000000000e+00    +0.000000000000000e+00    -2.782824180041329e+06    +3.191522058465806e-03    +5.034775650911563e-03    -5.706316959513165e-01    -9.842094469233934e-01
+0.000000000000000e+00    +0.000000000000000e+00    -2.783619954756811e+06    +3.191077667826493e-03    +5.034073746566197e-03    -5.706319180067545e-01    -9.842118415366329e-01
+0.000000000000000e+00    +0.000000000000000e+00    -2.784415729472294e+06    +3.190633400410942e-03    +5.033372036645823e-03    -5.706321399696100e-01    -9.842142354319683e-01
+0.000000000000000e+00    +0.000000000000000e+00    -2.785211504187777e+06    +3.190189255633129e-03    +5.032670520225305e-03    -5.706323618402023e-01    -9.842166286126018e-01
+0.000000000000000e+00    +0.000000000000000e+00    -2.786007278903258e+06    +3.189745234696133e-03    +5.031969199203390e-03    -5.706325836179560e-01    -9.842190210720988e-01
+0.000000000000000e+00    +0.000000000000000e+00    -2.786803053618741e+06    +3.189301336776462e-03    +5.031268072283928e-03    -5.706328053033082e-01    -9.842214128149335e-01
+0.000000000000000e+00    +0.000000000000000e+00    -2.787598828334223e+06    +3.188857561631803e-03    +5.030567139081914e-03    -5.706330268964055e-01    -9.842238038424612e-01
+0.000000000000000e+00    +0.000000000000000e+00    -2.788394603049703e+06    +3.188413910199294e-03    +5.029866401077211e-03    -5.706332483968065e-01    -9.842261941496774e-01
+0.000000000000000e+00    +0.000000000000000e+00    -2.789190377765186e+06    +3.187970380874610e-03    +5.029165855739433e-03    -5.706334698053370e-01    -9.842285837452652e-01
+0.000000000000000e+00    +0.000000000000000e+00    -2.789986152480669e+06    +3.187526974659365e-03    +5.028465504645721e-03    -5.706336911215233e-01    -9.842309726238816e-01
+0.000000000000000e+00    +0.000000000000000e+00    -2.790781927196153e+06    +3.187083690718991e-03    +5.027765346481738e-03    -5.706339123458071e-01    -9.842333607900614e-01
+0.000000000000000e+00    +0.000000000000000e+00    -2.791577701911634e+06    +3.186640530923517e-03    +5.027065384198825e-03    -5.706341334772816e-01    -9.842357482337786e-01
+0.000000000000000e+00    +0.000000000000000e+00    -2.792373476627116e+06    +3.186197492902912e-03    +5.026365614060363e-03    -5.706343545171546e-01    -9.842381349678351e-01
+0.000000000000000e+00    +0.000000000000000e+00    -2.793169251342598e+06    +3.185754577601389e-03    +5.025666037550215e-03    -5.706345754649811e-01    -9.842405209872013e-01
+0.000000000000000e+00    +0.000000000000000e+00    -2.793965026058080e+06    +3.185311784552528e-03    +5.024966653935345e-03    -5.706347963210187e-01    -9.842429062944291e-01
+0.000000000000000e+00    +0.000000000000000e+00    -2.794760800773561e+06    +3.184869114783850e-03    +5.024267464837601e-03    -5.706350170847811e-01    -9.842452908840296e-01
+0.000000000000000e+00    +0.000000000000000e+00    -2.795556575489045e+06    +3.184426566926738e-03    +5.023568468099244e-03    -5.706352377569764e-01    -9.842476747634132e-01
+0.000000000000000e+00    +0.000000000000000e+00    -2.796352350204526e+06    +3.183984141986639e-03    +5.022869665304201e-03    -5.706354583371286e-01    -9.842500579272162e-01
+0.000000000000000e+00    +0.000000000000000e+00    -2.797148124920010e+06    +3.183541839109281e-03    +5.022171055107047e-03    -5.706356788256893e-01    -9.842524403800779e-01
+0.000000000000000e+00    +0.000000000000000e+00    -2.797943899635491e+06    +3.183099659161436e-03    +5.021472638874439e-03    -5.706358992222521e-01    -9.842548221173784e-01
+0.000000000000000e+00    +0.000000000000000e+00    -2.798739674350975e+06    +3.182657602021646e-03    +5.020774416417944e-03    -5.706361195269029e-01    -9.842572031398112e-01
+0.000000000000000e+00    +0.000000000000000e+00    -2.799535449066455e+06    +3.182215665170296e-03    +5.020076383757940e-03    -5.706363397409232e-01    -9.842595834609915e-01
+0.000000000000000e+00    +0.000000000000000e+00    -2.800331223781938e+06    +3.181773852198569e-03    +5.019378546558623e-03    -5.706365598625488e-01    -9.842619630616350e-01
+0.000000000000000e+00    +0.000000000000000e+00    -2.801126998497420e+06    +3.181332160425281e-03    +5.018680900597677e-03    -5.706367798931411e-01    -9.842643419562062e-01
+0.000000000000000e+00    +0.000000000000000e+00    -2.801922773212902e+06    +3.180890592099602e-03    +5.017983449419121e-03    -5.706369998316042e-01    -9.842667201326504e-01
+0.000000000000000e+00    +0.000000000000000e+00    -2.802718547928385e+06    +3.180449145066722e-03    +5.017286189627488e-03    -5.706372196790387e-01    -9.842690976026031e-01
+0.000000000000000e+00    +0.000000000000000e+00    -2.803514322643868e+06    +3.180007819447675e-03    +5.016589121407169e-03    -5.706374394354086e-01    -9.842714743654692e-01
+0.000000000000000e+00    +0.000000000000000e+00    -2.804310097359349e+06    +3.179566616506996e-03    +5.015892246756358e-03    -5.706376591001098e-01    -9.842738504144813e-01
+0.000000000000000e+00    +0.000000000000000e+00    -2.805105872074830e+06    +3.179125534949284e-03    +5.015195563633736e-03    -5.706378786738125e-01    -9.842762257566514e-01
+0.000000000000000e+00    +0.000000000000000e+00    -2.805901646790313e+06    +3.178684575735566e-03    +5.014499073553333e-03    -5.706380981560639e-01    -9.842786003868562e-01
+0.000000000000000e+00    +0.000000000000000e+00    -2.806697421505794e+06    +3.178243737807369e-03    +5.013802774847049e-03    -5.706383175474160e-01    -9.842809743108328e-01
+0.000000000000000e+00    +0.000000000000000e+00    -2.807493196221278e+06    +3.177803021624325e-03    +5.013106668237725e-03    -5.706385368476655e-01    -9.842833475261556e-01
+0.000000000000000e+00    +0.000000000000000e+00    -2.808288970936760e+06    +3.177362428138027e-03    +5.012410755230471e-03    -5.706387560563640e-01    -9.842857200277424e-01
+0.000000000000000e+00    +0.000000000000000e+00    -2.809084745652243e+06    +3.176921955640989e-03    +5.011715033131990e-03    -5.706389751743869e-01    -9.842880918248248e-01
+0.000000000000000e+00    +0.000000000000000e+00    -2.809880520367726e+06    +3.176481604846972e-03    +5.011019503064373e-03    -5.706391942014043e-01    -9.842904629136128e-01
+0.000000000000000e+00    +0.000000000000000e+00    -2.810676295083207e+06    +3.176041375543087e-03    +5.010324164694257e-03    -5.706394131375472e-01    -9.842928332952920e-01
+0.000000000000000e+00    +0.000000000000000e+00    -2.811472069798688e+06    +3.175601267372328e-03    +5.009629017457498e-03    -5.706396319830180e-01    -9.842952029718295e-01
+0.000000000000000e+00    +0.000000000000000e+00    -2.812267844514171e+06    +3.175161281906405e-03    +5.008934063835874e-03    -5.706398507370609e-01    -9.842975719348077e-01
+0.000000000000000e+00    +0.000000000000000e+00    -2.813063619229652e+06    +3.174721416328117e-03    +5.008239299385420e-03    -5.706400694011019e-01    -9.842999401994296e-01
+0.000000000000000e+00    +0.000000000000000e+00    -2.813859393945136e+06    +3.174281672828056e-03    +5.007544727557111e-03    -5.706402879740766e-01    -9.843023077539601e-01
+0.000000000000000e+00    +0.000000000000000e+00    -2.814655168660618e+06    +3.173842050903906e-03    +5.006850347565432e-03    -5.706405064562605e-01    -9.843046746011347e-01
+0.000000000000000e+00    +0.000000000000000e+00    -2.815450943376101e+06    +3.173402550073534e-03    +5.006156158647627e-03    -5.706407248479185e-01    -9.843070407435951e-01
+0.000000000000000e+00    +0.000000000000000e+00    -2.816246718091582e+06    +3.172963169632651e-03    +5.005462159690079e-03    -5.706409431494248e-01    -9.843094061851785e-01
+0.000000000000000e+00    +0.000000000000000e+00    -2.817042492807066e+06    +3.172523912125771e-03    +5.004768354709997e-03    -5.706411613595410e-01    -9.843117709122341e-01
+0.000000000000000e+00    +0.000000000000000e+00    -2.817838267522546e+06    +3.172084773923004e-03    +5.004074737983008e-03    -5.706413794800955e-01    -9.843141349443317e-01
+0.000000000000000e+00    +0.000000000000000e+00    -2.818634042238030e+06    +3.171645758053487e-03    +5.003381314281832e-03    -5.706415975096086e-01    -9.843164982652284e-01
+0.000000000000000e+00    +0.000000000000000e+00    -2.819429816953511e+06    +3.171206862486548e-03    +5.002688080409753e-03    -5.706418154491142e-01    -9.843188608858809e-01
+0.000000000000000e+00    +0.000000000000000e+00    -2.820225591668994e+06    +3.170768087334888e-03    +5.001995036538377e-03    -5.706420332985808e-01    -9.843212228057380e-01
+0.000000000000000e+00    +0.000000000000000e+00    -2.821021366384475e+06    +3.170329434076469e-03    +5.001302185002988e-03    -5.706422510573000e-01    -9.843235840168857e-01
+0.000000000000000e+00    +0.000000000000000e+00    -2.821817141099959e+06    +3.169890901144857e-03    +5.000609523334860e-03    -5.706424687260743e-01    -9.843259445277904e-01
+0.000000000000000e+00    +0.000000000000000e+00    -2.822612915815440e+06    +3.169452489775141e-03    +4.999917053480035e-03    -5.706426863043159e-01    -9.843283043318564e-01
+0.000000000000000e+00    +0.000000000000000e+00    -2.823408690530924e+06    +3.169014198085777e-03    +4.999224772471196e-03    -5.706429037929837e-01    -9.843306634392466e-01
+0.000000000000000e+00    +0.000000000000000e+00    -2.824204465246405e+06    +3.168576028419389e-03    +4.998532684002679e-03    -5.706431211909396e-01    -9.843330218374060e-01
+0.000000000000000e+00    +0.000000000000000e+00    -2.825000239961886e+06    +3.168137978278546e-03    +4.997840784138162e-03    -5.706433384994487e-01    -9.843353795398057e-01
+0.000000000000000e+00    +0.000000000000000e+00    -2.825796014677369e+06    +3.167700049008060e-03    +4.997149074993794e-03    -5.706435557178676e-01    -9.843377365392650e-01
+0.000000000000000e+00    +0.000000000000000e+00    -2.826591789392851e+06    +3.167262240776642e-03    +4.996457556841055e-03    -5.706437728461383e-01    -9.843400928349112e-01
+0.000000000000000e+00    +0.000000000000000e+00    -2.827387564108334e+06    +3.166824553091073e-03    +4.995766228901971e-03    -5.706439898845304e-01    -9.843424484294403e-01
+0.000000000000000e+00    +0.000000000000000e+00    -2.828183338823817e+06    +3.166386985493387e-03    +4.995075090451959e-03    -5.706442068332955e-01    -9.843448033253629e-01
+0.000000000000000e+00    +0.000000000000000e+00    -2.828979113539299e+06    +3.165949537300976e-03    +4.994384140411772e-03    -5.706444236927969e-01    -9.843471575263977e-01
+0.000000000000000e+00    +0.000000000000000e+00    -2.829774888254779e+06    +3.165512210842199e-03    +4.993693382457185e-03    -5.706446404619054e-01    -9.843495110200607e-01
+0.000000000000000e+00    +0.000000000000000e+00    -2.830570662970262e+06    +3.165075004438174e-03    +4.993002813944783e-03    -5.706448571414784e-01    -9.843518638154168e-01
+0.000000000000000e+00    +0.000000000000000e+00    -2.831366437685743e+06    +3.164637918619114e-03    +4.992312435706797e-03    -5.706450737312773e-01    -9.843542159096647e-01
+0.000000000000000e+00    +0.000000000000000e+00    -2.832162212401227e+06    +3.164200953177073e-03    +4.991622247417031e-03    -5.706452902314305e-01    -9.843565673039631e-01
+0.000000000000000e+00    +0.000000000000000e+00    -2.832957987116709e+06    +3.163764106768724e-03    +4.990932246953462e-03    -5.706455066426279e-01    -9.843589180055845e-01
+0.000000000000000e+00    +0.000000000000000e+00    -2.833753761832192e+06    +3.163327380810084e-03    +4.990242436548631e-03    -5.706457229641924e-01    -9.843612680069593e-01
+0.000000000000000e+00    +0.000000000000000e+00    -2.834549536547675e+06    +3.162890774791944e-03    +4.989552815403443e-03    -5.706459391964016e-01    -9.843636173108614e-01
+0.000000000000000e+00    +0.000000000000000e+00    -2.835345311263156e+06    +3.162454289361286e-03    +4.988863384538599e-03    -5.706461553389602e-01    -9.843659659138557e-01
+0.000000000000000e+00    +0.000000000000000e+00    -2.836141085978637e+06    +3.162017924519409e-03    +4.988174143958792e-03    -5.706463713918918e-01    -9.843683138159738e-01
+0.000000000000000e+00    +0.000000000000000e+00    -2.836936860694120e+06    +3.161581678186601e-03    +4.987485090379555e-03    -5.706465873562508e-01    -9.843706610284483e-01
+0.000000000000000e+00    +0.000000000000000e+00    -2.837732635409601e+06    +3.161145552938367e-03    +4.986796227862347e-03    -5.706468032307870e-01    -9.843730075374758e-01
+0.000000000000000e+00    +0.000000000000000e+00    -2.838528410125085e+06    +3.160709546443639e-03    +4.986107552734408e-03    -5.706470190166788e-01    -9.843753533556263e-01
+0.000000000000000e+00    +0.000000000000000e+00    -2.839324184840567e+06    +3.160273659409454e-03    +4.985419066105084e-03    -5.706472347136006e-01    -9.843776984791508e-01
+0.000000000000000e+00    +0.000000000000000e+00    -2.840119959556050e+06    +3.159837894091768e-03    +4.984730771540504e-03    -5.706474503204613e-01    -9.843800428959508e-01
+0.000000000000000e+00    +0.000000000000000e+00    -2.840915734271531e+06    +3.159402246871188e-03    +4.984042663331927e-03    -5.706476658390763e-01    -9.843823866255281e-01
+0.000000000000000e+00    +0.000000000000000e+00    -2.841711508987014e+06    +3.158966719096517e-03    +4.983354743598012e-03    -5.706478812688024e-01    -9.843847296606888e-01
+0.000000000000000e+00    +0.000000000000000e+00    -2.842507283702495e+06    +3.158531311746969e-03    +4.982667013890431e-03    -5.706480966091804e-01    -9.843870719961999e-01
+0.000000000000000e+00    +0.000000000000000e+00    -2.843303058417976e+06    +3.158096023394466e-03    +4.981979471957329e-03    -5.706483118609407e-01    -9.843894136397807e-01
+0.000000000000000e+00    +0.000000000000000e+00    -2.844098833133460e+06    +3.157660855329573e-03    +4.981292119832761e-03    -5.706485270234697e-01    -9.843917545845384e-01
+0.000000000000000e+00    +0.000000000000000e+00    -2.844894607848942e+06    +3.157225805599630e-03    +4.980604954437332e-03    -5.706487420977583e-01    -9.843940948410118e-01
+0.000000000000000e+00    +0.000000000000000e+00    -2.845690382564425e+06    +3.156790874917167e-03    +4.979917976890306e-03    -5.706489570834773e-01    -9.843964344054220e-01
+0.000000000000000e+00    +0.000000000000000e+00    -2.846486157279908e+06    +3.156356064821734e-03    +4.979231189626302e-03    -5.706491719798910e-01    -9.843987732695250e-01
+0.000000000000000e+00    +0.000000000000000e+00    -2.847281931995389e+06    +3.155921374132573e-03    +4.978544590785980e-03    -5.706493867876077e-01    -9.844011114397053e-01
+0.000000000000000e+00    +0.000000000000000e+00    -2.848077706710873e+06    +3.155486801805889e-03    +4.977858178717116e-03    -5.706496015071670e-01    -9.844034489216273e-01
+0.000000000000000e+00    +0.000000000000000e+00    -2.848873481426354e+06    +3.155052348310939e-03    +4.977171954157806e-03    -5.706498161383622e-01    -9.844057857128137e-01
+0.000000000000000e+00    +0.000000000000000e+00    -2.849669256141835e+06    +3.154618014781549e-03    +4.976485918901001e-03    -5.706500306806569e-01    -9.844081218072052e-01
+0.000000000000000e+00    +0.000000000000000e+00    -2.850465030857318e+06    +3.154183800712176e-03    +4.975800072152477e-03    -5.706502451343259e-01    -9.844104572075573e-01
+0.000000000000000e+00    +0.000000000000000e+00    -2.851260805572800e+06    +3.153749704532998e-03    +4.975114411431432e-03    -5.706504595001685e-01    -9.844127919223574e-01
+0.000000000000000e+00    +0.000000000000000e+00    -2.852056580288283e+06    +3.153315727957239e-03    +4.974428939439049e-03    -5.706506737773631e-01    -9.844151259424423e-01
+0.000000000000000e+00    +0.000000000000000e+00    -2.852852355003764e+06    +3.152881870565433e-03    +4.973743655519037e-03    -5.706508879661415e-01    -9.844174592700998e-01
+0.000000000000000e+00    +0.000000000000000e+00    -2.853648129719248e+06    +3.152448131873645e-03    +4.973058558906043e-03    -5.706511020667666e-01    -9.844197919079771e-01
+0.000000000000000e+00    +0.000000000000000e+00    -2.854443904434728e+06    +3.152014511840311e-03    +4.972373649533254e-03    -5.706513160792834e-01    -9.844221238563425e-01
+0.000000000000000e+00    +0.000000000000000e+00    -2.855239679150211e+06    +3.151581011047755e-03    +4.971688928320729e-03    -5.706515300034289e-01    -9.844244551121059e-01
+0.000000000000000e+00    +0.000000000000000e+00    -2.856035453865692e+06    +3.151147628566328e-03    +4.971004393802546e-03    -5.706517438396863e-01    -9.844267856803053e-01
+0.000000000000000e+00    +0.000000000000000e+00    -2.856831228581176e+06    +3.150714365113784e-03    +4.970320047109665e-03    -5.706519575877250e-01    -9.844291155571281e-01
+0.000000000000000e+00    +0.000000000000000e+00    -2.857627003296657e+06    +3.150281219226676e-03    +4.969635885933463e-03    -5.706521712482923e-01    -9.844314447504811e-01
+0.000000000000000e+00    +0.000000000000000e+00    -2.858422778012141e+06    +3.149848193026320e-03    +4.968951913620063e-03    -5.706523848203650e-01    -9.844337732490075e-01
+0.000000000000000e+00    +0.000000000000000e+00    -2.859218552727622e+06    +3.149415285144124e-03    +4.968268128015410e-03    -5.706525983046432e-01    -9.844361010600960e-01
+0.000000000000000e+00    +0.000000000000000e+00    -2.860014327443106e+06    +3.148982495903585e-03    +4.967584529626267e-03    -5.706528117009911e-01    -9.844384281820571e-01
+0.000000000000000e+00    +0.000000000000000e+00    -2.860810102158586e+06    +3.148549824907301e-03    +4.966901117826489e-03    -5.706530250096290e-01    -9.844407546170665e-01
+0.000000000000000e+00    +0.000000000000000e+00    -2.861605876874069e+06    +3.148117272378114e-03    +4.966217892967161e-03    -5.706532382304710e-01    -9.844430803639702e-01
+0.000000000000000e+00    +0.000000000000000e+00    -2.862401651589551e+06    +3.147684837992966e-03    +4.965534854539220e-03    -5.706534513637010e-01    -9.844454054245455e-01
+0.000000000000000e+00    +0.000000000000000e+00    -2.863197426305033e+06    +3.147252522350908e-03    +4.964852003488210e-03    -5.706536644090476e-01    -9.844477297956150e-01
+0.000000000000000e+00    +0.000000000000000e+00    -2.863993201020516e+06    +3.146820324324472e-03    +4.964169338035764e-03    -5.706538773670905e-01    -9.844500534832782e-01
+0.000000000000000e+00    +0.000000000000000e+00    -2.864788975735999e+06    +3.146388244736286e-03    +4.963486859477855e-03    -5.706540902374486e-01    -9.844523764831604e-01
+0.000000000000000e+00    +0.000000000000000e+00    -2.865584750451481e+06    +3.145956283788521e-03    +4.962804568137066e-03    -5.706543030200466e-01    -9.844546987942114e-01
+0.000000000000000e+00    +0.000000000000000e+00    -2.866380525166961e+06    +3.145524440340527e-03    +4.962122462212846e-03    -5.706545157154700e-01    -9.844570204226039e-01
+0.000000000000000e+00    +0.000000000000000e+00    -2.867176299882444e+06    +3.145092715287686e-03    +4.961440543116038e-03    -5.706547283233020e-01    -9.844593413635718e-01
+0.000000000000000e+00    +0.000000000000000e+00    -2.867972074597925e+06    +3.144661108281824e-03    +4.960758810300201e-03    -5.706549408437385e-01    -9.844616616190233e-01
+0.000000000000000e+00    +0.000000000000000e+00    -2.868767849313409e+06    +3.144229618921769e-03    +4.960077263130908e-03    -5.706551532770003e-01    -9.844639811911586e-01
+0.000000000000000e+00    +0.000000000000000e+00    -2.869563624028891e+06    +3.143798248238519e-03    +4.959395903235752e-03    -5.706553656226048e-01    -9.844663000744783e-01
+0.000000000000000e+00    +0.000000000000000e+00    -2.870359398744374e+06    +3.143366994022102e-03    +4.958714727127979e-03    -5.706555778816632e-01    -9.844686182808983e-01
+0.000000000000000e+00    +0.000000000000000e+00    -2.871155173459857e+06    +3.142935859300822e-03    +4.958033739583777e-03    -5.706557900527094e-01    -9.844709357941932e-01
+0.000000000000000e+00    +0.000000000000000e+00    -2.871950948175338e+06    +3.142504841330487e-03    +4.957352936279391e-03    -5.706560021371174e-01    -9.844732526291387e-01
+0.000000000000000e+00    +0.000000000000000e+00    -2.872746722890819e+06    +3.142073942194192e-03    +4.956672320496225e-03    -5.706562141338869e-01    -9.844755687745937e-01
+0.000000000000000e+00    +0.000000000000000e+00    -2.873542497606303e+06    +3.141643159829730e-03    +4.955991888984501e-03    -5.706564260440556e-01    -9.844778842416727e-01
+0.000000000000000e+00    +0.000000000000000e+00    -2.874338272321784e+06    +3.141212494580937e-03    +4.955311642280743e-03    -5.706566378674788e-01    -9.844801990285801e-01
+0.000000000000000e+00    +0.000000000000000e+00    -2.875134047037267e+06    +3.140781948086421e-03    +4.954631582974800e-03    -5.706568496033743e-01    -9.844825131265479e-01
+0.000000000000000e+00    +0.000000000000000e+00    -2.875929821752749e+06    +3.140351518147694e-03    +4.953951707600095e-03    -5.706570612528470e-01    -9.844848265474239e-01
+0.000000000000000e+00    +0.000000000000000e+00    -2.876725596468232e+06    +3.139921206363488e-03    +4.953272018674852e-03    -5.706572728151349e-01    -9.844871392826692e-01
+0.000000000000000e+00    +0.000000000000000e+00    -2.877521371183713e+06    +3.139491011804805e-03    +4.952592514737568e-03    -5.706574842907186e-01    -9.844894513373084e-01
+0.000000000000000e+00    +0.000000000000000e+00    -2.878317145899197e+06    +3.139060934971097e-03    +4.951913196574438e-03    -5.706576956793763e-01    -9.844917627087036e-01
+0.000000000000000e+00    +0.000000000000000e+00    -2.879112920614677e+06    +3.138630974437709e-03    +4.951234061937302e-03    -5.706579069818317e-01    -9.844940734045498e-01
+0.000000000000000e+00    +0.000000000000000e+00    -2.879908695330160e+06    +3.138201132087632e-03    +4.950555113795985e-03    -5.706581181971843e-01    -9.844963834147760e-01
+0.000000000000000e+00    +0.000000000000000e+00    -2.880704470045642e+06    +3.137771406798768e-03    +4.949876350384981e-03    -5.706583293260081e-01    -9.844986927454424e-01
+0.000000000000000e+00    +0.000000000000000e+00    -2.881500244761125e+06    +3.137341798309706e-03    +4.949197771287955e-03    -5.706585403684556e-01    -9.845010013980018e-01
+0.000000000000000e+00    +0.000000000000000e+00    -2.882296019476607e+06    +3.136912307667321e-03    +4.948519378158066e-03    -5.706587513240371e-01    -9.845033093668699e-01
+0.000000000000000e+00    +0.000000000000000e+00    -2.883091794192090e+06    +3.136482933362131e-03    +4.947841168615039e-03    -5.706589621935165e-01    -9.845056166601938e-01
+0.000000000000000e+00    +0.000000000000000e+00    -2.883887568907571e+06    +3.136053677419793e-03    +4.947163145853752e-03    -5.706591729759235e-01    -9.845079232671373e-01
+0.000000000000000e+00    +0.000000000000000e+00    -2.884683343623055e+06    +3.135624536480057e-03    +4.946485304573933e-03    -5.706593836729320e-01    -9.845102292057863e-01
+0.000000000000000e+00    +0.000000000000000e+00    -2.885479118338536e+06    +3.135195513853021e-03    +4.945807649992955e-03    -5.706595942829397e-01    -9.845125344584139e-01
+0.000000000000000e+00    +0.000000000000000e+00    -2.886274893054017e+06    +3.134766608024880e-03    +4.945130179731469e-03    -5.706598048067142e-01    -9.845148390331760e-01
+0.000000000000000e+00    +0.000000000000000e+00    -2.887070667769500e+06    +3.134337819228398e-03    +4.944452894152373e-03    -5.706600152441644e-01    -9.845171429288716e-01
+0.000000000000000e+00    +0.000000000000000e+00    -2.887866442484982e+06    +3.133909147117996e-03    +4.943775792711082e-03    -5.706602255954842e-01    -9.845194461473963e-01
+0.000000000000000e+00    +0.000000000000000e+00    -2.888662217200465e+06    +3.133480591341088e-03    +4.943098874849914e-03    -5.706604358608698e-01    -9.845217486906879e-01
+0.000000000000000e+00    +0.000000000000000e+00    -2.889457991915948e+06    +3.133052152702717e-03    +4.942422141839682e-03    -5.706606460399498e-01    -9.845240505544626e-01
+0.000000000000000e+00    +0.000000000000000e+00    -2.890253766631430e+06    +3.132623830753393e-03    +4.941745592973612e-03    -5.706608561329682e-01    -9.845263517411720e-01
+0.000000000000000e+00    +0.000000000000000e+00    -2.891049541346910e+06    +3.132195625946876e-03    +4.941069228967298e-03    -5.706610661397262e-01    -9.845286522484211e-01
+0.000000000000000e+00    +0.000000000000000e+00    -2.891845316062393e+06    +3.131767536680818e-03    +4.940393047291807e-03    -5.706612760610336e-01    -9.845309520848566e-01
+0.000000000000000e+00    +0.000000000000000e+00    -2.892641090777874e+06    +3.131339564038770e-03    +4.939717049653594e-03    -5.706614858963819e-01    -9.845332512447067e-01
+0.000000000000000e+00    +0.000000000000000e+00    -2.893436865493358e+06    +3.130911708749540e-03    +4.939041237207966e-03    -5.706616956454378e-01    -9.845355497240901e-01
+0.000000000000000e+00    +0.000000000000000e+00    -2.894232640208840e+06    +3.130483969815131e-03    +4.938365608381458e-03    -5.706619053087133e-01    -9.845378475284047e-01
+0.000000000000000e+00    +0.000000000000000e+00    -2.895028414924323e+06    +3.130056346475659e-03    +4.937690161970849e-03    -5.706621148866059e-01    -9.845401446617786e-01
+0.000000000000000e+00    +0.000000000000000e+00    -2.895824189639806e+06    +3.129628839885804e-03    +4.937014899797843e-03    -5.706623243785718e-01    -9.845424411180541e-01
+0.000000000000000e+00    +0.000000000000000e+00    -2.896619964355287e+06    +3.129201448552738e-03    +4.936339819508833e-03    -5.706625337853661e-01    -9.845447369052830e-01
+0.000000000000000e+00    +0.000000000000000e+00    -2.897415739070768e+06    +3.128774175045253e-03    +4.935664925156644e-03    -5.706627431057540e-01    -9.845470320097163e-01
+0.000000000000000e+00    +0.000000000000000e+00    -2.898211513786252e+06    +3.128347017569248e-03    +4.934990213916662e-03    -5.706629523406382e-01    -9.845493264410168e-01
+0.000000000000000e+00    +0.000000000000000e+00    -2.899007288501733e+06    +3.127919975270026e-03    +4.934315684433134e-03    -5.706631614904604e-01    -9.845516202038250e-01
+0.000000000000000e+00    +0.000000000000000e+00    -2.899803063217216e+06    +3.127493050382760e-03    +4.933641340234136e-03    -5.706633705541493e-01    -9.845539132861814e-01
+0.000000000000000e+00    +0.000000000000000e+00    -2.900598837932698e+06    +3.127066240177905e-03    +4.932967177016307e-03    -5.706635795330647e-01    -9.845562057027737e-01
+0.000000000000000e+00    +0.000000000000000e+00    -2.901394612648181e+06    +3.126639545895258e-03    +4.932293196729057e-03    -5.706637884266232e-01    -9.845584974469984e-01
+0.000000000000000e+00    +0.000000000000000e+00    -2.902190387363662e+06    +3.126212969161767e-03    +4.931619401946886e-03    -5.706639972340519e-01    -9.845607885101508e-01
+0.000000000000000e+00    +0.000000000000000e+00    -2.902986162079145e+06    +3.125786507550162e-03    +4.930945788841799e-03    -5.706642059565620e-01    -9.845630789052976e-01
+0.000000000000000e+00    +0.000000000000000e+00    -2.903781936794627e+06    +3.125360161276766e-03    +4.930272357747651e-03    -5.706644145940710e-01    -9.845653686313315e-01
+0.000000000000000e+00    +0.000000000000000e+00    -2.904577711510107e+06    +3.124933931727873e-03    +4.929599110855288e-03    -5.706646231459237e-01    -9.845676576808458e-01
+0.000000000000000e+00    +0.000000000000000e+00    -2.905373486225591e+06    +3.124507817598059e-03    +4.928926046107929e-03    -5.706648316127824e-01    -9.845699460608834e-01
+0.000000000000000e+00    +0.000000000000000e+00    -2.906169260941073e+06    +3.124081819136063e-03    +4.928253163894445e-03    -5.706650399945483e-01    -9.845722337701559e-01
+0.000000000000000e+00    +0.000000000000000e+00    -2.906965035656556e+06    +3.123655936751367e-03    +4.927580464862864e-03    -5.706652482910448e-01    -9.845745208065034e-01
+0.000000000000000e+00    +0.000000000000000e+00    -2.907760810372039e+06    +3.123230168775761e-03    +4.926907946380053e-03    -5.706654565031105e-01    -9.845768071789210e-01
+0.000000000000000e+00    +0.000000000000000e+00    -2.908556585087520e+06    +3.122804517634057e-03    +4.926235612270805e-03    -5.706656646295837e-01    -9.845790928744375e-01
+0.000000000000000e+00    +0.000000000000000e+00    -2.909352359803004e+06    +3.122378981852404e-03    +4.925563460215832e-03    -5.706658726712076e-01    -9.845813779009936e-01
+0.000000000000000e+00    +0.000000000000000e+00    -2.910148134518485e+06    +3.121953561336091e-03    +4.924891490060916e-03    -5.706660806280517e-01    -9.845836622591455e-01
+0.000000000000000e+00    +0.000000000000000e+00    -2.910943909233966e+06    +3.121528255375155e-03    +4.924219700684753e-03    -5.706662885004864e-01    -9.845859459527462e-01
+0.000000000000000e+00    +0.000000000000000e+00    -2.911739683949449e+06    +3.121103066727904e-03    +4.923548096442199e-03    -5.706664962871866e-01    -9.845882289670289e-01
+0.000000000000000e+00    +0.000000000000000e+00    -2.912535458664931e+06    +3.120677992049720e-03    +4.922876672060159e-03    -5.706667039898102e-01    -9.845905113199755e-01
+0.000000000000000e+00    +0.000000000000000e+00    -2.913331233380414e+06    +3.120253032667428e-03    +4.922205429623384e-03    -5.706669116077320e-01    -9.845927930045221e-01
+0.000000000000000e+00    +0.000000000000000e+00    -2.914127008095895e+06    +3.119828189682702e-03    +4.921534370876990e-03    -5.706671191404367e-01    -9.845950740147846e-01
+0.000000000000000e+00    +0.000000000000000e+00    -2.914922782811379e+06    +3.119403461066924e-03    +4.920863492620867e-03    -5.706673265889385e-01    -9.845973543616887e-01
+0.000000000000000e+00    +0.000000000000000e+00    -2.915718557526859e+06    +3.118978847611017e-03    +4.920192796097797e-03    -5.706675339528737e-01    -9.845996340410390e-01
+0.000000000000000e+00    +0.000000000000000e+00    -2.916514332242342e+06    +3.118554350159907e-03    +4.919522282645550e-03    -5.706677412318540e-01    -9.846019130483348e-01
+0.000000000000000e+00    +0.000000000000000e+00    -2.917310106957824e+06    +3.118129966189750e-03    +4.918851948280848e-03    -5.706679484271336e-01    -9.846041913971603e-01
+0.000000000000000e+00    +0.000000000000000e+00    -2.918105881673307e+06    +3.117705697584403e-03    +4.918181795971150e-03    -5.706681555378158e-01    -9.846064690774559e-01
+0.000000000000000e+00    +0.000000000000000e+00    -2.918901656388788e+06    +3.117281545602596e-03    +4.917511827711561e-03    -5.706683625633101e-01    -9.846087460824926e-01
+0.000000000000000e+00    +0.000000000000000e+00    -2.919697431104272e+06    +3.116857506866082e-03    +4.916842038170690e-03    -5.706685695052877e-01    -9.846110224304392e-01
+0.000000000000000e+00    +0.000000000000000e+00    -2.920493205819753e+06    +3.116433584678263e-03    +4.916172432555304e-03    -5.706687763621598e-01    -9.846132981036207e-01
+0.000000000000000e+00    +0.000000000000000e+00    -2.921288980535236e+06    +3.116009774941207e-03    +4.915503004404225e-03    -5.706689831359486e-01    -9.846155731240557e-01
+0.000000000000000e+00    +0.000000000000000e+00    -2.922084755250717e+06    +3.115586081279426e-03    +4.914833759428952e-03    -5.706691898249089e-01    -9.846178474723508e-01
+0.000000000000000e+00    +0.000000000000000e+00    -2.922880529966201e+06    +3.115162502675061e-03    +4.914164696034559e-03    -5.706693964295604e-01    -9.846201211539888e-01
+0.000000000000000e+00    +0.000000000000000e+00    -2.923676304681682e+06    +3.114739038727899e-03    +4.913495813585805e-03    -5.706696029501210e-01    -9.846223941711626e-01
+0.000000000000000e+00    +0.000000000000000e+00    -2.924472079397165e+06    +3.114315689620094e-03    +4.912827112369495e-03    -5.706698093865249e-01    -9.846246665229367e-01
+0.000000000000000e+00    +0.000000000000000e+00    -2.925267854112647e+06    +3.113892454788957e-03    +4.912158591497838e-03    -5.706700157390693e-01    -9.846269382123696e-01
+0.000000000000000e+00    +0.000000000000000e+00    -2.926063628828130e+06    +3.113469334254641e-03    +4.911490251001199e-03    -5.706702220077674e-01    -9.846292092393955e-01
+0.000000000000000e+00    +0.000000000000000e+00    -2.926859403543611e+06    +3.113046328209986e-03    +4.910822091184663e-03    -5.706704281925479e-01    -9.846314796030186e-01
+0.000000000000000e+00    +0.000000000000000e+00    -2.927655178259094e+06    +3.112623436109816e-03    +4.910154111188145e-03    -5.706706342936992e-01    -9.846337493062025e-01
+0.000000000000000e+00    +0.000000000000000e+00    -2.928450952974576e+06    +3.112200659922235e-03    +4.909486314118934e-03    -5.706708403102855e-01    -9.846360183384276e-01
+0.000000000000000e+00    +0.000000000000000e+00    -2.929246727690056e+06    +3.111777997097240e-03    +4.908818695956348e-03    -5.706710462435719e-01    -9.846382867134070e-01
+0.000000000000000e+00    +0.000000000000000e+00    -2.930042502405540e+06    +3.111355448533883e-03    +4.908151258112130e-03    -5.706712520931432e-01    -9.846405544263701e-01
+0.000000000000000e+00    +0.000000000000000e+00    -2.930838277121022e+06    +3.110933014979731e-03    +4.907484001770641e-03    -5.706714578586579e-01    -9.846428214733381e-01
+0.000000000000000e+00    +0.000000000000000e+00    -2.931634051836505e+06    +3.110510695172551e-03    +4.906816924941074e-03    -5.706716635407536e-01    -9.846450878611204e-01
+0.000000000000000e+00    +0.000000000000000e+00    -2.932429826551988e+06    +3.110088489924688e-03    +4.906150028902672e-03    -5.706718691390579e-01    -9.846473535854033e-01
+0.000000000000000e+00    +0.000000000000000e+00    -2.933225601267469e+06    +3.109666398151138e-03    +4.905483311944791e-03    -5.706720746541215e-01    -9.846496186520448e-01
+0.000000000000000e+00    +0.000000000000000e+00    -2.934021375982953e+06    +3.109244421130802e-03    +4.904816776084267e-03    -5.706722800853443e-01    -9.846518830542264e-01
+0.000000000000000e+00    +0.000000000000000e+00    -2.934817150698434e+06    +3.108822558034222e-03    +4.904150420015682e-03    -5.706724854331535e-01    -9.846541467964307e-01
+0.000000000000000e+00    +0.000000000000000e+00    -2.935612925413915e+06    +3.108400808833799e-03    +4.903484243693024e-03    -5.706726906975842e-01    -9.846564098788506e-01
+0.000000000000000e+00    +0.000000000000000e+00    -2.936408700129398e+06    +3.107979173665780e-03    +4.902818247331850e-03    -5.706728958785938e-01    -9.846586723007931e-01
+0.000000000000000e+00    +0.000000000000000e+00    -2.937204474844880e+06    +3.107557652199527e-03    +4.902152430410737e-03    -5.706731009763651e-01    -9.846609340640710e-01
+0.000000000000000e+00    +0.000000000000000e+00    -2.938000249560363e+06    +3.107136245416353e-03    +4.901486794479055e-03    -5.706733059904437e-01    -9.846631951634597e-01
+0.000000000000000e+00    +0.000000000000000e+00    -2.938796024275844e+06    +3.106714951423905e-03    +4.900821336551465e-03    -5.706735109217729e-01    -9.846654556091458e-01
+0.000000000000000e+00    +0.000000000000000e+00    -2.939591798991328e+06    +3.106293771354408e-03    +4.900156058410324e-03    -5.706737157698244e-01    -9.846677153951044e-01
+0.000000000000000e+00    +0.000000000000000e+00    -2.940387573706808e+06    +3.105872705932252e-03    +4.899490961204129e-03    -5.706739205342686e-01    -9.846699745174811e-01
+0.000000000000000e+00    +0.000000000000000e+00    -2.941183348422291e+06    +3.105451752262485e-03    +4.898826040363069e-03    -5.706741252165357e-01    -9.846722329918429e-01
+0.000000000000000e+00    +0.000000000000000e+00    -2.941979123137773e+06    +3.105030914289056e-03    +4.898161302107270e-03    -5.706743298147309e-01    -9.846744907970851e-01
+0.000000000000000e+00    +0.000000000000000e+00    -2.942774897853256e+06    +3.104610188492399e-03    +4.897496740891358e-03    -5.706745343305875e-01    -9.846767479521064e-01
+0.000000000000000e+00    +0.000000000000000e+00    -2.943570672568738e+06    +3.104189577942462e-03    +4.896832361552834e-03    -5.706747387626357e-01    -9.846790044404961e-01
+0.000000000000000e+00    +0.000000000000000e+00    -2.944366447284221e+06    +3.103769078670537e-03    +4.896168157833797e-03    -5.706749431128278e-01    -9.846812602835662e-01
+0.000000000000000e+00    +0.000000000000000e+00    -2.945162221999703e+06    +3.103348694133757e-03    +4.895504135181822e-03    -5.706751473795052e-01    -9.846835154628321e-01
+0.000000000000000e+00    +0.000000000000000e+00    -2.945957996715185e+06    +3.102928423225833e-03    +4.894840291861713e-03    -5.706753515632289e-01    -9.846857699842472e-01
+0.000000000000000e+00    +0.000000000000000e+00    -2.946753771430666e+06    +3.102508265981136e-03    +4.894176627924397e-03    -5.706755556640039e-01    -9.846880238476722e-01
+0.000000000000000e+00    +0.000000000000000e+00    -2.947549546146147e+06    +3.102088220761898e-03    +4.893513140783448e-03    -5.706757596826488e-01    -9.846902770619311e-01
+0.000000000000000e+00    +0.000000000000000e+00    -2.948345320861631e+06    +3.101668289564910e-03    +4.892849833587680e-03    -5.706759636182158e-01    -9.846925296163609e-01
+0.000000000000000e+00    +0.000000000000000e+00    -2.949141095577113e+06    +3.101248471228639e-03    +4.892186704509660e-03    -5.706761674712919e-01    -9.846947815172185e-01
+0.000000000000000e+00    +0.000000000000000e+00    -2.949936870292596e+06    +3.100828766359486e-03    +4.891523754503673e-03    -5.706763712416046e-01    -9.846970327612972e-01
+0.000000000000000e+00    +0.000000000000000e+00    -2.950732645008079e+06    +3.100409175184769e-03    +4.890860983931240e-03    -5.706765749290661e-01    -9.846992833474123e-01
+0.000000000000000e+00    +0.000000000000000e+00    -2.951528419723560e+06    +3.099989695945196e-03    +4.890198390014674e-03    -5.706767785345526e-01    -9.847015332850376e-01
+0.000000000000000e+00    +0.000000000000000e+00    -2.952324194439041e+06    +3.099570330603491e-03    +4.889535975848574e-03    -5.706769820571345e-01    -9.847037825636944e-01
+0.000000000000000e+00    +0.000000000000000e+00    -2.953119969154524e+06    +3.099151077591568e-03    +4.888873738963194e-03    -5.706771854975948e-01    -9.847060311918201e-01
+0.000000000000000e+00    +0.000000000000000e+00    -2.953915743870005e+06    +3.098731939009051e-03    +4.888211682670042e-03    -5.706773888549369e-01    -9.847082791582010e-01
+0.000000000000000e+00    +0.000000000000000e+00    -2.954711518585489e+06    +3.098312911884628e-03    +4.887549802283372e-03    -5.706775921306249e-01    -9.847105264787996e-01
+0.000000000000000e+00    +0.000000000000000e+00    -2.955507293300971e+06    +3.097893998572421e-03    +4.886888101511860e-03    -5.706777953235390e-01    -9.847127731410460e-01
+0.000000000000000e+00    +0.000000000000000e+00    -2.956303068016454e+06    +3.097475197086829e-03    +4.886226577227625e-03    -5.706779984346650e-01    -9.847150191556134e-01
+0.000000000000000e+00    +0.000000000000000e+00    -2.957098842731937e+06    +3.097056508495837e-03    +4.885565231111203e-03    -5.706782014635068e-01    -9.847172645168244e-01
+0.000000000000000e+00    +0.000000000000000e+00    -2.957894617447418e+06    +3.096637933297204e-03    +4.884904063952894e-03    -5.706784044098450e-01    -9.847195092220413e-01
+0.000000000000000e+00    +0.000000000000000e+00    -2.958690392162899e+06    +3.096219470585620e-03    +4.884243074324861e-03    -5.706786072741418e-01    -9.847217532761550e-01
+0.000000000000000e+00    +0.000000000000000e+00    -2.959486166878383e+06    +3.095801120651327e-03    +4.883582262682811e-03    -5.706788100562780e-01    -9.847239966776520e-01
+0.000000000000000e+00    +0.000000000000000e+00    -2.960281941593864e+06    +3.095382883221237e-03    +4.882921628596786e-03    -5.706790127564086e-01    -9.847262394280334e-01
+0.000000000000000e+00    +0.000000000000000e+00    -2.961077716309347e+06    +3.094964758137748e-03    +4.882261171817344e-03    -5.706792153746321e-01    -9.847284815281844e-01
+0.000000000000000e+00    +0.000000000000000e+00    -2.961873491024829e+06    +3.094546744994781e-03    +4.881600891702898e-03    -5.706794179111668e-01    -9.847307229803212e-01
+0.000000000000000e+00    +0.000000000000000e+00    -2.962669265740312e+06    +3.094128845067318e-03    +4.880940790266370e-03    -5.706796203654179e-01    -9.847329637776474e-01
+0.000000000000000e+00    +0.000000000000000e+00    -2.963465040455793e+06    +3.093711057195483e-03    +4.880280865680452e-03    -5.706798227379694e-01    -9.847352039264136e-01
+0.000000000000000e+00    +0.000000000000000e+00    -2.964260815171277e+06    +3.093293381514985e-03    +4.879621118155928e-03    -5.706800250287776e-01    -9.847374434259366e-01
+0.000000000000000e+00    +0.000000000000000e+00    -2.965056589886758e+06    +3.092875818468254e-03    +4.878961548392510e-03    -5.706802272376499e-01    -9.847396822738813e-01
+0.000000000000000e+00    +0.000000000000000e+00    -2.965852364602239e+06    +3.092458369111576e-03    +4.878302158060595e-03    -5.706804293640979e-01    -9.847419204646203e-01
+0.000000000000000e+00    +0.000000000000000e+00    -2.966648139317722e+06    +3.092041029666363e-03    +4.877642941195670e-03    -5.706806314099730e-01    -9.847441580184437e-01
+0.000000000000000e+00    +0.000000000000000e+00    -2.967443914033204e+06    +3.091623804164631e-03    +4.876983904154007e-03    -5.706808333733444e-01    -9.847463949137951e-01
+0.000000000000000e+00    +0.000000000000000e+00    -2.968239688748687e+06    +3.091206689277046e-03    +4.876325041690957e-03    -5.706810352558469e-01    -9.847486311685382e-01
+0.000000000000000e+00    +0.000000000000000e+00    -2.969035463464170e+06    +3.090789687028145e-03    +4.875666356993358e-03    -5.706812370565221e-01    -9.847508667718762e-01
+0.000000000000000e+00    +0.000000000000000e+00    -2.969831238179652e+06    +3.090372797944470e-03    +4.875007850900290e-03    -5.706814387751374e-01    -9.847531017210122e-01
+0.000000000000000e+00    +0.000000000000000e+00    -2.970627012895135e+06    +3.089956019864949e-03    +4.874349520000418e-03    -5.706816404127606e-01    -9.847553360275667e-01
+0.000000000000000e+00    +0.000000000000000e+00    -2.971422787610615e+06    +3.089539353357756e-03    +4.873691365184153e-03    -5.706818419691386e-01    -9.847575696885444e-01
+0.000000000000000e+00    +0.000000000000000e+00    -2.972218562326096e+06    +3.089122799234596e-03    +4.873033387736007e-03    -5.706820434439009e-01    -9.847598026996282e-01
+0.000000000000000e+00    +0.000000000000000e+00    -2.973014337041580e+06    +3.088706356377048e-03    +4.872375585892545e-03    -5.706822448376103e-01    -9.847620350668465e-01
+0.000000000000000e+00    +0.000000000000000e+00    -2.973810111757063e+06    +3.088290026512973e-03    +4.871717962379580e-03    -5.706824461494535e-01    -9.847642667809816e-01
+0.000000000000000e+00    +0.000000000000000e+00    -2.974605886472545e+06    +3.087873808144118e-03    +4.871060514836900e-03    -5.706826473801766e-01    -9.847664978500925e-01
+0.000000000000000e+00    +0.000000000000000e+00    -2.975401661188026e+06    +3.087457700861076e-03    +4.870403242613024e-03    -5.706828485300001e-01    -9.847687282764201e-01
+0.000000000000000e+00    +0.000000000000000e+00    -2.976197435903510e+06    +3.087041706024662e-03    +4.869746147856451e-03    -5.706830495982870e-01    -9.847709580527105e-01
+0.000000000000000e+00    +0.000000000000000e+00    -2.976993210618990e+06    +3.086625822601038e-03    +4.869089228939269e-03    -5.706832505855601e-01    -9.847731871845344e-01
+0.000000000000000e+00    +0.000000000000000e+00    -2.977788985334473e+06    +3.086210049967038e-03    +4.868432484873946e-03    -5.706834514921416e-01    -9.847754156752760e-01
+0.000000000000000e+00    +0.000000000000000e+00    -2.978584760049955e+06    +3.085794390365155e-03    +4.867775919200941e-03    -5.706836523169703e-01    -9.847776435129572e-01
+0.000000000000000e+00    +0.000000000000000e+00    -2.979380534765438e+06    +3.085378840562875e-03    +4.867119526822354e-03    -5.706838530616295e-01    -9.847798707149275e-01
+0.000000000000000e+00    +0.000000000000000e+00    -2.980176309480920e+06    +3.084963403402312e-03    +4.866463312216805e-03    -5.706840537247680e-01    -9.847820972660111e-01
+0.000000000000000e+00    +0.000000000000000e+00    -2.980972084196403e+06    +3.084548077204692e-03    +4.865807272742711e-03    -5.706842543072193e-01    -9.847843231752258e-01
+0.000000000000000e+00    +0.000000000000000e+00    -2.981767858911884e+06    +3.084132862464584e-03    +4.865151409175894e-03    -5.706844548087658e-01    -9.847865484399690e-01
+0.000000000000000e+00    +0.000000000000000e+00    -2.982563633627367e+06    +3.083717759541415e-03    +4.864495722086212e-03    -5.706846552292556e-01    -9.847887730583487e-01
+0.000000000000000e+00    +0.000000000000000e+00    -2.983359408342848e+06    +3.083302767704970e-03    +4.863840210321857e-03    -5.706848555690633e-01    -9.847909970343137e-01
+0.000000000000000e+00    +0.000000000000000e+00    -2.984155183058332e+06    +3.082887886406348e-03    +4.863184873013684e-03    -5.706850558284758e-01    -9.847932203708476e-01
+0.000000000000000e+00    +0.000000000000000e+00    -2.984950957773813e+06    +3.082473117388747e-03    +4.862529712913692e-03    -5.706852560066734e-01    -9.847954430586490e-01
+0.000000000000000e+00    +0.000000000000000e+00    -2.985746732489296e+06    +3.082058458617905e-03    +4.861874726815035e-03    -5.706854561046595e-01    -9.847976651086462e-01
+0.000000000000000e+00    +0.000000000000000e+00    -2.986542507204778e+06    +3.081643911271793e-03    +4.861219916571794e-03    -5.706856561218873e-01    -9.847998865145764e-01
+0.000000000000000e+00    +0.000000000000000e+00    -2.987338281920261e+06    +3.081229474455470e-03    +4.860565280774763e-03    -5.706858560588106e-01    -9.848021072812653e-01
+0.000000000000000e+00    +0.000000000000000e+00    -2.988134056635742e+06    +3.080815149965341e-03    +4.859910822258837e-03    -5.706860559145841e-01    -9.848043273991300e-01
+0.000000000000000e+00    +0.000000000000000e+00    -2.988929831351226e+06    +3.080400935846069e-03    +4.859256537941986e-03    -5.706862556901734e-01    -9.848065468786742e-01
+0.000000000000000e+00    +0.000000000000000e+00    -2.989725606066707e+06    +3.079986832627878e-03    +4.858602428655393e-03    -5.706864553853438e-01    -9.848087657171061e-01
+0.000000000000000e+00    +0.000000000000000e+00    -2.990521380782187e+06    +3.079572839931290e-03    +4.857948493801865e-03    -5.706866550003002e-01    -9.848109839164927e-01
+0.000000000000000e+00    +0.000000000000000e+00    -2.991317155497671e+06    +3.079158958877724e-03    +4.857294735151861e-03    -5.706868545345236e-01    -9.848132014708649e-01
+0.000000000000000e+00    +0.000000000000000e+00    -2.992112930213153e+06    +3.078745187943340e-03    +4.856641150302605e-03    -5.706870539887705e-01    -9.848154183884178e-01
+0.000000000000000e+00    +0.000000000000000e+00    -2.992908704928636e+06    +3.078331528072480e-03    +4.855987740740885e-03    -5.706872533626068e-01    -9.848176346641387e-01
+0.000000000000000e+00    +0.000000000000000e+00    -2.993704479644119e+06    +3.077917978170445e-03    +4.855334504741215e-03    -5.706874526565824e-01    -9.848198503039233e-01
+0.000000000000000e+00    +0.000000000000000e+00    -2.994500254359601e+06    +3.077504539629946e-03    +4.854681444500098e-03    -5.706876518700469e-01    -9.848220653003540e-01
+0.000000000000000e+00    +0.000000000000000e+00    -2.995296029075084e+06    +3.077091211969187e-03    +4.854028559261675e-03    -5.706878510032539e-01    -9.848242796560409e-01
+0.000000000000000e+00    +0.000000000000000e+00    -2.996091803790564e+06    +3.076677994832239e-03    +4.853375848462464e-03    -5.706880500563981e-01    -9.848264933729306e-01
+0.000000000000000e+00    +0.000000000000000e+00    -2.996887578506046e+06    +3.076264887080221e-03    +4.852723310302680e-03    -5.706882490300481e-01    -9.848287064571639e-01
+0.000000000000000e+00    +0.000000000000000e+00    -2.997683353221529e+06    +3.075851891518051e-03    +4.852070949209362e-03    -5.706884479228748e-01    -9.848309188937578e-01
+0.000000000000000e+00    +0.000000000000000e+00    -2.998479127937012e+06    +3.075439005273344e-03    +4.851418760655444e-03    -5.706886467362836e-01    -9.848331306981206e-01
+0.000000000000000e+00    +0.000000000000000e+00    -2.999274902652494e+06    +3.075026229937021e-03    +4.850766747144363e-03    -5.706888454695290e-01    -9.848353418617835e-01
+0.000000000000000e+00    +0.000000000000000e+00    -3.000070677367975e+06    +3.074613564699699e-03    +4.850114907403507e-03    -5.706890441230232e-01    -9.848375523891096e-01
+0.000000000000000e+00    +0.000000000000000e+00    -3.000866452083459e+06    +3.074201010012167e-03    +4.849463242142563e-03    -5.706892426965698e-01    -9.848397622777265e-01
+0.000000000000000e+00    +0.000000000000000e+00    -3.001662226798940e+06    +3.073788565379547e-03    +4.848811750581745e-03    -5.706894411904290e-01    -9.848419715303187e-01
+0.000000000000000e+00    +0.000000000000000e+00    -3.002458001514422e+06    +3.073376230553385e-03    +4.848160432327276e-03    -5.706896396047415e-01    -9.848441801482570e-01
+0.000000000000000e+00    +0.000000000000000e+00    -3.003253776229904e+06    +3.072964006782755e-03    +4.847509289351716e-03    -5.706898379389284e-01    -9.848463881248892e-01
+0.000000000000000e+00    +0.000000000000000e+00    -3.004049550945387e+06    +3.072551892304596e-03    +4.846858318874873e-03    -5.706900361938584e-01    -9.848485954696885e-01
+0.000000000000000e+00    +0.000000000000000e+00    -3.004845325660869e+06    +3.072139888782714e-03    +4.846207523519146e-03    -5.706902343687533e-01    -9.848508021737900e-01
+0.000000000000000e+00    +0.000000000000000e+00    -3.005641100376352e+06    +3.071727994683962e-03    +4.845556900868938e-03    -5.706904324643716e-01    -9.848530082454326e-01
+0.000000000000000e+00    +0.000000000000000e+00    -3.006436875091834e+06    +3.071316210668216e-03    +4.844906451961662e-03    -5.706906304804171e-01    -9.848552136811275e-01
+0.000000000000000e+00    +0.000000000000000e+00    -3.007232649807316e+06    +3.070904536414718e-03    +4.844256176293337e-03    -5.706908284170654e-01    -9.848574184826256e-01
+0.000000000000000e+00    +0.000000000000000e+00    -3.008028424522797e+06    +3.070492972608322e-03    +4.843606074945013e-03    -5.706910262740092e-01    -9.848596226462980e-01
+0.000000000000000e+00    +0.000000000000000e+00    -3.008824199238281e+06    +3.070081518344188e-03    +4.842956146490159e-03    -5.706912240517046e-01    -9.848618261770229e-01
+0.000000000000000e+00    +0.000000000000000e+00    -3.009619973953762e+06    +3.069670173564627e-03    +4.842306390834930e-03    -5.706914217502003e-01    -9.848640290751509e-01
+0.000000000000000e+00    +0.000000000000000e+00    -3.010415748669244e+06    +3.069258939645920e-03    +4.841656810153456e-03    -5.706916193688563e-01    -9.848662313333494e-01
+0.000000000000000e+00    +0.000000000000000e+00    -3.011211523384727e+06    +3.068847814956027e-03    +4.841007401872939e-03    -5.706918169084784e-01    -9.848684329603866e-01
+0.000000000000000e+00    +0.000000000000000e+00    -3.012007298100210e+06    +3.068436800079835e-03    +4.840358166911968e-03    -5.706920143688066e-01    -9.848706339531759e-01
+0.000000000000000e+00    +0.000000000000000e+00    -3.012803072815691e+06    +3.068025894427842e-03    +4.839709104341807e-03    -5.706922117501456e-01    -9.848728343149079e-01
+0.000000000000000e+00    +0.000000000000000e+00    -3.013598847531172e+06    +3.067615098613685e-03    +4.839060215130113e-03    -5.706924090522220e-01    -9.848750340423365e-01
+0.000000000000000e+00    +0.000000000000000e+00    -3.014394622246656e+06    +3.067204412633639e-03    +4.838411499273471e-03    -5.706926062750581e-01    -9.848772331355145e-01
+0.000000000000000e+00    +0.000000000000000e+00    -3.015190396962136e+06    +3.066793835586518e-03    +4.837762955348742e-03    -5.706928034191089e-01    -9.848794315993039e-01
+0.000000000000000e+00    +0.000000000000000e+00    -3.015986171677620e+06    +3.066383368121367e-03    +4.837114584378448e-03    -5.706930004840832e-01    -9.848816294302710e-01
+0.000000000000000e+00    +0.000000000000000e+00    -3.016781946393102e+06    +3.065973009886940e-03    +4.836466385810367e-03    -5.706931974701713e-01    -9.848838266303294e-01
+0.000000000000000e+00    +0.000000000000000e+00    -3.017577721108585e+06    +3.065562761653332e-03    +4.835818360860118e-03    -5.706933943770244e-01    -9.848860231953939e-01
+0.000000000000000e+00    +0.000000000000000e+00    -3.018373495824068e+06    +3.065152622658092e-03    +4.835170508326363e-03    -5.706935912050295e-01    -9.848882191295790e-01
+0.000000000000000e+00    +0.000000000000000e+00    -3.019169270539550e+06    +3.064742593003866e-03    +4.834522828369009e-03    -5.706937879541587e-01    -9.848904144323760e-01
+0.000000000000000e+00    +0.000000000000000e+00    -3.019965045255030e+06    +3.064332672896584e-03    +4.833875321314074e-03    -5.706939846243352e-01    -9.848926091027179e-01
+0.000000000000000e+00    +0.000000000000000e+00    -3.020760819970514e+06    +3.063922861532778e-03    +4.833227985893475e-03    -5.706941812159644e-01    -9.848948031449416e-01
+0.000000000000000e+00    +0.000000000000000e+00    -3.021556594685995e+06    +3.063513159548309e-03    +4.832580823109247e-03    -5.706943777287624e-01    -9.848969965556840e-01
+0.000000000000000e+00    +0.000000000000000e+00    -3.022352369401478e+06    +3.063103565479328e-03    +4.831933830651643e-03    -5.706945741634534e-01    -9.848991893428142e-01
+0.000000000000000e+00    +0.000000000000000e+00    -3.023148144116960e+06    +3.062694081939270e-03    +4.831287012644175e-03    -5.706947705188041e-01    -9.849013814923860e-01
+0.000000000000000e+00    +0.000000000000000e+00    -3.023943918832443e+06    +3.062284707770521e-03    +4.830640367267690e-03    -5.706949667953912e-01    -9.849035730106177e-01
+0.000000000000000e+00    +0.000000000000000e+00    -3.024739693547925e+06    +3.061875441128052e-03    +4.829993891604169e-03    -5.706951629941206e-01    -9.849057639074295e-01
+0.000000000000000e+00    +0.000000000000000e+00    -3.025535468263408e+06    +3.061466284678510e-03    +4.829347589859829e-03    -5.706953591137343e-01    -9.849079541685926e-01
+0.000000000000000e+00    +0.000000000000000e+00    -3.026331242978889e+06    +3.061057236329850e-03    +4.828701458739696e-03    -5.706955551552565e-01    -9.849101438053269e-01
+0.000000000000000e+00    +0.000000000000000e+00    -3.027127017694371e+06    +3.060648297546187e-03    +4.828055500549594e-03    -5.706957511180064e-01    -9.849123328098435e-01
+0.000000000000000e+00    +0.000000000000000e+00    -3.027922792409853e+06    +3.060239467071404e-03    +4.827409713310841e-03    -5.706959470026072e-01    -9.849145211888933e-01
+0.000000000000000e+00    +0.000000000000000e+00    -3.028718567125335e+06    +3.059830745754050e-03    +4.826764098359805e-03    -5.706961428086729e-01    -9.849167089379782e-01
+0.000000000000000e+00    +0.000000000000000e+00    -3.029514341840818e+06    +3.059422132546743e-03    +4.826118654045370e-03    -5.706963385367266e-01    -9.849188960627353e-01
+0.000000000000000e+00    +0.000000000000000e+00    -3.030310116556301e+06    +3.059013629558521e-03    +4.825473383695728e-03    -5.706965341857789e-01    -9.849210825519182e-01
+0.000000000000000e+00    +0.000000000000000e+00    -3.031105891271783e+06    +3.058605233638921e-03    +4.824828282342079e-03    -5.706967297573600e-01    -9.849232684224130e-01
+0.000000000000000e+00    +0.000000000000000e+00    -3.031901665987265e+06    +3.058196946579064e-03    +4.824183352803144e-03    -5.706969252506321e-01    -9.849254536646876e-01
+0.000000000000000e+00    +0.000000000000000e+00    -3.032697440702746e+06    +3.057788768543004e-03    +4.823538595344662e-03    -5.706971206655389e-01    -9.849276382778892e-01
+0.000000000000000e+00    +0.000000000000000e+00    -3.033493215418227e+06    +3.057380698785813e-03    +4.822894008790858e-03    -5.706973160024568e-01    -9.849298222660400e-01
+0.000000000000000e+00    +0.000000000000000e+00    -3.034288990133711e+06    +3.056972736711937e-03    +4.822249592198792e-03    -5.706975112616920e-01    -9.849320056323674e-01
+0.000000000000000e+00    +0.000000000000000e+00    -3.035084764849193e+06    +3.056564884179236e-03    +4.821605348501463e-03    -5.706977064423765e-01    -9.849341883669679e-01
+0.000000000000000e+00    +0.000000000000000e+00    -3.035880539564676e+06    +3.056157140374929e-03    +4.820961276421811e-03    -5.706979015449203e-01    -9.849363704742161e-01
+0.000000000000000e+00    +0.000000000000000e+00    -3.036676314280159e+06    +3.055749503971013e-03    +4.820317373859671e-03    -5.706980965699793e-01    -9.849385519612598e-01
+0.000000000000000e+00    +0.000000000000000e+00    -3.037472088995640e+06    +3.055341976351481e-03    +4.819673642996990e-03    -5.706982915169122e-01    -9.849407328207362e-01
+0.000000000000000e+00    +0.000000000000000e+00    -3.038267863711121e+06    +3.054934557078957e-03    +4.819030083148042e-03    -5.706984863859490e-01    -9.849429130550136e-01
+0.000000000000000e+00    +0.000000000000000e+00    -3.039063638426604e+06    +3.054527245732689e-03    +4.818386693647063e-03    -5.706986811773123e-01    -9.849450926663817e-01
+0.000000000000000e+00    +0.000000000000000e+00    -3.039859413142086e+06    +3.054120042151976e-03    +4.817743474239140e-03    -5.706988758910987e-01    -9.849472716557386e-01
+0.000000000000000e+00    +0.000000000000000e+00    -3.040655187857569e+06    +3.053712948013165e-03    +4.817100427572032e-03    -5.706990705265287e-01    -9.849494500141509e-01
+0.000000000000000e+00    +0.000000000000000e+00    -3.041450962573051e+06    +3.053305961115249e-03    +4.816457550175218e-03    -5.706992650846745e-01    -9.849516277534223e-01
+0.000000000000000e+00    +0.000000000000000e+00    -3.042246737288534e+06    +3.052899081890657e-03    +4.815814842724502e-03    -5.706994595653504e-01    -9.849538048712866e-01
+0.000000000000000e+00    +0.000000000000000e+00    -3.043042512004015e+06    +3.052492311845628e-03    +4.815172307601003e-03    -5.706996539678570e-01    -9.849559813597184e-01
+0.000000000000000e+00    +0.000000000000000e+00    -3.043838286719499e+06    +3.052085648426088e-03    +4.814529940775905e-03    -5.706998482934359e-01    -9.849581572324095e-01
+0.000000000000000e+00    +0.000000000000000e+00    -3.044634061434979e+06    +3.051679093632301e-03    +4.813887745400350e-03    -5.707000425411519e-01    -9.849603324787085e-01
+0.000000000000000e+00    +0.000000000000000e+00    -3.045429836150463e+06    +3.051272646953265e-03    +4.813245720674459e-03    -5.707002367112699e-01    -9.849625071013738e-01
+0.000000000000000e+00    +0.000000000000000e+00    -3.046225610865944e+06    +3.050866307852377e-03    +4.812603865749194e-03    -5.707004308040670e-01    -9.849646811033143e-01
+0.000000000000000e+00    +0.000000000000000e+00    -3.047021385581427e+06    +3.050460075369102e-03    +4.811962179105812e-03    -5.707006248200222e-01    -9.849668544897077e-01
+0.000000000000000e+00    +0.000000000000000e+00    -3.047817160296909e+06    +3.050053952655059e-03    +4.811320665719675e-03    -5.707008187576512e-01    -9.849690272437338e-01
+0.000000000000000e+00    +0.000000000000000e+00    -3.048612935012392e+06    +3.049647936580242e-03    +4.810679320657891e-03    -5.707010126184695e-01    -9.849711993821552e-01
+0.000000000000000e+00    +0.000000000000000e+00    -3.049408709727874e+06    +3.049242027827018e-03    +4.810038144987857e-03    -5.707012064021720e-01    -9.849733709013752e-01
+0.000000000000000e+00    +0.000000000000000e+00    -3.050204484443357e+06    +3.048836227623602e-03    +4.809397140652399e-03    -5.707014001081928e-01    -9.849755417948544e-01
+0.000000000000000e+00    +0.000000000000000e+00    -3.051000259158837e+06    +3.048430534193752e-03    +4.808756304850366e-03    -5.707015937374003e-01    -9.849777120721233e-01
+0.000000000000000e+00    +0.000000000000000e+00    -3.051796033874319e+06    +3.048024949514429e-03    +4.808115640698826e-03    -5.707017872888714e-01    -9.849798817226522e-01
+0.000000000000000e+00    +0.000000000000000e+00    -3.052591808589802e+06    +3.047619471237777e-03    +4.807475144496276e-03    -5.707019807637480e-01    -9.849820507590243e-01
+0.000000000000000e+00    +0.000000000000000e+00    -3.053387583305284e+06    +3.047214101017876e-03    +4.806834818847762e-03    -5.707021741612602e-01    -9.849842191724406e-01
+0.000000000000000e+00    +0.000000000000000e+00    -3.054183358020767e+06    +3.046808837426705e-03    +4.806194661503652e-03    -5.707023674821105e-01    -9.849863869705653e-01
+0.000000000000000e+00    +0.000000000000000e+00    -3.054979132736250e+06    +3.046403681355094e-03    +4.805554673866546e-03    -5.707025607258946e-01    -9.849885541486771e-01
+0.000000000000000e+00    +0.000000000000000e+00    -3.055774907451732e+06    +3.045998633145129e-03    +4.804914856480233e-03    -5.707027538924689e-01    -9.849907207049763e-01
+0.000000000000000e+00    +0.000000000000000e+00    -3.056570682167214e+06    +3.045593692679366e-03    +4.804275209160790e-03    -5.707029469819113e-01    -9.849928866401243e-01
+0.000000000000000e+00    +0.000000000000000e+00    -3.057366456882695e+06    +3.045188857869585e-03    +4.803635728609576e-03    -5.707031399952370e-01    -9.849950519653264e-01
+0.000000000000000e+00    +0.000000000000000e+00    -3.058162231598177e+06    +3.044784130997145e-03    +4.802996418423361e-03    -5.707033329313790e-01    -9.849972166684278e-01
+0.000000000000000e+00    +0.000000000000000e+00    -3.058958006313660e+06    +3.044379511780524e-03    +4.802357278165764e-03    -5.707035257904924e-01    -9.849993807509561e-01
+0.000000000000000e+00    +0.000000000000000e+00    -3.059753781029142e+06    +3.043974999622899e-03    +4.801718306893396e-03    -5.707037185728822e-01    -9.850015442161403e-01
+0.000000000000000e+00    +0.000000000000000e+00    -3.060549555744625e+06    +3.043570593668371e-03    +4.801079503252578e-03    -5.707039112789758e-01    -9.850037070685960e-01
+0.000000000000000e+00    +0.000000000000000e+00    -3.061345330460108e+06    +3.043166295717255e-03    +4.800440870084488e-03    -5.707041039079364e-01    -9.850058692987358e-01
+0.000000000000000e+00    +0.000000000000000e+00    -3.062141105175590e+06    +3.042762104659968e-03    +4.799802405643043e-03    -5.707042964603134e-01    -9.850080309125181e-01
+0.000000000000000e+00    +0.000000000000000e+00    -3.062936879891070e+06    +3.042358019866606e-03    +4.799164108929739e-03    -5.707044889364264e-01    -9.850101919133528e-01
+0.000000000000000e+00    +0.000000000000000e+00    -3.063732654606551e+06    +3.041954042435473e-03    +4.798525981677652e-03    -5.707046813357736e-01    -9.850123522954056e-01
+0.000000000000000e+00    +0.000000000000000e+00    -3.064528429322035e+06    +3.041550171460863e-03    +4.797888022460296e-03    -5.707048736588058e-01    -9.850145120635483e-01
+0.000000000000000e+00    +0.000000000000000e+00    -3.065324204037518e+06    +3.041146407989032e-03    +4.797250232927579e-03    -5.707050659050457e-01    -9.850166712122261e-01
+0.000000000000000e+00    +0.000000000000000e+00    -3.066119978753000e+06    +3.040742750998876e-03    +4.796612611470527e-03    -5.707052580750001e-01    -9.850188297469283e-01
+0.000000000000000e+00    +0.000000000000000e+00    -3.066915753468483e+06    +3.040339200704548e-03    +4.795975158424243e-03    -5.707054501685861e-01    -9.850209876665510e-01
+0.000000000000000e+00    +0.000000000000000e+00    -3.067711528183966e+06    +3.039935756343956e-03    +4.795337872586028e-03    -5.707056421861885e-01    -9.850231449752024e-01
+0.000000000000000e+00    +0.000000000000000e+00    -3.068507302899447e+06    +3.039532419841902e-03    +4.794700756994038e-03    -5.707058341269101e-01    -9.850253016626300e-01
+0.000000000000000e+00    +0.000000000000000e+00    -3.069303077614928e+06    +3.039129189231317e-03    +4.794063808548109e-03    -5.707060259917084e-01    -9.850274577393755e-01
+0.000000000000000e+00    +0.000000000000000e+00    -3.070098852330409e+06    +3.038726065320581e-03    +4.793427028518696e-03    -5.707062177802179e-01    -9.850296132011629e-01
+0.000000000000000e+00    +0.000000000000000e+00    -3.070894627045893e+06    +3.038323048007851e-03    +4.792790416748093e-03    -5.707064094925084e-01    -9.850317680485666e-01
+0.000000000000000e+00    +0.000000000000000e+00    -3.071690401761375e+06    +3.037920137013630e-03    +4.792153972794811e-03    -5.707066011287322e-01    -9.850339222831166e-01
+0.000000000000000e+00    +0.000000000000000e+00    -3.072486176476858e+06    +3.037517332883481e-03    +4.791517697520033e-03    -5.707067926886507e-01    -9.850360759019323e-01
+0.000000000000000e+00    +0.000000000000000e+00    -3.073281951192341e+06    +3.037114635001975e-03    +4.790881589953849e-03    -5.707069841725761e-01    -9.850382289083360e-01
+0.000000000000000e+00    +0.000000000000000e+00    -3.074077725907823e+06    +3.036712043070735e-03    +4.790245649623182e-03    -5.707071755806715e-01    -9.850403813039609e-01
+0.000000000000000e+00    +0.000000000000000e+00    -3.074873500623303e+06    +3.036309557674998e-03    +4.789609877451778e-03    -5.707073669126780e-01    -9.850425330857144e-01
+0.000000000000000e+00    +0.000000000000000e+00    -3.075669275338786e+06    +3.035907178767133e-03    +4.788974273366819e-03    -5.707075581686387e-01    -9.850446842538835e-01
+0.000000000000000e+00    +0.000000000000000e+00    -3.076465050054268e+06    +3.035504906097157e-03    +4.788338836973609e-03    -5.707077493486928e-01    -9.850468348098385e-01
+0.000000000000000e+00    +0.000000000000000e+00    -3.077260824769751e+06    +3.035102739958138e-03    +4.787703568734571e-03    -5.707079404527209e-01    -9.850489847520495e-01
+0.000000000000000e+00    +0.000000000000000e+00    -3.078056599485233e+06    +3.034700678921215e-03    +4.787068466394029e-03    -5.707081314814224e-01    -9.850511340881872e-01
+0.000000000000000e+00    +0.000000000000000e+00    -3.078852374200716e+06    +3.034298724378390e-03    +4.786433532146199e-03    -5.707083224341556e-01    -9.850532828108540e-01
+0.000000000000000e+00    +0.000000000000000e+00    -3.079648148916199e+06    +3.033896876407940e-03    +4.785798766119915e-03    -5.707085133109037e-01    -9.850554309196577e-01
+0.000000000000000e+00    +0.000000000000000e+00    -3.080443923631681e+06    +3.033495134290642e-03    +4.785164167179758e-03    -5.707087041120287e-01    -9.850575784184769e-01
+0.000000000000000e+00    +0.000000000000000e+00    -3.081239698347161e+06    +3.033093497539567e-03    +4.784529734554368e-03    -5.707088948377814e-01    -9.850597253099531e-01
+0.000000000000000e+00    +0.000000000000000e+00    -3.082035473062644e+06    +3.032691967448298e-03    +4.783895470285794e-03    -5.707090854875678e-01    -9.850618715872095e-01
+0.000000000000000e+00    +0.000000000000000e+00    -3.082831247778126e+06    +3.032290542420023e-03    +4.783261371856552e-03    -5.707092760621664e-01    -9.850640172588073e-01
+0.000000000000000e+00    +0.000000000000000e+00    -3.083627022493609e+06    +3.031889224161421e-03    +4.782627441957325e-03    -5.707094665607869e-01    -9.850661623156691e-01
+0.000000000000000e+00    +0.000000000000000e+00    -3.084422797209091e+06    +3.031488010908184e-03    +4.781993677807476e-03    -5.707096569842864e-01    -9.850683067672490e-01
+0.000000000000000e+00    +0.000000000000000e+00    -3.085218571924574e+06    +3.031086903396366e-03    +4.781360080563938e-03    -5.707098473323361e-01    -9.850704506096575e-01
+0.000000000000000e+00    +0.000000000000000e+00    -3.086014346640057e+06    +3.030685902077510e-03    +4.780726650942830e-03    -5.707100376047415e-01    -9.850725938405119e-01
+0.000000000000000e+00    +0.000000000000000e+00    -3.086810121355539e+06    +3.030285007077649e-03    +4.780093389145231e-03    -5.707102278014631e-01    -9.850747364591698e-01
+0.000000000000000e+00    +0.000000000000000e+00    -3.087605896071019e+06    +3.029884216885776e-03    +4.779460292785072e-03    -5.707104179232372e-01    -9.850768784737408e-01
+0.000000000000000e+00    +0.000000000000000e+00    -3.088401670786500e+06    +3.029483532205678e-03    +4.778827362969179e-03    -5.707106079697500e-01    -9.850790198805068e-01
+0.000000000000000e+00    +0.000000000000000e+00    -3.089197445501984e+06    +3.029082953921114e-03    +4.778194601096366e-03    -5.707107979406029e-01    -9.850811606747746e-01
+0.000000000000000e+00    +0.000000000000000e+00    -3.089993220217466e+06    +3.028682479612471e-03    +4.777562003347980e-03    -5.707109878369631e-01    -9.850833008695044e-01
+0.000000000000000e+00    +0.000000000000000e+00    -3.090788994932949e+06    +3.028282112684022e-03    +4.776929575093413e-03    -5.707111776572356e-01    -9.850854404465518e-01
+0.000000000000000e+00    +0.000000000000000e+00    -3.091584769648432e+06    +3.027881850059182e-03    +4.776297311485044e-03    -5.707113674029001e-01    -9.850875794223724e-01
+0.000000000000000e+00    +0.000000000000000e+00    -3.092380544363914e+06    +3.027481692976665e-03    +4.775665214469202e-03    -5.707115570733883e-01    -9.850897177903989e-01
+0.000000000000000e+00    +0.000000000000000e+00    -3.093176319079396e+06    +3.027081641051305e-03    +4.775033283442139e-03    -5.707117466689031e-01    -9.850918555527167e-01
+0.000000000000000e+00    +0.000000000000000e+00    -3.093972093794877e+06    +3.026681694459016e-03    +4.774401518680737e-03    -5.707119361893809e-01    -9.850939927084219e-01
+0.000000000000000e+00    +0.000000000000000e+00    -3.094767868510359e+06    +3.026281853523121e-03    +4.773769920696697e-03    -5.707121256346885e-01    -9.850961292558202e-01
+0.000000000000000e+00    +0.000000000000000e+00    -3.095563643225842e+06    +3.025882117368532e-03    +4.773138488109180e-03    -5.707123150052601e-01    -9.850982651996194e-01
+0.000000000000000e+00    +0.000000000000000e+00    -3.096359417941324e+06    +3.025482487238561e-03    +4.772507222879464e-03    -5.707125043005270e-01    -9.851004005332157e-01
+0.000000000000000e+00    +0.000000000000000e+00    -3.097155192656807e+06    +3.025082961139643e-03    +4.771876121863161e-03    -5.707126935214532e-01    -9.851025352672880e-01
+0.000000000000000e+00    +0.000000000000000e+00    -3.097950967372290e+06    +3.024683540822856e-03    +4.771245187819691e-03    -5.707128826672285e-01    -9.851046693925255e-01
+0.000000000000000e+00    +0.000000000000000e+00    -3.098746742087772e+06    +3.024284225340555e-03    +4.770614419258591e-03    -5.707130717383222e-01    -9.851068029140153e-01
+0.000000000000000e+00    +0.000000000000000e+00    -3.099542516803252e+06    +3.023885015286416e-03    +4.769983817114707e-03    -5.707132607344727e-01    -9.851089358286255e-01
+0.000000000000000e+00    +0.000000000000000e+00    -3.100338291518733e+06    +3.023485909375560e-03    +4.769353379360817e-03    -5.707134496563085e-01    -9.851110681432512e-01
+0.000000000000000e+00    +0.000000000000000e+00    -3.101134066234217e+06    +3.023086909681132e-03    +4.768723109267597e-03    -5.707136385028673e-01    -9.851131998468575e-01
+0.000000000000000e+00    +0.000000000000000e+00    -3.101929840949700e+06    +3.022688013709395e-03    +4.768093002903441e-03    -5.707138272753498e-01    -9.851153309527899e-01
+0.000000000000000e+00    +0.000000000000000e+00    -3.102725615665182e+06    +3.022289222501377e-03    +4.767463061904450e-03    -5.707140159732826e-01    -9.851174614555344e-01
+0.000000000000000e+00    +0.000000000000000e+00    -3.103521390380665e+06    +3.021890537038143e-03    +4.766833287824315e-03    -5.707142045962212e-01    -9.851195913498779e-01
+0.000000000000000e+00    +0.000000000000000e+00    -3.104317165096148e+06    +3.021491956402324e-03    +4.766203679217689e-03    -5.707143931446199e-01    -9.851217206407498e-01
+0.000000000000000e+00    +0.000000000000000e+00    -3.105112939811630e+06    +3.021093479318684e-03    +4.765574234067351e-03    -5.707145816191012e-01    -9.851238493350015e-01
+0.000000000000000e+00    +0.000000000000000e+00    -3.105908714527110e+06    +3.020695108230609e-03    +4.764944956228815e-03    -5.707147700185290e-01    -9.851259774196217e-01
+0.000000000000000e+00    +0.000000000000000e+00    -3.106704489242592e+06    +3.020296840822480e-03    +4.764315842053161e-03    -5.707149583440184e-01    -9.851281049069998e-01
+0.000000000000000e+00    +0.000000000000000e+00    -3.107500263958075e+06    +3.019898678431700e-03    +4.763686893645247e-03    -5.707151465949563e-01    -9.851302317900388e-01
+0.000000000000000e+00    +0.000000000000000e+00    -3.108296038673558e+06    +3.019500620874211e-03    +4.763058110719321e-03    -5.707153347714495e-01    -9.851323580697483e-01
+0.000000000000000e+00    +0.000000000000000e+00    -3.109091813389040e+06    +3.019102667203016e-03    +4.762429491779219e-03    -5.707155228739658e-01    -9.851344837512208e-01
+0.000000000000000e+00    +0.000000000000000e+00    -3.109887588104523e+06    +3.018704818347161e-03    +4.761801038289520e-03    -5.707157109020848e-01    -9.851366088295344e-01
+0.000000000000000e+00    +0.000000000000000e+00    -3.110683362820006e+06    +3.018307073758621e-03    +4.761172749388127e-03    -5.707158988560859e-01    -9.851387333076435e-01
+0.000000000000000e+00    +0.000000000000000e+00    -3.111479137535488e+06    +3.017909433892455e-03    +4.760544625792302e-03    -5.707160867357730e-01    -9.851408571831546e-01
+0.000000000000000e+00    +0.000000000000000e+00    -3.112274912250968e+06    +3.017511898410835e-03    +4.759916666970321e-03    -5.707162745413258e-01    -9.851429804579033e-01
+0.000000000000000e+00    +0.000000000000000e+00    -3.113070686966450e+06    +3.017114466559730e-03    +4.759288871730306e-03    -5.707164622731200e-01    -9.851451031359523e-01
+0.000000000000000e+00    +0.000000000000000e+00    -3.113866461681933e+06    +3.016717139564571e-03    +4.758661242005630e-03    -5.707166499305960e-01    -9.851472252107950e-01
+0.000000000000000e+00    +0.000000000000000e+00    -3.114662236397415e+06    +3.016319917289111e-03    +4.758033777585774e-03    -5.707168375138378e-01    -9.851493466831855e-01
+0.000000000000000e+00    +0.000000000000000e+00    -3.115458011112898e+06    +3.015922798748373e-03    +4.757406476914639e-03    -5.707170250233307e-01    -9.851514675584183e-01
+0.000000000000000e+00    +0.000000000000000e+00    -3.116253785828381e+06    +3.015525784165296e-03    +4.756779340341316e-03    -5.707172124589883e-01    -9.851535878353427e-01
+0.000000000000000e+00    +0.000000000000000e+00    -3.117049560543863e+06    +3.015128873595264e-03    +4.756152367954440e-03    -5.707173998208036e-01    -9.851557075136946e-01
+0.000000000000000e+00    +0.000000000000000e+00    -3.117845335259345e+06    +3.014732067649226e-03    +4.755525560719591e-03    -5.707175871085085e-01    -9.851578265902448e-01
+0.000000000000000e+00    +0.000000000000000e+00    -3.118641109974826e+06    +3.014335365078394e-03    +4.754898916666623e-03    -5.707177743227121e-01    -9.851599450716920e-01
+0.000000000000000e+00    +0.000000000000000e+00    -3.119436884690308e+06    +3.013938766350799e-03    +4.754272436530832e-03    -5.707179614632116e-01    -9.851620629555773e-01
+0.000000000000000e+00    +0.000000000000000e+00    -3.120232659405791e+06    +3.013542272281269e-03    +4.753646121601354e-03    -5.707181485296431e-01    -9.851641802375807e-01
+0.000000000000000e+00    +0.000000000000000e+00    -3.121028434121273e+06    +3.013145882304258e-03    +4.753019970987984e-03    -5.707183355222925e-01    -9.851662969207508e-01
+0.000000000000000e+00    +0.000000000000000e+00    -3.121824208836756e+06    +3.012749595437808e-03    +4.752393983137974e-03    -5.707185224416431e-01    -9.851684130103674e-01
+0.000000000000000e+00    +0.000000000000000e+00    -3.122619983552239e+06    +3.012353412489465e-03    +4.751768159323868e-03    -5.707187092873320e-01    -9.851705285021578e-01
+0.000000000000000e+00    +0.000000000000000e+00    -3.123415758267721e+06    +3.011957334497556e-03    +4.751142501188997e-03    -5.707188960588903e-01    -9.851726433906067e-01
+0.000000000000000e+00    +0.000000000000000e+00    -3.124211532983201e+06    +3.011561358620284e-03    +4.750517004248332e-03    -5.707190827576771e-01    -9.851747576909146e-01
+0.000000000000000e+00    +0.000000000000000e+00    -3.125007307698682e+06    +3.011165487786960e-03    +4.749891673119533e-03    -5.707192693823300e-01    -9.851768713874912e-01
+0.000000000000000e+00    +0.000000000000000e+00    -3.125803082414166e+06    +3.010769719419824e-03    +4.749266503741260e-03    -5.707194559340841e-01    -9.851789844941157e-01
+0.000000000000000e+00    +0.000000000000000e+00    -3.126598857129649e+06    +3.010374055794340e-03    +4.748641499699217e-03    -5.707196424118861e-01    -9.851810969986875e-01
+0.000000000000000e+00    +0.000000000000000e+00    -3.127394631845131e+06    +3.009978495165688e-03    +4.748016658245533e-03    -5.707198288165783e-01    -9.851832089105420e-01
+0.000000000000000e+00    +0.000000000000000e+00    -3.128190406560614e+06    +3.009583037868848e-03    +4.747391979903615e-03    -5.707200151480207e-01    -9.851853202279350e-01
+0.000000000000000e+00    +0.000000000000000e+00    -3.128986181276097e+06    +3.009187683835834e-03    +4.746767464567572e-03    -5.707202014062661e-01    -9.851874309512598e-01
+0.000000000000000e+00    +0.000000000000000e+00    -3.129781955991579e+06    +3.008792435085596e-03    +4.746143115426709e-03    -5.707203875903818e-01    -9.851895410697716e-01
+0.000000000000000e+00    +0.000000000000000e+00    -3.130577730707059e+06    +3.008397288840869e-03    +4.745518928101333e-03    -5.707205737016959e-01    -9.851916505983189e-01
+0.000000000000000e+00    +0.000000000000000e+00    -3.131373505422541e+06    +3.008002245003122e-03    +4.744894902426459e-03    -5.707207597402739e-01    -9.851937595374772e-01
+0.000000000000000e+00    +0.000000000000000e+00    -3.132169280138024e+06    +3.007607305151114e-03    +4.744271040895939e-03    -5.707209457053908e-01    -9.851958678788517e-01
+0.000000000000000e+00    +0.000000000000000e+00    -3.132965054853507e+06    +3.007212468851999e-03    +4.743647342831891e-03    -5.707211315972708e-01    -9.851979756247770e-01
+0.000000000000000e+00    +0.000000000000000e+00    -3.133760829568989e+06    +3.006817735817125e-03    +4.743023807777159e-03    -5.707213174160685e-01    -9.852000827768297e-01
+0.000000000000000e+00    +0.000000000000000e+00    -3.134556604284472e+06    +3.006423105669505e-03    +4.742400435135615e-03    -5.707215031619806e-01    -9.852021893370572e-01
+0.000000000000000e+00    +0.000000000000000e+00    -3.135352378999954e+06    +3.006028578924451e-03    +4.741777225720227e-03    -5.707216888347836e-01    -9.852042953027434e-01
+0.000000000000000e+00    +0.000000000000000e+00    -3.136148153715437e+06    +3.005634154759992e-03    +4.741154178234756e-03    -5.707218744348841e-01    -9.852064006783064e-01
+0.000000000000000e+00    +0.000000000000000e+00    -3.136943928430917e+06    +3.005239833662114e-03    +4.740531293444324e-03    -5.707220599620720e-01    -9.852085054611895e-01
+0.000000000000000e+00    +0.000000000000000e+00    -3.137739703146399e+06    +3.004845616115819e-03    +4.739908572117117e-03    -5.707222454161381e-01    -9.852106096488344e-01
+0.000000000000000e+00    +0.000000000000000e+00    -3.138535477861882e+06    +3.004451501582080e-03    +4.739286013403669e-03    -5.707224307973563e-01    -9.852127132441482e-01
+0.000000000000000e+00    +0.000000000000000e+00    -3.139331252577364e+06    +3.004057490174024e-03    +4.738663617481172e-03    -5.707226161056912e-01    -9.852148162465633e-01
+0.000000000000000e+00    +0.000000000000000e+00    -3.140127027292847e+06    +3.003663582105619e-03    +4.738041384688313e-03    -5.707228013410622e-01    -9.852169186549695e-01
+0.000000000000000e+00    +0.000000000000000e+00    -3.140922802008330e+06    +3.003269775966193e-03    +4.737419312797857e-03    -5.707229865041514e-01    -9.852190204769283e-01
+0.000000000000000e+00    +0.000000000000000e+00    -3.141718576723812e+06    +3.002876073725150e-03    +4.736797404916115e-03    -5.707231715940526e-01    -9.852211217019695e-01
+0.000000000000000e+00    +0.000000000000000e+00    -3.142514351439294e+06    +3.002482473340504e-03    +4.736175657824727e-03    -5.707233566117439e-01    -9.852232223410122e-01
+0.000000000000000e+00    +0.000000000000000e+00    -3.143310126154775e+06    +3.002088976117287e-03    +4.735554073578375e-03    -5.707235415566310e-01    -9.852253223871368e-01
+0.000000000000000e+00    +0.000000000000000e+00    -3.144105900870257e+06    +3.001695581082368e-03    +4.734932650644745e-03    -5.707237264291910e-01    -9.852274218455617e-01
+0.000000000000000e+00    +0.000000000000000e+00    -3.144901675585740e+06    +3.001302289264820e-03    +4.734311390646347e-03    -5.707239112289589e-01    -9.852295207108335e-01
+0.000000000000000e+00    +0.000000000000000e+00    -3.145697450301223e+06    +3.000909099843604e-03    +4.733690292290146e-03    -5.707240959563397e-01    -9.852316189873604e-01
+0.000000000000000e+00    +0.000000000000000e+00    -3.146493225016705e+06    +3.000516014094973e-03    +4.733069357589653e-03    -5.707242806107524e-01    -9.852337166683692e-01
+0.000000000000000e+00    +0.000000000000000e+00    -3.147288999732188e+06    +3.000123030142533e-03    +4.732448583585625e-03    -5.707244651930988e-01    -9.852358137638989e-01
+0.000000000000000e+00    +0.000000000000000e+00    -3.148084774447670e+06    +2.999730148484303e-03    +4.731827971058505e-03    -5.707246497031628e-01    -9.852379102713351e-01
+0.000000000000000e+00    +0.000000000000000e+00    -3.148880549163150e+06    +2.999337370025641e-03    +4.731207521440537e-03    -5.707248341405382e-01    -9.852400061858766e-01
+0.000000000000000e+00    +0.000000000000000e+00    -3.149676323878631e+06    +2.998944693165132e-03    +4.730587232205538e-03    -5.707250185059968e-01    -9.852421015160956e-01
+0.000000000000000e+00    +0.000000000000000e+00    -3.150472098594115e+06    +2.998552118804493e-03    +4.729967104772635e-03    -5.707252027991334e-01    -9.852441962572234e-01
+0.000000000000000e+00    +0.000000000000000e+00    -3.151267873309598e+06    +2.998159647394143e-03    +4.729347139856817e-03    -5.707253870197556e-01    -9.852462904068829e-01
+0.000000000000000e+00    +0.000000000000000e+00    -3.152063648025080e+06    +2.997767278104462e-03    +4.728727336149490e-03    -5.707255711682719e-01    -9.852483839695316e-01
+0.000000000000000e+00    +0.000000000000000e+00    -3.152859422740563e+06    +2.997375010772622e-03    +4.728107693390873e-03    -5.707257552447782e-01    -9.852504769460754e-01
+0.000000000000000e+00    +0.000000000000000e+00    -3.153655197456045e+06    +2.996982846423395e-03    +4.727488213199496e-03    -5.707259392488114e-01    -9.852525693310802e-01
+0.000000000000000e+00    +0.000000000000000e+00    -3.154450972171527e+06    +2.996590783390711e-03    +4.726868892947467e-03    -5.707261231811732e-01    -9.852546611334613e-01
+0.000000000000000e+00    +0.000000000000000e+00    -3.155246746887008e+06    +2.996198823356581e-03    +4.726249735286287e-03    -5.707263070410928e-01    -9.852567523442874e-01
+0.000000000000000e+00    +0.000000000000000e+00    -3.156042521602490e+06    +2.995806965070060e-03    +4.725630738246125e-03    -5.707264908291763e-01    -9.852588429702550e-01
+0.000000000000000e+00    +0.000000000000000e+00    -3.156838296317973e+06    +2.995415209440319e-03    +4.725011903259088e-03    -5.707266745450157e-01    -9.852609330065534e-01
+0.000000000000000e+00    +0.000000000000000e+00    -3.157634071033455e+06    +2.995023555085477e-03    +4.724393228145797e-03    -5.707268581892782e-01    -9.852630224605823e-01
+0.000000000000000e+00    +0.000000000000000e+00    -3.158429845748938e+06    +2.994632002855561e-03    +4.723774714244511e-03    -5.707270417615842e-01    -9.852651113278473e-01
+0.000000000000000e+00    +0.000000000000000e+00    -3.159225620464421e+06    +2.994240553822286e-03    +4.723156363251439e-03    -5.707272252614499e-01    -9.852671996026580e-01
+0.000000000000000e+00    +0.000000000000000e+00    -3.160021395179903e+06    +2.993849204857581e-03    +4.722538170229451e-03    -5.707274086903603e-01    -9.852692873017281e-01
+0.000000000000000e+00    +0.000000000000000e+00    -3.160817169895384e+06    +2.993457958220670e-03    +4.721920138736659e-03    -5.707275920472753e-01    -9.852713744130565e-01
+0.000000000000000e+00    +0.000000000000000e+00    -3.161612944610865e+06    +2.993066814025670e-03    +4.721302268961587e-03    -5.707277753321606e-01    -9.852734609360532e-01
+0.000000000000000e+00    +0.000000000000000e+00    -3.162408719326348e+06    +2.992675772201490e-03    +4.720684560792670e-03    -5.707279585450681e-01    -9.852755468711293e-01
+0.000000000000000e+00    +0.000000000000000e+00    -3.163204494041831e+06    +2.992284830892713e-03    +4.720067011299073e-03    -5.707281416868856e-01    -9.852776322282145e-01
+0.000000000000000e+00    +0.000000000000000e+00    -3.164000268757313e+06    +2.991893992430204e-03    +4.719449624156569e-03    -5.707283247565407e-01    -9.852797169949192e-01
+0.000000000000000e+00    +0.000000000000000e+00    -3.164796043472796e+06    +2.991503255276552e-03    +4.718832396945063e-03    -5.707285077547714e-01    -9.852818011794625e-01
+0.000000000000000e+00    +0.000000000000000e+00    -3.165591818188279e+06    +2.991112619400093e-03    +4.718215329609535e-03    -5.707286906816120e-01    -9.852838847820542e-01
+0.000000000000000e+00    +0.000000000000000e+00    -3.166387592903761e+06    +2.990722084799497e-03    +4.717598422148035e-03    -5.707288735370815e-01    -9.852859678027344e-01
+0.000000000000000e+00    +0.000000000000000e+00    -3.167183367619241e+06    +2.990331652996472e-03    +4.716981676964701e-03    -5.707290563204859e-01    -9.852880502334183e-01
+0.000000000000000e+00    +0.000000000000000e+00    -3.167979142334723e+06    +2.989941322055374e-03    +4.716365091007511e-03    -5.707292390327502e-01    -9.852901320844532e-01
+0.000000000000000e+00    +0.000000000000000e+00    -3.168774917050206e+06    +2.989551092482998e-03    +4.715748665070586e-03    -5.707294216736566e-01    -9.852922133531802e-01
+0.000000000000000e+00    +0.000000000000000e+00    -3.169570691765689e+06    +2.989160964576817e-03    +4.715132399625939e-03    -5.707296042430833e-01    -9.852942940380410e-01
+0.000000000000000e+00    +0.000000000000000e+00    -3.170366466481171e+06    +2.988770938631711e-03    +4.714516295140745e-03    -5.707297867409119e-01    -9.852963741374940e-01
+0.000000000000000e+00    +0.000000000000000e+00    -3.171162241196654e+06    +2.988381012870904e-03    +4.713900348809651e-03    -5.707299691679921e-01    -9.852984536610456e-01
+0.000000000000000e+00    +0.000000000000000e+00    -3.171958015912137e+06    +2.987991189887495e-03    +4.713284564722973e-03    -5.707301515231297e-01    -9.853005325949086e-01
+0.000000000000000e+00    +0.000000000000000e+00    -3.172753790627619e+06    +2.987601467483051e-03    +4.712668939417354e-03    -5.707303338073716e-01    -9.853026109508242e-01
+0.000000000000000e+00    +0.000000000000000e+00    -3.173549565343099e+06    +2.987211846387195e-03    +4.712053474037973e-03    -5.707305160203943e-01    -9.853046887249464e-01
+0.000000000000000e+00    +0.000000000000000e+00    -3.174345340058581e+06    +2.986822326251243e-03    +4.711438168036902e-03    -5.707306981623809e-01    -9.853067659191622e-01
+0.000000000000000e+00    +0.000000000000000e+00    -3.175141114774064e+06    +2.986432907598066e-03    +4.710823022239190e-03    -5.707308802331047e-01    -9.853088425307174e-01
+0.000000000000000e+00    +0.000000000000000e+00    -3.175936889489546e+06    +2.986043590059596e-03    +4.710208036065583e-03    -5.707310622327559e-01    -9.853109185616039e-01
+0.000000000000000e+00    +0.000000000000000e+00    -3.176732664205029e+06    +2.985654373870236e-03    +4.709593209885407e-03    -5.707312441612443e-01    -9.853129940106052e-01
+0.000000000000000e+00    +0.000000000000000e+00    -3.177528438920512e+06    +2.985265258472892e-03    +4.708978542819783e-03    -5.707314260188490e-01    -9.853150688807233e-01
+0.000000000000000e+00    +0.000000000000000e+00    -3.178324213635994e+06    +2.984876243973438e-03    +4.708364035034297e-03    -5.707316078055384e-01    -9.853171431714283e-01
+0.000000000000000e+00    +0.000000000000000e+00    -3.179119988351476e+06    +2.984487330485316e-03    +4.707749686708868e-03    -5.707317895212779e-01    -9.853192168821470e-01
+0.000000000000000e+00    +0.000000000000000e+00    -3.179915763066957e+06    +2.984098518535936e-03    +4.707135498677325e-03    -5.707319711658405e-01    -9.853212900100978e-01
+0.000000000000000e+00    +0.000000000000000e+00    -3.180711537782439e+06    +2.983709806567967e-03    +4.706521468481812e-03    -5.707321527399718e-01    -9.853233625636137e-01
+0.000000000000000e+00    +0.000000000000000e+00    -3.181507312497922e+06    +2.983321196016586e-03    +4.705907598384270e-03    -5.707323342430193e-01    -9.853254345350828e-01
+0.000000000000000e+00    +0.000000000000000e+00    -3.182303087213404e+06    +2.982932686592680e-03    +4.705293887933359e-03    -5.707325156751379e-01    -9.853275059260707e-01
