phi [°]		h [mT]		t [s]				Sij [dB/mm]
-90.00		-72.00		2.3266219239373623941413096e-10	-7.49356455921310917172445e-05
-90.00		-70.00		2.3266219239373623941413096e-10	-8.23547061530077495515936e-05
-90.00		-68.00		2.3266219239373623941413096e-10	-9.06231424166422028969661e-05
-90.00		-66.00		2.3266219239373623941413096e-10	-9.98714141559886987810010e-05
-90.00		-64.00		2.3266219239373623941413096e-10	-1.10258961900959966519545e-04
-90.00		-62.00		2.3266219239373623941413096e-10	-1.21973008405443719020557e-04
-90.00		-60.00		2.3266219239373623941413096e-10	-1.35237334261466290736414e-04
-90.00		-58.00		2.3266219239373623941413096e-10	-1.50312223515941452986824e-04
-90.00		-56.00		2.3266219239373623941413096e-10	-1.67505832945103735409989e-04
-90.00		-54.00		2.3266219239373623941413096e-10	-1.87176643411935436471516e-04
-90.00		-52.00		2.3266219239373623941413096e-10	-2.09745082871886577265477e-04
-90.00		-50.00		2.3266219239373623941413096e-10	-2.35695419890671642752442e-04
-90.00		-48.00		2.3266219239373623941413096e-10	-2.65589658944424518785543e-04
-90.00		-46.00		2.3266219239373623941413096e-10	-3.00078720482365129788860e-04
-90.00		-44.00		2.3266219239373623941413096e-10	-3.39903972166511044936121e-04
-90.00		-42.00		2.3266219239373623941413096e-10	-3.85917737462476500513026e-04
-90.00		-40.00		2.3266219239373623941413096e-10	-4.39088545088000203279327e-04
-90.00		-38.00		2.3266219239373623941413096e-10	-5.00522530548517651655116e-04
-90.00		-36.00		2.3266219239373623941413096e-10	-5.71463813294898468654603e-04
-90.00		-34.00		2.3266219239373623941413096e-10	-6.53321847643351561081559e-04
-90.00		-32.00		2.3266219239373623941413096e-10	-7.47677678850777868366229e-04
-90.00		-30.00		2.3266219239373623941413096e-10	-8.56306073948856515988537e-04
-90.00		-28.00		2.3266219239373623941413096e-10	-9.81185132106502690130245e-04
-90.00		-26.00		2.3266219239373623941413096e-10	-1.12451878350284368256184e-03
-90.00		-24.00		2.3266219239373623941413096e-10	-1.28875341470764703290242e-03
-90.00		-22.00		2.3266219239373623941413096e-10	-1.47659287480300747269490e-03
-90.00		-20.00		2.3266219239373623941413096e-10	-1.69102027806485944241843e-03
-90.00		-18.00		2.3266219239373623941413096e-10	-1.93530904139991503758178e-03
-90.00		-16.00		2.3266219239373623941413096e-10	-2.21305099600637312368123e-03
-90.00		-14.00		2.3266219239373623941413096e-10	-2.52816983422718757901215e-03
-90.00		-12.00		2.3266219239373623941413096e-10	-2.88493312677128282278671e-03
-90.00		-10.00		2.3266219239373623941413096e-10	-3.28797508054968698476550e-03
-90.00		-8.00		2.3266219239373623941413096e-10	-3.74230817818543880573512e-03
-90.00		-6.00		2.3266219239373623941413096e-10	-4.25334397421985033194147e-03
-90.00		-4.00		7.7404921700223859523009522e-10	2.26096749513138252016264e-03
-90.00		-2.00		8.7695749440716053063312975e-10	-5.70966003216884926407815e-03
-90.00		0.00		6.9798657718120933862785231e-10	-1.54994763039868838072621e-01
-90.00		2.00		8.9038031319910687003352555e-10	-6.50825948307485070004619e-03
-90.00		4.00		8.0089485458613127403088684e-10	4.05010400871419744966984e-03
-90.00		6.00		2.3266219239373623941413096e-10	-4.78282570212964965733482e-03
-90.00		8.00		2.3266219239373623941413096e-10	-4.21126887173271530900864e-03
-90.00		10.00		2.3266219239373623941413096e-10	-3.70260915122496607823632e-03
-90.00		12.00		2.3266219239373623941413096e-10	-3.25092388583088929068787e-03
-90.00		14.00		2.3266219239373623941413096e-10	-2.85070508017320036267539e-03
-90.00		16.00		2.3266219239373623941413096e-10	-2.49685830367971052165532e-03
-90.00		18.00		2.3266219239373623941413096e-10	-2.18468382832764408674198e-03
-90.00		20.00		2.3266219239373623941413096e-10	-1.90985808814361258944903e-03
-90.00		22.00		2.3266219239373623941413096e-10	-1.66841224046535376891731e-03
-90.00		24.00		2.3266219239373623941413096e-10	-1.45672788360598926687972e-03
-90.00		26.00		2.3266219239373623941413096e-10	-1.27149790763775674164171e-03
-90.00		28.00		2.3266219239373623941413096e-10	-1.10972160250025317536349e-03
-90.00		30.00		2.3266219239373623941413096e-10	-9.68680532478856013388346e-04
-90.00		32.00		2.3266219239373623941413096e-10	-8.45920332695789000711228e-04
-90.00		34.00		2.3266219239373623941413096e-10	-7.39234617325924500165490e-04
-90.00		36.00		2.3266219239373623941413096e-10	-6.46641693816276666093024e-04
-90.00		38.00		2.3266219239373623941413096e-10	-5.66370969123739767710213e-04
-90.00		40.00		2.3266219239373623941413096e-10	-4.96847573495206207457031e-04
-90.00		42.00		2.3266219239373623941413096e-10	-4.36666637149837769203004e-04
-90.00		44.00		2.3266219239373623941413096e-10	-3.84588099866969292898317e-04
-90.00		46.00		2.3266219239373623941413096e-10	-3.39521829550145715689163e-04
-90.00		48.00		2.3266219239373623941413096e-10	-3.00505681792561762499111e-04
-90.00		50.00		2.3266219239373623941413096e-10	-2.66698998427200345464477e-04
-90.00		52.00		2.3266219239373623941413096e-10	-2.37370179677812219269650e-04
-90.00		54.00		2.3266219239373623941413096e-10	-2.11876694859923942349661e-04
-90.00		56.00		2.3266219239373623941413096e-10	-1.89669724092705774091960e-04
-90.00		58.00		2.3266219239373623941413096e-10	-1.70275089340645835022520e-04
-90.00		60.00		2.3266219239373623941413096e-10	-1.53280756228102947981776e-04
-90.00		62.00		2.3266219239373623941413096e-10	-1.38337161343691459345143e-04
-90.00		64.00		2.3266219239373623941413096e-10	-1.25149833436808598447279e-04
-90.00		66.00		2.3266219239373623941413096e-10	-1.13456289374340942347451e-04
-90.00		68.00		2.3266219239373623941413096e-10	-1.03051826093289545052158e-04
-90.00		70.00		2.3266219239373623941413096e-10	-9.37507241166359581770878e-05
-90.00		72.00		2.3266219239373623941413096e-10	-8.54014392757468311818958e-05
-85.50		-72.00		9.6644295302013540285273248e-10	-5.10897194475026933391248e-02
-85.50		-70.00		9.7091722595078407925528785e-10	-5.37381607898829438685340e-02
-85.50		-68.00		9.7091722595078407925528785e-10	-5.62221017051717439350078e-02
-85.50		-66.00		8.3668903803132151243194232e-10	-4.98532032790513224274065e-02
-85.50		-64.00		8.4116331096197029223207426e-10	-5.76465762412844903717080e-02
-85.50		-62.00		8.5011185682326785183233813e-10	-6.87398747969648199473980e-02
-85.50		-60.00		9.4854586129754069724251102e-10	-8.13684607596589642986018e-02
-85.50		-58.00		9.5749440715883805004762175e-10	-9.76932760381317710773885e-02
-85.50		-56.00		9.6644295302013540285273248e-10	-1.19247724012755185185597e-01
-85.50		-54.00		9.7091722595078407925528785e-10	-1.46964103598739487255287e-01
-85.50		-52.00		1.0648769574944062837089506e-09	-1.73764847486970630541236e-01
-85.50		-50.00		9.8434004474273010846295395e-10	-2.20033320637381041295910e-01
-85.50		-48.00		9.8434004474273010846295395e-10	-2.64393435665795650812981e-01
-85.50		-46.00		8.3221476510067273263181039e-10	-3.16603329342293182691037e-01
-85.50		-44.00		9.4407158836689202083995565e-10	-3.56865961284065280612054e-01
-85.50		-42.00		9.5749440715883805004762175e-10	-3.96832020760085724120358e-01
-85.50		-40.00		1.0559284116331089309038398e-09	-4.36282176215532446761358e-01
-85.50		-38.00		1.0738255033557036365140613e-09	-4.61424023460941579166672e-01
-85.50		-36.00		1.0827740492170009893191720e-09	-4.70432871483779158072736e-01
-85.50		-34.00		1.0917225950782983421242828e-09	-4.61495718582429159670966e-01
-85.50		-32.00		1.0917225950782983421242828e-09	-4.34100679993536631151585e-01
-85.50		-30.00		9.7986577181208143206039858e-10	-3.91418775790966788630243e-01
-85.50		-28.00		9.4407158836689202083995565e-10	-3.44202242145413783713792e-01
-85.50		-26.00		1.0693512304250549601115059e-09	-2.79108768580542343507034e-01
-85.50		-24.00		1.0827740492170009893191720e-09	-2.19128352274991472503629e-01
-85.50		-22.00		1.0917225950782983421242828e-09	-1.66176066314852655114720e-01
-85.50		-20.00		1.0961968680089470185268381e-09	-1.24742854366603136972991e-01
-85.50		-18.00		9.8881431767337878486550932e-10	-9.69474076131338208250909e-02
-85.50		-16.00		9.8881431767337878486550932e-10	-7.27925658552237425658049e-02
-85.50		-14.00		1.1856823266219205465779455e-09	-7.58950506113807432662099e-02
-85.50		-12.00		1.1991051454138665757856116e-09	-6.71253660393855283716746e-02
-85.50		-10.00		1.0782997762863523129166167e-09	-4.96440306738650527496048e-02
-85.50		-8.00		9.6196868008948672645017712e-10	-3.82922041665353304895625e-02
-85.50		-6.00		1.1677852348993258409677240e-09	-1.43988295868819598383181e-02
-85.50		-4.00		8.6800894854586297103286587e-10	-2.58366303025733268228237e-02
-85.50		-2.00		3.9821029082774109201901260e-10	-3.95258279557192133274457e-03
-85.50		0.00		1.0827740492170009893191720e-09	-1.36525176169265349823689e-01
-85.50		2.00		4.0268456375838987181914453e-10	-4.27187158015595452864588e-03
-85.50		4.00		8.7248322147651175083299781e-10	-2.92809937120027813373113e-02
-85.50		6.00		1.1722595078299745173702794e-09	-1.62516084668622405595695e-02
-85.50		8.00		9.6196868008948672645017712e-10	-4.30912685026698383250476e-02
-85.50		10.00		1.0782997762863523129166167e-09	-5.57612933465406468425130e-02
-85.50		12.00		1.1991051454138665757856116e-09	-7.57132380668342486185196e-02
-85.50		14.00		1.1856823266219205465779455e-09	-8.57506621838936000656872e-02
-85.50		16.00		9.8881431767337878486550932e-10	-8.28716307076687308530438e-02
-85.50		18.00		9.8881431767337878486550932e-10	-1.10248960604137746788211e-01
-85.50		20.00		1.0961968680089470185268381e-09	-1.41566594363794540090140e-01
-85.50		22.00		1.0961968680089470185268381e-09	-1.88039186695139998173332e-01
-85.50		24.00		1.0827740492170009893191720e-09	-2.48132521195223720855694e-01
-85.50		26.00		1.0693512304250549601115059e-09	-3.15819661348656965937920e-01
-85.50		28.00		9.4407158836689202083995565e-10	-3.89154899104964979716925e-01
-85.50		30.00		8.8143176733780931043326168e-10	-4.39582544285267440287157e-01
-85.50		32.00		1.0917225950782983421242828e-09	-4.91131214760697598631367e-01
-85.50		34.00		1.0917225950782983421242828e-09	-5.22296512415532210305003e-01
-85.50		36.00		1.0827740492170009893191720e-09	-5.32534608087523397834673e-01
-85.50		38.00		1.0738255033557036365140613e-09	-5.22520777213206555344982e-01
-85.50		40.00		1.0559284116331089309038398e-09	-4.94228577192908080650824e-01
-85.50		42.00		9.5749440715883805004762175e-10	-4.49671616041859734114183e-01
-85.50		44.00		9.4407158836689202083995565e-10	-4.04482520810931112098530e-01
-85.50		46.00		8.2774049217002395283167845e-10	-3.59124593319161800053507e-01
-85.50		48.00		9.8434004474273010846295395e-10	-2.99616695564251189765059e-01
-85.50		50.00		9.8434004474273010846295395e-10	-2.49250858059811480904600e-01
-85.50		52.00		9.7986577181208143206039858e-10	-2.04302767194455114907470e-01
-85.50		54.00		9.7539149888143275565784322e-10	-1.65868406136952917240279e-01
-85.50		56.00		9.6644295302013540285273248e-10	-1.34765813643743653793550e-01
-85.50		58.00		9.5749440715883805004762175e-10	-1.10311933208095555580819e-01
-85.50		60.00		9.4407158836689202083995565e-10	-9.17849081987306553154227e-02
-85.50		62.00		8.5011185682326785183233813e-10	-7.74197207956262983818974e-02
-85.50		64.00		8.4116331096197029223207426e-10	-6.48695768936343175603554e-02
-85.50		66.00		8.3221476510067273263181039e-10	-5.58115564241223258146185e-02
-85.50		68.00		9.7539149888143275565784322e-10	-6.39593631384173522125280e-02
-85.50		70.00		9.7091722595078407925528785e-10	-6.08926823186125149023340e-02
-85.50		72.00		9.6644295302013540285273248e-10	-5.79503181849580703555169e-02
-81.00		-72.00		1.3959731543624083374980477e-09	-1.87407311928062508821213e-01
-81.00		-70.00		1.4093959731543543667057138e-09	-2.10978930230344363661033e-01
-81.00		-68.00		1.4138702460850030431082692e-09	-2.39950052836809424317011e-01
-81.00		-66.00		1.2841163310961914274341635e-09	-2.82405088767967160645611e-01
-81.00		-64.00		1.2975391498881374566418296e-09	-3.15108885412884842658343e-01
-81.00		-62.00		1.3959731543624083374980477e-09	-3.53557833894200979063527e-01
-81.00		-60.00		1.4093959731543543667057138e-09	-3.97807066258953567761125e-01
-81.00		-58.00		1.4183445190156517195108245e-09	-4.48958889820543216586657e-01
-81.00		-56.00		1.4272930648769490723159353e-09	-5.11990770919989124365657e-01
-81.00		-54.00		1.2841163310961914274341635e-09	-5.85596368987272408723754e-01
-81.00		-52.00		1.3914988814317596610954923e-09	-7.02133955728126757378504e-01
-81.00		-50.00		1.4093959731543543667057138e-09	-8.48157591914905140129122e-01
-81.00		-48.00		1.5167785234899226003670426e-09	-1.02251837103504517045849e+00
-81.00		-46.00		1.5302013422818686295747087e-09	-1.23472252440772578552242e+00
-81.00		-44.00		1.5346756152125173059772641e-09	-1.46903098537439924520243e+00
-81.00		-42.00		1.3870246085011109846929370e-09	-1.70188215012528254455049e+00
-81.00		-40.00		1.5123042505592739239644872e-09	-1.89389398499099970152315e+00
-81.00		-38.00		1.5302013422818686295747087e-09	-2.01813803413012227139234e+00
-81.00		-36.00		1.6331096196867881868334821e-09	-2.05282090067275335698582e+00
-81.00		-34.00		1.5391498881431659823798194e-09	-1.96477211781665461742818e+00
-81.00		-32.00		1.4988814317673278947568211e-09	-1.78952745898872356278275e+00
-81.00		-30.00		1.6286353467561395104309268e-09	-1.53850288269652368811080e+00
-81.00		-28.00		1.6465324384787342160411482e-09	-1.27264967468744227829802e+00
-81.00		-26.00		1.5436241610738146587823748e-09	-1.03592256614067368403198e+00
-81.00		-24.00		1.4407158836688951015236014e-09	-8.32720129629023642081620e-01
-81.00		-22.00		1.7404921700223564204948110e-09	-7.07174393581014304466237e-01
-81.00		-20.00		1.6510067114093828924437036e-09	-5.93551362830808559856166e-01
-81.00		-18.00		1.5480984340044633351849302e-09	-5.01589783707463210404853e-01
-81.00		-16.00		1.7360178970917077440922556e-09	-4.08018057335654105166611e-01
-81.00		-14.00		1.7583892617449511261050324e-09	-3.27227389717790806411557e-01
-81.00		-12.00		1.6510067114093828924437036e-09	-2.66071222317271760537949e-01
-81.00		-10.00		1.5525727069351120115874855e-09	-2.10771699703053899677130e-01
-81.00		-8.00		1.6107382550335448048207053e-09	-1.74921234729749658365350e-01
-81.00		-6.00		1.6420581655480855396385929e-09	-1.44026561216191673064912e-01
-81.00		-4.00		1.5480984340044633351849302e-09	-9.58040736716536389661059e-02
-81.00		-2.00		1.2125279642058126049932777e-09	-1.23402346291277345557980e-02
-81.00		0.00		1.0827740492170009893191720e-09	-1.36777591007042703674657e-01
-81.00		2.00		1.2170022371364612813958330e-09	-1.43044529996741911354041e-02
-81.00		4.00		1.6420581655480855396385929e-09	-1.07554182414639584730587e-01
-81.00		6.00		1.6420581655480855396385929e-09	-1.62684013493191087507128e-01
-81.00		8.00		1.4317673378075977487184906e-09	-1.92078880358753562029861e-01
-81.00		10.00		1.5525727069351120115874855e-09	-2.39100983175312115092126e-01
-81.00		12.00		1.6510067114093828924437036e-09	-3.01737491042094185811351e-01
-81.00		14.00		1.7583892617449511261050324e-09	-3.70919274922246688941385e-01
-81.00		16.00		1.7360178970917077440922556e-09	-4.62207290152231164981345e-01
-81.00		18.00		1.5480984340044633351849302e-09	-5.67740935762111598172908e-01
-81.00		20.00		1.6510067114093828924437036e-09	-6.72148288781351799237029e-01
-81.00		22.00		1.7404921700223564204948110e-09	-8.01081454037500528819749e-01
-81.00		24.00		1.4407158836688951015236014e-09	-9.44141073056648516548250e-01
-81.00		26.00		1.5436241610738146587823748e-09	-1.17427078247054406112682e+00
-81.00		28.00		1.6465324384787342160411482e-09	-1.44231121686869734332959e+00
-81.00		30.00		1.6286353467561395104309268e-09	-1.74336808461716397111729e+00
-81.00		32.00		1.4944071588366792183542658e-09	-2.02771052757107206332421e+00
-81.00		34.00		1.5346756152125173059772641e-09	-2.22599788193492775789650e+00
-81.00		36.00		1.6331096196867881868334821e-09	-2.32628375581104362979090e+00
-81.00		38.00		1.5302013422818686295747087e-09	-2.28728657966327730832745e+00
-81.00		40.00		1.5123042505592739239644872e-09	-2.14667400354914583715527e+00
-81.00		42.00		1.2841163310961914274341635e-09	-1.92788950787084578664121e+00
-81.00		44.00		1.5346756152125173059772641e-09	-1.66509971924821886801737e+00
-81.00		46.00		1.5346756152125173059772641e-09	-1.39892619840307763645626e+00
-81.00		48.00		1.5212527964205712767695980e-09	-1.15832333243804019851098e+00
-81.00		50.00		1.4093959731543543667057138e-09	-9.60851632808380928807424e-01
-81.00		52.00		1.3870246085011109846929370e-09	-7.95275835602325620321551e-01
-81.00		54.00		1.2796420581655427510316082e-09	-6.62919609698410239317923e-01
-81.00		56.00		1.4272930648769490723159353e-09	-5.80049839642411413365153e-01
-81.00		58.00		1.4228187919463003959133799e-09	-5.09170870111023243786974e-01
-81.00		60.00		1.4093959731543543667057138e-09	-4.50936497142438885710192e-01
-81.00		62.00		1.3959731543624083374980477e-09	-4.00828760715510934442563e-01
-81.00		64.00		1.2975391498881374566418296e-09	-3.57346411663349572407355e-01
-81.00		66.00		1.2796420581655427510316082e-09	-3.20472367320762063780393e-01
-81.00		68.00		1.4138702460850030431082692e-09	-2.71791166840733011689224e-01
-81.00		70.00		1.4093959731543543667057138e-09	-2.38843217417320868856123e-01
-81.00		72.00		1.3959731543624083374980477e-09	-2.12080654621835951179065e-01
-76.50		-72.00		1.5033557046979765711593765e-09	-4.26024432100958583280459e-01
-76.50		-70.00		1.5212527964205712767695980e-09	-4.75227545223613101477156e-01
-76.50		-68.00		1.6196868008948421576258160e-09	-5.33878344807023896834153e-01
-76.50		-66.00		1.6331096196867881868334821e-09	-6.04253404480017630717725e-01
-76.50		-64.00		1.6465324384787342160411482e-09	-6.90180002169931694488980e-01
-76.50		-62.00		1.6465324384787342160411482e-09	-7.93523276793167586795619e-01
-76.50		-60.00		1.6062639821028961284181499e-09	-9.14873940842414690166606e-01
-76.50		-58.00		1.6286353467561395104309268e-09	-1.04907344369843924525298e+00
-76.50		-56.00		1.7360178970917077440922556e-09	-1.21356382015675157148848e+00
-76.50		-54.00		1.7494407158836537732999217e-09	-1.41151195267868323490745e+00
-76.50		-52.00		1.6554809843400315688462590e-09	-1.65123683468324577994224e+00
-76.50		-50.00		1.6196868008948421576258160e-09	-1.97344982308254568437178e+00
-76.50		-48.00		1.7360178970917077440922556e-09	-2.37621103945928657807940e+00
-76.50		-46.00		1.7539149888143024497024771e-09	-2.85770770585941935593155e+00
-76.50		-44.00		1.7628635346755998025075878e-09	-3.38869574075668822388252e+00
-76.50		-42.00		1.6107382550335448048207053e-09	-3.90811484281198984191974e+00
-76.50		-40.00		1.7404921700223564204948110e-09	-4.32058966555715784352287e+00
-76.50		-38.00		1.8612975391498706833638059e-09	-4.55883000168205310131953e+00
-76.50		-36.00		1.8702460850111682429640697e-09	-4.53674864170257041706691e+00
-76.50		-34.00		1.7091722595078156856769234e-09	-4.25726514393776067635144e+00
-76.50		-32.00		1.8568232662192220069612505e-09	-3.77810484503604904205076e+00
-76.50		-30.00		1.8747203579418169193666251e-09	-3.20547736999602639329510e+00
-76.50		-28.00		1.8747203579418169193666251e-09	-2.65013732175782612543458e+00
-76.50		-26.00		1.9507829977628444182100663e-09	-2.18808533417513428886991e+00
-76.50		-24.00		1.9776286353467364766253985e-09	-1.82515181621257216448839e+00
-76.50		-22.00		1.8791946308724655957691805e-09	-1.52686782622797911912471e+00
-76.50		-20.00		1.9552572706934930946126217e-09	-1.27198980448224441275329e+00
-76.50		-18.00		1.9821029082773851530279539e-09	-1.04604473682110632459796e+00
-76.50		-16.00		1.8836689038031142721717358e-09	-8.67364991315051403475422e-01
-76.50		-14.00		2.0805369127516560338841720e-09	-7.41922722375785048676278e-01
-76.50		-12.00		1.9821029082773851530279539e-09	-6.27622713356514649873930e-01
-76.50		-10.00		1.9821029082773851530279539e-09	-5.27713021672196469502580e-01
-76.50		-8.00		1.9463087248321957418075110e-09	-4.24221143799085209646904e-01
-76.50		-6.00		1.9821029082773851530279539e-09	-3.12375607918341902102810e-01
-76.50		-4.00		1.8836689038031142721717358e-09	-2.06138147031555696298000e-01
-76.50		-2.00		1.7539149888143024497024771e-09	-7.57198238938092266225866e-02
-76.50		0.00		6.9798657718120933862785231e-10	-1.52788218940722697603007e-01
-76.50		2.00		1.7539149888143024497024771e-09	-8.59177440992874852376815e-02
-76.50		4.00		1.8881431767337629485742912e-09	-2.33814980112947712331817e-01
-76.50		6.00		1.9821029082773851530279539e-09	-3.54096913942834656818803e-01
-76.50		8.00		1.8836689038031142721717358e-09	-4.85748288432228447764061e-01
-76.50		10.00		1.8836689038031142721717358e-09	-5.99409608828124218504740e-01
-76.50		12.00		1.9865771812080338294305093e-09	-7.11561136759315537858583e-01
-76.50		14.00		2.0805369127516560338841720e-09	-8.41307733539082946983001e-01
-76.50		16.00		1.8836689038031142721717358e-09	-9.84341720449076085230899e-01
-76.50		18.00		1.9865771812080338294305093e-09	-1.18667950627258722562374e+00
-76.50		20.00		1.9507829977628444182100663e-09	-1.44342330925225859061811e+00
-76.50		22.00		1.8836689038031142721717358e-09	-1.73221807850460951527793e+00
-76.50		24.00		1.9821029082773851530279539e-09	-2.07125152509247456578123e+00
-76.50		26.00		1.8434004474272759777535844e-09	-2.47349786223706802346101e+00
-76.50		28.00		1.7718120805368971553126985e-09	-3.01208258404930617757600e+00
-76.50		30.00		1.8747203579418169193666251e-09	-3.63838282065957674404899e+00
-76.50		32.00		1.8568232662192220069612505e-09	-4.28815981824471137429100e+00
-76.50		34.00		1.6644295302013289216513697e-09	-4.83227342774699319960519e+00
-76.50		36.00		1.8702460850111682429640697e-09	-5.14948622554431079123560e+00
-76.50		38.00		1.8612975391498706833638059e-09	-5.17495214977925588328844e+00
-76.50		40.00		1.7404921700223564204948110e-09	-4.90491902077343855381741e+00
-76.50		42.00		1.6062639821028961284181499e-09	-4.43702487110973819994797e+00
-76.50		44.00		1.7628635346755998025075878e-09	-3.84699987359608375214748e+00
-76.50		46.00		1.7583892617449511261050324e-09	-3.24347218336974885133372e+00
-76.50		48.00		1.7360178970917077440922556e-09	-2.69709555067263417882373e+00
-76.50		50.00		1.6196868008948421576258160e-09	-2.23968174722705004597856e+00
-76.50		52.00		1.6510067114093828924437036e-09	-1.87358376809294213671819e+00
-76.50		54.00		1.7494407158836537732999217e-09	-1.60220327397040640526882e+00
-76.50		56.00		1.7360178970917077440922556e-09	-1.37763055169257930820947e+00
-76.50		58.00		1.6286353467561395104309268e-09	-1.19099473825259671855292e+00
-76.50		60.00		1.5212527964205712767695980e-09	-1.03932617726678366842918e+00
-76.50		62.00		1.5033557046979765711593765e-09	-9.13507885922717144389082e-01
-76.50		64.00		1.6465324384787342160411482e-09	-7.83166387372314143355823e-01
-76.50		66.00		1.6375838926174368632360375e-09	-6.85299758766190203473911e-01
-76.50		68.00		1.6152125279641934812232607e-09	-6.05524034706601432809236e-01
-76.50		70.00		1.5212527964205712767695980e-09	-5.38870484227562340784345e-01
-76.50		72.00		1.5033557046979765711593765e-09	-4.83069349338485443112745e-01
-72.00		-72.00		1.7583892617449511261050324e-09	-7.78467998817325090854524e-01
-72.00		-70.00		1.7628635346755998025075878e-09	-8.60157537532501903498883e-01
-72.00		-68.00		1.7181208053691130384820341e-09	-9.55061171007744014183061e-01
-72.00		-66.00		1.7404921700223564204948110e-09	-1.07935453188024066406570e+00
-72.00		-64.00		1.8434004474272759777535844e-09	-1.22826181592187388957882e+00
-72.00		-62.00		1.8612975391498706833638059e-09	-1.41024531267529118494508e+00
-72.00		-60.00		1.7673378076062484789101432e-09	-1.63964329077556536518046e+00
-72.00		-58.00		1.7404921700223564204948110e-09	-1.89853181535665038737193e+00
-72.00		-56.00		1.8478747203579246541561398e-09	-2.20739194477772926461512e+00
-72.00		-54.00		1.8657718120805195665615144e-09	-2.58347466278468651523781e+00
-72.00		-52.00		1.8747203579418169193666251e-09	-3.05120834073993929536073e+00
-72.00		-50.00		1.7360178970917077440922556e-09	-3.64045384378585978879528e+00
-72.00		-48.00		1.9463087248321957418075110e-09	-4.37387471942890293519213e+00
-72.00		-46.00		1.9731543624160878002228432e-09	-5.23116701511644155431213e+00
-72.00		-44.00		1.9821029082773851530279539e-09	-6.15027860446286034346031e+00
-72.00		-42.00		1.8389261744966273013510290e-09	-6.99887927983565294454138e+00
-72.00		-40.00		2.0626398210290613282739505e-09	-7.61619647042686764848440e+00
-72.00		-38.00		2.0850111856823047102867273e-09	-7.83830077392948254555449e+00
-72.00		-36.00		1.8881431767337629485742912e-09	-7.58525042955322437165933e+00
-72.00		-34.00		2.0671140939597100046765059e-09	-6.92977037304839083020624e+00
-72.00		-32.00		2.0939597315436020630918381e-09	-6.01664278497839877246633e+00
-72.00		-30.00		1.9955257270693311822356200e-09	-5.05959274282497872832209e+00
-72.00		-28.00		2.0671140939597100046765059e-09	-4.19677441538904272277932e+00
-72.00		-26.00		2.2013422818791702967531669e-09	-3.50390911014333950035393e+00
-72.00		-24.00		2.0984340044742507394943934e-09	-2.92340834131838800402647e+00
-72.00		-22.00		2.1923937360178729439480561e-09	-2.42722122607589918530380e+00
-72.00		-20.00		2.2058165548098189731557222e-09	-2.01474290811830725189679e+00
-72.00		-18.00		2.1073825503355480922995042e-09	-1.68678359356999418849909e+00
-72.00		-16.00		2.2013422818791702967531669e-09	-1.44564230242086733113638e+00
-72.00		-14.00		2.2102908277404676495582776e-09	-1.23731008948796405988446e+00
-72.00		-12.00		2.3087248322147385304144957e-09	-1.03319669844866046659604e+00
-72.00		-10.00		2.2147651006711163259608330e-09	-8.63529641995486541006244e-01
-72.00		-8.00		2.1073825503355480922995042e-09	-7.13881850684559116082539e-01
-72.00		-6.00		2.2058165548098189731557222e-09	-5.86580186891504928858865e-01
-72.00		-4.00		2.2147651006711163259608330e-09	-4.19389001584338616535064e-01
-72.00		-2.00		2.0894854586129533866892827e-09	-1.91853670461003683600509e-01
-72.00		0.00		1.4272930648769490723159353e-09	-1.14085389582533155983235e-01
-72.00		2.00		2.0894854586129533866892827e-09	-2.16931395204379484642487e-01
-72.00		4.00		2.2147651006711163259608330e-09	-4.75062013430260832169694e-01
-72.00		6.00		2.2058165548098189731557222e-09	-6.65257710548117997539919e-01
-72.00		8.00		2.1073825503355480922995042e-09	-8.10805227251774729424483e-01
-72.00		10.00		2.2147651006711163259608330e-09	-9.81212669039107421298240e-01
-72.00		12.00		2.3087248322147385304144957e-09	-1.17416873695557866241757e+00
-72.00		14.00		2.2058165548098189731557222e-09	-1.40596514274544981404347e+00
-72.00		16.00		2.2058165548098189731557222e-09	-1.64344895111672228971145e+00
-72.00		18.00		2.1029082774048994158969488e-09	-1.91792578022216386735010e+00
-72.00		20.00		2.2058165548098189731557222e-09	-2.29132310117074533550863e+00
-72.00		22.00		2.1923937360178729439480561e-09	-2.76033797218711685061976e+00
-72.00		24.00		2.0939597315436020630918381e-09	-3.32453212621293792139454e+00
-72.00		26.00		2.2013422818791702967531669e-09	-3.98530072947815749984102e+00
-72.00		28.00		2.0671140939597100046765059e-09	-4.77429791516302692855334e+00
-72.00		30.00		1.9955257270693311822356200e-09	-5.75638965366846022675418e+00
-72.00		32.00		2.0939597315436020630918381e-09	-6.84522831270779885670663e+00
-72.00		34.00		2.0671140939597100046765059e-09	-7.88413042554269605233230e+00
-72.00		36.00		1.8881431767337629485742912e-09	-8.62997146456312869133853e+00
-72.00		38.00		2.0894854586129533866892827e-09	-8.91899260697414497656155e+00
-72.00		40.00		1.9686800894854391238202878e-09	-8.65847812905052371945658e+00
-72.00		42.00		1.8344519015659786249484737e-09	-7.96449467367538055384557e+00
-72.00		44.00		1.9776286353467364766253985e-09	-6.99909978823004852444001e+00
-72.00		46.00		1.9731543624160878002228432e-09	-5.95256881081366806540700e+00
-72.00		48.00		1.8568232662192220069612505e-09	-4.98199340571461135596110e+00
-72.00		50.00		1.7360178970917077440922556e-09	-4.14189575214579264184067e+00
-72.00		52.00		1.8747203579418169193666251e-09	-3.47168651050531318347225e+00
-72.00		54.00		1.8702460850111682429640697e-09	-2.94010718074616494988049e+00
-72.00		56.00		1.8478747203579246541561398e-09	-2.51188178682734175595215e+00
-72.00		58.00		1.7404921700223564204948110e-09	-2.16052827052748641634139e+00
-72.00		60.00		1.6286353467561395104309268e-09	-1.87538909549335008897231e+00
-72.00		62.00		1.8612975391498706833638059e-09	-1.60430438244652329160544e+00
-72.00		64.00		1.8389261744966273013510290e-09	-1.39719382315758289259122e+00
-72.00		66.00		1.7404921700223564204948110e-09	-1.22753190367277031924687e+00
-72.00		68.00		1.6375838926174368632360375e-09	-1.08465810010713803457350e+00
-72.00		70.00		1.7628635346755998025075878e-09	-9.78302712038755850620930e-01
-72.00		72.00		1.7583892617449511261050324e-09	-8.85536848622394900942822e-01
-67.50		-72.00		1.8612975391498706833638059e-09	-1.20687058812186598366623e+00
-67.50		-70.00		1.8747203579418169193666251e-09	-1.34134396141679967939808e+00
-67.50		-68.00		1.7404921700223564204948110e-09	-1.49020955011438505088961e+00
-67.50		-66.00		1.8434004474272759777535844e-09	-1.69127452931934918467505e+00
-67.50		-64.00		1.9507829977628444182100663e-09	-1.93098013188922190686014e+00
-67.50		-62.00		1.9731543624160878002228432e-09	-2.22261889400686341033975e+00
-67.50		-60.00		1.9821029082773851530279539e-09	-2.57951789441255696644362e+00
-67.50		-58.00		1.8478747203579246541561398e-09	-3.01424110268571654458469e+00
-67.50		-56.00		1.9642058165547904474177324e-09	-3.52536988063209077992610e+00
-67.50		-54.00		2.0715883668903586810790612e-09	-4.15831232985054199957631e+00
-67.50		-52.00		1.9910514541386825058330646e-09	-4.92942882749024224864343e+00
-67.50		-50.00		1.9507829977628444182100663e-09	-5.90006060309341151537410e+00
-67.50		-48.00		2.0715883668903586810790612e-09	-7.07297777579850706075604e+00
-67.50		-46.00		2.0939597315436020630918381e-09	-8.39554186204124164305540e+00
-67.50		-44.00		1.9955257270693311822356200e-09	-9.73058790457390543338079e+00
-67.50		-42.00		2.0671140939597100046765059e-09	-1.08249809386309081560285e+01
-67.50		-40.00		2.1923937360178729439480561e-09	-1.14503648751584652387692e+01
-67.50		-38.00		2.1029082774048994158969488e-09	-1.13963561734629141852793e+01
-67.50		-36.00		2.0626398210290613282739505e-09	-1.06859814636095684647898e+01
-67.50		-34.00		2.2013422818791702967531669e-09	-9.47313049339199153564550e+00
-67.50		-32.00		2.2102908277404676495582776e-09	-8.07694608148630166510884e+00
-67.50		-30.00		2.1744966442952782383378347e-09	-6.75087557148992001287979e+00
-67.50		-28.00		2.3131991051453872068170510e-09	-5.63878422765336839717065e+00
-67.50		-26.00		2.2147651006711163259608330e-09	-4.70510555765137006289933e+00
-67.50		-24.00		2.3042505592840898540119403e-09	-3.91618171089319977440368e+00
-67.50		-22.00		2.3221476510066845596221618e-09	-3.26193274758235185473154e+00
-67.50		-20.00		2.3982102908277120584656030e-09	-2.75518786961204842356210e+00
-67.50		-18.00		2.3176733780760358832196064e-09	-2.34947472528784828682547e+00
-67.50		-16.00		2.3221476510066845596221618e-09	-2.01562226290578427878586e+00
-67.50		-14.00		2.4295302013422527932834906e-09	-1.70477065627066681763324e+00
-67.50		-12.00		2.3310961968679819124272725e-09	-1.45299069893168786293813e+00
-67.50		-10.00		2.4250559284116041168809352e-09	-1.25474173101458807977338e+00
-67.50		-8.00		2.3176733780760358832196064e-09	-1.06093388010946632071807e+00
-67.50		-6.00		2.5369127516778210269448194e-09	-8.50052312324801717657863e-01
-67.50		-4.00		2.4295302013422527932834906e-09	-6.30877016587197636532380e-01
-67.50		-2.00		2.3087248322147385304144957e-09	-3.12436819397321485780594e-01
-67.50		0.00		1.4451901565995437779261567e-09	-1.09157473184973763391525e-01
-67.50		2.00		2.3087248322147385304144957e-09	-3.54328941941903396983804e-01
-67.50		4.00		2.4295302013422527932834906e-09	-7.16825116553907681904434e-01
-67.50		6.00		2.5413870246084697033473748e-09	-9.67165446446221044318747e-01
-67.50		8.00		2.3221476510066845596221618e-09	-1.20711550757601537853247e+00
-67.50		10.00		2.4250559284116041168809352e-09	-1.42864557162429606229637e+00
-67.50		12.00		2.3310961968679819124272725e-09	-1.65583886612290287487781e+00
-67.50		14.00		2.4295302013422527932834906e-09	-1.94320508092094312857512e+00
-67.50		16.00		2.2237136465324136787659437e-09	-2.29846630738508350688676e+00
-67.50		18.00		2.3221476510066845596221618e-09	-2.67907965437004014219724e+00
-67.50		20.00		2.2147651006711163259608330e-09	-3.12572586771958915718983e+00
-67.50		22.00		2.3221476510066845596221618e-09	-3.72121117160173486837493e+00
-67.50		24.00		2.3042505592840898540119403e-09	-4.46774537928808079811915e+00
-67.50		26.00		2.2147651006711163259608330e-09	-5.36794906876793653793811e+00
-67.50		28.00		2.3131991051453872068170510e-09	-6.43417939607129696355514e+00
-67.50		30.00		2.1700223713646295619352793e-09	-7.70413283264070614109187e+00
-67.50		32.00		2.2058165548098189731557222e-09	-9.21869809463457201559322e+00
-67.50		34.00		2.2013422818791702967531669e-09	-1.08124046738518337917867e+01
-67.50		36.00		2.0626398210290613282739505e-09	-1.21969537251264679156293e+01
-67.50		38.00		2.1029082774048994158969488e-09	-1.30086024759175966636349e+01
-67.50		40.00		2.1923937360178729439480561e-09	-1.30712500149359236445434e+01
-67.50		42.00		2.0671140939597100046765059e-09	-1.23581447624502462900864e+01
-67.50		44.00		1.9910514541386825058330646e-09	-1.11094699528665028509522e+01
-67.50		46.00		2.0939597315436020630918381e-09	-9.58475800963421598055447e+00
-67.50		48.00		2.0715883668903586810790612e-09	-8.07460236574960354971608e+00
-67.50		50.00		1.9463087248321957418075110e-09	-6.73530408819033521439223e+00
-67.50		52.00		1.9910514541386825058330646e-09	-5.62734277808558225331126e+00
-67.50		54.00		2.0715883668903586810790612e-09	-4.74732872836763064583465e+00
-67.50		56.00		1.9642058165547904474177324e-09	-4.02484099213300794417592e+00
-67.50		58.00		1.8478747203579246541561398e-09	-3.44140559259073297582177e+00
-67.50		60.00		1.9821029082773851530279539e-09	-2.94466163444358874912155e+00
-67.50		62.00		1.9731543624160878002228432e-09	-2.53691436035951323191284e+00
-67.50		64.00		1.8657718120805195665615144e-09	-2.20677907000746165167016e+00
-67.50		66.00		1.8434004474272759777535844e-09	-1.93004312459028626314250e+00
-67.50		68.00		1.7404921700223564204948110e-09	-1.70033517133463907278212e+00
-67.50		70.00		1.8747203579418169193666251e-09	-1.53088886183748296154761e+00
-67.50		72.00		1.8612975391498706833638059e-09	-1.37749913468911766578628e+00
-63.00		-72.00		1.9642058165547904474177324e-09	-1.70824739060089081377214e+00
-63.00		-70.00		1.9821029082773851530279539e-09	-1.90942072815931163098924e+00
-63.00		-68.00		1.9865771812080338294305093e-09	-2.14562679191839800196817e+00
-63.00		-66.00		1.9507829977628444182100663e-09	-2.43097173857981818656526e+00
-63.00		-64.00		1.9731543624160878002228432e-09	-2.78905396161429042223290e+00
-63.00		-62.00		2.0805369127516560338841720e-09	-3.22154336772400551325291e+00
-63.00		-60.00		2.0894854586129533866892827e-09	-3.75476623250356977834485e+00
-63.00		-58.00		1.9597315436241417710151771e-09	-4.40458441697569114126054e+00
-63.00		-56.00		2.0760626398210073574816166e-09	-5.18368147485588437461956e+00
-63.00		-54.00		2.1879194630872242675455008e-09	-6.14898551665927151077540e+00
-63.00		-52.00		2.0984340044742507394943934e-09	-7.32807946434732926377364e+00
-63.00		-50.00		2.0671140939597100046765059e-09	-8.78432889849077014332579e+00
-63.00		-48.00		2.1923937360178729439480561e-09	-1.04720390118319581773676e+01
-63.00		-46.00		2.2058165548098189731557222e-09	-1.22633431155992660421816e+01
-63.00		-44.00		2.0626398210290613282739505e-09	-1.38810706995053685375296e+01
-63.00		-42.00		2.2953020134227925012068296e-09	-1.49826462539819864616675e+01
-63.00		-40.00		2.2102908277404676495582776e-09	-1.52450811695568742010209e+01
-63.00		-38.00		2.1073825503355480922995042e-09	-1.45959354705438499877346e+01
-63.00		-36.00		2.3087248322147385304144957e-09	-1.31806870644821696458848e+01
-63.00		-34.00		2.3176733780760358832196064e-09	-1.13880101543551788267905e+01
-63.00		-32.00		2.2774049217001977955966081e-09	-9.59108126950360251328220e+00
-63.00		-30.00		2.4205816554809554404783799e-09	-8.02653091477878710691130e+00
-63.00		-28.00		2.3266219239373332360247171e-09	-6.70116988729513352041067e+00
-63.00		-26.00		2.4161073825503067640758245e-09	-5.58463381420209614702799e+00
-63.00		-24.00		2.4340044742729014696860460e-09	-4.66289888031165755677421e+00
-63.00		-22.00		2.5145413870245776449320426e-09	-3.94338951351856525917583e+00
-63.00		-20.00		2.4340044742729014696860460e-09	-3.36593516909126400094010e+00
-63.00		-18.00		2.3355704697986305888298279e-09	-2.89305163309918444980440e+00
-63.00		-16.00		2.5413870246084697033473748e-09	-2.46333330509071224412310e+00
-63.00		-14.00		2.4429530201341988224911567e-09	-2.12259858265006684518994e+00
-63.00		-12.00		2.5413870246084697033473748e-09	-1.85764299888140715921736e+00
-63.00		-10.00		2.6219239373601458785933714e-09	-1.59921696181699890537686e+00
-63.00		-8.00		2.5369127516778210269448194e-09	-1.36316719734156754917365e+00
-63.00		-6.00		2.7472035794183088178649216e-09	-1.14778206708278318615157e+00
-63.00		-4.00		2.6442953020133892606061482e-09	-8.87169461142306770007337e-01
-63.00		-2.00		2.3266219239373332360247171e-09	-4.68845077241505148180067e-01
-63.00		0.00		1.6420581655480855396385929e-09	-1.20542078369729466214011e-01
-63.00		2.00		2.3266219239373332360247171e-09	-5.32312287541554018943657e-01
-63.00		4.00		2.6487695749440379370087036e-09	-1.00951639981917828947644e+00
-63.00		6.00		2.7472035794183088178649216e-09	-1.30861967790927402610635e+00
-63.00		8.00		2.5369127516778210269448194e-09	-1.55666117275834459121597e+00
-63.00		10.00		2.4474272930648474988937121e-09	-1.84101783803899166080953e+00
-63.00		12.00		2.5458612975391183797499301e-09	-2.12365889645889938108780e+00
-63.00		14.00		2.4429530201341988224911567e-09	-2.42844701476702606868230e+00
-63.00		16.00		2.5458612975391183797499301e-09	-2.81913958712883472301769e+00
-63.00		18.00		2.3355704697986305888298279e-09	-3.31097900697513880530209e+00
-63.00		20.00		2.4340044742729014696860460e-09	-3.85346673933065986261681e+00
-63.00		22.00		2.3937360178970633820630477e-09	-4.50417875839930736958650e+00
-63.00		24.00		2.4295302013422527932834906e-09	-5.34138704197629632375310e+00
-63.00		26.00		2.4161073825503067640758245e-09	-6.39773374341374179152808e+00
-63.00		28.00		2.3221476510066845596221618e-09	-7.67740722678594789130102e+00
-63.00		30.00		2.4205816554809554404783799e-09	-9.19729041082751486158031e+00
-63.00		32.00		2.1118568232661967687020595e-09	-1.09827617651181501656765e+01
-63.00		34.00		2.3176733780760358832196064e-09	-1.30522539371934112040208e+01
-63.00		36.00		2.3087248322147385304144957e-09	-1.51076723629277491767198e+01
-63.00		38.00		2.1029082774048994158969488e-09	-1.67305345844816990563686e+01
-63.00		40.00		2.2147651006711163259608330e-09	-1.74764981037401234686968e+01
-63.00		42.00		2.2908277404921438248042742e-09	-1.71762405144035454895857e+01
-63.00		44.00		2.0581655480984126518713951e-09	-1.59147473193995416806956e+01
-63.00		46.00		2.2058165548098189731557222e-09	-1.40602469006973009868489e+01
-63.00		48.00		2.1923937360178729439480561e-09	-1.20063640820865042968535e+01
-63.00		50.00		2.0671140939597100046765059e-09	-1.00711575890498501451020e+01
-63.00		52.00		1.9955257270693311822356200e-09	-8.39375752540028940984485e+00
-63.00		54.00		2.1879194630872242675455008e-09	-7.05008641420045911729630e+00
-63.00		56.00		2.0760626398210073574816166e-09	-5.94346543936165705446228e+00
-63.00		58.00		1.9597315436241417710151771e-09	-5.05030546764084320443544e+00
-63.00		60.00		2.0894854586129533866892827e-09	-4.30482784825484809942964e+00
-63.00		62.00		2.0805369127516560338841720e-09	-3.69313139897585918092204e+00
-63.00		64.00		1.9731543624160878002228432e-09	-3.19704714568211878500392e+00
-63.00		66.00		1.9463087248321957418075110e-09	-2.78626378671602070724589e+00
-63.00		68.00		1.9821029082773851530279539e-09	-2.45895898182379823992960e+00
-63.00		70.00		1.9821029082773851530279539e-09	-2.18879315145740127590557e+00
-63.00		72.00		1.9642058165547904474177324e-09	-1.95821199155708347561244e+00
-58.50		-72.00		2.0626398210290613282739505e-09	-2.26417824996352967659163e+00
-58.50		-70.00		2.0850111856823047102867273e-09	-2.54510211185452517312910e+00
-58.50		-68.00		1.9463087248321957418075110e-09	-2.86636458333277754917390e+00
-58.50		-66.00		1.9686800894854391238202878e-09	-3.28037397294517196755237e+00
-58.50		-64.00		2.0805369127516560338841720e-09	-3.78248304478695063224336e+00
-58.50		-62.00		2.1879194630872242675455008e-09	-4.39347449499468911682243e+00
-58.50		-60.00		1.9552572706934930946126217e-09	-5.16156492786109666326411e+00
-58.50		-58.00		2.0760626398210073574816166e-09	-6.06478447175609858277312e+00
-58.50		-56.00		2.1923937360178729439480561e-09	-7.18314442534654951089124e+00
-58.50		-54.00		2.2058165548098189731557222e-09	-8.55783587954053537316668e+00
-58.50		-52.00		2.0671140939597100046765059e-09	-1.02422549682123857905935e+01
-58.50		-50.00		2.1923937360178729439480561e-09	-1.22462282022069821607602e+01
-58.50		-48.00		2.3087248322147385304144957e-09	-1.44278579234338142356364e+01
-58.50		-46.00		2.1118568232661967687020595e-09	-1.65259429620430857710289e+01
-58.50		-44.00		2.2953020134227925012068296e-09	-1.80912626284094066875241e+01
-58.50		-42.00		2.3176733780760358832196064e-09	-1.87289410674831025005460e+01
-58.50		-40.00		2.2192393736017650023633883e-09	-1.82253513907818103234604e+01
-58.50		-38.00		2.4071588366890094112707138e-09	-1.67066290491121769434812e+01
-58.50		-36.00		2.3266219239373332360247171e-09	-1.46030236665962007691633e+01
-58.50		-34.00		2.2237136465324136787659437e-09	-1.23740346146617348210839e+01
-58.50		-32.00		2.4250559284116041168809352e-09	-1.03795457291101236307895e+01
-58.50		-30.00		2.3310961968679819124272725e-09	-8.67775046106349456920270e+00
-58.50		-28.00		2.5234899328858749977371533e-09	-7.23939435397234554159240e+00
-58.50		-26.00		2.4384787472035501460886013e-09	-6.05769184180023856356456e+00
-58.50		-24.00		2.5145413870245776449320426e-09	-5.11619564092292389290151e+00
-58.50		-22.00		2.5458612975391183797499301e-09	-4.37585703301843764734258e+00
-58.50		-20.00		2.6263982102907945549959267e-09	-3.74645666006916844281704e+00
-58.50		-18.00		2.5458612975391183797499301e-09	-3.22276908371028802946512e+00
-58.50		-16.00		2.6263982102907945549959267e-09	-2.80187669279426998514282e+00
-58.50		-14.00		2.6577181208053352898138143e-09	-2.45865157779013721039973e+00
-58.50		-12.00		2.7516778523489574942674770e-09	-2.13777203357794753912913e+00
-58.50		-10.00		2.6621923937359839662163697e-09	-1.86561078830875493039798e+00
-58.50		-8.00		2.7561521252796061706700324e-09	-1.63743862524114258683028e+00
-58.50		-6.00		2.6621923937359839662163697e-09	-1.40108016897858722593639e+00
-58.50		-4.00		2.5503355704697670561524855e-09	-1.12488662013789397775554e+00
-58.50		-2.00		2.5413870246084697033473748e-09	-6.61344659634021447836005e-01
-58.50		0.00		1.6510067114093828924437036e-09	-1.22038213814077617369591e-01
-58.50		2.00		2.5413870246084697033473748e-09	-7.51209463427804147173106e-01
-58.50		4.00		2.5503355704697670561524855e-09	-1.28374904855349059040748e+00
-58.50		6.00		2.6621923937359839662163697e-09	-1.60329652979792958156224e+00
-58.50		8.00		2.7561521252796061706700324e-09	-1.87689309723549913044849e+00
-58.50		10.00		2.6621923937359839662163697e-09	-2.14154086969443113730449e+00
-58.50		12.00		2.7516778523489574942674770e-09	-2.45571918545920020449103e+00
-58.50		14.00		2.6577181208053352898138143e-09	-2.82526682596915801326531e+00
-58.50		16.00		2.6219239373601458785933714e-09	-3.22130963760822774943904e+00
-58.50		18.00		2.5458612975391183797499301e-09	-3.70752819738651018255382e+00
-58.50		20.00		2.6263982102907945549959267e-09	-4.31104813569771216918980e+00
-58.50		22.00		2.5458612975391183797499301e-09	-5.03623406407522455907610e+00
-58.50		24.00		2.5145413870245776449320426e-09	-5.89027597655599599590914e+00
-58.50		26.00		2.4384787472035501460886013e-09	-6.97596101993251060946477e+00
-58.50		28.00		2.5234899328858749977371533e-09	-8.33784095420843840429370e+00
-58.50		30.00		2.3310961968679819124272725e-09	-9.99536418858733100023528e+00
-58.50		32.00		2.4250559284116041168809352e-09	-1.19576609579319157461441e+01
-58.50		34.00		2.2192393736017650023633883e-09	-1.42577422641427897787025e+01
-58.50		36.00		2.3266219239373332360247171e-09	-1.68274743251446707859031e+01
-58.50		38.00		2.4026845637583607348681584e-09	-1.92532537137033905594308e+01
-58.50		40.00		2.2102908277404676495582776e-09	-2.10042383795321363493258e+01
-58.50		42.00		2.3176733780760358832196064e-09	-2.15868470261526574915933e+01
-58.50		44.00		2.2953020134227925012068296e-09	-2.08536189923629748932399e+01
-58.50		46.00		2.1029082774048994158969488e-09	-1.90509024982589920682585e+01
-58.50		48.00		2.3087248322147385304144957e-09	-1.66321607778564768409524e+01
-58.50		50.00		2.1923937360178729439480561e-09	-1.41172115731975846841806e+01
-58.50		52.00		2.0626398210290613282739505e-09	-1.18069097713141655248137e+01
-58.50		54.00		2.2058165548098189731557222e-09	-9.86553391550467928539092e+00
-58.50		56.00		2.1923937360178729439480561e-09	-8.28107953922197559393226e+00
-58.50		58.00		2.0760626398210073574816166e-09	-6.99197284456931100748989e+00
-58.50		60.00		1.9552572706934930946126217e-09	-5.95081220833262047875678e+00
-58.50		62.00		2.1879194630872242675455008e-09	-5.06455645238364660087882e+00
-58.50		64.00		2.0805369127516560338841720e-09	-4.35994748476696791783525e+00
-58.50		66.00		1.9731543624160878002228432e-09	-3.78075200099332597858393e+00
-58.50		68.00		1.9463087248321957418075110e-09	-3.30354889622309944030576e+00
-58.50		70.00		2.0850111856823047102867273e-09	-2.93364377583645419278469e+00
-58.50		72.00		2.0626398210290613282739505e-09	-2.60982993504453819610944e+00
-54.00		-72.00		2.0850111856823047102867273e-09	-2.84554343470173698449344e+00
-54.00		-70.00		2.0984340044742507394943934e-09	-3.21394361861752919651281e+00
-54.00		-68.00		2.0492170022371152990662844e-09	-3.65563472686756751883763e+00
-54.00		-66.00		2.0805369127516560338841720e-09	-4.20821697908100844642831e+00
-54.00		-64.00		2.1923937360178729439480561e-09	-4.88153965051071381253678e+00
-54.00		-62.00		2.2013422818791702967531669e-09	-5.71217101650369940557539e+00
-54.00		-60.00		2.0715883668903586810790612e-09	-6.72907616548196507721968e+00
-54.00		-58.00		2.1923937360178729439480561e-09	-7.96142357926751298435875e+00
-54.00		-56.00		2.2997762863534411776093849e-09	-9.48470537790109702314112e+00
-54.00		-54.00		2.1029082774048994158969488e-09	-1.13357561074845403226163e+01
-54.00		-52.00		2.1879194630872242675455008e-09	-1.35754442549752933899754e+01
-54.00		-50.00		2.3131991051453872068170510e-09	-1.60623121625364504438949e+01
-54.00		-48.00		2.2192393736017650023633883e-09	-1.85355507641121874939927e+01
-54.00		-46.00		2.2908277404921438248042742e-09	-2.05051935441072963328679e+01
-54.00		-44.00		2.4161073825503067640758245e-09	-2.15007088115851132670286e+01
-54.00		-42.00		2.3221476510066845596221618e-09	-2.11870200438846758572708e+01
-54.00		-40.00		2.4071588366890094112707138e-09	-1.96531635585696733414807e+01
-54.00		-38.00		2.4295302013422527932834906e-09	-1.73256929497033453912991e+01
-54.00		-36.00		2.3266219239373332360247171e-09	-1.47722018265915746582095e+01
-54.00		-34.00		2.5324384787471723505422640e-09	-1.24244029483426832172199e+01
-54.00		-32.00		2.4384787472035501460886013e-09	-1.03957853923063794354675e+01
-54.00		-30.00		2.5234899328858749977371533e-09	-8.68486910793832578292495e+00
-54.00		-28.00		2.5458612975391183797499301e-09	-7.26714833448140318239439e+00
-54.00		-26.00		2.6263982102907945549959267e-09	-6.14720564417437032034286e+00
-54.00		-24.00		2.5458612975391183797499301e-09	-5.25071650850731508342051e+00
-54.00		-22.00		2.6263982102907945549959267e-09	-4.50677459459086371396097e+00
-54.00		-20.00		2.6577181208053352898138143e-09	-3.88047387462847970240887e+00
-54.00		-18.00		2.7516778523489574942674770e-09	-3.39253778549622886373527e+00
-54.00		-16.00		2.6621923937359839662163697e-09	-2.98178452750823774763944e+00
-54.00		-14.00		2.7561521252796061706700324e-09	-2.61321126524367564059048e+00
-54.00		-12.00		2.6621923937359839662163697e-09	-2.30466180520990748803456e+00
-54.00		-10.00		2.7606263982102548470725877e-09	-2.05699636314247680246581e+00
-54.00		-8.00		2.8456375838925796987211397e-09	-1.81380173773422548322287e+00
-54.00		-6.00		2.8724832214764717571364719e-09	-1.57846376882826833210061e+00
-54.00		-4.00		2.7740492170022008762802538e-09	-1.31155594768099170721598e+00
-54.00		-2.00		2.7516778523489574942674770e-09	-8.32759813369609247502012e-01
-54.00		0.00		1.9686800894854391238202878e-09	-1.06266178642510589202885e-01
-54.00		2.00		2.7561521252796061706700324e-09	-9.48666037791890959240959e-01
-54.00		4.00		2.7740492170022008762802538e-09	-1.50349422479637273575293e+00
-54.00		6.00		2.8680089485458230807339165e-09	-1.81550166204551821635960e+00
-54.00		8.00		2.8456375838925796987211397e-09	-2.09047661609070489774354e+00
-54.00		10.00		2.7606263982102548470725877e-09	-2.37360702165679171571355e+00
-54.00		12.00		2.6666666666666326426189250e-09	-2.66313588883042484667385e+00
-54.00		14.00		2.7561521252796061706700324e-09	-3.02168153887012813640922e+00
-54.00		16.00		2.6621923937359839662163697e-09	-3.44920375100380693922375e+00
-54.00		18.00		2.7516778523489574942674770e-09	-3.92664356781543499863574e+00
-54.00		20.00		2.6577181208053352898138143e-09	-4.49400842296178648638261e+00
-54.00		22.00		2.6263982102907945549959267e-09	-5.22062797320770499709397e+00
-54.00		24.00		2.5503355704697670561524855e-09	-6.08410543117762170339802e+00
-54.00		26.00		2.6263982102907945549959267e-09	-7.12494098946325227217358e+00
-54.00		28.00		2.5413870246084697033473748e-09	-8.42548734394058662644511e+00
-54.00		30.00		2.5234899328858749977371533e-09	-1.00705019468774779056730e+01
-54.00		32.00		2.4384787472035501460886013e-09	-1.20559801435839197836231e+01
-54.00		34.00		2.5324384787471723505422640e-09	-1.44111829771497657048940e+01
-54.00		36.00		2.2237136465324136787659437e-09	-1.71371781796961535349055e+01
-54.00		38.00		2.4295302013422527932834906e-09	-2.01017043418909011620599e+01
-54.00		40.00		2.4071588366890094112707138e-09	-2.28040209834913234487885e+01
-54.00		42.00		2.2237136465324136787659437e-09	-2.45815410931666598060019e+01
-54.00		44.00		2.4205816554809554404783799e-09	-2.49529608801253566241485e+01
-54.00		46.00		2.2908277404921438248042742e-09	-2.37994330023311597699376e+01
-54.00		48.00		2.2147651006711163259608330e-09	-2.15150751879467954097436e+01
-54.00		50.00		2.3131991051453872068170510e-09	-1.86443607782938620687219e+01
-54.00		52.00		2.1923937360178729439480561e-09	-1.57574950518539189658895e+01
-54.00		54.00		2.0581655480984126518713951e-09	-1.31561778728311988828636e+01
-54.00		56.00		2.2997762863534411776093849e-09	-1.10100771840661142420004e+01
-54.00		58.00		2.1923937360178729439480561e-09	-9.24211720769668509944950e+00
-54.00		60.00		2.0715883668903586810790612e-09	-7.81176746600151084010122e+00
-54.00		62.00		2.2013422818791702967531669e-09	-6.63083768697464481789439e+00
-54.00		64.00		2.1923937360178729439480561e-09	-5.66622690001241036128476e+00
-54.00		66.00		2.0805369127516560338841720e-09	-4.88435120857111915171345e+00
-54.00		68.00		1.9686800894854391238202878e-09	-4.24107551930447268517810e+00
-54.00		70.00		2.0984340044742507394943934e-09	-3.73032466220966796299763e+00
-54.00		72.00		2.0850111856823047102867273e-09	-3.30285557087274295184898e+00
-49.50		-72.00		2.1879194630872242675455008e-09	-3.41858449402260866634151e+00
-49.50		-70.00		1.9642058165547904474177324e-09	-3.87314943052399707212885e+00
-49.50		-68.00		2.0760626398210073574816166e-09	-4.45597275150727600845357e+00
-49.50		-66.00		2.1879194630872242675455008e-09	-5.16402120055151492294954e+00
-49.50		-64.00		2.2058165548098189731557222e-09	-6.03649883595584846318616e+00
-49.50		-62.00		2.0671140939597100046765059e-09	-7.11025338708352094840848e+00
-49.50		-60.00		2.1879194630872242675455008e-09	-8.40599336026279608802270e+00
-49.50		-58.00		2.3042505592840898540119403e-09	-1.00088746040284419791533e+01
-49.50		-56.00		2.2147651006711163259608330e-09	-1.19632796569568427003105e+01
-49.50		-54.00		2.1879194630872242675455008e-09	-1.43323947518748742169237e+01
-49.50		-52.00		2.3087248322147385304144957e-09	-1.70087310612718383140418e+01
-49.50		-50.00		2.3221476510066845596221618e-09	-1.97267678002685080684842e+01
-49.50		-48.00		2.2863534675614951484017188e-09	-2.19978172820001063314521e+01
-49.50		-46.00		2.4205816554809554404783799e-09	-2.32809125582152276479064e+01
-49.50		-44.00		2.3266219239373332360247171e-09	-2.31684149131548160482907e+01
-49.50		-42.00		2.4026845637583607348681584e-09	-2.16913866570237487962913e+01
-49.50		-40.00		2.4295302013422527932834906e-09	-1.92608110328911514841366e+01
-49.50		-38.00		2.3310961968679819124272725e-09	-1.64974446575619495547471e+01
-49.50		-36.00		2.5324384787471723505422640e-09	-1.39015263453557214035072e+01
-49.50		-34.00		2.4384787472035501460886013e-09	-1.16441055050242319168774e+01
-49.50		-32.00		2.5234899328858749977371533e-09	-9.73884032231319451966556e+00
-49.50		-30.00		2.5458612975391183797499301e-09	-8.15223474505947187651600e+00
-49.50		-28.00		2.6263982102907945549959267e-09	-6.89240597649534958435424e+00
-49.50		-26.00		2.6487695749440379370087036e-09	-5.89218563797260141967627e+00
-49.50		-24.00		2.6219239373601458785933714e-09	-5.06135734012397975334352e+00
-49.50		-22.00		2.6577181208053352898138143e-09	-4.36238215047524047207617e+00
-49.50		-20.00		2.7516778523489574942674770e-09	-3.81723082139275771140774e+00
-49.50		-18.00		2.6621923937359839662163697e-09	-3.36380239396714841859648e+00
-49.50		-16.00		2.7561521252796061706700324e-09	-2.96116893672250558466885e+00
-49.50		-14.00		2.6666666666666326426189250e-09	-2.62563251182238888148390e+00
-49.50		-12.00		2.7651006711409035234751431e-09	-2.36345858114133999805517e+00
-49.50		-10.00		2.8545861297538770515262504e-09	-2.11464453384702766314263e+00
-49.50		-8.00		2.8769574944071204335390273e-09	-1.89410014665415737944443e+00
-49.50		-6.00		2.9843400447426886672003561e-09	-1.70543314135675250220459e+00
-49.50		-4.00		2.8769574944071204335390273e-09	-1.47814839543695986101568e+00
-49.50		-2.00		2.6577181208053352898138143e-09	-1.01119599743779198242066e+00
-49.50		0.00		1.9821029082773851530279539e-09	-1.04102410782657847643229e-01
-49.50		2.00		2.6621923937359839662163697e-09	-1.15495080580265940817242e+00
-49.50		4.00		2.8769574944071204335390273e-09	-1.70199856105948477136280e+00
-49.50		6.00		2.9843400447426886672003561e-09	-1.97283519922182049022297e+00
-49.50		8.00		2.8769574944071204335390273e-09	-2.19791779813995802328463e+00
-49.50		10.00		2.8545861297538770515262504e-09	-2.45805643704832554874429e+00
-49.50		12.00		2.7651006711409035234751431e-09	-2.75038052234289986941462e+00
-49.50		14.00		2.6666666666666326426189250e-09	-3.05952437231775942194645e+00
-49.50		16.00		2.7606263982102548470725877e-09	-3.45259590169745944621127e+00
-49.50		18.00		2.6621923937359839662163697e-09	-3.92402026926247815552529e+00
-49.50		20.00		2.7516778523489574942674770e-09	-4.45569229508614750301376e+00
-49.50		22.00		2.6577181208053352898138143e-09	-5.09502765516115729838020e+00
-49.50		24.00		2.6174496644294972021908160e-09	-5.91335472700296893577843e+00
-49.50		26.00		2.5503355704697670561524855e-09	-6.88074013844009524376588e+00
-49.50		28.00		2.3400447427292792652323832e-09	-8.03545477211607916956382e+00
-49.50		30.00		2.5458612975391183797499301e-09	-9.53272739826497250703596e+00
-49.50		32.00		2.5234899328858749977371533e-09	-1.13897695917033754398062e+01
-49.50		34.00		2.4384787472035501460886013e-09	-1.36201966639436946593378e+01
-49.50		36.00		2.5324384787471723505422640e-09	-1.62639771939850135140659e+01
-49.50		38.00		2.3310961968679819124272725e-09	-1.93046634395596399258466e+01
-49.50		40.00		2.4340044742729014696860460e-09	-2.25402588945980220103138e+01
-49.50		42.00		2.4026845637583607348681584e-09	-2.53876513045099727605702e+01
-49.50		44.00		2.3266219239373332360247171e-09	-2.71191924414190594916363e+01
-49.50		46.00		2.4205816554809554404783799e-09	-2.72540964969787289362557e+01
-49.50		48.00		2.2863534675614951484017188e-09	-2.57546399289646075203564e+01
-49.50		50.00		2.3176733780760358832196064e-09	-2.30975520376534220190479e+01
-49.50		52.00		2.3131991051453872068170510e-09	-1.99149241323352299559701e+01
-49.50		54.00		2.1879194630872242675455008e-09	-1.67818403886090941057319e+01
-49.50		56.00		2.2102908277404676495582776e-09	-1.40078059378075998608892e+01
-49.50		58.00		2.3042505592840898540119403e-09	-1.17203670295465833817161e+01
-49.50		60.00		2.1879194630872242675455008e-09	-9.84377364866297099865733e+00
-49.50		62.00		2.0671140939597100046765059e-09	-8.32668656794671591114820e+00
-49.50		64.00		2.2058165548098189731557222e-09	-7.06871132419096070975684e+00
-49.50		66.00		2.1879194630872242675455008e-09	-6.04666108999826601433369e+00
-49.50		68.00		2.0760626398210073574816166e-09	-5.21726407485462218005523e+00
-49.50		70.00		1.9642058165547904474177324e-09	-4.53449692891902422786643e+00
-49.50		72.00		2.1879194630872242675455008e-09	-4.00289700504402645719892e+00
-45.00		-72.00		2.0984340044742507394943934e-09	-3.91702610415831298240619e+00
-45.00		-70.00		2.0760626398210073574816166e-09	-4.49269656843555065250939e+00
-45.00		-68.00		2.1879194630872242675455008e-09	-5.20230698835752036757185e+00
-45.00		-66.00		2.2058165548098189731557222e-09	-6.07631209744044653575656e+00
-45.00		-64.00		2.0626398210290613282739505e-09	-7.15608999471534712455423e+00
-45.00		-62.00		2.1834451901565755911429454e-09	-8.45525077488145271331632e+00
-45.00		-60.00		2.2997762863534411776093849e-09	-1.00627196316429028399853e+01
-45.00		-58.00		2.2147651006711163259608330e-09	-1.20251575082472985656068e+01
-45.00		-56.00		2.1834451901565755911429454e-09	-1.44140776295062522649459e+01
-45.00		-54.00		2.3087248322147385304144957e-09	-1.71440575286608520855225e+01
-45.00		-52.00		2.3221476510066845596221618e-09	-1.99670831179641794506097e+01
-45.00		-50.00		2.2818791946308464719991635e-09	-2.24037553929500141691733e+01
-45.00		-48.00		2.4161073825503067640758245e-09	-2.38893451162818912791863e+01
-45.00		-46.00		2.3266219239373332360247171e-09	-2.39681934915133041386071e+01
-45.00		-44.00		2.3982102908277120584656030e-09	-2.26140440310904757836852e+01
-45.00		-42.00		2.4295302013422527932834906e-09	-2.02031000303489065572649e+01
-45.00		-40.00		2.3310961968679819124272725e-09	-1.73728480040613355583901e+01
-45.00		-38.00		2.5279642058165236741397087e-09	-1.46628976733931093434649e+01
-45.00		-36.00		2.4384787472035501460886013e-09	-1.22919387297588507124146e+01
-45.00		-34.00		2.5190156599552263213345979e-09	-1.02888360974117798463112e+01
-45.00		-32.00		2.5458612975391183797499301e-09	-8.61433058834218456922827e+00
-45.00		-30.00		2.6219239373601458785933714e-09	-7.27893803461567401313914e+00
-45.00		-28.00		2.6532438478746866134112589e-09	-6.22251213745572240298998e+00
-45.00		-26.00		2.6174496644294972021908160e-09	-5.34846806657087192604649e+00
-45.00		-24.00		2.6577181208053352898138143e-09	-4.61217959992445614147982e+00
-45.00		-22.00		2.7516778523489574942674770e-09	-4.03693154086715644268679e+00
-45.00		-20.00		2.6621923937359839662163697e-09	-3.56184358464231687335655e+00
-45.00		-18.00		2.7561521252796061706700324e-09	-3.14278346992719992414322e+00
-45.00		-16.00		2.6666666666666326426189250e-09	-2.79423636106303652226757e+00
-45.00		-14.00		2.7651006711409035234751431e-09	-2.52500010422922915864774e+00
-45.00		-12.00		2.8635346756151744043313612e-09	-2.27201343554520640566352e+00
-45.00		-10.00		2.7695749440715521998776985e-09	-2.05819013854859278467302e+00
-45.00		-8.00		2.8724832214764717571364719e-09	-1.89072840327987168329571e+00
-45.00		-6.00		2.8859060402684177863441380e-09	-1.73149748420988935926346e+00
-45.00		-4.00		2.9843400447426886672003561e-09	-1.55185891416688881427888e+00
-45.00		-2.00		2.8769574944071204335390273e-09	-1.18780626066570627052954e+00
-45.00		0.00		2.1879194630872242675455008e-09	-1.19812599783880174841855e-01
-45.00		2.00		2.8769574944071204335390273e-09	-1.36032636519283123277546e+00
-45.00		4.00		2.9888143176733373436029114e-09	-1.79906385138216018404478e+00
-45.00		6.00		2.8859060402684177863441380e-09	-2.01864186201011941435013e+00
-45.00		8.00		2.8724832214764717571364719e-09	-2.21218509372687188729856e+00
-45.00		10.00		2.7740492170022008762802538e-09	-2.41453525971105786851467e+00
-45.00		12.00		2.8635346756151744043313612e-09	-2.66977511304946979464603e+00
-45.00		14.00		2.7651006711409035234751431e-09	-2.96998719032729407985016e+00
-45.00		16.00		2.6666666666666326426189250e-09	-3.29099411788185314264865e+00
-45.00		18.00		2.7606263982102548470725877e-09	-3.70376932283422810598950e+00
-45.00		20.00		2.6621923937359839662163697e-09	-4.19983338898639857461603e+00
-45.00		22.00		2.7516778523489574942674770e-09	-4.76308419794502757582677e+00
-45.00		24.00		2.6577181208053352898138143e-09	-5.44510543491346865607738e+00
-45.00		26.00		2.4474272930648474988937121e-09	-6.32759058106574112656517e+00
-45.00		28.00		2.6532438478746866134112589e-09	-7.35063003064835829292178e+00
-45.00		30.00		2.4429530201341988224911567e-09	-8.58585209829789341995365e+00
-45.00		32.00		2.5458612975391183797499301e-09	-1.01830868368229197074015e+01
-45.00		34.00		2.5190156599552263213345979e-09	-1.21646257365559335994476e+01
-45.00		36.00		2.4429530201341988224911567e-09	-1.45358758289510134886768e+01
-45.00		38.00		2.5279642058165236741397087e-09	-1.73431756075782139703279e+01
-45.00		40.00		2.3310961968679819124272725e-09	-2.05526145428758084676701e+01
-45.00		42.00		2.4340044742729014696860460e-09	-2.39033050674172002914020e+01
-45.00		44.00		2.3937360178970633820630477e-09	-2.67596680779162845453811e+01
-45.00		46.00		2.3266219239373332360247171e-09	-2.83651408273863410158810e+01
-45.00		48.00		2.4161073825503067640758245e-09	-2.82755204655052736484322e+01
-45.00		50.00		2.2774049217001977955966081e-09	-2.65199683110189603496565e+01
-45.00		52.00		2.3221476510066845596221618e-09	-2.36373661400255414832827e+01
-45.00		54.00		2.3087248322147385304144957e-09	-2.02961121708640170879789e+01
-45.00		56.00		2.1834451901565755911429454e-09	-1.70644965198742930567732e+01
-45.00		58.00		2.2147651006711163259608330e-09	-1.42368136816529364807593e+01
-45.00		60.00		2.2997762863534411776093849e-09	-1.19142493570912506584136e+01
-45.00		62.00		2.1834451901565755911429454e-09	-1.00114537543782766704226e+01
-45.00		64.00		2.0626398210290613282739505e-09	-8.47349072694361282742648e+00
-45.00		66.00		2.2058165548098189731557222e-09	-7.19432794049965806948421e+00
-45.00		68.00		2.1879194630872242675455008e-09	-6.15913963046123402733656e+00
-45.00		70.00		2.0760626398210073574816166e-09	-5.31868748857813589125954e+00
-45.00		72.00		1.9597315436241417710151771e-09	-4.62634082178952610320266e+00
-40.50		-72.00		2.0715883668903586810790612e-09	-4.30259173192819588393832e+00
-40.50		-70.00		2.1789709172259269147403900e-09	-4.97823372229950145140265e+00
-40.50		-68.00		2.2013422818791702967531669e-09	-5.80967672739226070888208e+00
-40.50		-66.00		2.0581655480984126518713951e-09	-6.84032327509109983054714e+00
-40.50		-64.00		2.1789709172259269147403900e-09	-8.07757768357876138054507e+00
-40.50		-62.00		2.2953020134227925012068296e-09	-9.60861644749574139723336e+00
-40.50		-60.00		2.2147651006711163259608330e-09	-1.14798292559310333160738e+01
-40.50		-58.00		2.1789709172259269147403900e-09	-1.37651828624708585380176e+01
-40.50		-56.00		2.3042505592840898540119403e-09	-1.64046501128443473760399e+01
-40.50		-54.00		2.3221476510066845596221618e-09	-1.91781671376923377181356e+01
-40.50		-52.00		2.1789709172259269147403900e-09	-2.16406355807458936624244e+01
-40.50		-50.00		2.4116331096196580876732691e-09	-2.32424495972547617839155e+01
-40.50		-48.00		2.3266219239373332360247171e-09	-2.35017302930768714475107e+01
-40.50		-46.00		2.2863534675614951484017188e-09	-2.23456005362323502083655e+01
-40.50		-44.00		2.4250559284116041168809352e-09	-2.00783627917648708205434e+01
-40.50		-42.00		2.3310961968679819124272725e-09	-1.73324720101332090393953e+01
-40.50		-40.00		2.5234899328858749977371533e-09	-1.46517276322355982642875e+01
-40.50		-38.00		2.4384787472035501460886013e-09	-1.22905576907848352874453e+01
-40.50		-36.00		2.5100671140939289685294872e-09	-1.02933526858344173149362e+01
-40.50		-34.00		2.5458612975391183797499301e-09	-8.61771155938131094842447e+00
-40.50		-32.00		2.4429530201341988224911567e-09	-7.26435131132468292491922e+00
-40.50		-30.00		2.6532438478746866134112589e-09	-6.21739199364030348249344e+00
-40.50		-28.00		2.4474272930648474988937121e-09	-5.35252613918936059889120e+00
-40.50		-26.00		2.6577181208053352898138143e-09	-4.60892468299625335248493e+00
-40.50		-24.00		2.7427293064876601414623663e-09	-4.03210674319574291502022e+00
-40.50		-22.00		2.6621923937359839662163697e-09	-3.55937834030610567026542e+00
-40.50		-20.00		2.7561521252796061706700324e-09	-3.14387028570501358970546e+00
-40.50		-18.00		2.6666666666666326426189250e-09	-2.79811363255686718076731e+00
-40.50		-16.00		2.7651006711409035234751431e-09	-2.53244139011537505723481e+00
-40.50		-14.00		2.8635346756151744043313612e-09	-2.28345139484475190272406e+00
-40.50		-12.00		2.7740492170022008762802538e-09	-2.07501978673353448812122e+00
-40.50		-10.00		2.8769574944071204335390273e-09	-1.92096604622959699071316e+00
-40.50		-8.00		2.9843400447426886672003561e-09	-1.76923035631949399082430e+00
-40.50		-6.00		3.0782997762863108716540188e-09	-1.66394313058778653413583e+00
-40.50		-4.00		3.0961968680089055772642402e-09	-1.56904121827864151406118e+00
-40.50		-2.00		2.9843400447426886672003561e-09	-1.30941192110400184134278e+00
-40.50		0.00		2.2013422818791702967531669e-09	-1.20471888203986299270554e-01
-40.50		2.00		2.9888143176733373436029114e-09	-1.50686927918595903186372e+00
-40.50		4.00		3.0961968680089055772642402e-09	-1.83330576296130232094583e+00
-40.50		6.00		3.0782997762863108716540188e-09	-1.95973651825934891412828e+00
-40.50		8.00		2.9843400447426886672003561e-09	-2.09404053586903637906858e+00
-40.50		10.00		2.8814317673377691099415826e-09	-2.27950647321841515235974e+00
-40.50		12.00		2.7785234899328495526828092e-09	-2.46871268305157931521876e+00
-40.50		14.00		2.8635346756151744043313612e-09	-2.72043518178478205271631e+00
-40.50		16.00		2.7695749440715521998776985e-09	-3.02007060786556280618242e+00
-40.50		18.00		2.6666666666666326426189250e-09	-3.34116812149607600446188e+00
-40.50		20.00		2.7561521252796061706700324e-09	-3.75661817405783393652996e+00
-40.50		22.00		2.6621923937359839662163697e-09	-4.25508914821401695860459e+00
-40.50		24.00		2.7472035794183088178649216e-09	-4.82383245173214980638932e+00
-40.50		26.00		2.6577181208053352898138143e-09	-5.51698272632885533539593e+00
-40.50		28.00		2.4474272930648474988937121e-09	-6.40840570585878577247740e+00
-40.50		30.00		2.6532438478746866134112589e-09	-7.44718709792857147533596e+00
-40.50		32.00		2.4429530201341988224911567e-09	-8.70549344627885979264192e+00
-40.50		34.00		2.5458612975391183797499301e-09	-1.03298711175371931147993e+01
-40.50		36.00		2.5100671140939289685294872e-09	-1.23407702971170802896950e+01
-40.50		38.00		2.4384787472035501460886013e-09	-1.47383932107615009954316e+01
-40.50		40.00		2.5234899328858749977371533e-09	-1.75740346859384217736988e+01
-40.50		42.00		2.3310961968679819124272725e-09	-2.07939319889197768986833e+01
-40.50		44.00		2.4295302013422527932834906e-09	-2.40909613049664450556975e+01
-40.50		46.00		2.2863534675614951484017188e-09	-2.68150410931677747328195e+01
-40.50		48.00		2.3266219239373332360247171e-09	-2.82064804315724764194329e+01
-40.50		50.00		2.4116331096196580876732691e-09	-2.78992768171371743335385e+01
-40.50		52.00		2.1744966442952782383378347e-09	-2.59797440288780308037531e+01
-40.50		54.00		2.3221476510066845596221618e-09	-2.30251313517565279198607e+01
-40.50		56.00		2.3042505592840898540119403e-09	-1.96960536514347523961987e+01
-40.50		58.00		2.1744966442952782383378347e-09	-1.65274852788283794780000e+01
-40.50		60.00		2.2147651006711163259608330e-09	-1.37841283093181523611293e+01
-40.50		62.00		2.2953020134227925012068296e-09	-1.15381984178308556465709e+01
-40.50		64.00		2.1789709172259269147403900e-09	-9.70018881731867210760356e+00
-40.50		66.00		2.0536912751677639754688398e-09	-8.21494732281193940082176e+00
-40.50		68.00		2.2013422818791702967531669e-09	-6.97633648706146569651310e+00
-40.50		70.00		2.1789709172259269147403900e-09	-5.97758627849131674025784e+00
-40.50		72.00		2.0671140939597100046765059e-09	-5.16594095238383221868617e+00
-36.00		-72.00		2.0850111856823047102867273e-09	-4.50382802732694731417951e+00
-36.00		-70.00		2.1968680089485216203506115e-09	-5.24683348366945701002351e+00
-36.00		-68.00		2.0492170022371152990662844e-09	-6.17522646356489968155756e+00
-36.00		-66.00		2.1700223713646295619352793e-09	-7.28669435271995435954295e+00
-36.00		-64.00		2.1968680089485216203506115e-09	-8.65677608844553070355232e+00
-36.00		-62.00		2.2102908277404676495582776e-09	-1.03451177027355356585758e+01
-36.00		-60.00		2.1700223713646295619352793e-09	-1.24069752913542714622963e+01
-36.00		-58.00		2.2953020134227925012068296e-09	-1.48151204662788114063687e+01
-36.00		-56.00		2.3176733780760358832196064e-09	-1.73888781029335142136460e+01
-36.00		-54.00		2.1700223713646295619352793e-09	-1.97470221241165617698243e+01
-36.00		-52.00		2.3042505592840898540119403e-09	-2.13679572186068646999502e+01
-36.00		-50.00		2.3221476510066845596221618e-09	-2.18068231116693560522890e+01
-36.00		-48.00		2.2774049217001977955966081e-09	-2.09122068159422980215822e+01
-36.00		-46.00		2.4205816554809554404783799e-09	-1.89251933237961758038637e+01
-36.00		-44.00		2.3310961968679819124272725e-09	-1.64126317171161772989763e+01
-36.00		-42.00		2.4071588366890094112707138e-09	-1.38909193864261872874977e+01
-36.00		-40.00		2.4340044742729014696860460e-09	-1.16669603323656065896330e+01
-36.00		-38.00		2.3355704697986305888298279e-09	-9.78397749920807413559487e+00
-36.00		-36.00		2.5413870246084697033473748e-09	-8.18208166439499606781283e+00
-36.00		-34.00		2.4429530201341988224911567e-09	-6.89129022819680248090890e+00
-36.00		-32.00		2.6442953020133892606061482e-09	-5.89001451296349642916539e+00
-36.00		-30.00		2.4429530201341988224911567e-09	-5.06647168553260218715195e+00
-36.00		-28.00		2.6532438478746866134112589e-09	-4.36299367977463337098243e+00
-36.00		-26.00		2.5548098434004157325550409e-09	-3.79878554034563720165352e+00
-36.00		-24.00		2.6577181208053352898138143e-09	-3.36403003502793929158088e+00
-36.00		-22.00		2.7516778523489574942674770e-09	-2.97264820318255651443451e+00
-36.00		-20.00		2.6621923937359839662163697e-09	-2.64508472551055717758572e+00
-36.00		-18.00		2.7606263982102548470725877e-09	-2.39326096436676483136807e+00
-36.00		-16.00		2.8635346756151744043313612e-09	-2.15903831238483068233336e+00
-36.00		-14.00		2.7740492170022008762802538e-09	-1.96291777899108588201216e+00
-36.00		-12.00		2.8814317673377691099415826e-09	-1.81943427262160350998954e+00
-36.00		-10.00		2.9888143176733373436029114e-09	-1.67731209159096428251701e+00
-36.00		-8.00		3.0917225950782569008616849e-09	-1.58599906580580118919954e+00
-36.00		-6.00		2.9977628635346346964080222e-09	-1.51818581312522926651809e+00
-36.00		-4.00		3.0872483221476082244591295e-09	-1.48400393358117810294061e+00
-36.00		-2.00		3.0917225950782569008616849e-09	-1.40798118886045875441937e+00
-36.00		0.00		2.2058165548098189731557222e-09	-1.20467277434936945179622e-01
-36.00		2.00		3.0917225950782569008616849e-09	-1.62847501445148856724643e+00
-36.00		4.00		3.0872483221476082244591295e-09	-1.75410816298238447785707e+00
-36.00		6.00		2.9977628635346346964080222e-09	-1.81224687331793354871934e+00
-36.00		8.00		3.0917225950782569008616849e-09	-1.90423297615699405049838e+00
-36.00		10.00		2.9888143176733373436029114e-09	-2.02242541572731893140258e+00
-36.00		12.00		2.8814317673377691099415826e-09	-2.19846456026203940226083e+00
-36.00		14.00		2.7785234899328495526828092e-09	-2.37783503373301297045828e+00
-36.00		16.00		2.8635346756151744043313612e-09	-2.61871280419056962074364e+00
-36.00		18.00		2.7651006711409035234751431e-09	-2.90557200212110844361746e+00
-36.00		20.00		2.6666666666666326426189250e-09	-3.21550657409367657280086e+00
-36.00		22.00		2.7516778523489574942674770e-09	-3.61619095317638761244439e+00
-36.00		24.00		2.6577181208053352898138143e-09	-4.09430533974978061451111e+00
-36.00		26.00		2.5548098434004157325550409e-09	-4.62767891518719309829066e+00
-36.00		28.00		2.6532438478746866134112589e-09	-5.31743101330465250953239e+00
-36.00		30.00		2.4474272930648474988937121e-09	-6.17626000481115067231030e+00
-36.00		32.00		2.6442953020133892606061482e-09	-7.18354580428951372539359e+00
-36.00		34.00		2.4429530201341988224911567e-09	-8.40912840956183060825424e+00
-36.00		36.00		2.5413870246084697033473748e-09	-9.98683945007153006656608e+00
-36.00		38.00		2.3310961968679819124272725e-09	-1.19441831626590992954107e+01
-36.00		40.00		2.4384787472035501460886013e-09	-1.42472066298057509214914e+01
-36.00		42.00		2.4071588366890094112707138e-09	-1.69672954974936267547037e+01
-36.00		44.00		2.3310961968679819124272725e-09	-2.00518006468498661831745e+01
-36.00		46.00		2.4250559284116041168809352e-09	-2.31244557426460914939526e+01
-36.00		48.00		2.1700223713646295619352793e-09	-2.55602673394320696331761e+01
-36.00		50.00		2.3266219239373332360247171e-09	-2.66542969178579376432481e+01
-36.00		52.00		2.3087248322147385304144957e-09	-2.61220677360170014935647e+01
-36.00		54.00		2.1655480984339808855327239e-09	-2.41433398111639689886943e+01
-36.00		56.00		2.3176733780760358832196064e-09	-2.12616355873149451838344e+01
-36.00		58.00		2.2953020134227925012068296e-09	-1.81154753228396963038449e+01
-36.00		60.00		2.0715883668903586810790612e-09	-1.51734356642315688645795e+01
-36.00		62.00		2.2102908277404676495582776e-09	-1.26508806232008783609899e+01
-36.00		64.00		2.2013422818791702967531669e-09	-1.05875130404886643731288e+01
-36.00		66.00		2.0805369127516560338841720e-09	-8.90917443354183191672746e+00
-36.00		68.00		1.9597315436241417710151771e-09	-7.55655704606518519028668e+00
-36.00		70.00		2.1968680089485216203506115e-09	-6.41674718395812515581156e+00
-36.00		72.00		2.0894854586129533866892827e-09	-5.50745226427037248839724e+00
-31.50		-72.00		2.0939597315436020630918381e-09	-4.44427239084877356845027e+00
-31.50		-70.00		1.9552572706934930946126217e-09	-5.22318542727549495197081e+00
-31.50		-68.00		2.0715883668903586810790612e-09	-6.15149904844654393798464e+00
-31.50		-66.00		2.1879194630872242675455008e-09	-7.30262637910425649323543e+00
-31.50		-64.00		2.2058165548098189731557222e-09	-8.72033814113065375295264e+00
-31.50		-62.00		2.0671140939597100046765059e-09	-1.04568213683176320927259e+01
-31.50		-60.00		2.1923937360178729439480561e-09	-1.25175576770850405239344e+01
-31.50		-58.00		2.3042505592840898540119403e-09	-1.47534148798433051297252e+01
-31.50		-56.00		2.1073825503355480922995042e-09	-1.68833066907662363576037e+01
-31.50		-54.00		2.2953020134227925012068296e-09	-1.84479903353497185491960e+01
-31.50		-52.00		2.3176733780760358832196064e-09	-1.90406838627334522584533e+01
-31.50		-50.00		2.2147651006711163259608330e-09	-1.84649633941723614327657e+01
-31.50		-48.00		2.4116331096196580876732691e-09	-1.68718819580651242517888e+01
-31.50		-46.00		2.3266219239373332360247171e-09	-1.47260768918305657848578e+01
-31.50		-44.00		2.2818791946308464719991635e-09	-1.24908943427251806213008e+01
-31.50		-42.00		2.4295302013422527932834906e-09	-1.05048002543103873307473e+01
-31.50		-40.00		2.3310961968679819124272725e-09	-8.80884291428624877084985e+00
-31.50		-38.00		2.5324384787471723505422640e-09	-7.36772559850742592146844e+00
-31.50		-36.00		2.4384787472035501460886013e-09	-6.19718555642119106607879e+00
-31.50		-34.00		2.5324384787471723505422640e-09	-5.27797968511711612649151e+00
-31.50		-32.00		2.4384787472035501460886013e-09	-4.53912222097426631961525e+00
-31.50		-30.00		2.6442953020133892606061482e-09	-3.90868523461707750854544e+00
-31.50		-28.00		2.5503355704697670561524855e-09	-3.39764819623105163159948e+00
-31.50		-26.00		2.6487695749440379370087036e-09	-3.00302308453868427307043e+00
-31.50		-24.00		2.5548098434004157325550409e-09	-2.66714727791235750586907e+00
-31.50		-22.00		2.6577181208053352898138143e-09	-2.35926482880378030060342e+00
-31.50		-20.00		2.7561521252796061706700324e-09	-2.13055921244601753627990e+00
-31.50		-18.00		2.8456375838925796987211397e-09	-1.92254057685603529925800e+00
-31.50		-16.00		2.7695749440715521998776985e-09	-1.74568556283564269016040e+00
-31.50		-14.00		2.8814317673377691099415826e-09	-1.61666545364373059889829e+00
-31.50		-12.00		2.9798657718120399907978007e-09	-1.48678094060183951796716e+00
-31.50		-10.00		2.8859060402684177863441380e-09	-1.39203428160845787964206e+00
-31.50		-8.00		3.0782997762863108716540188e-09	-1.32537594115769929992155e+00
-31.50		-6.00		2.9888143176733373436029114e-09	-1.29192130299399510207081e+00
-31.50		-4.00		3.0022371364652833728105775e-09	-1.32733357409455487996297e+00
-31.50		-2.00		3.0022371364652833728105775e-09	-1.43625558210395243285973e+00
-31.50		0.00		2.2102908277404676495582776e-09	-1.20018944482738434964553e-01
-31.50		2.00		2.9977628635346346964080222e-09	-1.67422485931654052571105e+00
-31.50		4.00		3.0022371364652833728105775e-09	-1.59314087986527508356005e+00
-31.50		6.00		2.9932885906039860200054668e-09	-1.57194139051384307315118e+00
-31.50		8.00		3.0782997762863108716540188e-09	-1.62435313199204212075699e+00
-31.50		10.00		2.8859060402684177863441380e-09	-1.71400576090994216649221e+00
-31.50		12.00		2.9798657718120399907978007e-09	-1.83649811408022367587023e+00
-31.50		14.00		2.8814317673377691099415826e-09	-2.00043153938447781925447e+00
-31.50		16.00		2.7740492170022008762802538e-09	-2.16561496461616131981032e+00
-31.50		18.00		2.6666666666666326426189250e-09	-2.40103568156538083044893e+00
-31.50		20.00		2.7561521252796061706700324e-09	-2.64873935662674009350326e+00
-31.50		22.00		2.6577181208053352898138143e-09	-2.93720508076080477621872e+00
-31.50		24.00		2.5548098434004157325550409e-09	-3.32171134818981172998065e+00
-31.50		26.00		2.6532438478746866134112589e-09	-3.74344632755213879704570e+00
-31.50		28.00		2.5503355704697670561524855e-09	-4.23928349029489748289734e+00
-31.50		30.00		2.6442953020133892606061482e-09	-4.87916033141626925839773e+00
-31.50		32.00		2.4429530201341988224911567e-09	-5.66777440978662738757521e+00
-31.50		34.00		2.5324384787471723505422640e-09	-6.59379880877112700687803e+00
-31.50		36.00		2.4384787472035501460886013e-09	-7.74620266443424654312366e+00
-31.50		38.00		2.5324384787471723505422640e-09	-9.21184109619107616140354e+00
-31.50		40.00		2.3310961968679819124272725e-09	-1.10156992075523376684032e+01
-31.50		42.00		2.4295302013422527932834906e-09	-1.31408916629352390259555e+01
-31.50		44.00		2.1610738255033322091301686e-09	-1.56232452375000736566335e+01
-31.50		46.00		2.3266219239373332360247171e-09	-1.84312085933037188567596e+01
-31.50		48.00		2.4116331096196580876732691e-09	-2.11203419569226262808570e+01
-31.50		50.00		2.1118568232661967687020595e-09	-2.31171757478399939600422e+01
-31.50		52.00		2.3176733780760358832196064e-09	-2.38431937710010792841331e+01
-31.50		54.00		2.2953020134227925012068296e-09	-2.31049686613293800974134e+01
-31.50		56.00		2.0536912751677639754688398e-09	-2.11497298141601781651389e+01
-31.50		58.00		2.3042505592840898540119403e-09	-1.84816418200629009049862e+01
-31.50		60.00		2.1923937360178729439480561e-09	-1.56814783016265053561256e+01
-31.50		62.00		2.0626398210290613282739505e-09	-1.31001900985065073967917e+01
-31.50		64.00		2.2058165548098189731557222e-09	-1.09258225640150357094171e+01
-31.50		66.00		2.1923937360178729439480561e-09	-9.15072158689232217909648e+00
-31.50		68.00		2.0715883668903586810790612e-09	-7.70862352586079069283187e+00
-31.50		70.00		1.9507829977628444182100663e-09	-6.54599341200086470848873e+00
-31.50		72.00		2.0984340044742507394943934e-09	-5.56835736792605207057250e+00
-27.00		-72.00		1.9418344519015470654049556e-09	-4.08222768161846527590342e+00
-27.00		-70.00		2.0581655480984126518713951e-09	-4.79974678243188446202794e+00
-27.00		-68.00		2.0850111856823047102867273e-09	-5.68410793075668596685546e+00
-27.00		-66.00		2.0984340044742507394943934e-09	-6.77753099693896476907184e+00
-27.00		-64.00		2.0492170022371152990662844e-09	-8.12876883259842131224104e+00
-27.00		-62.00		2.1744966442952782383378347e-09	-9.75145006584745921429658e+00
-27.00		-60.00		2.2013422818791702967531669e-09	-1.15600659647165642240907e+01
-27.00		-58.00		2.1029082774048994158969488e-09	-1.33474285195785267177371e+01
-27.00		-56.00		2.1834451901565755911429454e-09	-1.47609194193676191986242e+01
-27.00		-54.00		2.3042505592840898540119403e-09	-1.54684905578855431684815e+01
-27.00		-52.00		2.2102908277404676495582776e-09	-1.52297327019364008293678e+01
-27.00		-50.00		2.2908277404921438248042742e-09	-1.41155933720178285994962e+01
-27.00		-48.00		2.3176733780760358832196064e-09	-1.24332981223741967369278e+01
-27.00		-46.00		2.2192393736017650023633883e-09	-1.05969838338321658000041e+01
-27.00		-44.00		2.4161073825503067640758245e-09	-8.92101406924711426427166e+00
-27.00		-42.00		2.3266219239373332360247171e-09	-7.48035202243795094290135e+00
-27.00		-40.00		2.4071588366890094112707138e-09	-6.26731573462153157549892e+00
-27.00		-38.00		2.4295302013422527932834906e-09	-5.25589077939362692148961e+00
-27.00		-36.00		2.3266219239373332360247171e-09	-4.44567424598746718800157e+00
-27.00		-34.00		2.4340044742729014696860460e-09	-3.82692591132652282226445e+00
-27.00		-32.00		2.3355704697986305888298279e-09	-3.31464849439925890450809e+00
-27.00		-30.00		2.5458612975391183797499301e-09	-2.85790860245852273990863e+00
-27.00		-28.00		2.6353467561520919078010375e-09	-2.51676382490174610495615e+00
-27.00		-26.00		2.5503355704697670561524855e-09	-2.23277881914185050149513e+00
-27.00		-24.00		2.6442953020133892606061482e-09	-1.97491423601531357334693e+00
-27.00		-22.00		2.5548098434004157325550409e-09	-1.76440504969965328285753e+00
-27.00		-20.00		2.6577181208053352898138143e-09	-1.61018299902992989558470e+00
-27.00		-18.00		2.7606263982102548470725877e-09	-1.45203872093313268720749e+00
-27.00		-16.00		2.8680089485458230807339165e-09	-1.34013617282651797957271e+00
-27.00		-14.00		2.7785234899328495526828092e-09	-1.23923503307621163394003e+00
-27.00		-12.00		2.8724832214764717571364719e-09	-1.14457018693888845639606e+00
-27.00		-10.00		2.8769574944071204335390273e-09	-1.08925864636471736446310e+00
-27.00		-8.00		2.9932885906039860200054668e-09	-1.03830834696296769870116e+00
-27.00		-6.00		2.9709172259507426379926900e-09	-1.03861129297015208905464e+00
-27.00		-4.00		3.0022371364652833728105775e-09	-1.11033716033657414712366e+00
-27.00		-2.00		3.2080536912751224873281244e-09	-1.38892326292518664132558e+00
-27.00		0.00		2.2147651006711163259608330e-09	-1.18587717734595463059399e-01
-27.00		2.00		3.2080536912751224873281244e-09	-1.63579730423065061728494e+00
-27.00		4.00		3.0022371364652833728105775e-09	-1.36151584204873277172965e+00
-27.00		6.00		2.9709172259507426379926900e-09	-1.29596546579222460238157e+00
-27.00		8.00		2.9932885906039860200054668e-09	-1.30886943279372469639554e+00
-27.00		10.00		2.8814317673377691099415826e-09	-1.37968796305573770943909e+00
-27.00		12.00		2.7606263982102548470725877e-09	-1.45666239704133260168817e+00
-27.00		14.00		2.7785234899328495526828092e-09	-1.58061677841041325898175e+00
-27.00		16.00		2.8680089485458230807339165e-09	-1.71333357987582268755489e+00
-27.00		18.00		2.7651006711409035234751431e-09	-1.86111047320160061246952e+00
-27.00		20.00		2.6577181208053352898138143e-09	-2.06535580019137698926102e+00
-27.00		22.00		2.5548098434004157325550409e-09	-2.26774100957448876414446e+00
-27.00		24.00		2.6487695749440379370087036e-09	-2.54022248461189148471817e+00
-27.00		26.00		2.5503355704697670561524855e-09	-2.87323580455388860599442e+00
-27.00		28.00		2.6353467561520919078010375e-09	-3.24175959458722573458545e+00
-27.00		30.00		2.5458612975391183797499301e-09	-3.68491599692700555479519e+00
-27.00		32.00		2.3355704697986305888298279e-09	-4.27433373307162955967442e+00
-27.00		34.00		2.4340044742729014696860460e-09	-4.93826234082604464958877e+00
-27.00		36.00		2.2281879194630623551684991e-09	-5.73855322445081039717252e+00
-27.00		38.00		2.4340044742729014696860460e-09	-6.78980166291024644920071e+00
-27.00		40.00		2.4071588366890094112707138e-09	-8.09853603818922174184536e+00
-27.00		42.00		2.3266219239373332360247171e-09	-9.66858203558927620235863e+00
-27.00		44.00		2.4161073825503067640758245e-09	-1.15349829040492224407899e+01
-27.00		46.00		2.1118568232661967687020595e-09	-1.37083410074069274031672e+01
-27.00		48.00		2.3176733780760358832196064e-09	-1.60854208643633747044532e+01
-27.00		50.00		2.2908277404921438248042742e-09	-1.82649552629335616416029e+01
-27.00		52.00		2.1073825503355480922995042e-09	-1.97053609065262875787994e+01
-27.00		54.00		2.3042505592840898540119403e-09	-2.00232372105106790627360e+01
-27.00		56.00		2.1789709172259269147403900e-09	-1.91106919380015760623337e+01
-27.00		58.00		1.9999999999999798586381754e-09	-1.72890174168934720455582e+01
-27.00		60.00		2.2013422818791702967531669e-09	-1.49699711158619486184307e+01
-27.00		62.00		2.0850111856823047102867273e-09	-1.26350797399332552828355e+01
-27.00		64.00		1.9552572706934930946126217e-09	-1.05267140199944559952883e+01
-27.00		66.00		2.0984340044742507394943934e-09	-8.77820044971480228923610e+00
-27.00		68.00		2.0850111856823047102867273e-09	-7.36294908695564220835195e+00
-27.00		70.00		1.9686800894854391238202878e-09	-6.21523899302959303980742e+00
-27.00		72.00		1.8523489932885733305586951e-09	-5.29165481969390949501530e+00
-22.50		-72.00		1.9552572706934930946126217e-09	-3.39250895419539499897610e+00
-22.50		-70.00		1.9776286353467364766253985e-09	-4.00428388150944059020730e+00
-22.50		-68.00		2.0805369127516560338841720e-09	-4.76977875074677726274786e+00
-22.50		-66.00		1.9418344519015470654049556e-09	-5.70872209435693456214267e+00
-22.50		-64.00		2.0626398210290613282739505e-09	-6.86495534682498576017906e+00
-22.50		-62.00		2.0894854586129533866892827e-09	-8.18703366612603922192193e+00
-22.50		-60.00		2.0939597315436020630918381e-09	-9.54953694517081252968183e+00
-22.50		-58.00		2.0626398210290613282739505e-09	-1.07224596185878926490886e+01
-22.50		-56.00		2.1879194630872242675455008e-09	-1.14494701884866341146108e+01
-22.50		-54.00		2.1029082774048994158969488e-09	-1.15067233439500355984819e+01
-22.50		-52.00		2.0626398210290613282739505e-09	-1.08865041602372851770042e+01
-22.50		-50.00		2.1968680089485216203506115e-09	-9.73201551752645244164341e+00
-22.50		-48.00		2.2102908277404676495582776e-09	-8.35986635830484559051001e+00
-22.50		-46.00		2.1789709172259269147403900e-09	-7.03667835138512121062604e+00
-22.50		-44.00		2.3131991051453872068170510e-09	-5.91302219832158915124865e+00
-22.50		-42.00		2.2147651006711163259608330e-09	-4.96428767459665998273977e+00
-22.50		-40.00		2.3087248322147385304144957e-09	-4.15879081762196101124118e+00
-22.50		-38.00		2.3221476510066845596221618e-09	-3.49959374494230823771090e+00
-22.50		-36.00		2.4161073825503067640758245e-09	-2.99596419255028534323060e+00
-22.50		-34.00		2.3266219239373332360247171e-09	-2.58879728794303343164529e+00
-22.50		-32.00		2.4116331096196580876732691e-09	-2.23997473774580546646007e+00
-22.50		-30.00		2.4340044742729014696860460e-09	-1.94521760133402099590683e+00
-22.50		-28.00		2.5324384787471723505422640e-09	-1.72912254832873490961731e+00
-22.50		-26.00		2.4384787472035501460886013e-09	-1.54206820567904601126941e+00
-22.50		-24.00		2.5413870246084697033473748e-09	-1.36345258071836905600094e+00
-22.50		-22.00		2.6353467561520919078010375e-09	-1.23671089559026037285605e+00
-22.50		-20.00		2.5503355704697670561524855e-09	-1.12673045849207409396797e+00
-22.50		-18.00		2.6532438478746866134112589e-09	-1.01515603377184771005659e+00
-22.50		-16.00		2.7651006711409035234751431e-09	-9.45425646911125738824921e-01
-22.50		-14.00		2.6666666666666326426189250e-09	-8.75502357752786064537531e-01
-22.50		-12.00		2.8590604026845257279288058e-09	-8.18675631232925749003471e-01
-22.50		-10.00		2.7740492170022008762802538e-09	-7.78603028203694313980066e-01
-22.50		-8.00		2.9753914988813913143952453e-09	-7.52683178745842451640158e-01
-22.50		-6.00		2.8859060402684177863441380e-09	-7.58646983526137463904604e-01
-22.50		-4.00		3.0022371364652833728105775e-09	-8.32137323117625227197891e-01
-22.50		-2.00		3.2125279642057711637306798e-09	-1.24094789593354959400529e+00
-22.50		0.00		2.2192393736017650023633883e-09	-1.15082744894149088810131e-01
-22.50		2.00		3.2125279642057711637306798e-09	-1.48598090319373943302139e+00
-22.50		4.00		3.0022371364652833728105775e-09	-1.05587663875058934692674e+00
-22.50		6.00		2.8903803131990664627466934e-09	-9.83499441671420671085002e-01
-22.50		8.00		2.9753914988813913143952453e-09	-9.87689665556324314366066e-01
-22.50		10.00		2.7785234899328495526828092e-09	-1.02865306292962155332305e+00
-22.50		12.00		2.8590604026845257279288058e-09	-1.08741047352377395718293e+00
-22.50		14.00		2.6666666666666326426189250e-09	-1.16711511954254887335480e+00
-22.50		16.00		2.7695749440715521998776985e-09	-1.26326882381486416129235e+00
-22.50		18.00		2.6577181208053352898138143e-09	-1.36171569642801948418764e+00
-22.50		20.00		2.5503355704697670561524855e-09	-1.51193292057736528022360e+00
-22.50		22.00		2.6353467561520919078010375e-09	-1.66250012480908160306114e+00
-22.50		24.00		2.5413870246084697033473748e-09	-1.83672061577908429796935e+00
-22.50		26.00		2.4429530201341988224911567e-09	-2.07735076520068773220373e+00
-22.50		28.00		2.5324384787471723505422640e-09	-2.33227734449854828824300e+00
-22.50		30.00		2.4340044742729014696860460e-09	-2.62779073416043029709499e+00
-22.50		32.00		2.4116331096196580876732691e-09	-3.02705548342500208036654e+00
-22.50		34.00		2.3266219239373332360247171e-09	-3.49958695039815204097522e+00
-22.50		36.00		2.4161073825503067640758245e-09	-4.05321603754693082777294e+00
-22.50		38.00		2.2192393736017650023633883e-09	-4.74194134085794516408896e+00
-22.50		40.00		2.3131991051453872068170510e-09	-5.63216427136261454933219e+00
-22.50		42.00		2.1118568232661967687020595e-09	-6.72360130454471605077060e+00
-22.50		44.00		2.3131991051453872068170510e-09	-8.01376632664762311719642e+00
-22.50		46.00		2.1744966442952782383378347e-09	-9.54098693577924450437422e+00
-22.50		48.00		2.1073825503355480922995042e-09	-1.13450086044060522993959e+01
-22.50		50.00		2.2013422818791702967531669e-09	-1.32021058875985524139196e+01
-22.50		52.00		2.0536912751677639754688398e-09	-1.47714568928168183958860e+01
-22.50		54.00		2.1029082774048994158969488e-09	-1.56162025052301647320974e+01
-22.50		56.00		2.1923937360178729439480561e-09	-1.55428132445649129778076e+01
-22.50		58.00		2.0536912751677639754688398e-09	-1.45583017634971128018151e+01
-22.50		60.00		1.9955257270693311822356200e-09	-1.29757308560678712439085e+01
-22.50		62.00		2.0894854586129533866892827e-09	-1.11181565822493766404477e+01
-22.50		64.00		1.9686800894854391238202878e-09	-9.32950118649859838626526e+00
-22.50		66.00		1.8434004474272759777535844e-09	-7.75154293466238186738337e+00
-22.50		68.00		2.0805369127516560338841720e-09	-6.47877168882585774412064e+00
-22.50		70.00		1.9776286353467364766253985e-09	-5.43974019346332582358627e+00
-22.50		72.00		1.9507829977628444182100663e-09	-4.60915451905534112597707e+00
-18.00		-72.00		1.8612975391498706833638059e-09	-2.46983257343349782431119e+00
-18.00		-70.00		1.8747203579418169193666251e-09	-2.92657984294950512804689e+00
-18.00		-68.00		1.8255033557046812721433629e-09	-3.50036875638725053505595e+00
-18.00		-66.00		1.8523489932885733305586951e-09	-4.22039903196759169645702e+00
-18.00		-64.00		1.9686800894854391238202878e-09	-5.05898026690565139062983e+00
-18.00		-62.00		1.9821029082773851530279539e-09	-5.96841826720860435528948e+00
-18.00		-60.00		1.8389261744966273013510290e-09	-6.81821458169368188606541e+00
-18.00		-58.00		1.9686800894854391238202878e-09	-7.43989261708491689262246e+00
-18.00		-56.00		2.0850111856823047102867273e-09	-7.68682108612569336969500e+00
-18.00		-54.00		1.8881431767337629485742912e-09	-7.46064544084864333939322e+00
-18.00		-52.00		2.0715883668903586810790612e-09	-6.83191255678766307113392e+00
-18.00		-50.00		2.0939597315436020630918381e-09	-5.95534938396163582297049e+00
-18.00		-48.00		1.9955257270693311822356200e-09	-5.03724307798758186294208e+00
-18.00		-46.00		2.1834451901565755911429454e-09	-4.22601153762576053907196e+00
-18.00		-44.00		2.0984340044742507394943934e-09	-3.54565551178215176975073e+00
-18.00		-42.00		1.9999999999999798586381754e-09	-2.99052188017503750572246e+00
-18.00		-40.00		2.2013422818791702967531669e-09	-2.50279962244775067148339e+00
-18.00		-38.00		2.1073825503355480922995042e-09	-2.11319785788997593911631e+00
-18.00		-36.00		2.3042505592840898540119403e-09	-1.82349447867872793693778e+00
-18.00		-34.00		2.2147651006711163259608330e-09	-1.58529329023773435380917e+00
-18.00		-32.00		2.2997762863534411776093849e-09	-1.37396026356910816446089e+00
-18.00		-30.00		2.3221476510066845596221618e-09	-1.19532333558605152745713e+00
-18.00		-28.00		2.4205816554809554404783799e-09	-1.07125682819956602465084e+00
-18.00		-26.00		2.3266219239373332360247171e-09	-9.59966668596250238820744e-01
-18.00		-24.00		2.4250559284116041168809352e-09	-8.47539221691699262706265e-01
-18.00		-22.00		2.5190156599552263213345979e-09	-7.73358754147549842805631e-01
-18.00		-20.00		2.4340044742729014696860460e-09	-7.08162488841256432259286e-01
-18.00		-18.00		2.5413870246084697033473748e-09	-6.36083843481299981981181e-01
-18.00		-16.00		2.6532438478746866134112589e-09	-5.97040558825879696946970e-01
-18.00		-14.00		2.5503355704697670561524855e-09	-5.53881823369107739729600e-01
-18.00		-12.00		2.7427293064876601414623663e-09	-5.19292791730653680026819e-01
-18.00		-10.00		2.6621923937359839662163697e-09	-4.95332784477266030442877e-01
-18.00		-8.00		2.8680089485458230807339165e-09	-4.80683451104030934342148e-01
-18.00		-6.00		2.8590604026845257279288058e-09	-4.81112666825018076011133e-01
-18.00		-4.00		2.9932885906039860200054668e-09	-5.50132879662419083111047e-01
-18.00		-2.00		3.1051454138702029300693510e-09	-9.92640079353552362562141e-01
-18.00		0.00		2.3131991051453872068170510e-09	-1.01582935214169153836927e-01
-18.00		2.00		3.1051454138702029300693510e-09	-1.22127667867040523574929e+00
-18.00		4.00		2.9932885906039860200054668e-09	-7.36949093816734679407432e-01
-18.00		6.00		2.8635346756151744043313612e-09	-6.65409109500254225544325e-01
-18.00		8.00		2.8724832214764717571364719e-09	-6.72827754786017084853711e-01
-18.00		10.00		2.6666666666666326426189250e-09	-6.99203019146555693197342e-01
-18.00		12.00		2.5413870246084697033473748e-09	-7.28934249150063218181117e-01
-18.00		14.00		2.5503355704697670561524855e-09	-7.90616064909972826590945e-01
-18.00		16.00		2.6577181208053352898138143e-09	-8.54635541946066168428331e-01
-18.00		18.00		2.5413870246084697033473748e-09	-9.15479702321536303877281e-01
-18.00		20.00		2.4384787472035501460886013e-09	-1.01867487909532861145578e+00
-18.00		22.00		2.5145413870245776449320426e-09	-1.11499152753491781453477e+00
-18.00		24.00		2.4295302013422527932834906e-09	-1.22590929488992950169290e+00
-18.00		26.00		2.3266219239373332360247171e-09	-1.38789475678856177864873e+00
-18.00		28.00		2.4205816554809554404783799e-09	-1.55117121559359505411635e+00
-18.00		30.00		2.3176733780760358832196064e-09	-1.73478935712369386479281e+00
-18.00		32.00		2.2997762863534411776093849e-09	-1.99472259356524439510849e+00
-18.00		34.00		2.2147651006711163259608330e-09	-2.30174137707067627545143e+00
-18.00		36.00		2.3042505592840898540119403e-09	-2.65040884779548369110103e+00
-18.00		38.00		2.1073825503355480922995042e-09	-3.07568522092126617195618e+00
-18.00		40.00		2.2013422818791702967531669e-09	-3.64359971153628769968691e+00
-18.00		42.00		1.9999999999999798586381754e-09	-4.35318112785325439517692e+00
-18.00		44.00		2.1029082774048994158969488e-09	-5.16524274320203602428592e+00
-18.00		46.00		2.1789709172259269147403900e-09	-6.15925045908131352234705e+00
-18.00		48.00		1.9910514541386825058330646e-09	-7.34654799160417848469251e+00
-18.00		50.00		2.0939597315436020630918381e-09	-8.68696689997323900911397e+00
-18.00		52.00		2.0715883668903586810790612e-09	-9.96714498697738804366963e+00
-18.00		54.00		1.8836689038031142721717358e-09	-1.08857585474814637649388e+01
-18.00		56.00		2.0805369127516560338841720e-09	-1.12195501389271505843226e+01
-18.00		58.00		1.9686800894854391238202878e-09	-1.08628126784382175173960e+01
-18.00		60.00		1.8344519015659786249484737e-09	-9.95783685567077014866300e+00
-18.00		62.00		1.9776286353467364766253985e-09	-8.71761685015125564746086e+00
-18.00		64.00		1.9731543624160878002228432e-09	-7.38841392676899744174079e+00
-18.00		66.00		1.8568232662192220069612505e-09	-6.16339104045885122218351e+00
-18.00		68.00		1.7315436241610590676897002e-09	-5.10987189618009285396738e+00
-18.00		70.00		1.8747203579418169193666251e-09	-4.27490149255668239192119e+00
-18.00		72.00		1.8657718120805195665615144e-09	-3.60910604660030287504924e+00
-13.50		-72.00		1.7539149888143024497024771e-09	-1.47428664325413594227143e+00
-13.50		-70.00		1.6152125279641934812232607e-09	-1.75424626061572519475362e+00
-13.50		-68.00		1.7315436241610590676897002e-09	-2.11793248894578844954140e+00
-13.50		-66.00		1.7494407158836537732999217e-09	-2.55652271366238270644544e+00
-13.50		-64.00		1.7628635346755998025075878e-09	-3.04946894501985976688729e+00
-13.50		-62.00		1.6644295302013289216513697e-09	-3.54579761827504125193400e+00
-13.50		-60.00		1.8344519015659786249484737e-09	-3.96178223874753676625460e+00
-13.50		-58.00		1.8612975391498706833638059e-09	-4.21612825661404766464102e+00
-13.50		-56.00		1.8702460850111682429640697e-09	-4.23700677690181848333850e+00
-13.50		-54.00		1.7673378076062484789101432e-09	-4.01348398449328858106355e+00
-13.50		-52.00		1.8568232662192220069612505e-09	-3.59440330217025483250382e+00
-13.50		-50.00		1.8747203579418169193666251e-09	-3.07920199414757078670846e+00
-13.50		-48.00		1.8791946308724655957691805e-09	-2.57376280123189138393514e+00
-13.50		-46.00		1.9597315436241417710151771e-09	-2.15217311538494326939031e+00
-13.50		-44.00		1.9821029082773851530279539e-09	-1.81570768493235146223697e+00
-13.50		-42.00		1.8836689038031142721717358e-09	-1.53812480592219680275434e+00
-13.50		-40.00		2.0805369127516560338841720e-09	-1.28582947771357769539691e+00
-13.50		-38.00		1.9865771812080338294305093e-09	-1.08697363730474538812132e+00
-13.50		-36.00		2.0626398210290613282739505e-09	-9.35596406860583762465922e-01
-13.50		-34.00		2.0939597315436020630918381e-09	-8.24672162930206176234549e-01
-13.50		-32.00		1.9955257270693311822356200e-09	-7.27179344718057008023493e-01
-13.50		-30.00		2.2013422818791702967531669e-09	-6.22202706143499817414977e-01
-13.50		-28.00		2.1029082774048994158969488e-09	-5.48912471494767850721530e-01
-13.50		-26.00		2.2058165548098189731557222e-09	-5.05364732177448372496542e-01
-13.50		-24.00		2.2908277404921438248042742e-09	-4.46624663234238550302280e-01
-13.50		-22.00		2.2058165548098189731557222e-09	-3.99585148598346595605335e-01
-13.50		-20.00		2.3042505592840898540119403e-09	-3.73421105285697885189933e-01
-13.50		-18.00		2.4161073825503067640758245e-09	-3.34916172690523206156854e-01
-13.50		-16.00		2.3176733780760358832196064e-09	-3.08624897361634953352194e-01
-13.50		-14.00		2.4250559284116041168809352e-09	-2.94616757657533701042496e-01
-13.50		-12.00		2.3310961968679819124272725e-09	-2.76346543703958169579948e-01
-13.50		-10.00		2.5369127516778210269448194e-09	-2.62422375659093098931862e-01
-13.50		-8.00		2.5145413870245776449320426e-09	-2.49055162192744428129032e-01
-13.50		-6.00		2.7382550335570114650598109e-09	-2.51277030426661440731806e-01
-13.50		-4.00		2.7427293064876601414623663e-09	-2.89514026507030397539211e-01
-13.50		-2.00		3.0827740492169595480565741e-09	-6.14133907569244574808920e-01
-13.50		0.00		2.5145413870245776449320426e-09	-8.65656054109514849770335e-02
-13.50		2.00		3.0782997762863108716540188e-09	-8.01679227164027619068065e-01
-13.50		4.00		2.7382550335570114650598109e-09	-4.29623888810872711641053e-01
-13.50		6.00		2.6577181208053352898138143e-09	-3.93887197623907836518953e-01
-13.50		8.00		2.4474272930648474988937121e-09	-3.98975880124891379985286e-01
-13.50		10.00		2.5413870246084697033473748e-09	-4.16011948605095216446870e-01
-13.50		12.00		2.3355704697986305888298279e-09	-4.41097594387735880694379e-01
-13.50		14.00		2.4295302013422527932834906e-09	-4.72864413777699166274715e-01
-13.50		16.00		2.3221476510066845596221618e-09	-4.99876039260791660279182e-01
-13.50		18.00		2.4205816554809554404783799e-09	-5.44499015530782726202119e-01
-13.50		20.00		2.3087248322147385304144957e-09	-6.05934967789767853219018e-01
-13.50		22.00		2.2147651006711163259608330e-09	-6.52758087541441822665433e-01
-13.50		24.00		2.1073825503355480922995042e-09	-7.45298141452817031193945e-01
-13.50		26.00		2.2102908277404676495582776e-09	-8.24524639185049035283726e-01
-13.50		28.00		2.1029082774048994158969488e-09	-9.00526817040704918859717e-01
-13.50		30.00		2.2013422818791702967531669e-09	-1.02150082143569931325544e+00
-13.50		32.00		1.9955257270693311822356200e-09	-1.19091191340328328429621e+00
-13.50		34.00		2.0984340044742507394943934e-09	-1.35303383402385324352224e+00
-13.50		36.00		1.8881431767337629485742912e-09	-1.52375990951204953738340e+00
-13.50		38.00		1.9910514541386825058330646e-09	-1.78989285697232558547398e+00
-13.50		40.00		2.0805369127516560338841720e-09	-2.11765739969895783190168e+00
-13.50		42.00		1.8836689038031142721717358e-09	-2.53137571026893137826619e+00
-13.50		44.00		1.9821029082773851530279539e-09	-2.99129700768048234493790e+00
-13.50		46.00		1.9597315436241417710151771e-09	-3.54936385094534223583196e+00
-13.50		48.00		1.7762863534675458317152539e-09	-4.25067525729787387689385e+00
-13.50		50.00		1.8791946308724655957691805e-09	-5.08264278430864191449245e+00
-13.50		52.00		1.8612975391498706833638059e-09	-5.93313822356664033463858e+00
-13.50		54.00		1.6644295302013289216513697e-09	-6.62642437303979114915364e+00
-13.50		56.00		1.8702460850111682429640697e-09	-6.99798232339179637762072e+00
-13.50		58.00		1.8657718120805195665615144e-09	-6.96696565156416891539948e+00
-13.50		60.00		1.7315436241610590676897002e-09	-6.54119051896238445920062e+00
-13.50		62.00		1.4988814317673278947568211e-09	-5.86785939503432274477746e+00
-13.50		64.00		1.7628635346755998025075878e-09	-5.04193291794493791968534e+00
-13.50		66.00		1.7539149888143024497024771e-09	-4.22553218776833450220920e+00
-13.50		68.00		1.6420581655480855396385929e-09	-3.50643451342663814429557e+00
-13.50		70.00		1.6062639821028961284181499e-09	-2.89821016849750723309853e+00
-13.50		72.00		1.6554809843400315688462590e-09	-2.42559351153074809204213e+00
-9.00		-72.00		1.4004474272930570139006031e-09	-6.13703995700556337311582e-01
-9.00		-70.00		1.5078299776286252475619319e-09	-7.41741728857031157318147e-01
-9.00		-68.00		1.5212527964205712767695980e-09	-9.00460267652618329137226e-01
-9.00		-66.00		1.5346756152125173059772641e-09	-1.08432541015150030183634e+00
-9.00		-64.00		1.4407158836688951015236014e-09	-1.28222643764526078591359e+00
-9.00		-62.00		1.5033557046979765711593765e-09	-1.46033446076786077583165e+00
-9.00		-60.00		1.6196868008948421576258160e-09	-1.60350742887572206285540e+00
-9.00		-58.00		1.6375838926174368632360375e-09	-1.67405438906563408529848e+00
-9.00		-56.00		1.5436241610738146587823748e-09	-1.65006142226615826196223e+00
-9.00		-54.00		1.5436241610738146587823748e-09	-1.54553705102905047930051e+00
-9.00		-52.00		1.6241610738254908340283714e-09	-1.36782123451671955294273e+00
-9.00		-50.00		1.6420581655480855396385929e-09	-1.15846198119410503935001e+00
-9.00		-48.00		1.6510067114093828924437036e-09	-9.56793995225996618536612e-01
-9.00		-46.00		1.6062639821028961284181499e-09	-7.88270011504290990522748e-01
-9.00		-44.00		1.7449664429530050968973663e-09	-6.71419048402160156818752e-01
-9.00		-42.00		1.7539149888143024497024771e-09	-5.75676878679164283347802e-01
-9.00		-40.00		1.6599552572706802452488143e-09	-4.94584091419109750376037e-01
-9.00		-38.00		1.7449664429530050968973663e-09	-4.13313889814714285897423e-01
-9.00		-36.00		1.7628635346755998025075878e-09	-3.45471762832024131828490e-01
-9.00		-34.00		1.6599552572706802452488143e-09	-2.94643205167797517241013e-01
-9.00		-32.00		1.8657718120805195665615144e-09	-2.74234742016945309828202e-01
-9.00		-30.00		1.7673378076062484789101432e-09	-2.45638892791422674966029e-01
-9.00		-28.00		1.9686800894854391238202878e-09	-2.05396324498895749277594e-01
-9.00		-26.00		1.8747203579418169193666251e-09	-1.81060914797667754649879e-01
-9.00		-24.00		1.9686800894854391238202878e-09	-1.72598322778165669255657e-01
-9.00		-22.00		1.8702460850111682429640697e-09	-1.58555382618850132514510e-01
-9.00		-20.00		1.9597315436241417710151771e-09	-1.37267977234440313738517e-01
-9.00		-18.00		1.9955257270693311822356200e-09	-1.22170125318689246074477e-01
-9.00		-16.00		2.0984340044742507394943934e-09	-1.20950367138846881509551e-01
-9.00		-14.00		2.0671140939597100046765059e-09	-1.06218123042502179953495e-01
-9.00		-12.00		2.1879194630872242675455008e-09	-1.03874541281105764456427e-01
-9.00		-10.00		2.3087248322147385304144957e-09	-9.24549344198603573197204e-02
-9.00		-8.00		2.2997762863534411776093849e-09	-9.33480380119686425910430e-02
-9.00		-6.00		2.2147651006711163259608330e-09	-9.18449853707864055651910e-02
-9.00		-4.00		2.5369127516778210269448194e-09	-9.25037089915158039499232e-02
-9.00		-2.00		2.6398210290827405842035928e-09	-1.81404216870676232575832e-01
-9.00		0.00		2.9932885906039860200054668e-09	-8.44234943359734452128507e-02
-9.00		2.00		2.6442953020133892606061482e-09	-2.91561304925973152624152e-01
-9.00		4.00		2.5413870246084697033473748e-09	-1.78948939441970433783524e-01
-9.00		6.00		2.2192393736017650023633883e-09	-1.80616702633605658023797e-01
-9.00		8.00		2.2997762863534411776093849e-09	-1.87090835826377144268662e-01
-9.00		10.00		2.3087248322147385304144957e-09	-1.91431311908181078784708e-01
-9.00		12.00		2.1879194630872242675455008e-09	-2.12083787195567585737166e-01
-9.00		14.00		1.9955257270693311822356200e-09	-2.29551131222817866861519e-01
-9.00		16.00		2.0984340044742507394943934e-09	-2.49402656251953153132561e-01
-9.00		18.00		1.9955257270693311822356200e-09	-2.58182932664424380497792e-01
-9.00		20.00		1.9597315436241417710151771e-09	-2.89374385871795258839967e-01
-9.00		22.00		1.8791946308724655957691805e-09	-3.30171652114592206750388e-01
-9.00		24.00		1.9731543624160878002228432e-09	-3.61062403052469116371270e-01
-9.00		26.00		1.8791946308724655957691805e-09	-3.84871079673378468921641e-01
-9.00		28.00		1.9686800894854391238202878e-09	-4.36154947313660723562379e-01
-9.00		30.00		1.7718120805368971553126985e-09	-5.15733909813268054378455e-01
-9.00		32.00		1.8702460850111682429640697e-09	-5.77930719555062255565758e-01
-9.00		34.00		1.6644295302013289216513697e-09	-6.28404002460540622720941e-01
-9.00		36.00		1.7673378076062484789101432e-09	-7.35463731277757326587619e-01
-9.00		38.00		1.7494407158836537732999217e-09	-8.77148737777863285458579e-01
-9.00		40.00		1.6465324384787342160411482e-09	-1.04743160909153409932060e+00
-9.00		42.00		1.6599552572706802452488143e-09	-1.21449853420605724529935e+00
-9.00		44.00		1.7494407158836537732999217e-09	-1.42759879675997347625582e+00
-9.00		46.00		1.4451901565995437779261567e-09	-1.67701813462386972730656e+00
-9.00		48.00		1.6420581655480855396385929e-09	-2.04074534341963520489571e+00
-9.00		50.00		1.6510067114093828924437036e-09	-2.46789281633976020913224e+00
-9.00		52.00		1.6241610738254908340283714e-09	-2.91350678827738773790657e+00
-9.00		54.00		1.3333333333333268678622726e-09	-3.28870492876155973149821e+00
-9.00		56.00		1.5436241610738146587823748e-09	-3.51534421050294421107196e+00
-9.00		58.00		1.6420581655480855396385929e-09	-3.56997947648966507117052e+00
-9.00		60.00		1.5257270693512199531721533e-09	-3.41131443618020524510825e+00
-9.00		62.00		1.3959731543624083374980477e-09	-3.11302493487718434650446e+00
-9.00		64.00		1.1722595078299745173702794e-09	-2.75474933146384826088138e+00
-9.00		66.00		1.5346756152125173059772641e-09	-2.31427135547497053735810e+00
-9.00		68.00		1.5302013422818686295747087e-09	-1.91918878699561190614986e+00
-9.00		70.00		1.4228187919463003959133799e-09	-1.58736331721739110101055e+00
-9.00		72.00		1.3959731543624083374980477e-09	-1.30599411296370337964845e+00
-4.50		-72.00		1.0827740492170009893191720e-09	-9.77573489693672748046538e-02
-4.50		-70.00		1.0872483221476496657217274e-09	-1.18776487187303741999145e-01
-4.50		-68.00		1.0961968680089470185268381e-09	-1.42136727806154550268758e-01
-4.50		-66.00		1.1006711409395956949293935e-09	-1.66668870574801841755175e-01
-4.50		-64.00		1.1051454138702443713319489e-09	-1.90369862298847780657240e-01
-4.50		-62.00		1.1677852348993258409677240e-09	-2.12497315737000785906829e-01
-4.50		-60.00		1.1812080536912718701753901e-09	-2.28243289727750320317057e-01
-4.50		-58.00		1.1901565995525692229805008e-09	-2.35592566946447951048427e-01
-4.50		-56.00		1.1946308724832178993830562e-09	-2.32806992781020516414259e-01
-4.50		-54.00		1.1498881431767311353575025e-09	-2.19243880012548436608810e-01
-4.50		-52.00		1.1633109619686771645651686e-09	-1.97974787169217764093432e-01
-4.50		-50.00		1.1767337807606231937728347e-09	-1.69992730829323090979699e-01
-4.50		-48.00		1.2930648769574887802392743e-09	-1.35651463957948165139911e-01
-4.50		-46.00		1.1991051454138665757856116e-09	-1.10191604210242169448186e-01
-4.50		-44.00		1.2080536912751639285907223e-09	-8.65486450021947656408017e-02
-4.50		-42.00		1.2706935123042453982264974e-09	-7.19861312758192928296097e-02
-4.50		-40.00		1.2885906040268401038367189e-09	-6.40028587457531494830931e-02
-4.50		-38.00		1.3064876957494348094469404e-09	-5.92727298126897866881180e-02
-4.50		-36.00		1.3154362416107321622520511e-09	-5.40180582370515319223792e-02
-4.50		-34.00		1.2617449664429480454213867e-09	-4.77477807681864901967472e-02
-4.50		-32.00		1.4049217002237056903031584e-09	-3.43320152678022391667945e-02
-4.50		-30.00		1.3020134228187861330443850e-09	-2.93541547486817835932449e-02
-4.50		-28.00		1.3154362416107321622520511e-09	-2.34142641949113966548524e-02
-4.50		-26.00		1.3959731543624083374980477e-09	-2.60690999867314726623491e-02
-4.50		-24.00		1.4183445190156517195108245e-09	-2.64994231928236158302159e-02
-4.50		-22.00		1.4317673378075977487184906e-09	-2.31384686977929923679120e-02
-4.50		-20.00		1.5257270693512199531721533e-09	-1.54144960888228672174494e-02
-4.50		-18.00		1.4183445190156517195108245e-09	-1.31911240543244410311496e-02
-4.50		-16.00		1.5167785234899226003670426e-09	-1.84108164963385986800937e-02
-4.50		-14.00		1.5436241610738146587823748e-09	-1.63988562606146859312872e-02
-4.50		-12.00		1.6420581655480855396385929e-09	-9.73698043577866760578399e-03
-4.50		-10.00		1.5391498881431659823798194e-09	-7.42458102771638775441154e-03
-4.50		-8.00		1.6510067114093828924437036e-09	-1.09818823786857183016918e-02
-4.50		-6.00		1.6196868008948421576258160e-09	-5.11620671544920496698339e-03
-4.50		-4.00		1.8478747203579246541561398e-09	-2.85085614559960195610322e-03
-4.50		-2.00		1.2885906040268401038367189e-09	-3.37525600789879932570048e-03
-4.50		0.00		2.6577181208053352898138143e-09	-4.87844349575487432058019e-02
-4.50		2.00		1.2214765100671099577983884e-09	-4.36697743407670705556578e-03
-4.50		4.00		1.4496644295301924543287121e-09	-3.69105947417254359743666e-02
-4.50		6.00		1.5570469798657606879900409e-09	-4.56054165587277474114281e-02
-4.50		8.00		1.6554809843400315688462590e-09	-5.20243040054580718756227e-02
-4.50		10.00		1.5525727069351120115874855e-09	-5.04115540667935679852718e-02
-4.50		12.00		1.6420581655480855396385929e-09	-5.70491812356430025299225e-02
-4.50		14.00		1.5436241610738146587823748e-09	-7.35176012923895311201861e-02
-4.50		16.00		1.5302013422818686295747087e-09	-8.07731113696786851008369e-02
-4.50		18.00		1.4317673378075977487184906e-09	-7.44836117101524280981195e-02
-4.50		20.00		1.5212527964205712767695980e-09	-8.38869247204846735233019e-02
-4.50		22.00		1.3333333333333268678622726e-09	-1.11959327177224482463558e-01
-4.50		24.00		1.4272930648769490723159353e-09	-1.21972608442667343475740e-01
-4.50		26.00		1.2259507829977586342009438e-09	-1.07743779188491886622536e-01
-4.50		28.00		1.3243847874720295150571618e-09	-1.25980937994701586157831e-01
-4.50		30.00		1.3243847874720295150571618e-09	-1.50268902010572608096695e-01
-4.50		32.00		1.1185682326621904005396150e-09	-2.09321932976980290552760e-01
-4.50		34.00		1.2170022371364612813958330e-09	-2.30818855755232588133907e-01
-4.50		36.00		1.2214765100671099577983884e-09	-2.53626828217396349529622e-01
-4.50		38.00		1.3154362416107321622520511e-09	-2.87311446064178910297926e-01
-4.50		40.00		1.0067114093959734904757308e-09	-2.81368824820554419563479e-01
-4.50		42.00		1.1096196868008930477345042e-09	-3.51524471077137523611356e-01
-4.50		44.00		1.1991051454138665757856116e-09	-4.37280916080297121784071e-01
-4.50		46.00		1.2125279642058126049932777e-09	-5.49163910003357624844966e-01
-4.50		48.00		1.2975391498881374566418296e-09	-6.73332743746035911058812e-01
-4.50		50.00		7.7852348993288737503022716e-10	-8.78775700525214253922002e-01
-4.50		52.00		8.9485458612975564983365749e-10	-9.72331821309236232764306e-01
-4.50		54.00		1.0872483221476496657217274e-09	-1.07080377366207635247974e+00
-4.50		56.00		1.1096196868008930477345042e-09	-1.13212170273585188695620e+00
-4.50		58.00		1.1946308724832178993830562e-09	-1.16049064797231160639512e+00
-4.50		60.00		1.1767337807606231937728347e-09	-1.12611578970167935942470e+00
-4.50		62.00		1.0738255033557036365140613e-09	-1.04157261431652115035718e+00
-4.50		64.00		9.5302013422818937364506638e-10	-9.36914872711340662725377e-01
-4.50		66.00		8.4563758389261907203220619e-10	-8.33478999245655050032155e-01
-4.50		68.00		7.3378076062639957702890780e-10	-7.40089129675769452632039e-01
-4.50		70.00		1.1006711409395956949293935e-09	-5.83745754411345907364250e-01
-4.50		72.00		1.1006711409395956949293935e-09	-4.75983442111432508703217e-01
0.00		-72.00		4.9664429530201424762191519e-10	-5.54237076115830715195010e-02
0.00		-70.00		5.0111856823266302742204712e-10	-5.97980105230565620044736e-02
0.00		-68.00		5.0559284116331180722217906e-10	-6.39860881131679298805537e-02
0.00		-66.00		5.1006711409396058702231100e-10	-6.78760707794509032808605e-02
0.00		-64.00		5.1454138702460936682244293e-10	-7.13471298512268481406551e-02
0.00		-62.00		5.1901565995525814662257487e-10	-7.42729571177934422276934e-02
0.00		-60.00		5.2348993288590692642270680e-10	-7.65263566060192940154749e-02
0.00		-58.00		5.2796420581655570622283874e-10	-7.79849244484290549106476e-02
0.00		-56.00		5.3243847874720448602297068e-10	-7.85376964061948734663332e-02
0.00		-54.00		5.3243847874720448602297068e-10	-7.77282617309144052697434e-02
0.00		-52.00		5.3691275167785326582310261e-10	-7.62746347983463135467019e-02
0.00		-50.00		5.3691275167785326582310261e-10	-7.35060710255837218563002e-02
0.00		-48.00		5.3691275167785326582310261e-10	-6.98439038064362083257919e-02
0.00		-46.00		5.3243847874720448602297068e-10	-6.52962698260085849799594e-02
0.00		-44.00		4.0715883668903865161927647e-10	-5.51702094424297018182557e-02
0.00		-42.00		4.0715883668903865161927647e-10	-5.22351307343972767749385e-02
0.00		-40.00		3.2662192393736061521690162e-10	-4.43910723559529929449496e-02
0.00		-38.00		3.2662192393736061521690162e-10	-4.28366877856093883347732e-02
0.00		-36.00		3.2662192393736061521690162e-10	-4.12031743696714691793659e-02
0.00		-34.00		3.3109619686800939501703356e-10	-3.96250094738343980327322e-02
0.00		-32.00		3.3109619686800939501703356e-10	-3.78136014591894317748988e-02
0.00		-30.00		4.9664429530201424762191519e-10	-2.06796173935879720739983e-02
0.00		-28.00		5.1006711409396058702231100e-10	-1.46203697751390165882057e-02
0.00		-26.00		5.2348993288590692642270680e-10	-9.42813097737146312005141e-03
0.00		-24.00		5.3243847874720448602297068e-10	-5.72015681634848414949257e-03
0.00		-22.00		5.4138702460850204562323455e-10	-3.25682241958326909939125e-03
0.00		-20.00		5.4586129753915082542336648e-10	-2.00748310720916213131804e-03
0.00		-18.00		5.5033557046979960522349842e-10	-1.62007328590135996418398e-03
0.00		-16.00		5.4586129753915082542336648e-10	-1.71803766658110536671988e-03
0.00		-14.00		5.2796420581655570622283874e-10	-2.57827979974702267348952e-03
0.00		-12.00		5.0111856823266302742204712e-10	-5.48214728227695673179465e-03
0.00		-10.00		4.8769574944071668802165132e-10	-9.99451931148874136989768e-03
0.00		-8.00		3.1319910514541427581650581e-10	-2.37221818407922571680935e-02
0.00		-6.00		3.0872483221476549601637388e-10	-2.43347421418094699008261e-02
0.00		-4.00		2.9977628635346793641611000e-10	-2.52582628766396359576429e-02
0.00		-2.00		1.3601789709172189262776048e-09	-2.29631976762462552965616e-01
0.00		0.00		2.3266219239373623941413096e-10	-5.45242419498072252576071e-03
0.00		2.00		2.3266219239373623941413096e-10	-4.29649093343496130126269e-03
0.00		4.00		2.3266219239373623941413096e-10	-3.43465318565687677612730e-03
0.00		6.00		5.9955257270693618302494972e-10	1.24154374898146594059789e-03
0.00		8.00		5.8165548098434106382442197e-10	3.17058682789418157244032e-03
0.00		10.00		5.5928411633109716482376229e-10	8.86225644167585842672641e-04
0.00		12.00		2.3266219239373623941413096e-10	-2.64911712621604920891993e-03
0.00		14.00		2.3266219239373623941413096e-10	-3.01846748528820279025564e-03
0.00		16.00		2.3266219239373623941413096e-10	-3.56769628470472938489011e-03
0.00		18.00		2.3266219239373623941413096e-10	-4.27189501348150275222837e-03
0.00		20.00		2.3266219239373623941413096e-10	-5.10710259268223540352061e-03
0.00		22.00		2.3266219239373623941413096e-10	-6.04943247649887636679944e-03
0.00		24.00		2.9082774049217037681584613e-10	-7.99564698938852631837637e-03
0.00		26.00		2.9530201342281915661597807e-10	-9.44116536504954750874674e-03
0.00		28.00		2.9977628635346793641611000e-10	-1.10883471473508694871146e-02
0.00		30.00		2.9977628635346793641611000e-10	-1.29461538466600096369818e-02
0.00		32.00		2.9977628635346793641611000e-10	-1.48597772009545162769095e-02
0.00		34.00		3.0425055928411671621624194e-10	-1.68762119003810565076584e-02
0.00		36.00		4.2058165548098499101967228e-10	-2.20535830627108173085382e-02
0.00		38.00		4.2505592841163377081980421e-10	-2.50041246263827676710179e-02
0.00		40.00		4.2505592841163377081980421e-10	-2.80146198729300938135012e-02
0.00		42.00		4.2505592841163377081980421e-10	-3.09408652074295888179112e-02
0.00		44.00		4.2505592841163377081980421e-10	-3.37316563427438806388459e-02
0.00		46.00		4.2505592841163377081980421e-10	-3.63375099883280067158964e-02
0.00		48.00		4.2505592841163377081980421e-10	-3.87113238670017192899486e-02
0.00		50.00		4.2058165548098499101967228e-10	-4.05374413714831641208924e-02
0.00		52.00		4.2058165548098499101967228e-10	-4.22781294933127771429326e-02
0.00		54.00		4.2058165548098499101967228e-10	-4.36822306958153175338033e-02
0.00		56.00		4.1610738255033621121954034e-10	-4.43549804437160591352729e-02
0.00		58.00		4.1610738255033621121954034e-10	-4.50149523109149227173553e-02
0.00		60.00		4.1610738255033621121954034e-10	-4.53039892535960289632335e-02
0.00		62.00		4.1163310961968743141940840e-10	-4.48604099346631979283728e-02
0.00		64.00		4.1163310961968743141940840e-10	-4.44454280770380724674418e-02
0.00		66.00		4.0715883668903865161927647e-10	-4.33908776946295426935052e-02
0.00		68.00		4.0715883668903865161927647e-10	-4.23707768254786079631380e-02
0.00		70.00		4.0268456375838987181914453e-10	-4.08553905582832582732422e-02
0.00		72.00		4.0268456375838987181914453e-10	-3.93572242795100085688276e-02
4.50		-72.00		1.1812080536912718701753901e-09	-4.98347505924586209324900e-01
4.50		-70.00		1.1946308724832178993830562e-09	-6.11960822465296594430129e-01
4.50		-68.00		7.3378076062639957702890780e-10	-7.98928567432154901339914e-01
4.50		-66.00		8.4116331096197029223207426e-10	-9.01653634938880510496517e-01
4.50		-64.00		9.6196868008948672645017712e-10	-1.01822604413357442609822e+00
4.50		-62.00		1.0738255033557036365140613e-09	-1.13544164508939937618948e+00
4.50		-60.00		1.1946308724832178993830562e-09	-1.23631251933532770870272e+00
4.50		-58.00		1.2125279642058126049932777e-09	-1.28128972762629866899431e+00
4.50		-56.00		1.2125279642058126049932777e-09	-1.26912117362805521025848e+00
4.50		-54.00		1.0111856823266221668782862e-09	-1.18501233396409211273692e+00
4.50		-52.00		9.9776286353467613767062005e-10	-1.09437794318635361889847e+00
4.50		-50.00		7.9194630872483371443062296e-10	-9.90545769992610458665183e-01
4.50		-48.00		1.3020134228187861330443850e-09	-7.66183510803378431397448e-01
4.50		-46.00		1.2214765100671099577983884e-09	-6.27898178628713665716532e-01
4.50		-44.00		1.2170022371364612813958330e-09	-5.02754005099514067467226e-01
4.50		-42.00		1.1096196868008930477345042e-09	-4.07451539325780709432934e-01
4.50		-40.00		1.0111856823266221668782862e-09	-3.27912235579377486782704e-01
4.50		-38.00		1.3243847874720295150571618e-09	-3.36445916419898682914180e-01
4.50		-36.00		1.3154362416107321622520511e-09	-3.04503238256865149669039e-01
4.50		-34.00		1.2259507829977586342009438e-09	-2.74936900751555080013588e-01
4.50		-32.00		1.1230425055928390769421703e-09	-2.51595119177973391977332e-01
4.50		-30.00		1.4228187919463003959133799e-09	-1.78961380343744452803278e-01
4.50		-28.00		1.3333333333333268678622726e-09	-1.55687967434104207464785e-01
4.50		-26.00		1.5346756152125173059772641e-09	-1.67679822639916431548102e-01
4.50		-24.00		1.4451901565995437779261567e-09	-1.56293989183228121397917e-01
4.50		-22.00		1.4138702460850030431082692e-09	-1.43826495230986645124105e-01
4.50		-20.00		1.5525727069351120115874855e-09	-1.11146939532046074017302e-01
4.50		-18.00		1.6644295302013289216513697e-09	-1.22047735468550869186721e-01
4.50		-16.00		1.6689038031319775980539251e-09	-1.14301151435291292735030e-01
4.50		-14.00		1.5480984340044633351849302e-09	-1.06934518328246963569939e-01
4.50		-12.00		1.6644295302013289216513697e-09	-9.39252481945336697988225e-02
4.50		-10.00		1.7673378076062484789101432e-09	-1.02883579045937145757250e-01
4.50		-8.00		1.9821029082773851530279539e-09	-1.07520796183518466127005e-01
4.50		-6.00		1.8926174496644116249768466e-09	-1.21763733954997246944352e-01
4.50		-4.00		2.2058165548098189731557222e-09	-1.64498444312373093278978e-01
4.50		-2.00		2.8859060402684177863441380e-09	-5.59817233827188953654286e-01
4.50		0.00		2.5369127516778210269448194e-09	-1.06452452318326229452339e-01
4.50		2.00		2.8859060402684177863441380e-09	-4.02601503369662994114009e-01
4.50		4.00		2.4161073825503067640758245e-09	-8.58757353406330858902606e-02
4.50		6.00		1.8836689038031142721717358e-09	-5.17791541788880926855398e-02
4.50		8.00		1.9776286353467364766253985e-09	-4.03948340336337877176653e-02
4.50		10.00		1.8389261744966273013510290e-09	-3.08444593269477512764709e-02
4.50		12.00		1.6554809843400315688462590e-09	-2.75110936270848045748227e-02
4.50		14.00		1.6107382550335448048207053e-09	-2.94355255635056073382216e-02
4.50		16.00		1.6599552572706802452488143e-09	-3.52434304903646855589017e-02
4.50		18.00		1.6375838926174368632360375e-09	-3.58772771511254306986416e-02
4.50		20.00		1.5391498881431659823798194e-09	-2.77179085903284556924309e-02
4.50		22.00		1.5078299776286252475619319e-09	-3.41286140999533874063054e-02
4.50		24.00		1.4272930648769490723159353e-09	-4.30485122672511974495357e-02
4.50		26.00		1.5302013422818686295747087e-09	-4.48463034774978022700687e-02
4.50		28.00		1.5078299776286252475619319e-09	-4.48058818567083974593324e-02
4.50		30.00		1.4272930648769490723159353e-09	-4.27735663036485289079103e-02
4.50		32.00		1.4138702460850030431082692e-09	-5.06756070991579224416235e-02
4.50		34.00		1.3959731543624083374980477e-09	-6.28190129795230811637907e-02
4.50		36.00		1.3199105145413808386546065e-09	-7.55050835339043102667489e-02
4.50		38.00		1.3064876957494348094469404e-09	-8.15525744433276550404699e-02
4.50		40.00		1.4049217002237056903031584e-09	-9.17052856649649833498117e-02
4.50		42.00		1.2751677852348940746290528e-09	-9.70893612836992436765371e-02
4.50		44.00		1.2080536912751639285907223e-09	-1.15722403727236092252362e-01
4.50		46.00		1.3064876957494348094469404e-09	-1.42684288090638600188242e-01
4.50		48.00		1.2975391498881374566418296e-09	-1.77005979193969875673531e-01
4.50		50.00		1.2841163310961914274341635e-09	-2.14701255163892518185165e-01
4.50		52.00		1.2125279642058126049932777e-09	-2.51159406857778544353010e-01
4.50		54.00		1.2080536912751639285907223e-09	-2.76470663068234923098743e-01
4.50		56.00		1.2035794183445152521881669e-09	-2.90126738423868379967985e-01
4.50		58.00		1.1946308724832178993830562e-09	-2.90746276255380409203610e-01
4.50		60.00		1.1856823266219205465779455e-09	-2.79154116899168525112174e-01
4.50		62.00		1.1722595078299745173702794e-09	-2.57685983752746872177397e-01
4.50		64.00		1.1633109619686771645651686e-09	-2.29844498381818418408784e-01
4.50		66.00		1.1006711409395956949293935e-09	-1.99122468996091511739266e-01
4.50		68.00		1.0961968680089470185268381e-09	-1.68659147029710049237039e-01
4.50		70.00		1.1856823266219205465779455e-09	-1.37153671804474186490808e-01
4.50		72.00		1.1767337807606231937728347e-09	-1.11982751064781560490502e-01
9.00		-72.00		1.3959731543624083374980477e-09	-1.33502529849964890473757e+00
9.00		-70.00		1.4183445190156517195108245e-09	-1.62363662583534362759963e+00
9.00		-68.00		1.5302013422818686295747087e-09	-1.96579088332832352392643e+00
9.00		-66.00		1.5391498881431659823798194e-09	-2.37640803817386814245083e+00
9.00		-64.00		1.4317673378075977487184906e-09	-2.82724489593209860061052e+00
9.00		-62.00		1.3959731543624083374980477e-09	-3.23085313305116006432627e+00
9.00		-60.00		1.5212527964205712767695980e-09	-3.56117036442694478992621e+00
9.00		-58.00		1.6465324384787342160411482e-09	-3.75519082537665571663865e+00
9.00		-56.00		1.5436241610738146587823748e-09	-3.72621296717597072500894e+00
9.00		-54.00		1.4407158836688951015236014e-09	-3.51543005096773564233104e+00
9.00		-52.00		1.6241610738254908340283714e-09	-3.13879198492435707024129e+00
9.00		-50.00		1.6510067114093828924437036e-09	-2.67649592070828479251077e+00
9.00		-48.00		1.6554809843400315688462590e-09	-2.22244648327694660494558e+00
9.00		-46.00		1.5391498881431659823798194e-09	-1.83260870417883414695837e+00
9.00		-44.00		1.7494407158836537732999217e-09	-1.55886245428569369941840e+00
9.00		-42.00		1.7583892617449511261050324e-09	-1.33679245150425307642195e+00
9.00		-40.00		1.6599552572706802452488143e-09	-1.15033017357408606784475e+00
9.00		-38.00		1.8612975391498706833638059e-09	-9.57814868863166801737918e-01
9.00		-36.00		1.7673378076062484789101432e-09	-8.16808312932680191664758e-01
9.00		-34.00		1.6689038031319775980539251e-09	-7.00584382967078811432771e-01
9.00		-32.00		1.8747203579418169193666251e-09	-6.44644174243305334570664e-01
9.00		-30.00		1.7762863534675458317152539e-09	-5.78577546326063840709253e-01
9.00		-28.00		1.9776286353467364766253985e-09	-4.94764018050247000868325e-01
9.00		-26.00		1.8836689038031142721717358e-09	-4.39822151263267846488247e-01
9.00		-24.00		1.9731543624160878002228432e-09	-4.14030679703367709976192e-01
9.00		-22.00		1.9910514541386825058330646e-09	-3.83476460018010389951826e-01
9.00		-20.00		2.0939597315436020630918381e-09	-3.36683239533616229799406e-01
9.00		-18.00		2.2102908277404676495582776e-09	-3.26364623429556799383278e-01
9.00		-16.00		2.1118568232661967687020595e-09	-3.06696490124602538784870e-01
9.00		-14.00		2.2058165548098189731557222e-09	-2.78904975928474074819974e-01
9.00		-12.00		2.1118568232661967687020595e-09	-2.67710368389334318894868e-01
9.00		-10.00		2.3176733780760358832196064e-09	-2.63456487725951427059101e-01
9.00		-8.00		2.4340044742729014696860460e-09	-2.75262527249961308495330e-01
9.00		-6.00		2.4429530201341988224911567e-09	-2.94723518277788809616169e-01
9.00		-4.00		2.6666666666666326426189250e-09	-3.84410315522506706997774e-01
9.00		-2.00		3.1051454138702029300693510e-09	-8.93067723050503747828088e-01
9.00		0.00		2.5145413870245776449320426e-09	-1.06396803325141814378085e-01
9.00		2.00		3.1051454138702029300693510e-09	-6.93240828508303819077696e-01
9.00		4.00		2.6621923937359839662163697e-09	-2.51052088504284176551096e-01
9.00		6.00		2.4384787472035501460886013e-09	-1.75582498536981546077840e-01
9.00		8.00		2.4340044742729014696860460e-09	-1.57294827045683038857504e-01
9.00		10.00		2.3131991051453872068170510e-09	-1.43827689599909602780059e-01
9.00		12.00		2.1744966442952782383378347e-09	-1.48000838447297083932952e-01
9.00		14.00		2.2058165548098189731557222e-09	-1.46406793898800763331636e-01
9.00		16.00		2.1073825503355480922995042e-09	-1.61096324270687540902713e-01
9.00		18.00		2.2013422818791702967531669e-09	-1.69522074440686842944359e-01
9.00		20.00		2.0939597315436020630918381e-09	-1.70401698187293393349506e-01
9.00		22.00		1.9910514541386825058330646e-09	-1.95312284293096133369616e-01
9.00		24.00		1.9686800894854391238202878e-09	-2.08820726310104703982162e-01
9.00		26.00		1.8791946308724655957691805e-09	-2.18246120248223679505273e-01
9.00		28.00		1.9731543624160878002228432e-09	-2.44865717559112877621530e-01
9.00		30.00		1.7673378076062484789101432e-09	-2.87951991373283588959708e-01
9.00		32.00		1.8657718120805195665615144e-09	-3.18813344911138107917736e-01
9.00		34.00		1.8344519015659786249484737e-09	-3.49554156731323006912504e-01
9.00		36.00		1.7628635346755998025075878e-09	-3.98871738262756070358961e-01
9.00		38.00		1.8568232662192220069612505e-09	-4.67286252445321348414353e-01
9.00		40.00		1.6599552572706802452488143e-09	-5.62434997680486881144191e-01
9.00		42.00		1.7583892617449511261050324e-09	-6.51306696331817480682957e-01
9.00		44.00		1.7449664429530050968973663e-09	-7.56458344055625619972716e-01
9.00		46.00		1.6062639821028961284181499e-09	-8.87189493156969932741163e-01
9.00		48.00		1.6554809843400315688462590e-09	-1.07309202652278790068863e+00
9.00		50.00		1.6420581655480855396385929e-09	-1.29214035128666204776948e+00
9.00		52.00		1.6241610738254908340283714e-09	-1.51382713567554416655980e+00
9.00		54.00		1.5480984340044633351849302e-09	-1.69471716145070216974489e+00
9.00		56.00		1.6465324384787342160411482e-09	-1.79784866364076378886239e+00
9.00		58.00		1.6375838926174368632360375e-09	-1.80363580697101832939211e+00
9.00		60.00		1.6196868008948421576258160e-09	-1.71344380641405868992422e+00
9.00		62.00		1.4988814317673278947568211e-09	-1.54957717822079477087982e+00
9.00		64.00		1.5391498881431659823798194e-09	-1.34891166603625101139130e+00
9.00		66.00		1.5346756152125173059772641e-09	-1.13780604558582099095077e+00
9.00		68.00		1.5212527964205712767695980e-09	-9.41681111350615940303044e-01
9.00		70.00		1.5078299776286252475619319e-09	-7.74242381072202334735266e-01
9.00		72.00		1.4004474272930570139006031e-09	-6.39761917290097237298596e-01
13.50		-72.00		1.7539149888143024497024771e-09	-2.43836058753057027814748e+00
13.50		-70.00		1.5167785234899226003670426e-09	-2.89280294554389394434679e+00
13.50		-68.00		1.6375838926174368632360375e-09	-3.50004842085598966150428e+00
13.50		-66.00		1.7539149888143024497024771e-09	-4.22456576544155915087231e+00
13.50		-64.00		1.8612975391498706833638059e-09	-5.04757917347724838208478e+00
13.50		-62.00		1.6554809843400315688462590e-09	-5.92093462011054949556410e+00
13.50		-60.00		1.7315436241610590676897002e-09	-6.65569456348505017473371e+00
13.50		-58.00		1.8612975391498706833638059e-09	-7.15452378214025586089519e+00
13.50		-56.00		1.8747203579418169193666251e-09	-7.26380633641520034871064e+00
13.50		-54.00		1.6644295302013289216513697e-09	-6.94682574761045668054749e+00
13.50		-52.00		1.8523489932885733305586951e-09	-6.28756610072992749849163e+00
13.50		-50.00		1.9731543624160878002228432e-09	-5.41720135596646024112033e+00
13.50		-48.00		1.8747203579418169193666251e-09	-4.55626772539791335958625e+00
13.50		-46.00		1.9507829977628444182100663e-09	-3.80885597812484588686743e+00
13.50		-44.00		1.9865771812080338294305093e-09	-3.21351657703351190065177e+00
13.50		-42.00		1.8881431767337629485742912e-09	-2.72291222305416269477973e+00
13.50		-40.00		2.0805369127516560338841720e-09	-2.28848901867160270384716e+00
13.50		-38.00		1.9910514541386825058330646e-09	-1.93788451568473241160007e+00
13.50		-36.00		1.8926174496644116249768466e-09	-1.65168229410913136590011e+00
13.50		-34.00		2.0984340044742507394943934e-09	-1.46380534510851911811358e+00
13.50		-32.00		1.9999999999999798586381754e-09	-1.29230129457131281967008e+00
13.50		-30.00		2.2058165548098189731557222e-09	-1.11551334627410403399494e+00
13.50		-28.00		2.1073825503355480922995042e-09	-9.85806479258340750959633e-01
13.50		-26.00		2.2058165548098189731557222e-09	-9.03625111700131378178469e-01
13.50		-24.00		2.1118568232661967687020595e-09	-8.22336748048038357339351e-01
13.50		-22.00		2.3131991051453872068170510e-09	-7.27391316394243814258402e-01
13.50		-20.00		2.4205816554809554404783799e-09	-6.81056796285752330533114e-01
13.50		-18.00		2.3221476510066845596221618e-09	-6.29719281467445823885498e-01
13.50		-16.00		2.4429530201341988224911567e-09	-5.73393088976654863309079e-01
13.50		-14.00		2.4205816554809554404783799e-09	-5.50231333685578527514792e-01
13.50		-12.00		2.5458612975391183797499301e-09	-5.15990230805629446209082e-01
13.50		-10.00		2.4474272930648474988937121e-09	-5.01507795358343999581052e-01
13.50		-8.00		2.6621923937359839662163697e-09	-5.03468470226943520806628e-01
13.50		-6.00		2.8724832214764717571364719e-09	-5.35837690035048219705516e-01
13.50		-4.00		2.9843400447426886672003561e-09	-6.56203082406649373936602e-01
13.50		-2.00		3.0961968680089055772642402e-09	-1.18142884162872707776160e+00
13.50		0.00		2.4250559284116041168809352e-09	-1.13427627985685786082826e-01
13.50		2.00		3.0961968680089055772642402e-09	-9.53408906102549691397030e-01
13.50		4.00		2.9888143176733373436029114e-09	-4.78836567981830274476351e-01
13.50		6.00		2.8680089485458230807339165e-09	-3.70448984849485241088729e-01
13.50		8.00		2.6577181208053352898138143e-09	-3.37560476629761019307097e-01
13.50		10.00		2.5100671140939289685294872e-09	-3.35599548623080279341480e-01
13.50		12.00		2.5413870246084697033473748e-09	-3.34794704097515827267983e-01
13.50		14.00		2.4205816554809554404783799e-09	-3.54991498861834176015151e-01
13.50		16.00		2.4429530201341988224911567e-09	-3.65382213103773945128694e-01
13.50		18.00		2.3266219239373332360247171e-09	-4.00313488313609466828780e-01
13.50		20.00		2.4205816554809554404783799e-09	-4.31109176094775226051325e-01
13.50		22.00		2.3176733780760358832196064e-09	-4.56589416743570231105309e-01
13.50		24.00		2.1029082774048994158969488e-09	-5.16531282815854919654441e-01
13.50		26.00		2.2013422818791702967531669e-09	-5.65085114686996070609837e-01
13.50		28.00		2.1029082774048994158969488e-09	-6.12568765010455207331574e-01
13.50		30.00		2.2013422818791702967531669e-09	-6.92163461700793347652905e-01
13.50		32.00		1.9955257270693311822356200e-09	-8.02510906909437604639379e-01
13.50		34.00		2.0939597315436020630918381e-09	-9.06416721524680890631487e-01
13.50		36.00		1.9910514541386825058330646e-09	-1.02123850982011754595646e+00
13.50		38.00		1.9865771812080338294305093e-09	-1.19439371102812641467494e+00
13.50		40.00		2.0805369127516560338841720e-09	-1.40917500694155450879919e+00
13.50		42.00		1.8836689038031142721717358e-09	-1.67632256933038381596646e+00
13.50		44.00		1.9821029082773851530279539e-09	-1.97498276431527908236774e+00
13.50		46.00		1.9597315436241417710151771e-09	-2.33808600201571303855985e+00
13.50		48.00		1.8791946308724655957691805e-09	-2.79273927409204070215765e+00
13.50		50.00		1.9731543624160878002228432e-09	-3.31863373644910497617389e+00
13.50		52.00		1.8523489932885733305586951e-09	-3.85018633217018324543801e+00
13.50		54.00		1.7718120805368971553126985e-09	-4.25321357021882473503638e+00
13.50		56.00		1.8702460850111682429640697e-09	-4.44186963138744417278758e+00
13.50		58.00		1.8568232662192220069612505e-09	-4.37165354069401601577738e+00
13.50		60.00		1.8299776286353299485459183e-09	-4.06782581078840532740060e+00
13.50		62.00		1.7628635346755998025075878e-09	-3.60960871047908549158478e+00
13.50		64.00		1.8568232662192220069612505e-09	-3.08047511736701595808086e+00
13.50		66.00		1.7494407158836537732999217e-09	-2.57796841388927289173694e+00
13.50		68.00		1.7270693512304103912871448e-09	-2.13243349033044049534169e+00
13.50		70.00		1.6554809843400315688462590e-09	-1.76687774610110759354598e+00
13.50		72.00		1.7539149888143024497024771e-09	-1.48657219786619787527115e+00
18.00		-72.00		1.8657718120805195665615144e-09	-3.55515830090865048163096e+00
18.00		-70.00		1.8791946308724655957691805e-09	-4.20505817845985152558796e+00
18.00		-68.00		1.7225950782997617148845895e-09	-5.01345954908338597988404e+00
18.00		-66.00		1.8478747203579246541561398e-09	-6.04992264854157468789708e+00
18.00		-64.00		1.9686800894854391238202878e-09	-7.26900874074873826202747e+00
18.00		-62.00		1.9821029082773851530279539e-09	-8.61933394145919073991990e+00
18.00		-60.00		1.7270693512304103912871448e-09	-9.93219804751590729097188e+00
18.00		-58.00		1.9642058165547904474177324e-09	-1.09477716591549683045059e+01
18.00		-56.00		2.0850111856823047102867273e-09	-1.14519036224045880345557e+01
18.00		-54.00		1.8881431767337629485742912e-09	-1.12556090512580500018203e+01
18.00		-52.00		1.9552572706934930946126217e-09	-1.04508498939273710703901e+01
18.00		-50.00		2.0939597315436020630918381e-09	-9.19075966177899594811151e+00
18.00		-48.00		1.9955257270693311822356200e-09	-7.82156221427851949812293e+00
18.00		-46.00		2.0671140939597100046765059e-09	-6.55527835465385955160400e+00
18.00		-44.00		2.2013422818791702967531669e-09	-5.51943660938377878011352e+00
18.00		-42.00		1.9999999999999798586381754e-09	-4.64719321152938036334490e+00
18.00		-40.00		2.1968680089485216203506115e-09	-3.90392797578020411819466e+00
18.00		-38.00		2.2058165548098189731557222e-09	-3.29248657622860640969975e+00
18.00		-36.00		2.0044742729306285350407307e-09	-2.80414452283763537820960e+00
18.00		-34.00		2.2147651006711163259608330e-09	-2.46018245629941434415855e+00
18.00		-32.00		2.1118568232661967687020595e-09	-2.15746919203409914800318e+00
18.00		-30.00		2.3221476510066845596221618e-09	-1.86388574524060990356134e+00
18.00		-28.00		2.4116331096196580876732691e-09	-1.66311105840490802698639e+00
18.00		-26.00		2.3266219239373332360247171e-09	-1.49309749420518844686967e+00
18.00		-24.00		2.4205816554809554404783799e-09	-1.32927206039834033823865e+00
18.00		-22.00		2.3310961968679819124272725e-09	-1.19583696035210440555829e+00
18.00		-20.00		2.5324384787471723505422640e-09	-1.10849027236302233312415e+00
18.00		-18.00		2.5279642058165236741397087e-09	-1.00751682956434107651944e+00
18.00		-16.00		2.6398210290827405842035928e-09	-9.41522757683550426399677e-01
18.00		-14.00		2.5458612975391183797499301e-09	-8.82672750281306539577031e-01
18.00		-12.00		2.6621923937359839662163697e-09	-8.24801199159376774439068e-01
18.00		-10.00		2.6442953020133892606061482e-09	-8.04082344490113731794168e-01
18.00		-8.00		2.7740492170022008762802538e-09	-7.85063257107171175164240e-01
18.00		-6.00		2.9753914988813913143952453e-09	-8.14752615867670559879343e-01
18.00		-4.00		3.0917225950782569008616849e-09	-9.43571369489626610160826e-01
18.00		-2.00		3.1006711409395542536667956e-09	-1.39503405524584134234090e+00
18.00		0.00		2.4161073825503067640758245e-09	-1.11881424901691506335055e-01
18.00		2.00		3.1006711409395542536667956e-09	-1.15091677100827927127114e+00
18.00		4.00		3.0917225950782569008616849e-09	-7.29890078593690816433082e-01
18.00		6.00		2.9709172259507426379926900e-09	-6.08261564999510451201559e-01
18.00		8.00		2.7740492170022008762802538e-09	-5.74634248409292336390308e-01
18.00		10.00		2.6442953020133892606061482e-09	-5.82447043208231263200503e-01
18.00		12.00		2.6621923937359839662163697e-09	-5.90734334678761463521823e-01
18.00		14.00		2.5458612975391183797499301e-09	-6.29269505543964657867662e-01
18.00		16.00		2.6398210290827405842035928e-09	-6.67809741768423448249337e-01
18.00		18.00		2.5279642058165236741397087e-09	-7.10351811864203930291239e-01
18.00		20.00		2.5369127516778210269448194e-09	-7.80184104673571687804667e-01
18.00		22.00		2.4340044742729014696860460e-09	-8.39204877608853205828154e-01
18.00		24.00		2.4161073825503067640758245e-09	-9.29585510468795339633630e-01
18.00		26.00		2.3221476510066845596221618e-09	-1.04310496595363955130153e+00
18.00		28.00		2.4116331096196580876732691e-09	-1.15927818758383827102421e+00
18.00		30.00		2.3221476510066845596221618e-09	-1.29582224595091699548277e+00
18.00		32.00		2.2863534675614951484017188e-09	-1.48955214472553243432174e+00
18.00		34.00		2.2102908277404676495582776e-09	-1.70756582232940790078146e+00
18.00		36.00		2.2997762863534411776093849e-09	-1.96251191238878130995715e+00
18.00		38.00		2.2102908277404676495582776e-09	-2.27862647030763998401426e+00
18.00		40.00		2.1968680089485216203506115e-09	-2.70024887828924553545562e+00
18.00		42.00		2.1029082774048994158969488e-09	-3.21396575669594142254937e+00
18.00		44.00		2.2013422818791702967531669e-09	-3.81261974656456059662446e+00
18.00		46.00		2.1744966442952782383378347e-09	-4.53184676102751726745055e+00
18.00		48.00		1.9955257270693311822356200e-09	-5.39399650640745864649261e+00
18.00		50.00		2.0894854586129533866892827e-09	-6.33607505610843535492904e+00
18.00		52.00		2.0626398210290613282739505e-09	-7.19517791765486514066197e+00
18.00		54.00		1.9910514541386825058330646e-09	-7.75762495860786671642018e+00
18.00		56.00		2.0850111856823047102867273e-09	-7.88442139174114231536805e+00
18.00		58.00		1.9642058165547904474177324e-09	-7.53381000087755303695758e+00
18.00		60.00		1.8791946308724655957691805e-09	-6.83102766063663224826996e+00
18.00		62.00		1.9821029082773851530279539e-09	-5.92798998474828220395239e+00
18.00		64.00		1.9686800894854391238202878e-09	-4.99868450455878665650289e+00
18.00		66.00		1.8478747203579246541561398e-09	-4.16005217921510261902540e+00
18.00		68.00		1.7762863534675458317152539e-09	-3.44901200335535085272909e+00
18.00		70.00		1.8747203579418169193666251e-09	-2.88971128639150309780348e+00
18.00		72.00		1.8612975391498706833638059e-09	-2.44223112082576054859828e+00
22.50		-72.00		1.8612975391498706833638059e-09	-4.48579455691163442310199e+00
22.50		-70.00		1.9731543624160878002228432e-09	-5.28902807906976235585716e+00
22.50		-68.00		2.0805369127516560338841720e-09	-6.28895555283597573748011e+00
22.50		-66.00		1.8389261744966273013510290e-09	-7.50714997793092120303982e+00
22.50		-64.00		1.9642058165547904474177324e-09	-9.04316492136643113042282e+00
22.50		-62.00		2.0894854586129533866892827e-09	-1.08142195087872980963084e+01
22.50		-60.00		2.0939597315436020630918381e-09	-1.27021542941750844590842e+01
22.50		-58.00		1.9507829977628444182100663e-09	-1.44124023354561767717996e+01
22.50		-56.00		2.1834451901565755911429454e-09	-1.55975892608609623124494e+01
22.50		-54.00		2.1029082774048994158969488e-09	-1.59130137781676470609682e+01
22.50		-52.00		1.9910514541386825058330646e-09	-1.52818881742056493777682e+01
22.50		-50.00		2.1968680089485216203506115e-09	-1.38434407685541209787061e+01
22.50		-48.00		2.2102908277404676495582776e-09	-1.19967546160819900080696e+01
22.50		-46.00		2.0044742729306285350407307e-09	-1.01305344075571053252816e+01
22.50		-44.00		2.3131991051453872068170510e-09	-8.52359600747673162857154e+00
22.50		-42.00		2.2147651006711163259608330e-09	-7.15806195678003653881660e+00
22.50		-40.00		2.3042505592840898540119403e-09	-6.00811451176666899698375e+00
22.50		-38.00		2.3221476510066845596221618e-09	-5.05122861730504180144408e+00
22.50		-36.00		2.4026845637583607348681584e-09	-4.30678997332874491377197e+00
22.50		-34.00		2.4250559284116041168809352e-09	-3.72139860822159995734637e+00
22.50		-32.00		2.2237136465324136787659437e-09	-3.23719730139441708161030e+00
22.50		-30.00		2.4340044742729014696860460e-09	-2.79779860880338882012097e+00
22.50		-28.00		2.5234899328858749977371533e-09	-2.47557947122017552032958e+00
22.50		-26.00		2.4384787472035501460886013e-09	-2.20873984779519183518914e+00
22.50		-24.00		2.5324384787471723505422640e-09	-1.96338381961295960209668e+00
22.50		-22.00		2.4429530201341988224911567e-09	-1.75995692433796913078936e+00
22.50		-20.00		2.5413870246084697033473748e-09	-1.61438885418370237090357e+00
22.50		-18.00		2.6398210290827405842035928e-09	-1.46651793665944563116454e+00
22.50		-16.00		2.7516778523489574942674770e-09	-1.35914430878446901296286e+00
22.50		-14.00		2.6621923937359839662163697e-09	-1.26690847427190633744942e+00
22.50		-12.00		2.7740492170022008762802538e-09	-1.17798979218846588956637e+00
22.50		-10.00		2.8724832214764717571364719e-09	-1.13284981645119420257117e+00
22.50		-8.00		2.8814317673377691099415826e-09	-1.09494748722263235407581e+00
22.50		-6.00		2.9932885906039860200054668e-09	-1.11704361268382901251073e+00
22.50		-4.00		3.1006711409395542536667956e-09	-1.21334760788494233629820e+00
22.50		-2.00		3.1096196868008516064719063e-09	-1.56539370317336667959296e+00
22.50		0.00		2.4026845637583607348681584e-09	-1.10128395013505020472167e-01
22.50		2.00		3.1096196868008516064719063e-09	-1.31245986805448944245711e+00
22.50		4.00		3.1006711409395542536667956e-09	-9.71763330168863626035147e-01
22.50		6.00		2.9932885906039860200054668e-09	-8.74687738084731436494224e-01
22.50		8.00		2.8769574944071204335390273e-09	-8.44574724507990426403126e-01
22.50		10.00		2.8769574944071204335390273e-09	-8.66909312505493634404274e-01
22.50		12.00		2.7695749440715521998776985e-09	-8.94720085393075792445927e-01
22.50		14.00		2.6621923937359839662163697e-09	-9.59221311178565350097358e-01
22.50		16.00		2.7516778523489574942674770e-09	-1.02518349553113163885598e+00
22.50		18.00		2.6398210290827405842035928e-09	-1.10184341812306563213042e+00
22.50		20.00		2.6487695749440379370087036e-09	-1.21247691876234875429930e+00
22.50		22.00		2.5458612975391183797499301e-09	-1.31796734649972613340196e+00
22.50		24.00		2.5279642058165236741397087e-09	-1.46656023643362876107687e+00
22.50		26.00		2.4340044742729014696860460e-09	-1.64818745400451827087807e+00
22.50		28.00		2.5234899328858749977371533e-09	-1.84442363478759130401841e+00
22.50		30.00		2.4340044742729014696860460e-09	-2.08109886739779215147905e+00
22.50		32.00		2.3892617449664147056604923e-09	-2.39877983006623685113823e+00
22.50		34.00		2.4250559284116041168809352e-09	-2.76450717592677497336240e+00
22.50		36.00		2.4026845637583607348681584e-09	-3.19597410397478931542992e+00
22.50		38.00		2.3221476510066845596221618e-09	-3.74498165551527106842400e+00
22.50		40.00		2.2997762863534411776093849e-09	-4.45286444737272102400993e+00
22.50		42.00		2.2147651006711163259608330e-09	-5.30245106396790877312242e+00
22.50		44.00		2.3087248322147385304144957e-09	-6.30970964172429127359010e+00
22.50		46.00		2.1655480984339808855327239e-09	-7.49980250114377344772265e+00
22.50		48.00		2.2102908277404676495582776e-09	-8.87209696018738291911632e+00
22.50		50.00		2.1923937360178729439480561e-09	-1.02350514580310445467148e+01
22.50		52.00		2.0536912751677639754688398e-09	-1.12943485646422132617772e+01
22.50		54.00		2.1968680089485216203506115e-09	-1.17637860011836874463143e+01
22.50		56.00		2.1834451901565755911429454e-09	-1.15203029136120616016115e+01
22.50		58.00		2.0536912751677639754688398e-09	-1.06437074854033397741659e+01
22.50		60.00		2.0984340044742507394943934e-09	-9.37677532664566726339217e+00
22.50		62.00		2.0850111856823047102867273e-09	-7.98273097350518590076263e+00
22.50		64.00		1.9642058165547904474177324e-09	-6.67460738627993777072334e+00
22.50		66.00		1.8881431767337629485742912e-09	-5.54226449669013643273274e+00
22.50		68.00		2.0805369127516560338841720e-09	-4.64001563595817501095553e+00
22.50		70.00		1.9731543624160878002228432e-09	-3.90148217376615713547494e+00
22.50		72.00		1.9463087248321957418075110e-09	-3.30983218477038398930290e+00
27.00		-72.00		1.8478747203579246541561398e-09	-5.11414537728188722809364e+00
27.00		-70.00		1.9642058165547904474177324e-09	-5.99501734716334766517321e+00
27.00		-68.00		2.0805369127516560338841720e-09	-7.08787365685859427344440e+00
27.00		-66.00		2.0984340044742507394943934e-09	-8.43548756771837560108906e+00
27.00		-64.00		1.9463087248321957418075110e-09	-1.00970118921860958494108e+01
27.00		-62.00		2.0760626398210073574816166e-09	-1.21375036644716640665820e+01
27.00		-60.00		2.1968680089485216203506115e-09	-1.44477489699743273376953e+01
27.00		-58.00		2.1029082774048994158969488e-09	-1.68316139304655578712300e+01
27.00		-56.00		2.0715883668903586810790612e-09	-1.88444163564254374421125e+01
27.00		-54.00		2.2997762863534411776093849e-09	-2.00651896260900990398568e+01
27.00		-52.00		2.2102908277404676495582776e-09	-2.00927956415536606016303e+01
27.00		-50.00		2.1744966442952782383378347e-09	-1.89361894639352783542563e+01
27.00		-48.00		2.3176733780760358832196064e-09	-1.68855594175611969376405e+01
27.00		-46.00		2.2192393736017650023633883e-09	-1.45043935512845241220248e+01
27.00		-44.00		2.4071588366890094112707138e-09	-1.22361631170659901357567e+01
27.00		-42.00		2.3266219239373332360247171e-09	-1.02671716887180437538518e+01
27.00		-40.00		2.2192393736017650023633883e-09	-8.62592587496610541109021e+00
27.00		-38.00		2.4295302013422527932834906e-09	-7.22109625435368585044671e+00
27.00		-36.00		2.3310961968679819124272725e-09	-6.09570005350822619050177e+00
27.00		-34.00		2.5369127516778210269448194e-09	-5.23352062807209250649976e+00
27.00		-32.00		2.4340044742729014696860460e-09	-4.51978004018721346568555e+00
27.00		-30.00		2.5413870246084697033473748e-09	-3.90264818419959702566757e+00
27.00		-28.00		2.4429530201341988224911567e-09	-3.40661559845032790860841e+00
27.00		-26.00		2.5458612975391183797499301e-09	-3.03026614792434978440383e+00
27.00		-24.00		2.6263982102907945549959267e-09	-2.69110843426788148846640e+00
27.00		-22.00		2.6532438478746866134112589e-09	-2.39931780739149624892548e+00
27.00		-20.00		2.7606263982102548470725877e-09	-2.18295116337086225755115e+00
27.00		-18.00		2.6532438478746866134112589e-09	-1.98614292836913430839729e+00
27.00		-16.00		2.6621923937359839662163697e-09	-1.80257820239626798120014e+00
27.00		-14.00		2.7695749440715521998776985e-09	-1.68004975712133663989789e+00
27.00		-12.00		2.8769574944071204335390273e-09	-1.55454364342813700083923e+00
27.00		-10.00		2.9843400447426886672003561e-09	-1.47736381732669674882175e+00
27.00		-8.00		2.8903803131990664627466934e-09	-1.41937455666413625543498e+00
27.00		-6.00		3.0827740492169595480565741e-09	-1.40362648363449715738227e+00
27.00		-4.00		3.1051454138702029300693510e-09	-1.46762443873528503068826e+00
27.00		-2.00		3.1901565995525277817179030e-09	-1.66689279841172632856683e+00
27.00		0.00		2.2192393736017650023633883e-09	-1.01972700810278066319015e-01
27.00		2.00		3.1901565995525277817179030e-09	-1.41331704461036200548563e+00
27.00		4.00		3.1051454138702029300693510e-09	-1.20505877172453623735748e+00
27.00		6.00		3.0827740492169595480565741e-09	-1.13327369673551059392480e+00
27.00		8.00		2.9574944071587966087850239e-09	-1.12883521338381909160375e+00
27.00		10.00		2.9843400447426886672003561e-09	-1.17328822914363306573193e+00
27.00		12.00		2.8724832214764717571364719e-09	-1.22781256299736418746704e+00
27.00		14.00		2.7695749440715521998776985e-09	-1.32360256200774295542999e+00
27.00		16.00		2.6577181208053352898138143e-09	-1.41498682775568784819598e+00
27.00		18.00		2.7382550335570114650598109e-09	-1.54888831701285645259247e+00
27.00		20.00		2.7606263982102548470725877e-09	-1.70808247564465687240443e+00
27.00		22.00		2.6532438478746866134112589e-09	-1.87326489200269330481774e+00
27.00		24.00		2.6263982102907945549959267e-09	-2.09896541996984176137175e+00
27.00		26.00		2.5413870246084697033473748e-09	-2.36132591089529064731778e+00
27.00		28.00		2.4429530201341988224911567e-09	-2.65088797292848932229958e+00
27.00		30.00		2.5413870246084697033473748e-09	-3.03475820174266841533495e+00
27.00		32.00		2.4384787472035501460886013e-09	-3.51311106656180127671973e+00
27.00		34.00		2.5324384787471723505422640e-09	-4.06486945987791248313670e+00
27.00		36.00		2.3310961968679819124272725e-09	-4.73047427619782556718064e+00
27.00		38.00		2.4295302013422527932834906e-09	-5.60140995582034761923751e+00
27.00		40.00		2.2237136465324136787659437e-09	-6.68928695845398113561941e+00
27.00		42.00		2.3221476510066845596221618e-09	-7.95801033141025548900416e+00
27.00		44.00		2.4071588366890094112707138e-09	-9.48014620910623762028990e+00
27.00		46.00		2.2192393736017650023633883e-09	-1.12328407398478908874040e+01
27.00		48.00		2.3131991051453872068170510e-09	-1.30739063927756617999876e+01
27.00		50.00		2.1789709172259269147403900e-09	-1.46577268739382979845232e+01
27.00		52.00		2.2147651006711163259608330e-09	-1.55493766109634421468400e+01
27.00		54.00		2.2997762863534411776093849e-09	-1.55235937765567975077374e+01
27.00		56.00		2.1700223713646295619352793e-09	-1.45799597781445005040268e+01
27.00		58.00		2.1073825503355480922995042e-09	-1.30160489232979585949579e+01
27.00		60.00		2.1968680089485216203506115e-09	-1.11717921184070387852216e+01
27.00		62.00		2.0760626398210073574816166e-09	-9.38468781393408946200907e+00
27.00		64.00		1.9955257270693311822356200e-09	-7.80823584949737892202393e+00
27.00		66.00		2.0939597315436020630918381e-09	-6.52029786964515345459859e+00
27.00		68.00		2.0805369127516560338841720e-09	-5.47807503993827804578132e+00
27.00		70.00		1.9642058165547904474177324e-09	-4.63277377381263733013839e+00
27.00		72.00		1.9910514541386825058330646e-09	-3.94298541045221950795963e+00
31.50		-72.00		2.0939597315436020630918381e-09	-5.34836914528877205299295e+00
31.50		-70.00		2.0984340044742507394943934e-09	-6.26619634134812386605518e+00
31.50		-68.00		2.0626398210290613282739505e-09	-7.38198470300008935396363e+00
31.50		-66.00		2.1834451901565755911429454e-09	-8.74502068967122347942222e+00
31.50		-64.00		2.2058165548098189731557222e-09	-1.04245394984629360379813e+01
31.50		-62.00		1.9597315436241417710151771e-09	-1.24808943840313979478651e+01
31.50		-60.00		2.1834451901565755911429454e-09	-1.49726967394536885080925e+01
31.50		-58.00		2.3042505592840898540119403e-09	-1.77474988749828490597338e+01
31.50		-56.00		2.1073825503355480922995042e-09	-2.05276100137342254470241e+01
31.50		-54.00		2.1879194630872242675455008e-09	-2.27415173291993610860118e+01
31.50		-52.00		2.3176733780760358832196064e-09	-2.38896284664638827166527e+01
31.50		-50.00		2.2192393736017650023633883e-09	-2.35858403674253480630796e+01
31.50		-48.00		2.2997762863534411776093849e-09	-2.19240009607299271010561e+01
31.50		-46.00		2.4205816554809554404783799e-09	-1.93504183954903368203304e+01
31.50		-44.00		2.2237136465324136787659437e-09	-1.65276440421492907262291e+01
31.50		-42.00		2.4250559284116041168809352e-09	-1.39217478528858897846021e+01
31.50		-40.00		2.3310961968679819124272725e-09	-1.16774838125867876925668e+01
31.50		-38.00		2.5234899328858749977371533e-09	-9.77890011411502513283267e+00
31.50		-36.00		2.4384787472035501460886013e-09	-8.21337827579205992378775e+00
31.50		-34.00		2.5145413870245776449320426e-09	-6.96365190655141574893605e+00
31.50		-32.00		2.5458612975391183797499301e-09	-5.98064530729254251184557e+00
31.50		-30.00		2.6308724832214432313984821e-09	-5.15005280882725546831580e+00
31.50		-28.00		2.5503355704697670561524855e-09	-4.46568296439167067291010e+00
31.50		-26.00		2.6398210290827405842035928e-09	-3.92651497588174969166630e+00
31.50		-24.00		2.5548098434004157325550409e-09	-3.48343207345825023324437e+00
31.50		-22.00		2.7606263982102548470725877e-09	-3.08209924779034238895292e+00
31.50		-20.00		2.6577181208053352898138143e-09	-2.76132942732628627879876e+00
31.50		-18.00		2.7695749440715521998776985e-09	-2.51396253230864985539483e+00
31.50		-16.00		2.8724832214764717571364719e-09	-2.27177141307669883119047e+00
31.50		-14.00		2.8590604026845257279288058e-09	-2.09290033303933276087605e+00
31.50		-12.00		2.7740492170022008762802538e-09	-1.94011582372963164999646e+00
31.50		-10.00		2.8859060402684177863441380e-09	-1.79929175420657716522044e+00
31.50		-8.00		2.9932885906039860200054668e-09	-1.71767222253540996490528e+00
31.50		-6.00		3.1006711409395542536667956e-09	-1.65250503133959769641592e+00
31.50		-4.00		2.9843400447426886672003561e-09	-1.65715648310860053094018e+00
31.50		-2.00		3.0022371364652833728105775e-09	-1.71422587807672921478286e+00
31.50		0.00		2.2147651006711163259608330e-09	-1.01771388729391898397836e-01
31.50		2.00		3.0022371364652833728105775e-09	-1.46579338704512962543447e+00
31.50		4.00		2.9843400447426886672003561e-09	-1.38346259488353573452457e+00
31.50		6.00		3.1006711409395542536667956e-09	-1.36262691965482818368116e+00
31.50		8.00		2.9932885906039860200054668e-09	-1.40681323637641475521320e+00
31.50		10.00		2.8814317673377691099415826e-09	-1.46539031312345136015551e+00
31.50		12.00		2.7695749440715521998776985e-09	-1.57556377068894781778852e+00
31.50		14.00		2.8590604026845257279288058e-09	-1.69524571372996013529644e+00
31.50		16.00		2.8724832214764717571364719e-09	-1.83542238850328298660486e+00
31.50		18.00		2.7695749440715521998776985e-09	-2.02886218006624297061080e+00
31.50		20.00		2.6621923937359839662163697e-09	-2.22468305714927749860976e+00
31.50		22.00		2.7606263982102548470725877e-09	-2.47995863352693612924327e+00
31.50		24.00		2.5503355704697670561524855e-09	-2.80124959242709037354757e+00
31.50		26.00		2.6398210290827405842035928e-09	-3.15447850789392880699324e+00
31.50		28.00		2.5503355704697670561524855e-09	-3.58424182697491700011483e+00
31.50		30.00		2.6308724832214432313984821e-09	-4.13136422092170629838392e+00
31.50		32.00		2.5458612975391183797499301e-09	-4.79565791422418907785641e+00
31.50		34.00		2.5145413870245776449320426e-09	-5.58030427851540178352252e+00
31.50		36.00		2.4384787472035501460886013e-09	-6.57840544570961593962011e+00
31.50		38.00		2.5234899328858749977371533e-09	-7.82976042907379010671320e+00
31.50		40.00		2.3310961968679819124272725e-09	-9.34732235256057109040739e+00
31.50		42.00		2.4205816554809554404783799e-09	-1.11391418415223686366744e+01
31.50		44.00		2.2237136465324136787659437e-09	-1.32197989217346805190800e+01
31.50		46.00		2.4205816554809554404783799e-09	-1.54742838561368944994001e+01
31.50		48.00		2.2997762863534411776093849e-09	-1.75289409108901281797444e+01
31.50		50.00		2.2192393736017650023633883e-09	-1.88538995967445188739475e+01
31.50		52.00		2.3131991051453872068170510e-09	-1.90920486107094973249332e+01
31.50		54.00		2.2818791946308464719991635e-09	-1.81765981086891486029344e+01
31.50		56.00		2.2147651006711163259608330e-09	-1.63940727041583080847431e+01
31.50		58.00		2.3042505592840898540119403e-09	-1.41774079327540043493627e+01
31.50		60.00		2.1834451901565755911429454e-09	-1.19599797379855825596451e+01
31.50		62.00		2.0581655480984126518713951e-09	-9.97013747671153538476574e+00
31.50		64.00		2.2013422818791702967531669e-09	-8.32504534217958180875030e+00
31.50		66.00		2.1834451901565755911429454e-09	-6.98329239102520293869247e+00
31.50		68.00		2.0671140939597100046765059e-09	-5.89429363645467763177521e+00
31.50		70.00		2.0984340044742507394943934e-09	-5.00338438460581969025043e+00
31.50		72.00		2.0894854586129533866892827e-09	-4.27119629351183593968244e+00
36.00		-72.00		2.0805369127516560338841720e-09	-5.28034439594459925615411e+00
36.00		-70.00		2.1923937360178729439480561e-09	-6.13807684784904417085727e+00
36.00		-68.00		2.2013422818791702967531669e-09	-7.19758693416433548151190e+00
36.00		-66.00		2.0715883668903586810790612e-09	-8.49489118874743276421668e+00
36.00		-64.00		2.1923937360178729439480561e-09	-1.00733594670942689930371e+01
36.00		-62.00		2.2102908277404676495582776e-09	-1.20166197109618799743203e+01
36.00		-60.00		2.0626398210290613282739505e-09	-1.43970372538895610148302e+01
36.00		-58.00		2.1923937360178729439480561e-09	-1.72445663949511178714147e+01
36.00		-56.00		2.3131991051453872068170510e-09	-2.03658488499027399143415e+01
36.00		-54.00		2.1118568232661967687020595e-09	-2.34020759269197640151106e+01
36.00		-52.00		2.2953020134227925012068296e-09	-2.57105330632896489362338e+01
36.00		-50.00		2.4161073825503067640758245e-09	-2.67281118204200964783013e+01
36.00		-48.00		2.2192393736017650023633883e-09	-2.60967292788519067414654e+01
36.00		-46.00		2.4161073825503067640758245e-09	-2.40072316741889117963638e+01
36.00		-44.00		2.4295302013422527932834906e-09	-2.10481457799853899359732e+01
36.00		-42.00		2.2237136465324136787659437e-09	-1.79029778222426649847421e+01
36.00		-40.00		2.5324384787471723505422640e-09	-1.50755502870962025951940e+01
36.00		-38.00		2.3355704697986305888298279e-09	-1.26346015634908503955103e+01
36.00		-36.00		2.5369127516778210269448194e-09	-1.05734682906930999024553e+01
36.00		-34.00		2.4429530201341988224911567e-09	-8.88709356692496221796773e+00
36.00		-32.00		2.6442953020133892606061482e-09	-7.56234752638749796460615e+00
36.00		-30.00		2.5503355704697670561524855e-09	-6.49041926484438569389113e+00
36.00		-28.00		2.6442953020133892606061482e-09	-5.58805940305186510386193e+00
36.00		-26.00		2.5548098434004157325550409e-09	-4.85029084152730671775089e+00
36.00		-24.00		2.7561521252796061706700324e-09	-4.27978403975438226325423e+00
36.00		-22.00		2.5592841163310644089575962e-09	-3.79214342660579184496328e+00
36.00		-20.00		2.7695749440715521998776985e-09	-3.35409007474179254870705e+00
36.00		-18.00		2.8724832214764717571364719e-09	-3.02574058993321681754196e+00
36.00		-16.00		2.7740492170022008762802538e-09	-2.73717517482284655727653e+00
36.00		-14.00		2.8814317673377691099415826e-09	-2.47376330549257872348790e+00
36.00		-12.00		2.9888143176733373436029114e-09	-2.28216287968254105678056e+00
36.00		-10.00		2.9619686800894452851875792e-09	-2.10169302421309245332282e+00
36.00		-8.00		2.8814317673377691099415826e-09	-1.95977633704626708066598e+00
36.00		-6.00		2.9843400447426886672003561e-09	-1.86951401660878513411035e+00
36.00		-4.00		2.9977628635346346964080222e-09	-1.80708675871861923489803e+00
36.00		-2.00		3.0961968680089055772642402e-09	-1.70878088038486630750867e+00
36.00		0.00		2.2102908277404676495582776e-09	-1.01902029234749932906645e-01
36.00		2.00		3.0961968680089055772642402e-09	-1.47097388740506884730053e+00
36.00		4.00		2.9977628635346346964080222e-09	-1.52891756946579615572546e+00
36.00		6.00		2.9798657718120399907978007e-09	-1.56721900504838362877535e+00
36.00		8.00		2.8769574944071204335390273e-09	-1.63306793911760639304021e+00
36.00		10.00		2.9619686800894452851875792e-09	-1.74505624676600157307860e+00
36.00		12.00		2.9888143176733373436029114e-09	-1.89073890708636249691210e+00
36.00		14.00		2.8814317673377691099415826e-09	-2.04440692327397766092645e+00
36.00		16.00		2.7740492170022008762802538e-09	-2.25956475430135084181416e+00
36.00		18.00		2.8680089485458230807339165e-09	-2.49447683466796377160790e+00
36.00		20.00		2.7695749440715521998776985e-09	-2.76132749559780377168750e+00
36.00		22.00		2.6577181208053352898138143e-09	-3.11851639522029655537949e+00
36.00		24.00		2.7561521252796061706700324e-09	-3.51875870670659063321750e+00
36.00		26.00		2.5548098434004157325550409e-09	-3.98409420074371434239424e+00
36.00		28.00		2.6442953020133892606061482e-09	-4.58797322255261441625862e+00
36.00		30.00		2.5503355704697670561524855e-09	-5.32703583656550350156067e+00
36.00		32.00		2.6398210290827405842035928e-09	-6.20343238095849969226947e+00
36.00		34.00		2.4429530201341988224911567e-09	-7.28669868245988361366017e+00
36.00		36.00		2.5324384787471723505422640e-09	-8.66732503248683272545350e+00
36.00		38.00		2.3355704697986305888298279e-09	-1.03542423414050315244594e+01
36.00		40.00		2.5324384787471723505422640e-09	-1.23507052268812049788949e+01
36.00		42.00		2.3892617449664147056604923e-09	-1.46706564882660526194513e+01
36.00		44.00		2.4295302013422527932834906e-09	-1.72349950777381479838368e+01
36.00		46.00		2.4116331096196580876732691e-09	-1.96550126319373283934056e+01
36.00		48.00		2.2237136465324136787659437e-09	-2.13621003294961191443235e+01
36.00		50.00		2.4161073825503067640758245e-09	-2.18746601606444350807124e+01
36.00		52.00		2.2953020134227925012068296e-09	-2.10383090467270683632250e+01
36.00		54.00		2.2147651006711163259608330e-09	-1.91429037662563636956747e+01
36.00		56.00		2.3131991051453872068170510e-09	-1.66613872845212753759370e+01
36.00		58.00		2.2863534675614951484017188e-09	-1.41017250574744306135244e+01
36.00		60.00		2.0671140939597100046765059e-09	-1.17773476274118547024727e+01
36.00		62.00		2.2102908277404676495582776e-09	-9.82897544489545893497962e+00
36.00		64.00		2.1923937360178729439480561e-09	-8.23872984386108697663076e+00
36.00		66.00		2.0715883668903586810790612e-09	-6.94720669123639567033024e+00
36.00		68.00		2.2013422818791702967531669e-09	-5.88647886575274270626323e+00
36.00		70.00		2.1923937360178729439480561e-09	-5.02025526406757904851474e+00
36.00		72.00		2.0805369127516560338841720e-09	-4.31896140306459663804617e+00
40.50		-72.00		2.0581655480984126518713951e-09	-4.95664811739736510531884e+00
40.50		-70.00		2.0894854586129533866892827e-09	-5.72435370340118154786069e+00
40.50		-68.00		2.1968680089485216203506115e-09	-6.66032697899313941292121e+00
40.50		-66.00		2.2058165548098189731557222e-09	-7.81613581657650158263095e+00
40.50		-64.00		2.0805369127516560338841720e-09	-9.22715823165098214531099e+00
40.50		-62.00		2.2013422818791702967531669e-09	-1.09500101535500000693446e+01
40.50		-60.00		2.3087248322147385304144957e-09	-1.30788122219076949903638e+01
40.50		-58.00		2.0715883668903586810790612e-09	-1.56626685730321124623288e+01
40.50		-56.00		2.2953020134227925012068296e-09	-1.87242161147238235230361e+01
40.50		-54.00		2.3176733780760358832196064e-09	-2.20497180621287540702724e+01
40.50		-52.00		2.1118568232661967687020595e-09	-2.51917445708594378572798e+01
40.50		-50.00		2.3042505592840898540119403e-09	-2.74747682234135481849080e+01
40.50		-48.00		2.4250559284116041168809352e-09	-2.83145073795610926481459e+01
40.50		-46.00		2.2192393736017650023633883e-09	-2.74053961030465558224023e+01
40.50		-44.00		2.4205816554809554404783799e-09	-2.50125334344054692792270e+01
40.50		-42.00		2.4340044742729014696860460e-09	-2.18092952648416265049036e+01
40.50		-40.00		2.3982102908277120584656030e-09	-1.85069201444508877330009e+01
40.50		-38.00		2.5369127516778210269448194e-09	-1.55595352065782250861048e+01
40.50		-36.00		2.3355704697986305888298279e-09	-1.30370450040186263152009e+01
40.50		-34.00		2.5413870246084697033473748e-09	-1.09040168235345795721969e+01
40.50		-32.00		2.4474272930648474988937121e-09	-9.16877296459078117152330e+00
40.50		-30.00		2.6487695749440379370087036e-09	-7.81251789028409682202891e+00
40.50		-28.00		2.5503355704697670561524855e-09	-6.70817159272784824253222e+00
40.50		-26.00		2.6532438478746866134112589e-09	-5.77357627642309090276740e+00
40.50		-24.00		2.5548098434004157325550409e-09	-5.01361493762629439885359e+00
40.50		-22.00		2.7651006711409035234751431e-09	-4.42697399112186573688632e+00
40.50		-20.00		2.5592841163310644089575962e-09	-3.92265668863490146733852e+00
40.50		-18.00		2.7695749440715521998776985e-09	-3.46658729922675101775553e+00
40.50		-16.00		2.8769574944071204335390273e-09	-3.12633389151884166778927e+00
40.50		-14.00		2.9709172259507426379926900e-09	-2.80948678927972128605006e+00
40.50		-12.00		2.8859060402684177863441380e-09	-2.54899145783692704370083e+00
40.50		-10.00		2.9843400447426886672003561e-09	-2.34651711386510708479136e+00
40.50		-8.00		2.8859060402684177863441380e-09	-2.16434460865858158129527e+00
40.50		-6.00		2.9932885906039860200054668e-09	-1.99881704609227539570782e+00
40.50		-4.00		3.0917225950782569008616849e-09	-1.87655653271351563482483e+00
40.50		-2.00		2.9888143176733373436029114e-09	-1.64462724954717764980217e+00
40.50		0.00		2.2058165548098189731557222e-09	-1.02199017362135075037699e-01
40.50		2.00		2.9888143176733373436029114e-09	-1.42273931301270573079876e+00
40.50		4.00		3.0917225950782569008616849e-09	-1.60328514245212905287019e+00
40.50		6.00		2.9932885906039860200054668e-09	-1.69535762488633290345774e+00
40.50		8.00		2.8903803131990664627466934e-09	-1.82852430937663235077650e+00
40.50		10.00		2.9843400447426886672003561e-09	-1.97733103952783206835875e+00
40.50		12.00		2.8859060402684177863441380e-09	-2.14277796745692183932874e+00
40.50		14.00		2.9709172259507426379926900e-09	-2.35832791716456524611090e+00
40.50		16.00		2.8724832214764717571364719e-09	-2.62199424951886461698791e+00
40.50		18.00		2.7695749440715521998776985e-09	-2.90354941221747608892656e+00
40.50		20.00		2.8590604026845257279288058e-09	-3.26452159355792659312101e+00
40.50		22.00		2.7651006711409035234751431e-09	-3.70350748536978491287641e+00
40.50		24.00		2.5548098434004157325550409e-09	-4.19072469563794669511481e+00
40.50		26.00		2.6487695749440379370087036e-09	-4.82421943788196916358402e+00
40.50		28.00		2.5548098434004157325550409e-09	-5.60314409953355063720437e+00
40.50		30.00		2.6487695749440379370087036e-09	-6.52283897014852165341381e+00
40.50		32.00		2.4429530201341988224911567e-09	-7.65168094882659577393724e+00
40.50		34.00		2.5413870246084697033473748e-09	-9.09761400094819627781817e+00
40.50		36.00		2.3355704697986305888298279e-09	-1.08754366085889362381067e+01
40.50		38.00		2.5369127516778210269448194e-09	-1.29761038044003740310472e+01
40.50		40.00		2.4026845637583607348681584e-09	-1.54304615352133662753431e+01
40.50		42.00		2.4340044742729014696860460e-09	-1.81801339484682955571770e+01
40.50		44.00		2.4205816554809554404783799e-09	-2.08473633062361649592731e+01
40.50		46.00		2.2237136465324136787659437e-09	-2.28388548475962949169116e+01
40.50		48.00		2.4250559284116041168809352e-09	-2.35926184111214674032908e+01
40.50		50.00		2.4026845637583607348681584e-09	-2.28968828876050345400017e+01
40.50		52.00		2.2147651006711163259608330e-09	-2.09832064531706592447335e+01
40.50		54.00		2.3176733780760358832196064e-09	-1.83665921254071839996413e+01
40.50		56.00		2.2953020134227925012068296e-09	-1.55959363440609060091901e+01
40.50		58.00		2.1655480984339808855327239e-09	-1.30455596735456307300183e+01
40.50		60.00		2.3087248322147385304144957e-09	-1.08925466943542161857295e+01
40.50		62.00		2.1968680089485216203506115e-09	-9.11870474745295922502919e+00
40.50		64.00		2.1700223713646295619352793e-09	-7.68513755458452241242640e+00
40.50		66.00		2.2058165548098189731557222e-09	-6.50894642142517021454751e+00
40.50		68.00		2.1968680089485216203506115e-09	-5.54676743412332484695071e+00
40.50		70.00		2.1700223713646295619352793e-09	-4.76522267592567150273908e+00
40.50		72.00		2.0626398210290613282739505e-09	-4.12847747659448049972752e+00
45.00		-72.00		2.1968680089485216203506115e-09	-4.47333314064771148110822e+00
45.00		-70.00		2.0671140939597100046765059e-09	-5.10341881667707308878335e+00
45.00		-68.00		2.1744966442952782383378347e-09	-5.89623313164444340372938e+00
45.00		-66.00		2.2013422818791702967531669e-09	-6.87025408561991568490157e+00
45.00		-64.00		2.0492170022371152990662844e-09	-8.08226038598693108383486e+00
45.00		-62.00		2.1744966442952782383378347e-09	-9.52943040880015068694320e+00
45.00		-60.00		2.2908277404921438248042742e-09	-1.13194328278389182429464e+01
45.00		-58.00		2.3131991051453872068170510e-09	-1.35178746811016043949394e+01
45.00		-56.00		2.1700223713646295619352793e-09	-1.61893451353256878633147e+01
45.00		-54.00		2.2997762863534411776093849e-09	-1.93246562996760040675781e+01
45.00		-52.00		2.3221476510066845596221618e-09	-2.26815357273314290864619e+01
45.00		-50.00		2.1655480984339808855327239e-09	-2.57691913457696379907702e+01
45.00		-48.00		2.4071588366890094112707138e-09	-2.79173660857388412637192e+01
45.00		-46.00		2.4250559284116041168809352e-09	-2.85251779859517213822073e+01
45.00		-44.00		2.1700223713646295619352793e-09	-2.73888549681259263479660e+01
45.00		-42.00		2.4250559284116041168809352e-09	-2.48161368534143598196806e+01
45.00		-40.00		2.4295302013422527932834906e-09	-2.15321980484586958937143e+01
45.00		-38.00		2.5145413870245776449320426e-09	-1.82363164426165695886084e+01
45.00		-36.00		2.5413870246084697033473748e-09	-1.53070627446451013042861e+01
45.00		-34.00		2.3355704697986305888298279e-09	-1.28210329551865012120970e+01
45.00		-32.00		2.5458612975391183797499301e-09	-1.07160365609357377536526e+01
45.00		-30.00		2.4474272930648474988937121e-09	-9.01297047672137630058842e+00
45.00		-28.00		2.6532438478746866134112589e-09	-7.68722278213637899568766e+00
45.00		-26.00		2.5503355704697670561524855e-09	-6.60124556920787508573767e+00
45.00		-24.00		2.6532438478746866134112589e-09	-5.67855310896892895300425e+00
45.00		-22.00		2.5592841163310644089575962e-09	-4.93081459984231607052152e+00
45.00		-20.00		2.7651006711409035234751431e-09	-4.35412757381498582986978e+00
45.00		-18.00		2.8635346756151744043313612e-09	-3.83161315043923877965426e+00
45.00		-16.00		2.7695749440715521998776985e-09	-3.40219003298028743742520e+00
45.00		-14.00		2.8769574944071204335390273e-09	-3.06392955371949993192970e+00
45.00		-12.00		2.9753914988813913143952453e-09	-2.74574581158802288882725e+00
45.00		-10.00		2.8859060402684177863441380e-09	-2.48259249297971829051335e+00
45.00		-8.00		2.9888143176733373436029114e-09	-2.27235586044790904836077e+00
45.00		-6.00		2.8903803131990664627466934e-09	-2.07383174177749918243308e+00
45.00		-4.00		2.9843400447426886672003561e-09	-1.86437492598123077947037e+00
45.00		-2.00		2.9664429530200939615901346e-09	-1.55075546574629208329554e+00
45.00		0.00		2.2013422818791702967531669e-09	-1.02573990468796422126374e-01
45.00		2.00		2.9664429530200939615901346e-09	-1.34745774784800742551738e+00
45.00		4.00		2.9843400447426886672003561e-09	-1.60447725887881453843420e+00
45.00		6.00		2.8859060402684177863441380e-09	-1.77673046904988440886086e+00
45.00		8.00		2.9888143176733373436029114e-09	-1.94037219484335077268611e+00
45.00		10.00		2.8859060402684177863441380e-09	-2.11462104001855211166117e+00
45.00		12.00		2.9753914988813913143952453e-09	-2.33537774813440712762258e+00
45.00		14.00		2.8769574944071204335390273e-09	-2.60376962258176281039823e+00
45.00		16.00		2.7740492170022008762802538e-09	-2.88788705287204372496035e+00
45.00		18.00		2.8635346756151744043313612e-09	-3.24990769399567192010636e+00
45.00		20.00		2.7651006711409035234751431e-09	-3.69159813758305688224937e+00
45.00		22.00		2.5548098434004157325550409e-09	-4.17712205571813299798123e+00
45.00		24.00		2.6532438478746866134112589e-09	-4.80892317040041827880259e+00
45.00		26.00		2.5548098434004157325550409e-09	-5.58885777155236596058785e+00
45.00		28.00		2.6487695749440379370087036e-09	-6.50580416218936452565913e+00
45.00		30.00		2.4474272930648474988937121e-09	-7.62480025888242529674699e+00
45.00		32.00		2.5413870246084697033473748e-09	-9.06399770424399164880924e+00
45.00		34.00		2.3355704697986305888298279e-09	-1.08426844821393881801441e+01
45.00		36.00		2.5413870246084697033473748e-09	-1.29420012772648256316188e+01
45.00		38.00		2.5190156599552263213345979e-09	-1.54157333375965563959653e+01
45.00		40.00		2.4340044742729014696860460e-09	-1.81981543778752872242421e+01
45.00		42.00		2.4250559284116041168809352e-09	-2.09712398432484903310069e+01
45.00		44.00		2.2818791946308464719991635e-09	-2.31399283970816540545457e+01
45.00		46.00		2.4250559284116041168809352e-09	-2.40997702770531105898044e+01
45.00		48.00		2.4071588366890094112707138e-09	-2.35833503551304453083048e+01
45.00		50.00		2.1700223713646295619352793e-09	-2.17662568339890363233735e+01
45.00		52.00		2.3221476510066845596221618e-09	-1.91573199181534654655934e+01
45.00		54.00		2.2997762863534411776093849e-09	-1.63215547222169661267799e+01
45.00		56.00		2.1744966442952782383378347e-09	-1.36732651973519363508558e+01
45.00		58.00		2.3131991051453872068170510e-09	-1.14163105424406552401706e+01
45.00		60.00		2.2953020134227925012068296e-09	-9.55938184512616651034023e+00
45.00		62.00		2.1744966442952782383378347e-09	-8.04720794351613299966175e+00
45.00		64.00		2.2058165548098189731557222e-09	-6.81342005279462359368381e+00
45.00		66.00		2.2013422818791702967531669e-09	-5.80207346093378184548328e+00
45.00		68.00		2.1789709172259269147403900e-09	-4.97969247092419475819725e+00
45.00		70.00		2.0671140939597100046765059e-09	-4.31042604188359490535731e+00
45.00		72.00		2.1968680089485216203506115e-09	-3.77795318709138649992951e+00
49.50		-72.00		2.0984340044742507394943934e-09	-3.86255321730079170805539e+00
49.50		-70.00		1.9597315436241417710151771e-09	-4.36869711274602856576621e+00
49.50		-68.00		2.0715883668903586810790612e-09	-5.01585704587948999488844e+00
49.50		-66.00		2.1834451901565755911429454e-09	-5.80072165837983710900971e+00
49.50		-64.00		2.2058165548098189731557222e-09	-6.76609979179105014424067e+00
49.50		-62.00		2.0581655480984126518713951e-09	-7.96267783903421477731399e+00
49.50		-60.00		2.1789709172259269147403900e-09	-9.39564192349756588384935e+00
49.50		-58.00		2.2953020134227925012068296e-09	-1.11680194582497254174314e+01
49.50		-56.00		2.2147651006711163259608330e-09	-1.33328389493057262171760e+01
49.50		-54.00		2.1744966442952782383378347e-09	-1.59790134826365051168295e+01
49.50		-52.00		2.3042505592840898540119403e-09	-1.90387090057565835365949e+01
49.50		-50.00		2.3221476510066845596221618e-09	-2.22601606640907441203581e+01
49.50		-48.00		2.1744966442952782383378347e-09	-2.51311731114864684855092e+01
49.50		-46.00		2.4116331096196580876732691e-09	-2.70134441994309106860328e+01
49.50		-44.00		2.3266219239373332360247171e-09	-2.73444251284680497349200e+01
49.50		-42.00		2.2818791946308464719991635e-09	-2.60288714546319219778070e+01
49.50		-40.00		2.4295302013422527932834906e-09	-2.34065501481546434092706e+01
49.50		-38.00		2.3310961968679819124272725e-09	-2.02087221597401622830148e+01
49.50		-36.00		2.5234899328858749977371533e-09	-1.70698880012376363879412e+01
49.50		-34.00		2.4384787472035501460886013e-09	-1.43039219363015970287734e+01
49.50		-32.00		2.3355704697986305888298279e-09	-1.19807659169829783252226e+01
49.50		-30.00		2.5458612975391183797499301e-09	-1.00056084893057128937244e+01
49.50		-28.00		2.4429530201341988224911567e-09	-8.41677566125793319429249e+00
49.50		-26.00		2.6532438478746866134112589e-09	-7.18485202204677531057087e+00
49.50		-24.00		2.5503355704697670561524855e-09	-6.16889618909022008352849e+00
49.50		-22.00		2.6577181208053352898138143e-09	-5.30186916853810519256740e+00
49.50		-20.00		2.5592841163310644089575962e-09	-4.60237483955924897571776e+00
49.50		-18.00		2.6577181208053352898138143e-09	-4.05936633043722050473434e+00
49.50		-16.00		2.7427293064876601414623663e-09	-3.57640895151213022984393e+00
49.50		-14.00		2.7695749440715521998776985e-09	-3.16163494222799457133988e+00
49.50		-12.00		2.8769574944071204335390273e-09	-2.83877495495632325983593e+00
49.50		-10.00		2.7740492170022008762802538e-09	-2.54577736304183499527198e+00
49.50		-8.00		2.8814317673377691099415826e-09	-2.26927415436727919484383e+00
49.50		-6.00		2.9843400447426886672003561e-09	-2.04706437875029756412459e+00
49.50		-4.00		2.8814317673377691099415826e-09	-1.80459218880635141601942e+00
49.50		-2.00		2.8769574944071204335390273e-09	-1.42842071970513218026611e+00
49.50		0.00		2.1968680089485216203506115e-09	-1.02978751374311117139371e-01
49.50		2.00		2.8769574944071204335390273e-09	-1.24621308549936604670449e+00
49.50		4.00		2.8814317673377691099415826e-09	-1.56323742348315852801477e+00
49.50		6.00		2.9843400447426886672003561e-09	-1.76654704700291098617981e+00
49.50		8.00		2.8814317673377691099415826e-09	-1.95312667481845503303362e+00
49.50		10.00		2.7740492170022008762802538e-09	-2.18849803323354974438075e+00
49.50		12.00		2.8724832214764717571364719e-09	-2.43747739572148525155626e+00
49.50		14.00		2.7695749440715521998776985e-09	-2.71140820804643345454110e+00
49.50		16.00		2.8590604026845257279288058e-09	-3.05780006793088787730994e+00
49.50		18.00		2.6577181208053352898138143e-09	-3.47775398895433118795495e+00
49.50		20.00		2.5548098434004157325550409e-09	-3.93992693137272409487082e+00
49.50		22.00		2.6532438478746866134112589e-09	-4.53763875050685072665146e+00
49.50		24.00		2.5503355704697670561524855e-09	-5.27855023291860891987426e+00
49.50		26.00		2.6532438478746866134112589e-09	-6.14577360999526511875501e+00
49.50		28.00		2.4429530201341988224911567e-09	-7.19670424448959433760820e+00
49.50		30.00		2.5458612975391183797499301e-09	-8.55371176675125788335663e+00
49.50		32.00		2.5055928411632802921269318e-09	-1.02304754777538171595097e+01
49.50		34.00		2.5369127516778210269448194e-09	-1.22299060972932469582020e+01
49.50		36.00		2.5234899328858749977371533e-09	-1.45857755610788828448676e+01
49.50		38.00		2.3310961968679819124272725e-09	-1.72650492499567675963590e+01
49.50		40.00		2.4250559284116041168809352e-09	-1.99955835780227317854951e+01
49.50		42.00		2.2863534675614951484017188e-09	-2.22332000318548459460999e+01
49.50		44.00		2.3266219239373332360247171e-09	-2.33545535537612032328525e+01
49.50		46.00		2.4116331096196580876732691e-09	-2.30693500386755019349039e+01
49.50		48.00		2.1744966442952782383378347e-09	-2.14598213483267059586979e+01
49.50		50.00		2.3221476510066845596221618e-09	-1.90074584142727793789618e+01
49.50		52.00		2.3042505592840898540119403e-09	-1.62564286172194449875406e+01
49.50		54.00		2.1789709172259269147403900e-09	-1.36437347714607071225146e+01
49.50		56.00		2.2147651006711163259608330e-09	-1.13840323497675246500194e+01
49.50		58.00		2.2953020134227925012068296e-09	-9.53512915811859329551226e+00
49.50		60.00		2.1789709172259269147403900e-09	-8.02164530896024352557561e+00
49.50		62.00		2.0581655480984126518713951e-09	-6.79808383207644073564779e+00
49.50		64.00		2.2013422818791702967531669e-09	-5.77738810852364892411970e+00
49.50		66.00		2.1834451901565755911429454e-09	-4.95310622072521855585592e+00
49.50		68.00		2.0715883668903586810790612e-09	-4.28320202950390527263380e+00
49.50		70.00		2.0984340044742507394943934e-09	-3.74088177736791971383923e+00
49.50		72.00		2.1789709172259269147403900e-09	-3.30270394070266304353822e+00
54.00		-72.00		2.0805369127516560338841720e-09	-3.20828705051513907164917e+00
54.00		-70.00		2.0984340044742507394943934e-09	-3.61831356664816627954906e+00
54.00		-68.00		1.9642058165547904474177324e-09	-4.10064089380306562304668e+00
54.00		-66.00		2.0760626398210073574816166e-09	-4.71385180762426259093445e+00
54.00		-64.00		2.1834451901565755911429454e-09	-5.45839899073183243416452e+00
54.00		-62.00		2.2013422818791702967531669e-09	-6.37542850343478129104824e+00
54.00		-60.00		2.0626398210290613282739505e-09	-7.50564020450332503031632e+00
54.00		-58.00		2.1834451901565755911429454e-09	-8.86514584226833157742931e+00
54.00		-56.00		2.2953020134227925012068296e-09	-1.05466295054444927359327e+01
54.00		-54.00		2.2102908277404676495582776e-09	-1.25986230783705135394257e+01
54.00		-52.00		2.1834451901565755911429454e-09	-1.50959984120921220096534e+01
54.00		-50.00		2.3087248322147385304144957e-09	-1.79414309342989319873141e+01
54.00		-48.00		2.3131991051453872068170510e-09	-2.08712971929571438067796e+01
54.00		-46.00		2.1789709172259269147403900e-09	-2.33727264871374984522845e+01
54.00		-44.00		2.4116331096196580876732691e-09	-2.48758751180082171572394e+01
54.00		-42.00		2.3266219239373332360247171e-09	-2.49014755909941634115512e+01
54.00		-40.00		2.2908277404921438248042742e-09	-2.34490148473842516807508e+01
54.00		-38.00		2.4295302013422527932834906e-09	-2.08965344696241395183733e+01
54.00		-36.00		2.3310961968679819124272725e-09	-1.79335818041520873578065e+01
54.00		-34.00		2.5234899328858749977371533e-09	-1.51085919392381331505248e+01
54.00		-32.00		2.4384787472035501460886013e-09	-1.26448541390929207750560e+01
54.00		-30.00		2.5100671140939289685294872e-09	-1.05682003944867144440423e+01
54.00		-28.00		2.5458612975391183797499301e-09	-8.83090029481749105855215e+00
54.00		-26.00		2.4384787472035501460886013e-09	-7.43073933566954369922541e+00
54.00		-24.00		2.6442953020133892606061482e-09	-6.34913406562816007294714e+00
54.00		-22.00		2.4474272930648474988937121e-09	-5.45239774468183213684824e+00
54.00		-20.00		2.6577181208053352898138143e-09	-4.67808700816028100177846e+00
54.00		-18.00		2.5548098434004157325550409e-09	-4.05863233054897154516993e+00
54.00		-16.00		2.6577181208053352898138143e-09	-3.57786988278077178193826e+00
54.00		-14.00		2.7472035794183088178649216e-09	-3.13991774646506671686552e+00
54.00		-12.00		2.6621923937359839662163697e-09	-2.76719946183839526909765e+00
54.00		-10.00		2.7561521252796061706700324e-09	-2.46671154650244828232530e+00
54.00		-8.00		2.6621923937359839662163697e-09	-2.19694427698687588801363e+00
54.00		-6.00		2.8769574944071204335390273e-09	-1.92086434042489795359643e+00
54.00		-4.00		2.7785234899328495526828092e-09	-1.64982058921217933367132e+00
54.00		-2.00		2.6577181208053352898138143e-09	-1.25280553640460357023301e+00
54.00		0.00		2.1923937360178729439480561e-09	-1.03386222215979609040382e-01
54.00		2.00		2.6577181208053352898138143e-09	-1.09566943171833552916894e+00
54.00		4.00		2.7740492170022008762802538e-09	-1.43524633899345221976773e+00
54.00		6.00		2.8769574944071204335390273e-09	-1.66688234172572946611979e+00
54.00		8.00		2.6621923937359839662163697e-09	-1.90393758846204241841349e+00
54.00		10.00		2.7561521252796061706700324e-09	-2.13512667634654773607394e+00
54.00		12.00		2.6621923937359839662163697e-09	-2.39249339868791066621156e+00
54.00		14.00		2.7472035794183088178649216e-09	-2.71326183137258070132702e+00
54.00		16.00		2.6577181208053352898138143e-09	-3.09062135787621183879992e+00
54.00		18.00		2.7337807606263627886572555e-09	-3.51772862688029075428631e+00
54.00		20.00		2.6532438478746866134112589e-09	-4.03705722657905052841443e+00
54.00		22.00		2.4474272930648474988937121e-09	-4.70466017461381991182634e+00
54.00		24.00		2.6442953020133892606061482e-09	-5.47669519653785652479883e+00
54.00		26.00		2.4429530201341988224911567e-09	-6.40754685725967387810442e+00
54.00		28.00		2.5458612975391183797499301e-09	-7.61342615712250214698997e+00
54.00		30.00		2.5145413870245776449320426e-09	-9.10987412046795341780125e+00
54.00		32.00		2.4384787472035501460886013e-09	-1.08989499508840648189789e+01
54.00		34.00		2.5234899328858749977371533e-09	-1.30204071862489652033901e+01
54.00		36.00		2.3310961968679819124272725e-09	-1.54526727868694280232376e+01
54.00		38.00		2.4295302013422527932834906e-09	-1.80043490877580261155799e+01
54.00		40.00		2.2908277404921438248042742e-09	-2.02022035316622456946334e+01
54.00		42.00		2.3266219239373332360247171e-09	-2.14516606260609279388518e+01
54.00		44.00		2.4116331096196580876732691e-09	-2.14275966995731650399648e+01
54.00		46.00		2.2774049217001977955966081e-09	-2.01351631284342467154147e+01
54.00		48.00		2.3176733780760358832196064e-09	-1.79756587986886628982575e+01
54.00		50.00		2.3042505592840898540119403e-09	-1.54527143549046197534835e+01
54.00		52.00		2.1834451901565755911429454e-09	-1.30017551821374173215418e+01
54.00		54.00		2.2102908277404676495582776e-09	-1.08507256767662472185521e+01
54.00		56.00		2.2953020134227925012068296e-09	-9.08302446610805702675862e+00
54.00		58.00		2.1834451901565755911429454e-09	-7.63470366267690447870109e+00
54.00		60.00		2.0626398210290613282739505e-09	-6.46376888214362210760555e+00
54.00		62.00		2.2013422818791702967531669e-09	-5.49090935447118333456729e+00
54.00		64.00		2.1834451901565755911429454e-09	-4.70144049341771719241478e+00
54.00		66.00		2.0760626398210073574816166e-09	-4.06043131992119921136464e+00
54.00		68.00		1.9642058165547904474177324e-09	-3.53252550013872612666432e+00
54.00		70.00		2.0939597315436020630918381e-09	-3.11636527897706461232019e+00
54.00		72.00		2.0805369127516560338841720e-09	-2.76344878593624176943422e+00
58.50		-72.00		1.9776286353467364766253985e-09	-2.54826392779257648868452e+00
58.50		-70.00		2.0805369127516560338841720e-09	-2.86402397216495607779052e+00
58.50		-68.00		2.0894854586129533866892827e-09	-3.23319181125418309008523e+00
58.50		-66.00		1.9642058165547904474177324e-09	-3.67536742149515349709077e+00
58.50		-64.00		2.0760626398210073574816166e-09	-4.23194830876408190079019e+00
58.50		-62.00		2.1834451901565755911429454e-09	-4.90850910436656029389724e+00
58.50		-60.00		2.0984340044742507394943934e-09	-5.75169012278873559296244e+00
58.50		-58.00		2.0671140939597100046765059e-09	-6.76404594739073683484776e+00
58.50		-56.00		2.1879194630872242675455008e-09	-8.00057782754318935758420e+00
58.50		-54.00		2.2058165548098189731557222e-09	-9.52188281277432224669610e+00
58.50		-52.00		2.0536912751677639754688398e-09	-1.13866025201683491729909e+01
58.50		-50.00		2.1879194630872242675455008e-09	-1.36428043804956331541689e+01
58.50		-48.00		2.3042505592840898540119403e-09	-1.61534216763244700132418e+01
58.50		-46.00		2.1118568232661967687020595e-09	-1.86662098689854758504225e+01
58.50		-44.00		2.1879194630872242675455008e-09	-2.06611657595859590230702e+01
58.50		-42.00		2.3176733780760358832196064e-09	-2.16919783248945989839740e+01
58.50		-40.00		2.2192393736017650023633883e-09	-2.14060069414261811004963e+01
58.50		-38.00		2.2953020134227925012068296e-09	-1.98874681364831928931380e+01
58.50		-36.00		2.4250559284116041168809352e-09	-1.75285509598766964245442e+01
58.50		-34.00		2.2237136465324136787659437e-09	-1.49393260301073027562779e+01
58.50		-32.00		2.4205816554809554404783799e-09	-1.25421215227597286911987e+01
58.50		-30.00		2.4295302013422527932834906e-09	-1.04912132769759551820243e+01
58.50		-28.00		2.5145413870245776449320426e-09	-8.75572394876048321066264e+00
58.50		-26.00		2.4384787472035501460886013e-09	-7.32086179518325508297494e+00
58.50		-24.00		2.3355704697986305888298279e-09	-6.15533032510816635607398e+00
58.50		-22.00		2.5458612975391183797499301e-09	-5.26570553622918779979045e+00
58.50		-20.00		2.4429530201341988224911567e-09	-4.52504208736939084189999e+00
58.50		-18.00		2.6442953020133892606061482e-09	-3.87497785331488175941672e+00
58.50		-16.00		2.4474272930648474988937121e-09	-3.35638134968752410713932e+00
58.50		-14.00		2.6577181208053352898138143e-09	-2.95782930154546042089692e+00
58.50		-12.00		2.7516778523489574942674770e-09	-2.58087297081009259258622e+00
58.50		-10.00		2.6621923937359839662163697e-09	-2.26112537689746906366395e+00
58.50		-8.00		2.7561521252796061706700324e-09	-1.99940590744311119664189e+00
58.50		-6.00		2.6666666666666326426189250e-09	-1.74563187387658480531627e+00
58.50		-4.00		2.7516778523489574942674770e-09	-1.45923869652245374872734e+00
58.50		-2.00		2.7606263982102548470725877e-09	-1.07335619419303163191159e+00
58.50		0.00		2.1789709172259269147403900e-09	-1.04118621377564626873102e-01
58.50		2.00		2.7606263982102548470725877e-09	-9.41087410658493106474509e-01
58.50		4.00		2.7516778523489574942674770e-09	-1.27486547982335896023187e+00
58.50		6.00		2.6621923937359839662163697e-09	-1.52281430726583888457526e+00
58.50		8.00		2.7561521252796061706700324e-09	-1.74181212323434442268422e+00
58.50		10.00		2.6621923937359839662163697e-09	-1.96749428491030808885398e+00
58.50		12.00		2.7516778523489574942674770e-09	-2.24451153830464456007121e+00
58.50		14.00		2.6577181208053352898138143e-09	-2.57170949835807460814863e+00
58.50		16.00		2.4474272930648474988937121e-09	-2.91617228676420081612264e+00
58.50		18.00		2.6487695749440379370087036e-09	-3.36587791890990351006963e+00
58.50		20.00		2.4429530201341988224911567e-09	-3.93040792345247425032539e+00
58.50		22.00		2.5413870246084697033473748e-09	-4.57223641737060138012794e+00
58.50		24.00		2.3355704697986305888298279e-09	-5.34292533783295198190899e+00
58.50		26.00		2.4340044742729014696860460e-09	-6.35422963639444215999674e+00
58.50		28.00		2.5145413870245776449320426e-09	-7.59857036110868300227139e+00
58.50		30.00		2.4340044742729014696860460e-09	-9.10396766650988276126100e+00
58.50		32.00		2.4205816554809554404783799e-09	-1.08819647323546995210108e+01
58.50		34.00		2.2237136465324136787659437e-09	-1.29600318501998543752052e+01
58.50		36.00		2.4250559284116041168809352e-09	-1.52054037166565674255025e+01
58.50		38.00		2.2953020134227925012068296e-09	-1.72508462220436165068804e+01
58.50		40.00		2.2192393736017650023633883e-09	-1.85669306590627130049143e+01
58.50		42.00		2.3131991051453872068170510e-09	-1.88129904776374488051260e+01
58.50		44.00		2.2818791946308464719991635e-09	-1.79237170114046264757235e+01
58.50		46.00		2.2147651006711163259608330e-09	-1.61815613790094054991187e+01
58.50		48.00		2.3042505592840898540119403e-09	-1.40082171975578582134858e+01
58.50		50.00		2.1879194630872242675455008e-09	-1.18311620862637365547698e+01
58.50		52.00		2.0581655480984126518713951e-09	-9.87487941195432128438370e+00
58.50		54.00		2.2058165548098189731557222e-09	-8.25731119990733475333400e+00
58.50		56.00		2.1879194630872242675455008e-09	-6.93786293016671962163855e+00
58.50		58.00		2.0671140939597100046765059e-09	-5.86548271966451117975794e+00
58.50		60.00		2.0984340044742507394943934e-09	-4.98779161468716214500319e+00
58.50		62.00		2.1834451901565755911429454e-09	-4.25707184854860187783743e+00
58.50		64.00		2.0760626398210073574816166e-09	-3.67057135567428760580810e+00
58.50		66.00		1.9642058165547904474177324e-09	-3.18810841462228999887429e+00
58.50		68.00		2.0894854586129533866892827e-09	-2.80438566503780073446706e+00
58.50		70.00		2.0805369127516560338841720e-09	-2.48409942081778689626503e+00
58.50		72.00		1.9776286353467364766253985e-09	-2.21022667962159236054731e+00
63.00		-72.00		1.9597315436241417710151771e-09	-1.92813344639613282183177e+00
63.00		-70.00		1.9776286353467364766253985e-09	-2.15389189011320381084147e+00
63.00		-68.00		1.9865771812080338294305093e-09	-2.41779047035763472450753e+00
63.00		-66.00		1.8612975391498706833638059e-09	-2.73206152781098676740612e+00
63.00		-64.00		1.9686800894854391238202878e-09	-3.13097491707456310194857e+00
63.00		-62.00		2.0760626398210073574816166e-09	-3.61289392534223008368599e+00
63.00		-60.00		2.0894854586129533866892827e-09	-4.20656314482012927413734e+00
63.00		-58.00		1.9552572706934930946126217e-09	-4.93548926533118059722938e+00
63.00		-56.00		2.0715883668903586810790612e-09	-5.80239583356998345209377e+00
63.00		-54.00		2.1834451901565755911429454e-09	-6.87639262084644187211779e+00
63.00		-52.00		2.0984340044742507394943934e-09	-8.18880461972968554107410e+00
63.00		-50.00		2.0626398210290613282739505e-09	-9.81796505558640042465868e+00
63.00		-48.00		2.1879194630872242675455008e-09	-1.17376032396896725629176e+01
63.00		-46.00		2.2058165548098189731557222e-09	-1.38223003554597489994649e+01
63.00		-44.00		1.9507829977628444182100663e-09	-1.57865181740019302480960e+01
63.00		-42.00		2.1923937360178729439480561e-09	-1.72147295514959353113227e+01
63.00		-40.00		2.3131991051453872068170510e-09	-1.77535577210590318486538e+01
63.00		-38.00		2.1118568232661967687020595e-09	-1.71949428290893671089634e+01
63.00		-36.00		2.3042505592840898540119403e-09	-1.57002460670538486198211e+01
63.00		-34.00		2.3221476510066845596221618e-09	-1.36659682939666460299577e+01
63.00		-32.00		2.1163310961968454451046149e-09	-1.15496075557770510044975e+01
63.00		-30.00		2.4205816554809554404783799e-09	-9.67756354175872779421752e+00
63.00		-28.00		2.3266219239373332360247171e-09	-8.08360782584072445899892e+00
63.00		-26.00		2.4116331096196580876732691e-09	-6.74584789759218139693075e+00
63.00		-24.00		2.4340044742729014696860460e-09	-5.63237351611832348652342e+00
63.00		-22.00		2.3266219239373332360247171e-09	-4.74099879734291462796136e+00
63.00		-20.00		2.4340044742729014696860460e-09	-4.06044952497607347652320e+00
63.00		-18.00		2.3355704697986305888298279e-09	-3.49458969225991511464713e+00
63.00		-16.00		2.5458612975391183797499301e-09	-2.98593599174613322233540e+00
63.00		-14.00		2.4429530201341988224911567e-09	-2.58034784312443443710094e+00
63.00		-12.00		2.5458612975391183797499301e-09	-2.26835466487754766617968e+00
63.00		-10.00		2.6219239373601458785933714e-09	-1.97282322732366122153280e+00
63.00		-8.00		2.5369127516778210269448194e-09	-1.70888890277251381810686e+00
63.00		-6.00		2.7606263982102548470725877e-09	-1.48291499081813848981426e+00
63.00		-4.00		2.6577181208053352898138143e-09	-1.23386624930260846433328e+00
63.00		-2.00		2.5503355704697670561524855e-09	-8.96186348478791305893765e-01
63.00		0.00		1.9865771812080338294305093e-09	-1.16736414649337108540017e-01
63.00		2.00		2.5458612975391183797499301e-09	-7.88117247027771417045017e-01
63.00		4.00		2.6577181208053352898138143e-09	-1.08198109189063851331980e+00
63.00		6.00		2.7561521252796061706700324e-09	-1.29848155964929823369403e+00
63.00		8.00		2.5369127516778210269448194e-09	-1.49449771893927563226612e+00
63.00		10.00		2.6263982102907945549959267e-09	-1.72423674543828320260275e+00
63.00		12.00		2.5413870246084697033473748e-09	-1.98219747226219933367020e+00
63.00		14.00		2.4429530201341988224911567e-09	-2.25343560784075247482861e+00
63.00		16.00		2.5413870246084697033473748e-09	-2.60720028524815683468319e+00
63.00		18.00		2.3355704697986305888298279e-09	-3.05136060758916860535805e+00
63.00		20.00		2.5324384787471723505422640e-09	-3.54938812166139427972666e+00
63.00		22.00		2.3310961968679819124272725e-09	-4.13729259173230268231691e+00
63.00		24.00		2.4340044742729014696860460e-09	-4.91433168328629754739723e+00
63.00		26.00		2.4116331096196580876732691e-09	-5.88558790110174090415285e+00
63.00		28.00		2.3266219239373332360247171e-09	-7.05231839523737935593317e+00
63.00		30.00		2.4205816554809554404783799e-09	-8.44177454335314436661974e+00
63.00		32.00		2.1163310961968454451046149e-09	-1.00731905136069492812112e+01
63.00		34.00		2.3221476510066845596221618e-09	-1.19186708642344019182246e+01
63.00		36.00		2.2997762863534411776093849e-09	-1.36927613215798196222295e+01
63.00		38.00		2.1118568232661967687020595e-09	-1.49955152535610505282193e+01
63.00		40.00		2.3087248322147385304144957e-09	-1.54811643880331075706636e+01
63.00		42.00		2.1923937360178729439480561e-09	-1.50106362432677045148921e+01
63.00		44.00		2.0536912751677639754688398e-09	-1.37644346721252777143718e+01
63.00		46.00		2.2058165548098189731557222e-09	-1.20520317564942800458994e+01
63.00		48.00		2.1879194630872242675455008e-09	-1.02345465386771383720088e+01
63.00		50.00		2.0626398210290613282739505e-09	-8.56099314250734977349566e+00
63.00		52.00		2.0984340044742507394943934e-09	-7.14041662360934203945817e+00
63.00		54.00		2.1834451901565755911429454e-09	-5.99578722695571642020695e+00
63.00		56.00		2.0715883668903586810790612e-09	-5.05925302633836171395387e+00
63.00		58.00		1.9552572706934930946126217e-09	-4.30331355589780439885317e+00
63.00		60.00		2.0894854586129533866892827e-09	-3.66818193241305401386398e+00
63.00		62.00		2.0760626398210073574816166e-09	-3.15081280098427063407485e+00
63.00		64.00		1.9686800894854391238202878e-09	-2.73078912425780861994440e+00
63.00		66.00		1.9463087248321957418075110e-09	-2.38415771246554619722247e+00
63.00		68.00		1.9865771812080338294305093e-09	-2.10880754230194256138020e+00
63.00		70.00		1.9776286353467364766253985e-09	-1.87852731928568705832561e+00
63.00		72.00		1.9597315436241417710151771e-09	-1.68163574788025815820447e+00
67.50		-72.00		1.8612975391498706833638059e-09	-1.36892761284291597512208e+00
67.50		-70.00		1.8747203579418169193666251e-09	-1.52100413342980012032513e+00
67.50		-68.00		1.8702460850111682429640697e-09	-1.69758689112351812688928e+00
67.50		-66.00		1.8389261744966273013510290e-09	-1.91217071221347945098046e+00
67.50		-64.00		1.8612975391498706833638059e-09	-2.18381307325291373899745e+00
67.50		-62.00		1.9686800894854391238202878e-09	-2.50909864875386556803960e+00
67.50		-60.00		1.9821029082773851530279539e-09	-2.91032297518300042682426e+00
67.50		-58.00		1.8434004474272759777535844e-09	-3.40368152966257886404833e+00
67.50		-56.00		1.9597315436241417710151771e-09	-3.97823504441251207808250e+00
67.50		-54.00		2.0715883668903586810790612e-09	-4.68991487241188753642973e+00
67.50		-52.00		2.0850111856823047102867273e-09	-5.56572358875419581636379e+00
67.50		-50.00		1.8478747203579246541561398e-09	-6.64749789966656745576756e+00
67.50		-48.00		2.0671140939597100046765059e-09	-7.98303279475851468305336e+00
67.50		-46.00		2.0939597315436020630918381e-09	-9.51080190881550535664246e+00
67.50		-44.00		2.0939597315436020630918381e-09	-1.10876737897868924420663e+01
67.50		-42.00		2.0581655480984126518713951e-09	-1.24485458217414546311375e+01
67.50		-40.00		2.1923937360178729439480561e-09	-1.33024075733596465198616e+01
67.50		-38.00		2.1073825503355480922995042e-09	-1.33851240922701499869163e+01
67.50		-36.00		2.0492170022371152990662844e-09	-1.26822541664777777015161e+01
67.50		-34.00		2.1968680089485216203506115e-09	-1.13453638056175947212978e+01
67.50		-32.00		2.2102908277404676495582776e-09	-9.73101073966864404951593e+00
67.50		-30.00		1.9999999999999798586381754e-09	-8.15010214367173269067735e+00
67.50		-28.00		2.3131991051453872068170510e-09	-6.82211248648090951007816e+00
67.50		-26.00		2.2192393736017650023633883e-09	-5.70045520006217287800609e+00
67.50		-24.00		2.4071588366890094112707138e-09	-4.74757067310831093465140e+00
67.50		-22.00		2.3221476510066845596221618e-09	-3.97046350088600608074785e+00
67.50		-20.00		2.2192393736017650023633883e-09	-3.34200864411154663358161e+00
67.50		-18.00		2.4295302013422527932834906e-09	-2.87788402856952307828919e+00
67.50		-16.00		2.3266219239373332360247171e-09	-2.47580608481515751506663e+00
67.50		-14.00		2.4295302013422527932834906e-09	-2.11076078943980460778107e+00
67.50		-12.00		2.3310961968679819124272725e-09	-1.81628189159793040907687e+00
67.50		-10.00		2.5369127516778210269448194e-09	-1.59593408950239790122794e+00
67.50		-8.00		2.4340044742729014696860460e-09	-1.38052200795001223099234e+00
67.50		-6.00		2.5458612975391183797499301e-09	-1.15877576981015750767767e+00
67.50		-4.00		2.4429530201341988224911567e-09	-9.53278974511543086833854e-01
67.50		-2.00		2.5279642058165236741397087e-09	-6.98123048679370250546583e-01
67.50		0.00		1.9865771812080338294305093e-09	-1.15634951876966457495755e-01
67.50		2.00		2.5279642058165236741397087e-09	-6.14856526455572871547872e-01
67.50		4.00		2.4429530201341988224911567e-09	-8.37510545807966244602483e-01
67.50		6.00		2.5413870246084697033473748e-09	-1.01698233123646097908477e+00
67.50		8.00		2.4384787472035501460886013e-09	-1.21165204358360623082547e+00
67.50		10.00		2.5369127516778210269448194e-09	-1.40038889927121612544170e+00
67.50		12.00		2.3310961968679819124272725e-09	-1.59241275874733201334266e+00
67.50		14.00		2.4295302013422527932834906e-09	-1.85038625069450368698654e+00
67.50		16.00		2.3266219239373332360247171e-09	-2.17068804483664434812340e+00
67.50		18.00		2.4295302013422527932834906e-09	-2.52260322323646857256563e+00
67.50		20.00		2.2192393736017650023633883e-09	-2.92815775356499008452715e+00
67.50		22.00		2.3221476510066845596221618e-09	-3.47860389090844934756319e+00
67.50		24.00		2.4071588366890094112707138e-09	-4.15931317321700788625094e+00
67.50		26.00		2.2192393736017650023633883e-09	-4.99420040082717076046492e+00
67.50		28.00		2.3131991051453872068170510e-09	-5.97610473874011294270758e+00
67.50		30.00		2.1655480984339808855327239e-09	-7.14495762543797852117677e+00
67.50		32.00		2.2102908277404676495582776e-09	-8.52266241488569953332899e+00
67.50		34.00		2.1968680089485216203506115e-09	-9.93645468842773382789346e+00
67.50		36.00		2.0581655480984126518713951e-09	-1.11070288942816546295944e+01
67.50		38.00		2.1029082774048994158969488e-09	-1.17218545458351304233702e+01
67.50		40.00		2.1923937360178729439480561e-09	-1.16490143481015344661955e+01
67.50		42.00		2.0626398210290613282739505e-09	-1.09008728756349313471219e+01
67.50		44.00		2.0984340044742507394943934e-09	-9.70869462714080633247704e+00
67.50		46.00		2.0894854586129533866892827e-09	-8.32879553342293910134231e+00
67.50		48.00		2.0671140939597100046765059e-09	-6.99085805790891523514574e+00
67.50		50.00		1.9418344519015470654049556e-09	-5.82169114826544120688823e+00
67.50		52.00		2.0850111856823047102867273e-09	-4.87402818606549015356677e+00
67.50		54.00		2.0715883668903586810790612e-09	-4.10695424233225558907634e+00
67.50		56.00		1.9597315436241417710151771e-09	-3.48367539503154155511311e+00
67.50		58.00		1.8434004474272759777535844e-09	-2.98048772481186574623280e+00
67.50		60.00		1.9821029082773851530279539e-09	-2.54889577637919062524929e+00
67.50		62.00		1.9686800894854391238202878e-09	-2.19778426852014829862014e+00
67.50		64.00		1.8612975391498706833638059e-09	-1.91308487310142338877483e+00
67.50		66.00		1.8434004474272759777535844e-09	-1.67539730056303692862230e+00
67.50		68.00		1.8747203579418169193666251e-09	-1.48761811331520554801955e+00
67.50		70.00		1.8702460850111682429640697e-09	-1.33208623891001542993706e+00
67.50		72.00		1.8612975391498706833638059e-09	-1.19910137978356767796129e+00
72.00		-72.00		1.7583892617449511261050324e-09	-8.90085570399863246215943e-01
72.00		-70.00		1.7628635346755998025075878e-09	-9.83197864854532976863766e-01
72.00		-68.00		1.6375838926174368632360375e-09	-1.08768657330671114635834e+00
72.00		-66.00		1.7404921700223564204948110e-09	-1.23094057968759096333144e+00
72.00		-64.00		1.8389261744966273013510290e-09	-1.40082493414840714152092e+00
72.00		-62.00		1.8612975391498706833638059e-09	-1.60771175129284471516655e+00
72.00		-60.00		1.8657718120805195665615144e-09	-1.86065838965359664491928e+00
72.00		-58.00		1.7360178970917077440922556e-09	-2.16820776960181094139557e+00
72.00		-56.00		1.8478747203579246541561398e-09	-2.52062681290767232056282e+00
72.00		-54.00		1.8657718120805195665615144e-09	-2.95024982542224734061165e+00
72.00		-52.00		1.9686800894854391238202878e-09	-3.49247217383874541951627e+00
72.00		-50.00		1.7315436241610590676897002e-09	-4.15284229063620191624295e+00
72.00		-48.00		1.8523489932885733305586951e-09	-5.00304102024188512842784e+00
72.00		-46.00		1.9731543624160878002228432e-09	-5.99514573930604477425277e+00
72.00		-44.00		1.9821029082773851530279539e-09	-7.08312239136317423060518e+00
72.00		-42.00		1.8299776286353299485459183e-09	-8.11869162477625572194029e+00
72.00		-40.00		1.9642058165547904474177324e-09	-8.89793652318575922777200e+00
72.00		-38.00		2.0894854586129533866892827e-09	-9.25241737355578131030143e+00
72.00		-36.00		1.9821029082773851530279539e-09	-9.04223420644986752847672e+00
72.00		-34.00		2.0626398210290613282739505e-09	-8.33383755645301249614931e+00
72.00		-32.00		2.0939597315436020630918381e-09	-7.28996609874370093962170e+00
72.00		-30.00		1.9955257270693311822356200e-09	-6.16399594174105835975297e+00
72.00		-28.00		2.0626398210290613282739505e-09	-5.12762021150717828277266e+00
72.00		-26.00		2.2013422818791702967531669e-09	-4.29199328759068876593119e+00
72.00		-24.00		2.1029082774048994158969488e-09	-3.59310679936972787729133e+00
72.00		-22.00		2.1879194630872242675455008e-09	-2.99981095914361262089187e+00
72.00		-20.00		2.2102908277404676495582776e-09	-2.50231343672946238143595e+00
72.00		-18.00		2.1073825503355480922995042e-09	-2.10784434537704035150796e+00
72.00		-16.00		2.3176733780760358832196064e-09	-1.82745039812117737731967e+00
72.00		-14.00		2.2147651006711163259608330e-09	-1.57557763214308521604323e+00
72.00		-12.00		2.3131991051453872068170510e-09	-1.33847693769391584694972e+00
72.00		-10.00		2.2192393736017650023633883e-09	-1.14598390027100749399835e+00
72.00		-8.00		2.2953020134227925012068296e-09	-9.94880951795737211718063e-01
72.00		-6.00		2.5145413870245776449320426e-09	-8.42351934760983578343030e-01
72.00		-4.00		2.4250559284116041168809352e-09	-6.91877062264984243888932e-01
72.00		-2.00		2.3221476510066845596221618e-09	-4.99856768529947481649600e-01
72.00		0.00		1.9865771812080338294305093e-09	-1.15694124161168560016577e-01
72.00		2.00		2.3221476510066845596221618e-09	-4.40364361640862622682135e-01
72.00		4.00		2.4250559284116041168809352e-09	-6.09093004792944037184554e-01
72.00		6.00		2.5145413870245776449320426e-09	-7.41198318228480257374713e-01
72.00		8.00		2.4161073825503067640758245e-09	-8.82652274446634077520457e-01
72.00		10.00		2.2147651006711163259608330e-09	-1.00773202930939120847142e+00
72.00		12.00		2.3131991051453872068170510e-09	-1.17695084570900143638994e+00
72.00		14.00		2.2147651006711163259608330e-09	-1.38587025982932598999753e+00
72.00		16.00		2.3131991051453872068170510e-09	-1.60691242564641845191886e+00
72.00		18.00		2.1073825503355480922995042e-09	-1.85254839819136329914784e+00
72.00		20.00		2.2102908277404676495582776e-09	-2.19923258871620008747527e+00
72.00		22.00		2.1879194630872242675455008e-09	-2.63665627237595501242140e+00
72.00		24.00		2.1029082774048994158969488e-09	-3.15827477928409550145261e+00
72.00		26.00		2.2013422818791702967531669e-09	-3.77204008253861600152845e+00
72.00		28.00		2.0626398210290613282739505e-09	-4.50566661290980974285958e+00
72.00		30.00		1.9955257270693311822356200e-09	-5.41600392072406666699180e+00
72.00		32.00		2.0939597315436020630918381e-09	-6.40546585262780343583700e+00
72.00		34.00		2.0626398210290613282739505e-09	-7.32274914537829957339454e+00
72.00		36.00		1.9865771812080338294305093e-09	-7.94526677427096483796731e+00
72.00		38.00		2.0894854586129533866892827e-09	-8.12927065147973237912993e+00
72.00		40.00		2.0626398210290613282739505e-09	-7.82428529981866294207293e+00
72.00		42.00		1.8344519015659786249484737e-09	-7.13240867940869094354639e+00
72.00		44.00		1.9821029082773851530279539e-09	-6.22288519792888106252349e+00
72.00		46.00		1.9731543624160878002228432e-09	-5.26733059101965395143452e+00
72.00		48.00		1.8523489932885733305586951e-09	-4.39597979212359302181312e+00
72.00		50.00		1.7315436241610590676897002e-09	-3.64925736818896284674452e+00
72.00		52.00		1.9686800894854391238202878e-09	-3.06865319647029588523424e+00
72.00		54.00		1.8657718120805195665615144e-09	-2.59216099877453132194205e+00
72.00		56.00		1.8478747203579246541561398e-09	-2.21459742782373680825003e+00
72.00		58.00		1.7360178970917077440922556e-09	-1.90489092533787784944366e+00
72.00		60.00		1.8702460850111682429640697e-09	-1.63467118723555016046589e+00
72.00		62.00		1.8612975391498706833638059e-09	-1.41300010323218261376610e+00
72.00		64.00		1.8389261744966273013510290e-09	-1.23133334751201628520789e+00
72.00		66.00		1.7404921700223564204948110e-09	-1.08216850929649077706074e+00
72.00		68.00		1.7181208053691130384820341e-09	-9.58478525543330461822222e-01
72.00		70.00		1.7628635346755998025075878e-09	-8.64283554428515454759463e-01
72.00		72.00		1.7539149888143024497024771e-09	-7.82102787325959503128558e-01
76.50		-72.00		1.5033557046979765711593765e-09	-4.92362380263144105985162e-01
76.50		-70.00		1.5212527964205712767695980e-09	-5.48916271387481335963798e-01
76.50		-68.00		1.6152125279641934812232607e-09	-6.17164093171722938357959e-01
76.50		-66.00		1.6331096196867881868334821e-09	-6.98513002747678690695921e-01
76.50		-64.00		1.6465324384787342160411482e-09	-7.98242313304342587798601e-01
76.50		-62.00		1.6510067114093828924437036e-09	-9.18403977216841860276020e-01
76.50		-60.00		1.5212527964205712767695980e-09	-1.06291170195861450764596e+00
76.50		-58.00		1.6286353467561395104309268e-09	-1.21855294125082402878490e+00
76.50		-56.00		1.7360178970917077440922556e-09	-1.41028384293075692568209e+00
76.50		-54.00		1.7539149888143024497024771e-09	-1.64179797779675085145357e+00
76.50		-52.00		1.7539149888143024497024771e-09	-1.92940181145136202545132e+00
76.50		-50.00		1.6152125279641934812232607e-09	-2.29529148723321352321136e+00
76.50		-48.00		1.7360178970917077440922556e-09	-2.76925530276964826370545e+00
76.50		-46.00		1.8478747203579246541561398e-09	-3.33187658319108725990532e+00
76.50		-44.00		1.8612975391498706833638059e-09	-3.96991861442781557300918e+00
76.50		-42.00		1.6554809843400315688462590e-09	-4.61780411903557741482018e+00
76.50		-40.00		1.7404921700223564204948110e-09	-5.14133254447200549464014e+00
76.50		-38.00		1.8657718120805195665615144e-09	-5.46839096180253836365637e+00
76.50		-36.00		1.8747203579418169193666251e-09	-5.48910330617545039189054e+00
76.50		-34.00		1.6689038031319775980539251e-09	-5.19385352182708359691787e+00
76.50		-32.00		1.8568232662192220069612505e-09	-4.64998986468805419747241e+00
76.50		-30.00		1.9731543624160878002228432e-09	-3.96606121697358293687330e+00
76.50		-28.00		1.8791946308724655957691805e-09	-3.30649182063985547230800e+00
76.50		-26.00		1.9507829977628444182100663e-09	-2.74301087244756880423324e+00
76.50		-24.00		1.9821029082773851530279539e-09	-2.30099712496189034993677e+00
76.50		-22.00		1.8836689038031142721717358e-09	-1.93837869235186643912527e+00
76.50		-20.00		2.0715883668903586810790612e-09	-1.61998153572885761342093e+00
76.50		-18.00		2.0894854586129533866892827e-09	-1.35143868156444590944432e+00
76.50		-16.00		1.9910514541386825058330646e-09	-1.14085513971218310835809e+00
76.50		-14.00		2.0894854586129533866892827e-09	-9.94177453167989999549548e-01
76.50		-12.00		2.0984340044742507394943934e-09	-8.66299202632617837416262e-01
76.50		-10.00		2.1923937360178729439480561e-09	-7.32246731361718139474704e-01
76.50		-8.00		2.0939597315436020630918381e-09	-6.28429745026577446509464e-01
76.50		-6.00		2.1968680089485216203506115e-09	-5.49377348578944380008693e-01
76.50		-4.00		2.2192393736017650023633883e-09	-4.60366836701436965562095e-01
76.50		-2.00		2.3042505592840898540119403e-09	-3.35663797621178983110468e-01
76.50		0.00		1.9910514541386825058330646e-09	-1.17190158612337030907824e-01
76.50		2.00		2.3042505592840898540119403e-09	-2.96030334269864137120010e-01
76.50		4.00		2.2147651006711163259608330e-09	-4.06494204149542293080799e-01
76.50		6.00		2.1923937360178729439480561e-09	-4.84348352478940757936954e-01
76.50		8.00		2.0939597315436020630918381e-09	-5.53741535747171997883243e-01
76.50		10.00		2.1923937360178729439480561e-09	-6.45295816794995258369738e-01
76.50		12.00		2.0984340044742507394943934e-09	-7.63883977276007652967849e-01
76.50		14.00		2.0850111856823047102867273e-09	-8.75996029955569244229707e-01
76.50		16.00		1.9910514541386825058330646e-09	-1.00488214778777096292117e+00
76.50		18.00		2.0894854586129533866892827e-09	-1.19045032763523517260751e+00
76.50		20.00		2.0715883668903586810790612e-09	-1.42722202056338165476745e+00
76.50		22.00		1.8836689038031142721717358e-09	-1.70808807585078614721397e+00
76.50		24.00		1.9821029082773851530279539e-09	-2.02719312523150119176307e+00
76.50		26.00		1.9552572706934930946126217e-09	-2.41645519768424987816502e+00
76.50		28.00		1.8791946308724655957691805e-09	-2.91212331273468594261544e+00
76.50		30.00		1.9731543624160878002228432e-09	-3.49319789502197508568315e+00
76.50		32.00		1.8568232662192220069612505e-09	-4.09587182857334042296316e+00
76.50		34.00		1.7091722595078156856769234e-09	-4.57517045407271627510681e+00
76.50		36.00		1.8747203579418169193666251e-09	-4.83478883313719975944878e+00
76.50		38.00		1.8612975391498706833638059e-09	-4.81585207402955095545849e+00
76.50		40.00		1.8344519015659786249484737e-09	-4.53312484945399063462901e+00
76.50		42.00		1.6599552572706802452488143e-09	-4.06646680431328633176236e+00
76.50		44.00		1.8612975391498706833638059e-09	-3.49637045020800663053251e+00
76.50		46.00		1.8478747203579246541561398e-09	-2.93467055954386601968054e+00
76.50		48.00		1.7360178970917077440922556e-09	-2.43935618895266692618407e+00
76.50		50.00		1.6196868008948421576258160e-09	-2.02209927505193576280362e+00
76.50		52.00		1.7583892617449511261050324e-09	-1.69996196835662893853680e+00
76.50		54.00		1.7494407158836537732999217e-09	-1.44580926249686037010633e+00
76.50		56.00		1.7360178970917077440922556e-09	-1.24211318565328743268594e+00
76.50		58.00		1.6286353467561395104309268e-09	-1.07316551205635568599916e+00
76.50		60.00		1.6017897091722474520155946e-09	-9.34898967926903745606637e-01
76.50		62.00		1.6510067114093828924437036e-09	-8.09017236353574253904242e-01
76.50		64.00		1.6465324384787342160411482e-09	-7.03386044594635273519145e-01
76.50		66.00		1.6331096196867881868334821e-09	-6.15666029137362347256612e-01
76.50		68.00		1.6152125279641934812232607e-09	-5.44046764008943473100999e-01
76.50		70.00		1.5212527964205712767695980e-09	-4.84029205669221196384200e-01
76.50		72.00		1.5033557046979765711593765e-09	-4.34156745495058116190989e-01
81.00		-72.00		1.4004474272930570139006031e-09	-2.21116497622502350406393e-01
81.00		-70.00		1.4138702460850030431082692e-09	-2.49031742316658449842848e-01
81.00		-68.00		1.4183445190156517195108245e-09	-2.83563352434365922860593e-01
81.00		-66.00		1.2796420581655427510316082e-09	-3.35814021597440170996407e-01
81.00		-64.00		1.2975391498881374566418296e-09	-3.75275836861900746743714e-01
81.00		-62.00		1.3959731543624083374980477e-09	-4.21421231209615054780215e-01
81.00		-60.00		1.4093959731543543667057138e-09	-4.75099206963832232375466e-01
81.00		-58.00		1.4228187919463003959133799e-09	-5.37392289721896898591069e-01
81.00		-56.00		1.5212527964205712767695980e-09	-6.21891907098372942463982e-01
81.00		-54.00		1.2796420581655427510316082e-09	-7.00461113549778691123038e-01
81.00		-52.00		1.3870246085011109846929370e-09	-8.42156403407727793819504e-01
81.00		-50.00		1.4093959731543543667057138e-09	-1.01968677501026783183136e+00
81.00		-48.00		1.5212527964205712767695980e-09	-1.23331597552514260485168e+00
81.00		-46.00		1.5346756152125173059772641e-09	-1.49552499912665837200620e+00
81.00		-44.00		1.5391498881431659823798194e-09	-1.78904755704723306131143e+00
81.00		-42.00		1.3825503355704623082903816e-09	-2.08727003130498989236230e+00
81.00		-40.00		1.5123042505592739239644872e-09	-2.33825638783649303320544e+00
81.00		-38.00		1.6286353467561395104309268e-09	-2.52100673325041491068532e+00
81.00		-36.00		1.6420581655480855396385929e-09	-2.57701797698612722342659e+00
81.00		-34.00		1.5436241610738146587823748e-09	-2.48818317969080782248170e+00
81.00		-32.00		1.4944071588366792183542658e-09	-2.28817233044685952592090e+00
81.00		-30.00		1.6331096196867881868334821e-09	-1.98720460418038125105511e+00
81.00		-28.00		1.6510067114093828924437036e-09	-1.66083023557470887965337e+00
81.00		-26.00		1.6510067114093828924437036e-09	-1.36139580005935845186116e+00
81.00		-24.00		1.4451901565995437779261567e-09	-1.11148178336909619901007e+00
81.00		-22.00		1.7494407158836537732999217e-09	-9.54288032423526111358569e-01
81.00		-20.00		1.7583892617449511261050324e-09	-8.18251045383431852009437e-01
81.00		-18.00		1.6554809843400315688462590e-09	-7.02149283274688063016811e-01
81.00		-16.00		1.8568232662192220069612505e-09	-5.74947678784959226305773e-01
81.00		-14.00		1.7673378076062484789101432e-09	-4.84890758454340708993868e-01
81.00		-12.00		1.6599552572706802452488143e-09	-4.11244163475498802906571e-01
81.00		-10.00		1.8657718120805195665615144e-09	-3.77652528738578630029821e-01
81.00		-8.00		1.7628635346755998025075878e-09	-3.31142499372380050282061e-01
81.00		-6.00		1.9686800894854391238202878e-09	-2.72651096785747892869978e-01
81.00		-4.00		1.8791946308724655957691805e-09	-2.29722824706414308071345e-01
81.00		-2.00		1.7718120805368971553126985e-09	-1.85685602623388096299450e-01
81.00		0.00		1.9686800894854391238202878e-09	-1.13235453375206227000227e-01
81.00		2.00		1.7673378076062484789101432e-09	-1.63635906576120676580999e-01
81.00		4.00		1.8791946308724655957691805e-09	-2.02552234598367408846542e-01
81.00		6.00		1.9686800894854391238202878e-09	-2.40516410476315001254477e-01
81.00		8.00		1.7628635346755998025075878e-09	-2.92687636203743273277667e-01
81.00		10.00		1.8657718120805195665615144e-09	-3.33616253238274318437817e-01
81.00		12.00		1.6599552572706802452488143e-09	-3.62557411998182255175038e-01
81.00		14.00		1.7628635346755998025075878e-09	-4.27768169850984147917217e-01
81.00		16.00		1.8568232662192220069612505e-09	-5.07220441693271184568914e-01
81.00		18.00		1.6599552572706802452488143e-09	-6.19900953540099108884931e-01
81.00		20.00		1.7583892617449511261050324e-09	-7.22386732482138027577889e-01
81.00		22.00		1.7494407158836537732999217e-09	-8.42195702108522570306093e-01
81.00		24.00		1.6062639821028961284181499e-09	-9.85828656028098659902525e-01
81.00		26.00		1.6510067114093828924437036e-09	-1.20084479025192925050192e+00
81.00		28.00		1.6510067114093828924437036e-09	-1.46519034837733008735938e+00
81.00		30.00		1.6331096196867881868334821e-09	-1.75337732536304180541720e+00
81.00		32.00		1.4988814317673278947568211e-09	-2.01907913500238489490357e+00
81.00		34.00		1.5436241610738146587823748e-09	-2.19558032601644281811559e+00
81.00		36.00		1.6420581655480855396385929e-09	-2.27369091059123507037043e+00
81.00		38.00		1.6286353467561395104309268e-09	-2.22405098497758491049581e+00
81.00		40.00		1.5123042505592739239644872e-09	-2.06260097657556640271537e+00
81.00		42.00		1.3870246085011109846929370e-09	-1.84096908113390789196728e+00
81.00		44.00		1.5391498881431659823798194e-09	-1.57818628368091817826269e+00
81.00		46.00		1.5346756152125173059772641e-09	-1.31945172000717025895256e+00
81.00		48.00		1.5212527964205712767695980e-09	-1.08830919606724552117782e+00
81.00		50.00		1.4093959731543543667057138e-09	-8.99993605195171797461740e-01
81.00		52.00		1.3914988814317596610954923e-09	-7.43464351852445859414331e-01
81.00		54.00		1.3243847874720295150571618e-09	-6.20942317624796680242127e-01
81.00		56.00		1.5212527964205712767695980e-09	-5.48735829996713109224515e-01
81.00		58.00		1.5078299776286252475619319e-09	-4.79378865220727312657090e-01
81.00		60.00		1.4093959731543543667057138e-09	-4.19069006357039419707888e-01
81.00		62.00		1.3959731543624083374980477e-09	-3.71681842417989127813627e-01
81.00		64.00		1.2975391498881374566418296e-09	-3.30881532916886156314717e-01
81.00		66.00		1.2841163310961914274341635e-09	-2.95876355442232674697323e-01
81.00		68.00		1.4183445190156517195108245e-09	-2.50340713686418414596346e-01
81.00		70.00		1.4138702460850030431082692e-09	-2.19974929538379188054265e-01
81.00		72.00		1.4004474272930570139006031e-09	-1.95379528023400333980319e-01
85.50		-72.00		9.7091722595078407925528785e-10	-6.45935149810066971953759e-02
85.50		-70.00		9.7539149888143275565784322e-10	-6.82005625545610283388953e-02
85.50		-68.00		9.7539149888143275565784322e-10	-7.15603350326940168546486e-02
85.50		-66.00		9.7539149888143275565784322e-10	-7.56130204059747706990535e-02
85.50		-64.00		8.4563758389261907203220619e-10	-7.28831965199326636817290e-02
85.50		-62.00		8.5458612975391663163247007e-10	-8.70191785888719537833680e-02
85.50		-60.00		9.4854586129754069724251102e-10	-1.03842915206305730357883e-01
85.50		-58.00		9.5749440715883805004762175e-10	-1.25201763384177433557909e-01
85.50		-56.00		9.6644295302013540285273248e-10	-1.53616874411655612853167e-01
85.50		-54.00		1.0693512304250549601115059e-09	-1.82757124894919548152572e-01
85.50		-52.00		1.0782997762863523129166167e-09	-2.25378699591869069429606e-01
85.50		-50.00		1.0827740492170009893191720e-09	-2.78143073718719435749591e-01
85.50		-48.00		1.0872483221476496657217274e-09	-3.39771323394806257223166e-01
85.50		-46.00		8.7695749440716053063312975e-10	-4.20966362883550382356646e-01
85.50		-44.00		9.3959731543624334443740028e-10	-4.80235383744852972753847e-01
85.50		-42.00		1.0514541387024602545012845e-09	-5.43782505827861251113120e-01
85.50		-40.00		1.0693512304250549601115059e-09	-5.99993119302893451738612e-01
85.50		-38.00		1.1812080536912718701753901e-09	-6.51164147957076000494681e-01
85.50		-36.00		1.1946308724832178993830562e-09	-6.72734162737978036439301e-01
85.50		-34.00		1.1991051454138665757856116e-09	-6.66043382473261669218800e-01
85.50		-32.00		1.0917225950782983421242828e-09	-6.26893653020215047000363e-01
85.50		-30.00		9.9328859060402746126806468e-10	-5.75260814607704173972991e-01
85.50		-28.00		1.1722595078299745173702794e-09	-4.97158247103193340343807e-01
85.50		-26.00		1.1901565995525692229805008e-09	-4.12093813120710528163926e-01
85.50		-24.00		1.2035794183445152521881669e-09	-3.29862841211124746543248e-01
85.50		-22.00		1.2080536912751639285907223e-09	-2.60939279874862373187483e-01
85.50		-20.00		1.1006711409395956949293935e-09	-2.10585512638990474121314e-01
85.50		-18.00		1.2796420581655427510316082e-09	-1.85088087778481763523430e-01
85.50		-16.00		1.3064876957494348094469404e-09	-1.71802063966113277571068e-01
85.50		-14.00		1.3154362416107321622520511e-09	-1.60017265798514746188985e-01
85.50		-12.00		1.2125279642058126049932777e-09	-1.44670559203415344251553e-01
85.50		-10.00		1.4049217002237056903031584e-09	-1.14567742712372064306514e-01
85.50		-8.00		1.4272930648769490723159353e-09	-9.22998193412713913152956e-02
85.50		-6.00		1.4362416107382464251210460e-09	-8.21733207750546534864355e-02
85.50		-4.00		1.3243847874720295150571618e-09	-8.19268201082828939618707e-02
85.50		-2.00		1.4183445190156517195108245e-09	-9.56835364835626617230346e-02
85.50		0.00		1.6331096196867881868334821e-09	-1.00998491505817925006916e-01
85.50		2.00		1.4138702460850030431082692e-09	-8.46245874584941465412768e-02
85.50		4.00		1.3243847874720295150571618e-09	-7.20866935448204598779753e-02
85.50		6.00		1.4317673378075977487184906e-09	-7.21554116438934273203287e-02
85.50		8.00		1.4272930648769490723159353e-09	-8.12821494286340151536052e-02
85.50		10.00		1.4049217002237056903031584e-09	-1.01121757197379924519964e-01
85.50		12.00		1.2080536912751639285907223e-09	-1.28131282368207283228756e-01
85.50		14.00		1.3154362416107321622520511e-09	-1.41671667860855055032232e-01
85.50		16.00		1.3064876957494348094469404e-09	-1.51917902383820219158750e-01
85.50		18.00		1.2796420581655427510316082e-09	-1.63429317706680510280393e-01
85.50		20.00		1.1006711409395956949293935e-09	-1.85557266896784645027196e-01
85.50		22.00		1.2080536912751639285907223e-09	-2.30157042529909761086060e-01
85.50		24.00		1.1991051454138665757856116e-09	-2.91520567317637813165021e-01
85.50		26.00		1.1901565995525692229805008e-09	-3.63990383826280627932448e-01
85.50		28.00		1.1722595078299745173702794e-09	-4.39287974270448855484972e-01
85.50		30.00		9.9328859060402746126806468e-10	-5.08579828369006836652488e-01
85.50		32.00		1.0917225950782983421242828e-09	-5.54024753736400032977372e-01
85.50		34.00		1.1991051454138665757856116e-09	-5.88415578343229328517339e-01
85.50		36.00		1.1946308724832178993830562e-09	-5.94183741316810176691376e-01
85.50		38.00		1.1812080536912718701753901e-09	-5.74995987681326869989107e-01
85.50		40.00		1.0693512304250549601115059e-09	-5.29647090320890856496305e-01
85.50		42.00		1.0559284116331089309038398e-09	-4.80064422998306650214317e-01
85.50		44.00		9.3959731543624334443740028e-10	-4.23690951271360916052799e-01
85.50		46.00		9.8434004474273010846295395e-10	-3.66144081782119157342237e-01
85.50		48.00		1.0872483221476496657217274e-09	-2.99950094263969679886372e-01
85.50		50.00		1.0827740492170009893191720e-09	-2.45650382310429238330585e-01
85.50		52.00		1.0782997762863523129166167e-09	-1.99166011545699878082516e-01
85.50		54.00		1.0693512304250549601115059e-09	-1.61601742245493534833045e-01
85.50		56.00		9.6644295302013540285273248e-10	-1.35924278155181238458837e-01
85.50		58.00		9.5749440715883805004762175e-10	-1.10874373150056562686849e-01
85.50		60.00		9.4854586129754069724251102e-10	-9.20167975948663202645506e-02
85.50		62.00		9.3512304250559466803484491e-10	-7.81254230552700656975418e-02
85.50		64.00		8.4563758389261907203220619e-10	-6.47623907084795141786415e-02
85.50		66.00		9.7539149888143275565784322e-10	-6.69061049598851514952358e-02
85.50		68.00		9.7539149888143275565784322e-10	-6.32259803686649468623671e-02
85.50		70.00		9.7539149888143275565784322e-10	-6.01688671713377642991105e-02
85.50		72.00		9.6644295302013540285273248e-10	-5.67806510412876344617850e-02
90.00		-72.00		2.3266219239373623941413096e-10	-8.54016259080660493276799e-05
90.00		-70.00		2.3266219239373623941413096e-10	-9.37511988026736139880540e-05
90.00		-68.00		2.3266219239373623941413096e-10	-1.03051092059757386492497e-04
90.00		-66.00		2.3266219239373623941413096e-10	-1.13456099411909198406388e-04
90.00		-64.00		2.3266219239373623941413096e-10	-1.25148425525555033943279e-04
90.00		-62.00		2.3266219239373623941413096e-10	-1.38336058976228141971163e-04
90.00		-60.00		2.3266219239373623941413096e-10	-1.53280426284388887657809e-04
90.00		-58.00		2.3266219239373623941413096e-10	-1.70274340828646951776990e-04
90.00		-56.00		2.3266219239373623941413096e-10	-1.89670417534496118594847e-04
90.00		-54.00		2.3266219239373623941413096e-10	-2.11875541570832708060390e-04
90.00		-52.00		2.3266219239373623941413096e-10	-2.37369393108474751241319e-04
90.00		-50.00		2.3266219239373623941413096e-10	-2.66699528063241370415271e-04
90.00		-48.00		2.3266219239373623941413096e-10	-3.00505507162801294845922e-04
90.00		-46.00		2.3266219239373623941413096e-10	-3.39522200175607893803814e-04
90.00		-44.00		2.3266219239373623941413096e-10	-3.84588301942300262153268e-04
90.00		-42.00		2.3266219239373623941413096e-10	-4.36665775471173096128341e-04
90.00		-40.00		2.3266219239373623941413096e-10	-4.96845596804271357437022e-04
90.00		-38.00		2.3266219239373623941413096e-10	-5.66371600069810006081172e-04
90.00		-36.00		2.3266219239373623941413096e-10	-6.46640700216614917536506e-04
90.00		-34.00		2.3266219239373623941413096e-10	-7.39234186144062692044865e-04
90.00		-32.00		2.3266219239373623941413096e-10	-8.45918543039221853402365e-04
90.00		-30.00		2.3266219239373623941413096e-10	-9.68678765303890298987710e-04
90.00		-28.00		2.3266219239373623941413096e-10	-1.10972123154163865473010e-03
90.00		-26.00		2.3266219239373623941413096e-10	-1.27149804789499919384366e-03
90.00		-24.00		2.3266219239373623941413096e-10	-1.45672934041032745358657e-03
90.00		-22.00		2.3266219239373623941413096e-10	-1.66841358418597898900793e-03
90.00		-20.00		2.3266219239373623941413096e-10	-1.90985670846843423251182e-03
90.00		-18.00		2.3266219239373623941413096e-10	-2.18468447736252374680177e-03
90.00		-16.00		2.3266219239373623941413096e-10	-2.49685802699651246752688e-03
90.00		-14.00		2.3266219239373623941413096e-10	-2.85070431368681037956336e-03
90.00		-12.00		2.3266219239373623941413096e-10	-3.25092472698133589520397e-03
90.00		-10.00		2.3266219239373623941413096e-10	-3.70261076345566831832801e-03
90.00		-8.00		2.3266219239373623941413096e-10	-4.21126920762308985107802e-03
90.00		-6.00		2.3266219239373623941413096e-10	-4.78282588177466900375423e-03
90.00		-4.00		8.0089485458613127403088684e-10	4.05010463742039045903498e-03
90.00		-2.00		8.9038031319910687003352555e-10	-6.50825973437837556473395e-03
90.00		0.00		6.8903803131991177902758844e-10	-1.38415163713356853536496e-01
90.00		2.00		8.7695749440716053063312975e-10	-5.70965766867205341827951e-03
90.00		4.00		7.7404921700223859523009522e-10	2.26096742212550036454921e-03
90.00		6.00		2.3266219239373623941413096e-10	-4.25334323368615346838695e-03
90.00		8.00		2.3266219239373623941413096e-10	-3.74230808369938657692577e-03
90.00		10.00		2.3266219239373623941413096e-10	-3.28797454975482536174147e-03
90.00		12.00		2.3266219239373623941413096e-10	-2.88493228271844912025124e-03
90.00		14.00		2.3266219239373623941413096e-10	-2.52817059121575532856796e-03
90.00		16.00		2.3266219239373623941413096e-10	-2.21305222416915596886366e-03
90.00		18.00		2.3266219239373623941413096e-10	-1.93530862779942155679769e-03
90.00		20.00		2.3266219239373623941413096e-10	-1.69101954187159835875376e-03
90.00		22.00		2.3266219239373623941413096e-10	-1.47659294578829391499097e-03
90.00		24.00		2.3266219239373623941413096e-10	-1.28875395536014441394412e-03
90.00		26.00		2.3266219239373623941413096e-10	-1.12451841354090325934834e-03
90.00		28.00		2.3266219239373623941413096e-10	-9.81184584485638236484029e-04
90.00		30.00		2.3266219239373623941413096e-10	-8.56306412684776255099528e-04
90.00		32.00		2.3266219239373623941413096e-10	-7.47677812911928070180312e-04
90.00		34.00		2.3266219239373623941413096e-10	-6.53321403624544704349941e-04
90.00		36.00		2.3266219239373623941413096e-10	-5.71463826968908201325847e-04
90.00		38.00		2.3266219239373623941413096e-10	-5.00522377165612858580801e-04
90.00		40.00		2.3266219239373623941413096e-10	-4.39089423493403034973181e-04
90.00		42.00		2.3266219239373623941413096e-10	-3.85916195052125746492444e-04
90.00		44.00		2.3266219239373623941413096e-10	-3.39904814704785761432515e-04
90.00		46.00		2.3266219239373623941413096e-10	-3.00079324163541141280709e-04
90.00		48.00		2.3266219239373623941413096e-10	-2.65590809779315769646735e-04
90.00		50.00		2.3266219239373623941413096e-10	-2.35694859698960617298835e-04
90.00		52.00		2.3266219239373623941413096e-10	-2.09745433213800639522459e-04
90.00		54.00		2.3266219239373623941413096e-10	-1.87178567641867052906077e-04
90.00		56.00		2.3266219239373623941413096e-10	-1.67506601146405134520126e-04
90.00		58.00		2.3266219239373623941413096e-10	-1.50312022743610102740869e-04
90.00		60.00		2.3266219239373623941413096e-10	-1.35237843654491772787257e-04
90.00		62.00		2.3266219239373623941413096e-10	-1.21973557836621383852586e-04
90.00		64.00		2.3266219239373623941413096e-10	-1.10259088704653176733587e-04
90.00		66.00		2.3266219239373623941413096e-10	-9.98717948347814543121059e-05
90.00		68.00		2.3266219239373623941413096e-10	-9.06234515202547952390788e-05
90.00		70.00		2.3266219239373623941413096e-10	-8.23560664794575680641361e-05
90.00		72.00		2.3266219239373623941413096e-10	-7.49358507085550324929371e-05
