#t                         ExternalField.h_x         ExternalField.h_y         ExternalField.h_z         m_x                       m_y                       m_z                   
+9.999999999999999e-12    +0.000000000000000e+00    +9.947183943527767e+02    +0.000000000000000e+00    -3.392306232625000e-02    -9.749111009790958e-02    +6.238409855554668e-02
+2.000000000000000e-11    +0.000000000000000e+00    +1.989436788705553e+03    +0.000000000000000e+00    -1.209268043643002e-01    -1.320330810425485e-01    +5.132927922494894e-02
+3.000000000000000e-11    +0.000000000000000e+00    +2.984155183058332e+03    +0.000000000000000e+00    -1.446553983227240e-01    -1.567903174758563e-01    +3.253775031034390e-02
+4.000000000000000e-11    +0.000000000000000e+00    +3.978873577411107e+03    +0.000000000000000e+00    -1.510816924824075e-01    -1.750185659833413e-01    +9.601287559336768e-03
+5.000000000000000e-11    +0.000000000000000e+00    +4.973591971763885e+03    +0.000000000000000e+00    -1.534844264791675e-01    -1.891913160941447e-01    -1.206539804118821e-02
+6.000000000000000e-11    +0.000000000000000e+00    +5.968310366116663e+03    +0.000000000000000e+00    -1.542864058155773e-01    -2.007230458921070e-01    -3.027734622082889e-02
+7.000000000000000e-11    +0.000000000000000e+00    +6.963028760469441e+03    +0.000000000000000e+00    -1.536821246857799e-01    -2.103846952895021e-01    -4.520878517015293e-02
+8.000000000000001e-11    +0.000000000000000e+00    +7.957747154822219e+03    +0.000000000000000e+00    -1.519614739554225e-01    -2.186335743294900e-01    -5.762379895223578e-02
+9.000000000000001e-11    +0.000000000000000e+00    +8.952465549174991e+03    +0.000000000000000e+00    -1.495477824170446e-01    -2.257688674258991e-01    -6.814264595081299e-02
+1.000000000000000e-10    +0.000000000000000e+00    +9.947183943527771e+03    +0.000000000000000e+00    -1.467843957096731e-01    -2.320003178759853e-01    -7.716011318433118e-02
+1.100000000000000e-10    +0.000000000000000e+00    +1.094190233788055e+04    +0.000000000000000e+00    -1.438849107019260e-01    -2.374810389034094e-01    -8.493713641481518e-02
+1.200000000000000e-10    +0.000000000000000e+00    +1.193662073223333e+04    +0.000000000000000e+00    -1.409726761516047e-01    -2.423258159848879e-01    -9.166904083747793e-02
+1.300000000000000e-10    +0.000000000000000e+00    +1.293133912658610e+04    +0.000000000000000e+00    -1.381228323237210e-01    -2.466227491938055e-01    -9.751308734882209e-02
+1.400000000000000e-10    +0.000000000000000e+00    +1.392605752093888e+04    +0.000000000000000e+00    -1.353847456208709e-01    -2.504409618838597e-01    -1.025978175572270e-01
+1.500000000000000e-10    +0.000000000000000e+00    +1.492077591529166e+04    +0.000000000000000e+00    -1.327916363264612e-01    -2.538357987476277e-01    -1.070281160392668e-01
+1.600000000000000e-10    +0.000000000000000e+00    +1.591549430964443e+04    +0.000000000000000e+00    -1.303653349055979e-01    -2.568523375314893e-01    -1.108897778784016e-01
+1.700000000000000e-10    +0.000000000000000e+00    +1.691021270399721e+04    +0.000000000000000e+00    -1.281194358086664e-01    -2.595278737948689e-01    -1.142535254865915e-01
+1.800000000000000e-10    +0.000000000000000e+00    +1.790493109834998e+04    +0.000000000000000e+00    -1.260616332167895e-01    -2.618936789917766e-01    -1.171782020578091e-01
+1.900000000000000e-10    +0.000000000000000e+00    +1.889964949270276e+04    +0.000000000000000e+00    -1.241954331717077e-01    -2.639763166105190e-01    -1.197131708632496e-01
+2.000000000000000e-10    +0.000000000000000e+00    +1.989436788705554e+04    +0.000000000000000e+00    -1.225212949327960e-01    -2.657986160786738e-01    -1.219001174619313e-01
+2.099999999999999e-10    +0.000000000000000e+00    +2.088908628140832e+04    +0.000000000000000e+00    -1.210374878664955e-01    -2.673804022170730e-01    -1.237744254317299e-01
+2.199999999999999e-10    +0.000000000000000e+00    +2.188380467576109e+04    +0.000000000000000e+00    -1.197406609000008e-01    -2.687390744251833e-01    -1.253663161995577e-01
+2.299999999999999e-10    +0.000000000000000e+00    +2.287852307011386e+04    +0.000000000000000e+00    -1.186262211098112e-01    -2.698900612576075e-01    -1.267016849266346e-01
+2.399999999999999e-10    +0.000000000000000e+00    +2.387324146446665e+04    +0.000000000000000e+00    -1.176886905406684e-01    -2.708471576473437e-01    -1.278028480605641e-01
+2.500000000000000e-10    +0.000000000000000e+00    +2.486795985881943e+04    +0.000000000000000e+00    -1.169219023712617e-01    -2.716228076364012e-01    -1.286891163849802e-01
+2.600000000000000e-10    +0.000000000000000e+00    +2.586267825317220e+04    +0.000000000000000e+00    -1.163191708732463e-01    -2.722283457623065e-01    -1.293772473391250e-01
+2.700000000000000e-10    +0.000000000000000e+00    +2.685739664752498e+04    +0.000000000000000e+00    -1.158734151407020e-01    -2.726741504800072e-01    -1.298818821413419e-01
+2.800000000000000e-10    +0.000000000000000e+00    +2.785211504187777e+04    +0.000000000000000e+00    -1.155772609167720e-01    -2.729698166895528e-01    -1.302158366876456e-01
+2.900000000000000e-10    +0.000000000000000e+00    +2.884683343623054e+04    +0.000000000000000e+00    -1.154231240995744e-01    -2.731242749838872e-01    -1.303904276441895e-01
+3.000000000000000e-10    +0.000000000000000e+00    +2.984155183058332e+04    +0.000000000000000e+00    -1.154032579137565e-01    -2.731458889249316e-01    -1.304156674057929e-01
+3.100000000000001e-10    +0.000000000000000e+00    +3.083627022493609e+04    +0.000000000000000e+00    -1.155097915030755e-01    -2.730425334560772e-01    -1.303005041785172e-01
+3.200000000000001e-10    +0.000000000000000e+00    +3.183098861928888e+04    +0.000000000000000e+00    -1.157347915220882e-01    -2.728216798644397e-01    -1.300529711136900e-01
+3.300000000000001e-10    +0.000000000000000e+00    +3.282570701364165e+04    +0.000000000000000e+00    -1.160702810492294e-01    -2.724904307936013e-01    -1.296803515923942e-01
+3.400000000000001e-10    +0.000000000000000e+00    +3.382042540799443e+04    +0.000000000000000e+00    -1.165082850649507e-01    -2.720555884666244e-01    -1.291893034948403e-01
+3.500000000000001e-10    +0.000000000000000e+00    +3.481514380234720e+04    +0.000000000000000e+00    -1.170408553734454e-01    -2.715236803644644e-01    -1.285859861749180e-01
+3.600000000000002e-10    +0.000000000000000e+00    +3.580986219669999e+04    +0.000000000000000e+00    -1.176600796270364e-01    -2.709010034745035e-01    -1.278761444075787e-01
+3.700000000000002e-10    +0.000000000000000e+00    +3.680458059105276e+04    +0.000000000000000e+00    -1.183581354313359e-01    -2.701936397070027e-01    -1.270652008557163e-01
+3.800000000000002e-10    +0.000000000000000e+00    +3.779929898540555e+04    +0.000000000000000e+00    -1.191273024655366e-01    -2.694074827067390e-01    -1.261583208011192e-01
+3.900000000000002e-10    +0.000000000000000e+00    +3.879401737975831e+04    +0.000000000000000e+00    -1.199599635922896e-01    -2.685482498061612e-01    -1.251604904552396e-01
+4.000000000000002e-10    +0.000000000000000e+00    +3.978873577411110e+04    +0.000000000000000e+00    -1.208486984076508e-01    -2.676214948801693e-01    -1.240765459977747e-01
+4.100000000000002e-10    +0.000000000000000e+00    +4.078345416846387e+04    +0.000000000000000e+00    -1.217862379261242e-01    -2.666326242147029e-01    -1.229112338576227e-01
+4.200000000000003e-10    +0.000000000000000e+00    +4.177817256281666e+04    +0.000000000000000e+00    -1.227655270089375e-01    -2.655868962266759e-01    -1.216692452034450e-01
+4.300000000000003e-10    +0.000000000000000e+00    +4.277289095716945e+04    +0.000000000000000e+00    -1.237797330262100e-01    -2.644894230603680e-01    -1.203552273548133e-01
+4.400000000000003e-10    +0.000000000000000e+00    +4.376760935152221e+04    +0.000000000000000e+00    -1.248222773560684e-01    -2.633451726690360e-01    -1.189738198738148e-01
+4.500000000000003e-10    +0.000000000000000e+00    +4.476232774587499e+04    +0.000000000000000e+00    -1.258868599582743e-01    -2.621589750406075e-01    -1.175296551162094e-01
+4.600000000000003e-10    +0.000000000000000e+00    +4.575704614022778e+04    +0.000000000000000e+00    -1.269674731097174e-01    -2.609355104320514e-01    -1.160273644092895e-01
+4.700000000000003e-10    +0.000000000000000e+00    +4.675176453458054e+04    +0.000000000000000e+00    -1.280584323060229e-01    -2.596793007619687e-01    -1.144715929359022e-01
+4.800000000000003e-10    +0.000000000000000e+00    +4.774648292893333e+04    +0.000000000000000e+00    -1.291543705693603e-01    -2.583947253452265e-01    -1.128669841649363e-01
+4.900000000000003e-10    +0.000000000000000e+00    +4.874120132328612e+04    +0.000000000000000e+00    -1.302502739873333e-01    -2.570859984554699e-01    -1.112181709038030e-01
+5.000000000000002e-10    +0.000000000000000e+00    +4.973591971763888e+04    +0.000000000000000e+00    -1.313414860869711e-01    -2.557571590776599e-01    -1.095297603902652e-01
+5.100000000000002e-10    +0.000000000000000e+00    +5.073063811199166e+04    +0.000000000000000e+00    -1.324237165821423e-01    -2.544120833051083e-01    -1.078063326162715e-01
+5.200000000000002e-10    +0.000000000000000e+00    +5.172535650634441e+04    +0.000000000000000e+00    -1.334930547481883e-01    -2.530544614392538e-01    -1.060524035347187e-01
+5.300000000000001e-10    +0.000000000000000e+00    +5.272007490069720e+04    +0.000000000000000e+00    -1.345459518805328e-01    -2.516877961548086e-01    -1.042724327667417e-01
+5.400000000000001e-10    +0.000000000000000e+00    +5.371479329504996e+04    +0.000000000000000e+00    -1.355792365987595e-01    -2.503154010752373e-01    -1.024707704826077e-01
+5.500000000000001e-10    +0.000000000000000e+00    +5.470951168940275e+04    +0.000000000000000e+00    -1.365901076075242e-01    -2.489403971034038e-01    -1.006516632886252e-01
+5.600000000000000e-10    +0.000000000000000e+00    +5.570423008375553e+04    +0.000000000000000e+00    -1.375761271494974e-01    -2.475656906309961e-01    -9.881920516095880e-02
+5.700000000000000e-10    +0.000000000000000e+00    +5.669894847810829e+04    +0.000000000000000e+00    -1.385352082313973e-01    -2.461940048253869e-01    -9.697736393161094e-02
+5.800000000000000e-10    +0.000000000000000e+00    +5.769366687246108e+04    +0.000000000000000e+00    -1.394656026510878e-01    -2.448278405098285e-01    -9.512991774614753e-02
+5.899999999999999e-10    +0.000000000000000e+00    +5.868838526681384e+04    +0.000000000000000e+00    -1.403658819118126e-01    -2.434694995838127e-01    -9.328045711319552e-02
+5.999999999999999e-10    +0.000000000000000e+00    +5.968310366116661e+04    +0.000000000000000e+00    -1.412349248057113e-01    -2.421210755613842e-01    -9.143236663686453e-02
+6.099999999999999e-10    +0.000000000000000e+00    +6.067782205551936e+04    +0.000000000000000e+00    -1.420718992924745e-01    -2.407844711594241e-01    -8.958882041902817e-02
+6.199999999999998e-10    +0.000000000000000e+00    +6.167254044987216e+04    +0.000000000000000e+00    -1.428762332681882e-01    -2.394613681248064e-01    -8.775275964393640e-02
+6.299999999999998e-10    +0.000000000000000e+00    +6.266725884422495e+04    +0.000000000000000e+00    -1.436476119580112e-01    -2.381532743552034e-01    -8.592690100028624e-02
+6.399999999999998e-10    +0.000000000000000e+00    +6.366197723857769e+04    +0.000000000000000e+00    -1.443859214826657e-01    -2.368614970171738e-01    -8.411371813992621e-02
+6.499999999999997e-10    +0.000000000000000e+00    +6.465669563293048e+04    +0.000000000000000e+00    -1.450912579898459e-01    -2.355871666411910e-01    -8.231544663702041e-02
+6.599999999999997e-10    +0.000000000000000e+00    +6.565141402728323e+04    +0.000000000000000e+00    -1.457638959111104e-01    -2.343312342048178e-01    -8.053408497271633e-02
+6.699999999999997e-10    +0.000000000000000e+00    +6.664613242163602e+04    +0.000000000000000e+00    -1.464042629928234e-01    -2.330944880940085e-01    -7.877139736654080e-02
+6.799999999999996e-10    +0.000000000000000e+00    +6.764085081598882e+04    +0.000000000000000e+00    -1.470129182347553e-01    -2.318775639541837e-01    -7.702892539629934e-02
+6.899999999999996e-10    +0.000000000000000e+00    +6.863556921034158e+04    +0.000000000000000e+00    -1.475905396770943e-01    -2.306809447606207e-01    -7.530797948143622e-02
+6.999999999999995e-10    +0.000000000000000e+00    +6.963028760469436e+04    +0.000000000000000e+00    -1.481378718427588e-01    -2.295049855067871e-01    -7.360967542159916e-02
+7.099999999999995e-10    +0.000000000000000e+00    +7.062500599904711e+04    +0.000000000000000e+00    -1.486557781640344e-01    -2.283499122314868e-01    -7.193491129709947e-02
+7.199999999999995e-10    +0.000000000000000e+00    +7.161972439339990e+04    +0.000000000000000e+00    -1.491451504943900e-01    -2.272158363933749e-01    -7.028440491321926e-02
+7.299999999999994e-10    +0.000000000000000e+00    +7.261444278775269e+04    +0.000000000000000e+00    -1.496069362146035e-01    -2.261027647821129e-01    -6.865871761600759e-02
+7.399999999999994e-10    +0.000000000000000e+00    +7.360916118210544e+04    +0.000000000000000e+00    -1.500421056108969e-01    -2.250106259192302e-01    -6.705821907483989e-02
+7.499999999999994e-10    +0.000000000000000e+00    +7.460387957645822e+04    +0.000000000000000e+00    -1.504516500394621e-01    -2.239392510814175e-01    -6.548315109164630e-02
+7.599999999999993e-10    +0.000000000000000e+00    +7.559859797081098e+04    +0.000000000000000e+00    -1.508365734755327e-01    -2.228884036899479e-01    -6.393361936287076e-02
+7.699999999999993e-10    +0.000000000000000e+00    +7.659331636516376e+04    +0.000000000000000e+00    -1.511978660153899e-01    -2.218577940390390e-01    -6.240960965313127e-02
+7.799999999999993e-10    +0.000000000000000e+00    +7.758803475951657e+04    +0.000000000000000e+00    -1.515365249172569e-01    -2.208470670088107e-01    -6.091101521433658e-02
+7.899999999999992e-10    +0.000000000000000e+00    +7.858275315386930e+04    +0.000000000000000e+00    -1.518535108595122e-01    -2.198558387335852e-01    -5.943761616406575e-02
+7.999999999999992e-10    +0.000000000000000e+00    +7.957747154822208e+04    +0.000000000000000e+00    -1.521497808427442e-01    -2.188836740372997e-01    -5.798912308057728e-02
+8.099999999999992e-10    +0.000000000000000e+00    +8.057218994257486e+04    +0.000000000000000e+00    -1.524262556304629e-01    -2.179301147589814e-01    -5.656518713956429e-02
+8.199999999999991e-10    +0.000000000000000e+00    +8.156690833692763e+04    +0.000000000000000e+00    -1.526838292334656e-01    -2.169946835448404e-01    -5.516539217740020e-02
+8.299999999999991e-10    +0.000000000000000e+00    +8.256162673128044e+04    +0.000000000000000e+00    -1.529233548565020e-01    -2.160768880725060e-01    -5.378928058093366e-02
+8.399999999999991e-10    +0.000000000000000e+00    +8.355634512563320e+04    +0.000000000000000e+00    -1.531456686065194e-01    -2.151762267515312e-01    -5.243636173122521e-02
+8.499999999999990e-10    +0.000000000000000e+00    +8.455106351998595e+04    +0.000000000000000e+00    -1.533515620550919e-01    -2.142921792312756e-01    -5.110609683807591e-02
+8.599999999999990e-10    +0.000000000000000e+00    +8.554578191433872e+04    +0.000000000000000e+00    -1.535417884004801e-01    -2.134242429839677e-01    -4.979795955624154e-02
+8.699999999999990e-10    +0.000000000000000e+00    +8.654050030869149e+04    +0.000000000000000e+00    -1.537170673833892e-01    -2.125719015227430e-01    -4.851137861457654e-02
+8.799999999999989e-10    +0.000000000000000e+00    +8.753521870304427e+04    +0.000000000000000e+00    -1.538780925243095e-01    -2.117346508934799e-01    -4.724579244166868e-02
+8.899999999999989e-10    +0.000000000000000e+00    +8.852993709739708e+04    +0.000000000000000e+00    -1.540255072272344e-01    -2.109120003634067e-01    -4.600063147443439e-02
+8.999999999999989e-10    +0.000000000000000e+00    +8.952465549174979e+04    +0.000000000000000e+00    -1.541599284093356e-01    -2.101034582083873e-01    -4.477532807711317e-02
+9.099999999999988e-10    +0.000000000000000e+00    +9.051937388610259e+04    +0.000000000000000e+00    -1.542819397463554e-01    -2.093085503573183e-01    -4.356931565220802e-02
+9.199999999999988e-10    +0.000000000000000e+00    +9.151409228045537e+04    +0.000000000000000e+00    -1.543920983012056e-01    -2.085268199150509e-01    -4.238203624046901e-02
+9.299999999999988e-10    +0.000000000000000e+00    +9.250881067480815e+04    +0.000000000000000e+00    -1.544909223990030e-01    -2.077578167775118e-01    -4.121295190248826e-02
+9.399999999999988e-10    +0.000000000000000e+00    +9.350352906916090e+04    +0.000000000000000e+00    -1.545789068099469e-01    -2.070011089936261e-01    -4.006152247590013e-02
+9.499999999999988e-10    +0.000000000000000e+00    +9.449824746351370e+04    +0.000000000000000e+00    -1.546565185317752e-01    -2.062562805061600e-01    -3.892723511264300e-02
+9.599999999999988e-10    +0.000000000000000e+00    +9.549296585786647e+04    +0.000000000000000e+00    -1.547241985117854e-01    -2.055229301246087e-01    -3.780958835016551e-02
+9.699999999999987e-10    +0.000000000000000e+00    +9.648768425221925e+04    +0.000000000000000e+00    -1.547823608066265e-01    -2.048006729969402e-01    -3.670809485547294e-02
+9.799999999999987e-10    +0.000000000000000e+00    +9.748240264657204e+04    +0.000000000000000e+00    -1.548313985378115e-01    -2.040891472867684e-01    -3.562228369340773e-02
+9.899999999999986e-10    +0.000000000000000e+00    +9.847712104092477e+04    +0.000000000000000e+00    -1.548716837094597e-01    -2.033879951481253e-01    -3.455170444130907e-02
+9.999999999999986e-10    +0.000000000000000e+00    +9.947183943527754e+04    +0.000000000000000e+00    -1.549035728293427e-01    -2.026968799674305e-01    -3.349592276064299e-02
+1.009999999999999e-09    +0.000000000000000e+00    +1.004665578296303e+05    +0.000000000000000e+00    -1.549273954894024e-01    -2.020154805982961e-01    -3.245451875039491e-02
+1.019999999999999e-09    +0.000000000000000e+00    +1.014612762239831e+05    +0.000000000000000e+00    -1.549434586685318e-01    -2.013434890859566e-01    -3.142710168184090e-02
+1.029999999999999e-09    +0.000000000000000e+00    +1.024559946183359e+05    +0.000000000000000e+00    -1.549520722579232e-01    -2.006806147422939e-01    -3.041327870784307e-02
+1.039999999999998e-09    +0.000000000000000e+00    +1.034507130126886e+05    +0.000000000000000e+00    -1.549535103629814e-01    -2.000265743349923e-01    -2.941268323321631e-02
+1.049999999999998e-09    +0.000000000000000e+00    +1.044454314070414e+05    +0.000000000000000e+00    -1.549480457382408e-01    -1.993811057022449e-01    -2.842496561015204e-02
+1.059999999999998e-09    +0.000000000000000e+00    +1.054401498013942e+05    +0.000000000000000e+00    -1.549359355844603e-01    -1.987439461273915e-01    -2.744978860699542e-02
+1.069999999999998e-09    +0.000000000000000e+00    +1.064348681957470e+05    +0.000000000000000e+00    -1.549174187743567e-01    -1.981148612003087e-01    -2.648682928378080e-02
+1.079999999999998e-09    +0.000000000000000e+00    +1.074295865900998e+05    +0.000000000000000e+00    -1.548927237367938e-01    -1.974936181159192e-01    -2.553578456698821e-02
+1.089999999999998e-09    +0.000000000000000e+00    +1.084243049844525e+05    +0.000000000000000e+00    -1.548620727108254e-01    -1.968799955630688e-01    -2.459635392821256e-02
+1.099999999999998e-09    +0.000000000000000e+00    +1.094190233788053e+05    +0.000000000000000e+00    -1.548256745113507e-01    -1.962737785304822e-01    -2.366825483512457e-02
+1.109999999999998e-09    +0.000000000000000e+00    +1.104137417731580e+05    +0.000000000000000e+00    -1.547837300456470e-01    -1.956747734116863e-01    -2.275122022508324e-02
+1.119999999999998e-09    +0.000000000000000e+00    +1.114084601675109e+05    +0.000000000000000e+00    -1.547364274082647e-01    -1.950827839994358e-01    -2.184498875776589e-02
+1.129999999999998e-09    +0.000000000000000e+00    +1.124031785618636e+05    +0.000000000000000e+00    -1.546839491279630e-01    -1.944976246577335e-01    -2.094931405050863e-02
+1.139999999999998e-09    +0.000000000000000e+00    +1.133978969562164e+05    +0.000000000000000e+00    -1.546264672920494e-01    -1.939191241456411e-01    -2.006395538357889e-02
+1.149999999999998e-09    +0.000000000000000e+00    +1.143926153505692e+05    +0.000000000000000e+00    -1.545641493780281e-01    -1.933471133056842e-01    -1.918868545909470e-02
+1.159999999999998e-09    +0.000000000000000e+00    +1.153873337449220e+05    +0.000000000000000e+00    -1.544971603797513e-01    -1.927814293897099e-01    -1.832328333253529e-02
+1.169999999999998e-09    +0.000000000000000e+00    +1.163820521392747e+05    +0.000000000000000e+00    -1.544256468151195e-01    -1.922219232907164e-01    -1.746754098778035e-02
+1.179999999999998e-09    +0.000000000000000e+00    +1.173767705336274e+05    +0.000000000000000e+00    -1.543497590246278e-01    -1.916684427280063e-01    -1.662125571314507e-02
+1.189999999999998e-09    +0.000000000000000e+00    +1.183714889279802e+05    +0.000000000000000e+00    -1.542696292019085e-01    -1.911208445996941e-01    -1.578422726921225e-02
+1.199999999999998e-09    +0.000000000000000e+00    +1.193662073223330e+05    +0.000000000000000e+00    -1.541854035165800e-01    -1.905790019297282e-01    -1.495627349959334e-02
+1.209999999999998e-09    +0.000000000000000e+00    +1.203609257166858e+05    +0.000000000000000e+00    -1.540972039966144e-01    -1.900427661750796e-01    -1.413720882246388e-02
+1.219999999999998e-09    +0.000000000000000e+00    +1.213556441110386e+05    +0.000000000000000e+00    -1.540051595000355e-01    -1.895120394456619e-01    -1.332686289128112e-02
+1.229999999999998e-09    +0.000000000000000e+00    +1.223503625053913e+05    +0.000000000000000e+00    -1.539093893090895e-01    -1.889866826459179e-01    -1.252506510816535e-02
+1.239999999999998e-09    +0.000000000000000e+00    +1.233450808997441e+05    +0.000000000000000e+00    -1.538100080217505e-01    -1.884665809507041e-01    -1.173164965331993e-02
+1.249999999999998e-09    +0.000000000000000e+00    +1.243397992940969e+05    +0.000000000000000e+00    -1.537071253883381e-01    -1.879516263915432e-01    -1.094646064995559e-02
+1.259999999999998e-09    +0.000000000000000e+00    +1.253345176884497e+05    +0.000000000000000e+00    -1.536008581844606e-01    -1.874417035312005e-01    -1.016935090473232e-02
+1.269999999999998e-09    +0.000000000000000e+00    +1.263292360828025e+05    +0.000000000000000e+00    -1.534912987288809e-01    -1.869367187873900e-01    -9.400168847024975e-03
+1.279999999999998e-09    +0.000000000000000e+00    +1.273239544771552e+05    +0.000000000000000e+00    -1.533785501528174e-01    -1.864365615659505e-01    -8.638772228818290e-03
+1.289999999999998e-09    +0.000000000000000e+00    +1.283186728715080e+05    +0.000000000000000e+00    -1.532627080676031e-01    -1.859411391960618e-01    -7.885021758622216e-03
+1.299999999999998e-09    +0.000000000000000e+00    +1.293133912658608e+05    +0.000000000000000e+00    -1.531438702519713e-01    -1.854503572733754e-01    -7.138782884393219e-03
+1.309999999999998e-09    +0.000000000000000e+00    +1.303081096602136e+05    +0.000000000000000e+00    -1.530221200358405e-01    -1.849641238028996e-01    -6.399926157203327e-03
+1.319999999999998e-09    +0.000000000000000e+00    +1.313028280545663e+05    +0.000000000000000e+00    -1.528975499547816e-01    -1.844823485468954e-01    -5.668330823070382e-03
+1.329999999999997e-09    +0.000000000000000e+00    +1.322975464489190e+05    +0.000000000000000e+00    -1.527702423381889e-01    -1.840049513162288e-01    -4.943868855171516e-03
+1.339999999999997e-09    +0.000000000000000e+00    +1.332922648432719e+05    +0.000000000000000e+00    -1.526402699762913e-01    -1.835318447543204e-01    -4.226422375761637e-03
+1.349999999999997e-09    +0.000000000000000e+00    +1.342869832376246e+05    +0.000000000000000e+00    -1.525077219064329e-01    -1.830629509804285e-01    -3.515871636103292e-03
+1.359999999999997e-09    +0.000000000000000e+00    +1.352817016319774e+05    +0.000000000000000e+00    -1.523726693338772e-01    -1.825981966863293e-01    -2.812110515157064e-03
+1.369999999999997e-09    +0.000000000000000e+00    +1.362764200263302e+05    +0.000000000000000e+00    -1.522351855403248e-01    -1.821375011784227e-01    -2.115025769265670e-03
+1.379999999999997e-09    +0.000000000000000e+00    +1.372711384206829e+05    +0.000000000000000e+00    -1.520953445037468e-01    -1.816807897464622e-01    -1.424511183036278e-03
+1.389999999999997e-09    +0.000000000000000e+00    +1.382658568150357e+05    +0.000000000000000e+00    -1.519532129941305e-01    -1.812279982627927e-01    -7.404629545268191e-04
+1.399999999999997e-09    +0.000000000000000e+00    +1.392605752093885e+05    +0.000000000000000e+00    -1.518088556381743e-01    -1.807790550659138e-01    -6.278307167245973e-05
+1.409999999999997e-09    +0.000000000000000e+00    +1.402552936037413e+05    +0.000000000000000e+00    -1.516623393774295e-01    -1.803338915053614e-01    +6.086299903850157e-04
+1.419999999999997e-09    +0.000000000000000e+00    +1.412500119980941e+05    +0.000000000000000e+00    -1.515137260021172e-01    -1.798924317990451e-01    +1.273875763068819e-03
+1.429999999999997e-09    +0.000000000000000e+00    +1.422447303924468e+05    +0.000000000000000e+00    -1.513630778391116e-01    -1.794546357368752e-01    +1.933040700469270e-03
+1.439999999999997e-09    +0.000000000000000e+00    +1.432394487867996e+05    +0.000000000000000e+00    -1.512104465357072e-01    -1.790204325166848e-01    +2.586225119028759e-03
+1.449999999999997e-09    +0.000000000000000e+00    +1.442341671811524e+05    +0.000000000000000e+00    -1.510559015665063e-01    -1.785897577541878e-01    +3.233510541372058e-03
+1.459999999999997e-09    +0.000000000000000e+00    +1.452288855755051e+05    +0.000000000000000e+00    -1.508994893130312e-01    -1.781625536029333e-01    +3.874986485637345e-03
+1.469999999999997e-09    +0.000000000000000e+00    +1.462236039698580e+05    +0.000000000000000e+00    -1.507412643318413e-01    -1.777387654791084e-01    +4.510738432577774e-03
+1.479999999999997e-09    +0.000000000000000e+00    +1.472183223642107e+05    +0.000000000000000e+00    -1.505812793814565e-01    -1.773183388782208e-01    +5.140850520509790e-03
+1.489999999999997e-09    +0.000000000000000e+00    +1.482130407585635e+05    +0.000000000000000e+00    -1.504195873360270e-01    -1.769012161185421e-01    +5.765404058039695e-03
+1.499999999999997e-09    +0.000000000000000e+00    +1.492077591529163e+05    +0.000000000000000e+00    -1.502562339965811e-01    -1.764873485876032e-01    +6.384480032899614e-03
+1.509999999999997e-09    +0.000000000000000e+00    +1.502024775472690e+05    +0.000000000000000e+00    -1.500912708006329e-01    -1.760766830244051e-01    +6.998147141664473e-03
+1.519999999999997e-09    +0.000000000000000e+00    +1.511971959416218e+05    +0.000000000000000e+00    -1.499247406456975e-01    -1.756691723908979e-01    +7.606490047895394e-03
+1.529999999999997e-09    +0.000000000000000e+00    +1.521919143359746e+05    +0.000000000000000e+00    -1.497566895202889e-01    -1.752647660334811e-01    +8.209576715613608e-03
+1.539999999999997e-09    +0.000000000000000e+00    +1.531866327303274e+05    +0.000000000000000e+00    -1.495871574202750e-01    -1.748634105437504e-01    +8.807495034640515e-03
+1.549999999999997e-09    +0.000000000000000e+00    +1.541813511246801e+05    +0.000000000000000e+00    -1.494161962700176e-01    -1.744650640182440e-01    +9.400299692631179e-03
+1.559999999999997e-09    +0.000000000000000e+00    +1.551760695190329e+05    +0.000000000000000e+00    -1.492438408539454e-01    -1.740696891881259e-01    +9.988065691653126e-03
+1.569999999999997e-09    +0.000000000000000e+00    +1.561707879133857e+05    +0.000000000000000e+00    -1.490701306999431e-01    -1.736772299752328e-01    +1.057085950874862e-02
+1.579999999999997e-09    +0.000000000000000e+00    +1.571655063077384e+05    +0.000000000000000e+00    -1.488951060068834e-01    -1.732876485788594e-01    +1.114875075001962e-02
+1.589999999999997e-09    +0.000000000000000e+00    +1.581602247020912e+05    +0.000000000000000e+00    -1.487188058922800e-01    -1.729009006025010e-01    +1.172180378698162e-02
+1.599999999999997e-09    +0.000000000000000e+00    +1.591549430964440e+05    +0.000000000000000e+00    -1.485412665575362e-01    -1.725169484081611e-01    +1.229008370343361e-02
+1.609999999999997e-09    +0.000000000000000e+00    +1.601496614907968e+05    +0.000000000000000e+00    -1.483625250979582e-01    -1.721357440143756e-01    +1.285364814147142e-02
+1.619999999999996e-09    +0.000000000000000e+00    +1.611443798851496e+05    +0.000000000000000e+00    -1.481826148593545e-01    -1.717572568269986e-01    +1.341256296329380e-02
+1.629999999999996e-09    +0.000000000000000e+00    +1.621390982795023e+05    +0.000000000000000e+00    -1.480015687182281e-01    -1.713814433339511e-01    +1.396688985194995e-02
+1.639999999999996e-09    +0.000000000000000e+00    +1.631338166738551e+05    +0.000000000000000e+00    -1.478194198300889e-01    -1.710082701684215e-01    +1.451668380048105e-02
+1.649999999999996e-09    +0.000000000000000e+00    +1.641285350682079e+05    +0.000000000000000e+00    -1.476362061941499e-01    -1.706376996274986e-01    +1.506200832414195e-02
+1.659999999999996e-09    +0.000000000000000e+00    +1.651232534625606e+05    +0.000000000000000e+00    -1.474519555639784e-01    -1.702696885969095e-01    +1.560291326661127e-02
+1.669999999999996e-09    +0.000000000000000e+00    +1.661179718569134e+05    +0.000000000000000e+00    -1.472667004865498e-01    -1.699042083443699e-01    +1.613945805587538e-02
+1.679999999999996e-09    +0.000000000000000e+00    +1.671126902512662e+05    +0.000000000000000e+00    -1.470804593538727e-01    -1.695412216304845e-01    +1.667169790496805e-02
+1.689999999999996e-09    +0.000000000000000e+00    +1.681074086456189e+05    +0.000000000000000e+00    -1.468932745156643e-01    -1.691806948500919e-01    +1.719968399309097e-02
+1.699999999999996e-09    +0.000000000000000e+00    +1.691021270399717e+05    +0.000000000000000e+00    -1.467051701472344e-01    -1.688225993092167e-01    +1.772347115348346e-02
+1.709999999999996e-09    +0.000000000000000e+00    +1.700968454343245e+05    +0.000000000000000e+00    -1.465161734615970e-01    -1.684668981665766e-01    +1.824310710132315e-02
+1.719999999999996e-09    +0.000000000000000e+00    +1.710915638286773e+05    +0.000000000000000e+00    -1.463263098800316e-01    -1.681135635185663e-01    +1.875865224194059e-02
+1.729999999999996e-09    +0.000000000000000e+00    +1.720862822230301e+05    +0.000000000000000e+00    -1.461356074621981e-01    -1.677625611761371e-01    +1.927014779783853e-02
+1.739999999999996e-09    +0.000000000000000e+00    +1.730810006173829e+05    +0.000000000000000e+00    -1.459440933455506e-01    -1.674138585789303e-01    +1.977764364230374e-02
+1.749999999999996e-09    +0.000000000000000e+00    +1.740757190117356e+05    +0.000000000000000e+00    -1.457517913442993e-01    -1.670674273621098e-01    +2.028118860189848e-02
+1.759999999999996e-09    +0.000000000000000e+00    +1.750704374060884e+05    +0.000000000000000e+00    -1.455587190951681e-01    -1.667232381462218e-01    +2.078082870279498e-02
+1.769999999999996e-09    +0.000000000000000e+00    +1.760651558004411e+05    +0.000000000000000e+00    -1.453649057522586e-01    -1.663812643686998e-01    +2.127661172190152e-02
+1.779999999999996e-09    +0.000000000000000e+00    +1.770598741947939e+05    +0.000000000000000e+00    -1.451703783156669e-01    -1.660414749110014e-01    +2.176858727296869e-02
+1.789999999999996e-09    +0.000000000000000e+00    +1.780545925891466e+05    +0.000000000000000e+00    -1.449751541141218e-01    -1.657038458327321e-01    +2.225679254134954e-02
+1.799999999999996e-09    +0.000000000000000e+00    +1.790493109834995e+05    +0.000000000000000e+00    -1.447792575802321e-01    -1.653683455182551e-01    +2.274127655846858e-02
+1.809999999999996e-09    +0.000000000000000e+00    +1.800440293778522e+05    +0.000000000000000e+00    -1.445827043690106e-01    -1.650349519783821e-01    +2.322207727344537e-02
+1.819999999999996e-09    +0.000000000000000e+00    +1.810387477722050e+05    +0.000000000000000e+00    -1.443855210296626e-01    -1.647036354200893e-01    +2.369923984351012e-02
+1.829999999999996e-09    +0.000000000000000e+00    +1.820334661665578e+05    +0.000000000000000e+00    -1.441877261693094e-01    -1.643743748785250e-01    +2.417281205929944e-02
+1.839999999999996e-09    +0.000000000000000e+00    +1.830281845609105e+05    +0.000000000000000e+00    -1.439893398196186e-01    -1.640471412993115e-01    +2.464282789975221e-02
+1.849999999999996e-09    +0.000000000000000e+00    +1.840229029552633e+05    +0.000000000000000e+00    -1.437903829240540e-01    -1.637219095182997e-01    +2.510932710293481e-02
+1.859999999999996e-09    +0.000000000000000e+00    +1.850176213496160e+05    +0.000000000000000e+00    -1.435908734540721e-01    -1.633986573611713e-01    +2.557235168506577e-02
+1.869999999999996e-09    +0.000000000000000e+00    +1.860123397439689e+05    +0.000000000000000e+00    -1.433908247432933e-01    -1.630773604149180e-01    +2.603194159346839e-02
+1.879999999999996e-09    +0.000000000000000e+00    +1.870070581383217e+05    +0.000000000000000e+00    -1.431902609991917e-01    -1.627579974656521e-01    +2.648813281495043e-02
+1.889999999999996e-09    +0.000000000000000e+00    +1.880017765326745e+05    +0.000000000000000e+00    -1.429891978480408e-01    -1.624405447368502e-01    +2.694096602669801e-02
+1.899999999999996e-09    +0.000000000000000e+00    +1.889964949270273e+05    +0.000000000000000e+00    -1.427876535118765e-01    -1.621249765861021e-01    +2.739047679643573e-02
+1.909999999999997e-09    +0.000000000000000e+00    +1.899912133213800e+05    +0.000000000000000e+00    -1.425856443073727e-01    -1.618112713721563e-01    +2.783670085555589e-02
+1.919999999999997e-09    +0.000000000000000e+00    +1.909859317157329e+05    +0.000000000000000e+00    -1.423831842816772e-01    -1.614994116252539e-01    +2.827967333652738e-02
+1.929999999999997e-09    +0.000000000000000e+00    +1.919806501100856e+05    +0.000000000000000e+00    -1.421802909822739e-01    -1.611893718681950e-01    +2.871943242854155e-02
+1.939999999999997e-09    +0.000000000000000e+00    +1.929753685044385e+05    +0.000000000000000e+00    -1.419769793000208e-01    -1.608811346833650e-01    +2.915601114263426e-02
+1.949999999999997e-09    +0.000000000000000e+00    +1.939700868987912e+05    +0.000000000000000e+00    -1.417732667612799e-01    -1.605746798196248e-01    +2.958944655489262e-02
+1.959999999999997e-09    +0.000000000000000e+00    +1.949648052931441e+05    +0.000000000000000e+00    -1.415691683579223e-01    -1.602699823091442e-01    +3.001976897396339e-02
+1.969999999999998e-09    +0.000000000000000e+00    +1.959595236874968e+05    +0.000000000000000e+00    -1.413646940081619e-01    -1.599670280213071e-01    +3.044701006133741e-02
+1.979999999999998e-09    +0.000000000000000e+00    +1.969542420818497e+05    +0.000000000000000e+00    -1.411598619640322e-01    -1.596657957765205e-01    +3.087120673874950e-02
+1.989999999999998e-09    +0.000000000000000e+00    +1.979489604762024e+05    +0.000000000000000e+00    -1.409546860416061e-01    -1.593662610417416e-01    +3.129238443114999e-02
+1.999999999999998e-09    +0.000000000000000e+00    +1.989436788705552e+05    +0.000000000000000e+00    -1.407491749086959e-01    -1.590684100945731e-01    +3.171059158648113e-02
+2.009999999999998e-09    +0.000000000000000e+00    +1.999383972649080e+05    +0.000000000000000e+00    -1.405433463806568e-01    -1.587722263243779e-01    +3.212584321429580e-02
+2.019999999999998e-09    +0.000000000000000e+00    +2.009331156592607e+05    +0.000000000000000e+00    -1.403372156968748e-01    -1.584776864431229e-01    +3.253817301736583e-02
+2.029999999999999e-09    +0.000000000000000e+00    +2.019278340536137e+05    +0.000000000000000e+00    -1.401307914067732e-01    -1.581847750192273e-01    +3.294761310455627e-02
+2.039999999999999e-09    +0.000000000000000e+00    +2.029225524479664e+05    +0.000000000000000e+00    -1.399240850684404e-01    -1.578934747060923e-01    +3.335419292863059e-02
+2.049999999999999e-09    +0.000000000000000e+00    +2.039172708423192e+05    +0.000000000000000e+00    -1.397171096923967e-01    -1.576037711687194e-01    +3.375794292169946e-02
+2.059999999999999e-09    +0.000000000000000e+00    +2.049119892366720e+05    +0.000000000000000e+00    -1.395098794590658e-01    -1.573156378988695e-01    +3.415889286035401e-02
+2.069999999999999e-09    +0.000000000000000e+00    +2.059067076310247e+05    +0.000000000000000e+00    -1.393024037608638e-01    -1.570290667815134e-01    +3.455706661524105e-02
+2.079999999999999e-09    +0.000000000000000e+00    +2.069014260253776e+05    +0.000000000000000e+00    -1.390946932617383e-01    -1.567440363168201e-01    +3.495249968212896e-02
+2.090000000000000e-09    +0.000000000000000e+00    +2.078961444197303e+05    +0.000000000000000e+00    -1.388867604544784e-01    -1.564605352952748e-01    +3.534521451040624e-02
+2.100000000000000e-09    +0.000000000000000e+00    +2.088908628140832e+05    +0.000000000000000e+00    -1.386786168137372e-01    -1.561785455684630e-01    +3.573523913618411e-02
+2.110000000000000e-09    +0.000000000000000e+00    +2.098855812084360e+05    +0.000000000000000e+00    -1.384702717502344e-01    -1.558980508905189e-01    +3.612259940879593e-02
+2.120000000000000e-09    +0.000000000000000e+00    +2.108802996027888e+05    +0.000000000000000e+00    -1.382617326721294e-01    -1.556190351505003e-01    +3.650732313871508e-02
+2.130000000000000e-09    +0.000000000000000e+00    +2.118750179971415e+05    +0.000000000000000e+00    -1.380530124992981e-01    -1.553414822405232e-01    +3.688943891477879e-02
+2.140000000000000e-09    +0.000000000000000e+00    +2.128697363914944e+05    +0.000000000000000e+00    -1.378441216953290e-01    -1.550653797971966e-01    +3.726897119391579e-02
+2.150000000000001e-09    +0.000000000000000e+00    +2.138644547858471e+05    +0.000000000000000e+00    -1.376350708232550e-01    -1.547907107705876e-01    +3.764594310830362e-02
+2.160000000000001e-09    +0.000000000000000e+00    +2.148591731802000e+05    +0.000000000000000e+00    -1.374258669556106e-01    -1.545174625106509e-01    +3.802038070772567e-02
+2.170000000000001e-09    +0.000000000000000e+00    +2.158538915745527e+05    +0.000000000000000e+00    -1.372165176237341e-01    -1.542456205712128e-01    +3.839230901307078e-02
+2.180000000000001e-09    +0.000000000000000e+00    +2.168486099689055e+05    +0.000000000000000e+00    -1.370070339957034e-01    -1.539751683918402e-01    +3.876175403452027e-02
+2.190000000000001e-09    +0.000000000000000e+00    +2.178433283632583e+05    +0.000000000000000e+00    -1.367974220053083e-01    -1.537060959266051e-01    +3.912873866898239e-02
+2.200000000000002e-09    +0.000000000000000e+00    +2.188380467576110e+05    +0.000000000000000e+00    -1.365877009542885e-01    -1.534383832648818e-01    +3.949328571438023e-02
+2.210000000000002e-09    +0.000000000000000e+00    +2.198327651519639e+05    +0.000000000000000e+00    -1.363778667663274e-01    -1.531720227592267e-01    +3.985542049383813e-02
+2.220000000000002e-09    +0.000000000000000e+00    +2.208274835463167e+05    +0.000000000000000e+00    -1.361679303759438e-01    -1.529069998176513e-01    +4.021516637259148e-02
+2.230000000000002e-09    +0.000000000000000e+00    +2.218222019406695e+05    +0.000000000000000e+00    -1.359579064459285e-01    -1.526433016962092e-01    +4.057254118043029e-02
+2.240000000000002e-09    +0.000000000000000e+00    +2.228169203350223e+05    +0.000000000000000e+00    -1.357477968278835e-01    -1.523809157974760e-01    +4.092757311864349e-02
+2.250000000000002e-09    +0.000000000000000e+00    +2.238116387293750e+05    +0.000000000000000e+00    -1.355376065477394e-01    -1.521198271625666e-01    +4.128028121324375e-02
+2.260000000000003e-09    +0.000000000000000e+00    +2.248063571237279e+05    +0.000000000000000e+00    -1.353273492713823e-01    -1.518600204156846e-01    +4.163069035765841e-02
+2.270000000000003e-09    +0.000000000000000e+00    +2.258010755180806e+05    +0.000000000000000e+00    -1.351170333364030e-01    -1.516014886651760e-01    +4.197882131899045e-02
+2.280000000000003e-09    +0.000000000000000e+00    +2.267957939124335e+05    +0.000000000000000e+00    -1.349066551123083e-01    -1.513442141066516e-01    +4.232468849261935e-02
+2.290000000000003e-09    +0.000000000000000e+00    +2.277905123067862e+05    +0.000000000000000e+00    -1.346962341825843e-01    -1.510881934608581e-01    +4.266832620408247e-02
+2.300000000000003e-09    +0.000000000000000e+00    +2.287852307011391e+05    +0.000000000000000e+00    -1.344857699543709e-01    -1.508334109204391e-01    +4.300973920643862e-02
+2.310000000000003e-09    +0.000000000000000e+00    +2.297799490954918e+05    +0.000000000000000e+00    -1.342752715549332e-01    -1.505798558616054e-01    +4.334896067994705e-02
+2.320000000000004e-09    +0.000000000000000e+00    +2.307746674898447e+05    +0.000000000000000e+00    -1.340647470770782e-01    -1.503275107778763e-01    +4.368600759748819e-02
+2.330000000000004e-09    +0.000000000000000e+00    +2.317693858841974e+05    +0.000000000000000e+00    -1.338542015187580e-01    -1.500763700876605e-01    +4.402089941267507e-02
+2.340000000000004e-09    +0.000000000000000e+00    +2.327641042785502e+05    +0.000000000000000e+00    -1.336436398108951e-01    -1.498264219717529e-01    +4.435365304839643e-02
+2.350000000000004e-09    +0.000000000000000e+00    +2.337588226729030e+05    +0.000000000000000e+00    -1.334330698131738e-01    -1.495776517105642e-01    +4.468429137572215e-02
+2.360000000000004e-09    +0.000000000000000e+00    +2.347535410672557e+05    +0.000000000000000e+00    -1.332224968311958e-01    -1.493300541579878e-01    +4.501282980154152e-02
+2.370000000000004e-09    +0.000000000000000e+00    +2.357482594616087e+05    +0.000000000000000e+00    -1.330119276226301e-01    -1.490836130899471e-01    +4.533929669830730e-02
+2.380000000000005e-09    +0.000000000000000e+00    +2.367429778559614e+05    +0.000000000000000e+00    -1.328013667448520e-01    -1.488383228995642e-01    +4.566369894397850e-02
+2.390000000000005e-09    +0.000000000000000e+00    +2.377376962503142e+05    +0.000000000000000e+00    -1.325908187722333e-01    -1.485941676903337e-01    +4.598606364122913e-02
+2.400000000000005e-09    +0.000000000000000e+00    +2.387324146446670e+05    +0.000000000000000e+00    -1.323802931046784e-01    -1.483511385078737e-01    +4.630640544404320e-02
+2.410000000000005e-09    +0.000000000000000e+00    +2.397271330390199e+05    +0.000000000000000e+00    -1.321697932992970e-01    -1.481092306823929e-01    +4.662474161254022e-02
+2.420000000000005e-09    +0.000000000000000e+00    +2.407218514333726e+05    +0.000000000000000e+00    -1.319593229339182e-01    -1.478684293859795e-01    +4.694108980734674e-02
+2.430000000000005e-09    +0.000000000000000e+00    +2.417165698277253e+05    +0.000000000000000e+00    -1.317488898327185e-01    -1.476287270220690e-01    +4.725546768229556e-02
+2.440000000000006e-09    +0.000000000000000e+00    +2.427112882220782e+05    +0.000000000000000e+00    -1.315384945698617e-01    -1.473901153987884e-01    +4.756789595672608e-02
+2.450000000000006e-09    +0.000000000000000e+00    +2.437060066164309e+05    +0.000000000000000e+00    -1.313281469272717e-01    -1.471525807156490e-01    +4.787839157323749e-02
+2.460000000000006e-09    +0.000000000000000e+00    +2.447007250107838e+05    +0.000000000000000e+00    -1.311178500989400e-01    -1.469161103981828e-01    +4.818696824367656e-02
+2.470000000000006e-09    +0.000000000000000e+00    +2.456954434051365e+05    +0.000000000000000e+00    -1.309076098398329e-01    -1.466807014666713e-01    +4.849364446431864e-02
+2.480000000000006e-09    +0.000000000000000e+00    +2.466901617994894e+05    +0.000000000000000e+00    -1.306974281665457e-01    -1.464463430482927e-01    +4.879843329627727e-02
+2.490000000000006e-09    +0.000000000000000e+00    +2.476848801938422e+05    +0.000000000000000e+00    -1.304873118123041e-01    -1.462130235044457e-01    +4.910135506040967e-02
+2.500000000000007e-09    +0.000000000000000e+00    +2.486795985881948e+05    +0.000000000000000e+00    -1.302772627517174e-01    -1.459807397305266e-01    +4.940242593433518e-02
+2.510000000000007e-09    +0.000000000000000e+00    +2.496743169825477e+05    +0.000000000000000e+00    -1.300672875070742e-01    -1.457494756948083e-01    +4.970166205787318e-02
+2.520000000000007e-09    +0.000000000000000e+00    +2.506690353769005e+05    +0.000000000000000e+00    -1.298573910925026e-01    -1.455192276782988e-01    +4.999907761239895e-02
+2.530000000000007e-09    +0.000000000000000e+00    +2.516637537712533e+05    +0.000000000000000e+00    -1.296475768133216e-01    -1.452899838591738e-01    +5.029468774540900e-02
+2.540000000000007e-09    +0.000000000000000e+00    +2.526584721656060e+05    +0.000000000000000e+00    -1.294378487229977e-01    -1.450617364719017e-01    +5.058850891161585e-02
+2.550000000000008e-09    +0.000000000000000e+00    +2.536531905599590e+05    +0.000000000000000e+00    -1.292282075179056e-01    -1.448344756652828e-01    +5.088055583816955e-02
+2.560000000000008e-09    +0.000000000000000e+00    +2.546479089543117e+05    +0.000000000000000e+00    -1.290186601562122e-01    -1.446081986086790e-01    +5.117084401562962e-02
+2.570000000000008e-09    +0.000000000000000e+00    +2.556426273486645e+05    +0.000000000000000e+00    -1.288092124248016e-01    -1.443828917988078e-01    +5.145939006961882e-02
+2.580000000000008e-09    +0.000000000000000e+00    +2.566373457430173e+05    +0.000000000000000e+00    -1.285998648644469e-01    -1.441585490867239e-01    +5.174620587374188e-02
+2.590000000000008e-09    +0.000000000000000e+00    +2.576320641373700e+05    +0.000000000000000e+00    -1.283906283828136e-01    -1.439351577639356e-01    +5.203131046359881e-02
+2.600000000000008e-09    +0.000000000000000e+00    +2.586267825317229e+05    +0.000000000000000e+00    -1.281814870237974e-01    -1.437127196417781e-01    +5.231470815896939e-02
+2.610000000000009e-09    +0.000000000000000e+00    +2.596215009260756e+05    +0.000000000000000e+00    -1.279724650525081e-01    -1.434912199397012e-01    +5.259642268902280e-02
+2.620000000000009e-09    +0.000000000000000e+00    +2.606162193204285e+05    +0.000000000000000e+00    -1.277635566303932e-01    -1.432706514746222e-01    +5.287646442350254e-02
+2.630000000000009e-09    +0.000000000000000e+00    +2.616109377147812e+05    +0.000000000000000e+00    -1.275547672444588e-01    -1.430510091159949e-01    +5.315484703843744e-02
+2.640000000000009e-09    +0.000000000000000e+00    +2.626056561091341e+05    +0.000000000000000e+00    -1.273460988724975e-01    -1.428322822625586e-01    +5.343158872212488e-02
+2.650000000000009e-09    +0.000000000000000e+00    +2.636003745034868e+05    +0.000000000000000e+00    -1.271375558994381e-01    -1.426144665938688e-01    +5.370669882933243e-02
+2.660000000000009e-09    +0.000000000000000e+00    +2.645950928978397e+05    +0.000000000000000e+00    -1.269291430564422e-01    -1.423975471266972e-01    +5.398019270022261e-02
+2.670000000000010e-09    +0.000000000000000e+00    +2.655898112921924e+05    +0.000000000000000e+00    -1.267208594296987e-01    -1.421815261836271e-01    +5.425207676028047e-02
+2.680000000000010e-09    +0.000000000000000e+00    +2.665845296865451e+05    +0.000000000000000e+00    -1.265127088568034e-01    -1.419663934669552e-01    +5.452237227124852e-02
+2.690000000000010e-09    +0.000000000000000e+00    +2.675792480808980e+05    +0.000000000000000e+00    -1.263046947981542e-01    -1.417521384483769e-01    +5.479109033730669e-02
+2.700000000000010e-09    +0.000000000000000e+00    +2.685739664752508e+05    +0.000000000000000e+00    -1.260968223490310e-01    -1.415387583606517e-01    +5.505824454819539e-02
+2.710000000000010e-09    +0.000000000000000e+00    +2.695686848696036e+05    +0.000000000000000e+00    -1.258890890451966e-01    -1.413262448531257e-01    +5.532384965721239e-02
+2.720000000000010e-09    +0.000000000000000e+00    +2.705634032639564e+05    +0.000000000000000e+00    -1.256815071401319e-01    -1.411145921752325e-01    +5.558790584132474e-02
+2.730000000000011e-09    +0.000000000000000e+00    +2.715581216583092e+05    +0.000000000000000e+00    -1.254740690851916e-01    -1.409037899209342e-01    +5.585043778351776e-02
+2.740000000000011e-09    +0.000000000000000e+00    +2.725528400526620e+05    +0.000000000000000e+00    -1.252667840603806e-01    -1.406938323006190e-01    +5.611145254657106e-02
+2.750000000000011e-09    +0.000000000000000e+00    +2.735475584470147e+05    +0.000000000000000e+00    -1.250596468510508e-01    -1.404847166114188e-01    +5.637096815561017e-02
+2.760000000000011e-09    +0.000000000000000e+00    +2.745422768413675e+05    +0.000000000000000e+00    -1.248526682278095e-01    -1.402764323303739e-01    +5.662899282055631e-02
+2.770000000000011e-09    +0.000000000000000e+00    +2.755369952357203e+05    +0.000000000000000e+00    -1.246458481401952e-01    -1.400689727596218e-01    +5.688553874908363e-02
+2.780000000000011e-09    +0.000000000000000e+00    +2.765317136300732e+05    +0.000000000000000e+00    -1.244391880207919e-01    -1.398623343861761e-01    +5.714061247330052e-02
+2.790000000000012e-09    +0.000000000000000e+00    +2.775264320244259e+05    +0.000000000000000e+00    -1.242326950013806e-01    -1.396565086542601e-01    +5.739423186993908e-02
+2.800000000000012e-09    +0.000000000000000e+00    +2.785211504187788e+05    +0.000000000000000e+00    -1.240263566536826e-01    -1.394514894566724e-01    +5.764640860203483e-02
+2.810000000000012e-09    +0.000000000000000e+00    +2.795158688131316e+05    +0.000000000000000e+00    -1.238201905399837e-01    -1.392472744927902e-01    +5.789715118809806e-02
+2.820000000000012e-09    +0.000000000000000e+00    +2.805105872074844e+05    +0.000000000000000e+00    -1.236141895492324e-01    -1.390438576759773e-01    +5.814647614393798e-02
+2.830000000000012e-09    +0.000000000000000e+00    +2.815053056018371e+05    +0.000000000000000e+00    -1.234083678827745e-01    -1.388412246813233e-01    +5.839438332726843e-02
+2.840000000000013e-09    +0.000000000000000e+00    +2.825000239961901e+05    +0.000000000000000e+00    -1.232027202057305e-01    -1.386393732328266e-01    +5.864089487679471e-02
+2.850000000000013e-09    +0.000000000000000e+00    +2.834947423905427e+05    +0.000000000000000e+00    -1.229972383218381e-01    -1.384383020247740e-01    +5.888601536597625e-02
+2.860000000000013e-09    +0.000000000000000e+00    +2.844894607848955e+05    +0.000000000000000e+00    -1.227919374818692e-01    -1.382379933820886e-01    +5.912975978258513e-02
+2.870000000000013e-09    +0.000000000000000e+00    +2.854841791792483e+05    +0.000000000000000e+00    -1.225868150796324e-01    -1.380384567567123e-01    +5.937213755005821e-02
+2.880000000000013e-09    +0.000000000000000e+00    +2.864788975736011e+05    +0.000000000000000e+00    -1.223818779426409e-01    -1.378396793289940e-01    +5.961315810239452e-02
+2.890000000000013e-09    +0.000000000000000e+00    +2.874736159679539e+05    +0.000000000000000e+00    -1.221771213040291e-01    -1.376416583061685e-01    +5.985283224352571e-02
+2.900000000000014e-09    +0.000000000000000e+00    +2.884683343623067e+05    +0.000000000000000e+00    -1.219725511307139e-01    -1.374443843210891e-01    +6.009116823480541e-02
+2.910000000000014e-09    +0.000000000000000e+00    +2.894630527566596e+05    +0.000000000000000e+00    -1.217681626797042e-01    -1.372478499891639e-01    +6.032818299401137e-02
+2.920000000000014e-09    +0.000000000000000e+00    +2.904577711510123e+05    +0.000000000000000e+00    -1.215639648200865e-01    -1.370520521522455e-01    +6.056388170959344e-02
+2.930000000000014e-09    +0.000000000000000e+00    +2.914524895453650e+05    +0.000000000000000e+00    -1.213599579571814e-01    -1.368569847069867e-01    +6.079827443597661e-02
+2.940000000000014e-09    +0.000000000000000e+00    +2.924472079397179e+05    +0.000000000000000e+00    -1.211561418430143e-01    -1.366626467875033e-01    +6.103137038049052e-02
+2.950000000000014e-09    +0.000000000000000e+00    +2.934419263340706e+05    +0.000000000000000e+00    -1.209525184733929e-01    -1.364690304032551e-01    +6.126318059756179e-02
+2.960000000000015e-09    +0.000000000000000e+00    +2.944366447284234e+05    +0.000000000000000e+00    -1.207490880602288e-01    -1.362761265565172e-01    +6.149371567237903e-02
+2.970000000000015e-09    +0.000000000000000e+00    +2.954313631227762e+05    +0.000000000000000e+00    -1.205458551204410e-01    -1.360839346708143e-01    +6.172298586294171e-02
+2.980000000000015e-09    +0.000000000000000e+00    +2.964260815171291e+05    +0.000000000000000e+00    -1.203428191695688e-01    -1.358924508661529e-01    +6.195099866770357e-02
+2.990000000000015e-09    +0.000000000000000e+00    +2.974207999114818e+05    +0.000000000000000e+00    -1.201399829641571e-01    -1.357016653899174e-01    +6.217776444374641e-02
+3.000000000000015e-09    +0.000000000000000e+00    +2.984155183058345e+05    +0.000000000000000e+00    -1.199373470651250e-01    -1.355115728209180e-01    +6.240329068997406e-02
+3.010000000000015e-09    +0.000000000000000e+00    +2.994102367001874e+05    +0.000000000000000e+00    -1.197349122103847e-01    -1.353221726543986e-01    +6.262758796027748e-02
+3.020000000000016e-09    +0.000000000000000e+00    +3.004049550945402e+05    +0.000000000000000e+00    -1.195326782454398e-01    -1.351334581807940e-01    +6.285066782237897e-02
+3.030000000000016e-09    +0.000000000000000e+00    +3.013996734888930e+05    +0.000000000000000e+00    -1.193306476425967e-01    -1.349454195957387e-01    +6.307253704971881e-02
+3.040000000000016e-09    +0.000000000000000e+00    +3.023943918832458e+05    +0.000000000000000e+00    -1.191288276252565e-01    -1.347580602008990e-01    +6.329320506088369e-02
+3.050000000000016e-09    +0.000000000000000e+00    +3.033891102775986e+05    +0.000000000000000e+00    -1.189272131772130e-01    -1.345713712874442e-01    +6.351268143638593e-02
+3.060000000000016e-09    +0.000000000000000e+00    +3.043838286719514e+05    +0.000000000000000e+00    -1.187258036380819e-01    -1.343853472713671e-01    +6.373097067303168e-02
+3.070000000000016e-09    +0.000000000000000e+00    +3.053785470663042e+05    +0.000000000000000e+00    -1.185246054988450e-01    -1.341999872585903e-01    +6.394808489616495e-02
+3.080000000000017e-09    +0.000000000000000e+00    +3.063732654606570e+05    +0.000000000000000e+00    -1.183236147647212e-01    -1.340152788978959e-01    +6.416403694208675e-02
+3.090000000000017e-09    +0.000000000000000e+00    +3.073679838550099e+05    +0.000000000000000e+00    -1.181228342397206e-01    -1.338312271499129e-01    +6.437882957627990e-02
+3.100000000000017e-09    +0.000000000000000e+00    +3.083627022493625e+05    +0.000000000000000e+00    -1.179222711351731e-01    -1.336478218163129e-01    +6.459247244851883e-02
+3.110000000000017e-09    +0.000000000000000e+00    +3.093574206437153e+05    +0.000000000000000e+00    -1.177219182937883e-01    -1.334650621293102e-01    +6.480497562574092e-02
+3.120000000000017e-09    +0.000000000000000e+00    +3.103521390380681e+05    +0.000000000000000e+00    -1.175217812244201e-01    -1.332829391650621e-01    +6.501634442103851e-02
+3.130000000000018e-09    +0.000000000000000e+00    +3.113468574324209e+05    +0.000000000000000e+00    -1.173218603288887e-01    -1.331014520234079e-01    +6.522658904384129e-02
+3.140000000000018e-09    +0.000000000000000e+00    +3.123415758267738e+05    +0.000000000000000e+00    -1.171221486007755e-01    -1.329205949535051e-01    +6.543571876035792e-02
+3.150000000000018e-09    +0.000000000000000e+00    +3.133362942211265e+05    +0.000000000000000e+00    -1.169226614699352e-01    -1.327403597066299e-01    +6.564373966744315e-02
+3.160000000000018e-09    +0.000000000000000e+00    +3.143310126154794e+05    +0.000000000000000e+00    -1.167233929234817e-01    -1.325607453972834e-01    +6.585066175732665e-02
+3.170000000000018e-09    +0.000000000000000e+00    +3.153257310098321e+05    +0.000000000000000e+00    -1.165243372300934e-01    -1.323817486457468e-01    +6.605648773495623e-02
+3.180000000000018e-09    +0.000000000000000e+00    +3.163204494041848e+05    +0.000000000000000e+00    -1.163255050671756e-01    -1.322033689088224e-01    +6.626123020516370e-02
+3.190000000000019e-09    +0.000000000000000e+00    +3.173151677985378e+05    +0.000000000000000e+00    -1.161268906756409e-01    -1.320255983954669e-01    +6.646489589638292e-02
+3.200000000000019e-09    +0.000000000000000e+00    +3.183098861928905e+05    +0.000000000000000e+00    -1.159285001981789e-01    -1.318484281656951e-01    +6.666749829870031e-02
+3.210000000000019e-09    +0.000000000000000e+00    +3.193046045872433e+05    +0.000000000000000e+00    -1.157303310802642e-01    -1.316718592456150e-01    +6.686903603068670e-02
+3.220000000000019e-09    +0.000000000000000e+00    +3.202993229815961e+05    +0.000000000000000e+00    -1.155323843309530e-01    -1.314958910781586e-01    +6.706952150244014e-02
+3.230000000000019e-09    +0.000000000000000e+00    +3.212940413759489e+05    +0.000000000000000e+00    -1.153346637821683e-01    -1.313205068252095e-01    +6.726895784109413e-02
+3.240000000000019e-09    +0.000000000000000e+00    +3.222887597703018e+05    +0.000000000000000e+00    -1.151371651123503e-01    -1.311457161582569e-01    +6.746735541996597e-02
+3.250000000000020e-09    +0.000000000000000e+00    +3.232834781646543e+05    +0.000000000000000e+00    -1.149398909947887e-01    -1.309715095956576e-01    +6.766472252369524e-02
+3.260000000000020e-09    +0.000000000000000e+00    +3.242781965590073e+05    +0.000000000000000e+00    -1.147428424883620e-01    -1.307978806925027e-01    +6.786106613407469e-02
+3.270000000000020e-09    +0.000000000000000e+00    +3.252729149533600e+05    +0.000000000000000e+00    -1.145460207821818e-01    -1.306248339571267e-01    +6.805639340534193e-02
+3.280000000000020e-09    +0.000000000000000e+00    +3.262676333477128e+05    +0.000000000000000e+00    -1.143494273452874e-01    -1.304523579740423e-01    +6.825070972894290e-02
+3.290000000000020e-09    +0.000000000000000e+00    +3.272623517420656e+05    +0.000000000000000e+00    -1.141530620670970e-01    -1.302804489198487e-01    +6.844402297389038e-02
+3.300000000000020e-09    +0.000000000000000e+00    +3.282570701364184e+05    +0.000000000000000e+00    -1.139569205731890e-01    -1.301091066203985e-01    +6.863634090008561e-02
+3.310000000000021e-09    +0.000000000000000e+00    +3.292517885307713e+05    +0.000000000000000e+00    -1.137610106591424e-01    -1.299383296525693e-01    +6.882767065174125e-02
+3.320000000000021e-09    +0.000000000000000e+00    +3.302465069251240e+05    +0.000000000000000e+00    -1.135653291466312e-01    -1.297681084886975e-01    +6.901801702798502e-02
+3.330000000000021e-09    +0.000000000000000e+00    +3.312412253194769e+05    +0.000000000000000e+00    -1.133698758642524e-01    -1.295984421953869e-01    +6.920738921761938e-02
+3.340000000000021e-09    +0.000000000000000e+00    +3.322359437138297e+05    +0.000000000000000e+00    -1.131746515651396e-01    -1.294293246744928e-01    +6.939579342725841e-02
+3.350000000000021e-09    +0.000000000000000e+00    +3.332306621081823e+05    +0.000000000000000e+00    -1.129796607553612e-01    -1.292607550595920e-01    +6.958323870742725e-02
+3.360000000000021e-09    +0.000000000000000e+00    +3.342253805025351e+05    +0.000000000000000e+00    -1.127849022308611e-01    -1.290927303990349e-01    +6.976972481452626e-02
+3.370000000000022e-09    +0.000000000000000e+00    +3.352200988968880e+05    +0.000000000000000e+00    -1.125903742437156e-01    -1.289252459785971e-01    +6.995526420523883e-02
+3.380000000000022e-09    +0.000000000000000e+00    +3.362148172912408e+05    +0.000000000000000e+00    -1.123960764031929e-01    -1.287582991006994e-01    +7.013986087329221e-02
+3.390000000000022e-09    +0.000000000000000e+00    +3.372095356855936e+05    +0.000000000000000e+00    -1.122020104299708e-01    -1.285918857477084e-01    +7.032352320184619e-02
+3.400000000000022e-09    +0.000000000000000e+00    +3.382042540799464e+05    +0.000000000000000e+00    -1.120081777219494e-01    -1.284260017306771e-01    +7.050625758907812e-02
+3.410000000000022e-09    +0.000000000000000e+00    +3.391989724742993e+05    +0.000000000000000e+00    -1.118145787446892e-01    -1.282606453031026e-01    +7.068806982488930e-02
+3.420000000000023e-09    +0.000000000000000e+00    +3.401936908686521e+05    +0.000000000000000e+00    -1.116212139316536e-01    -1.280958124352666e-01    +7.086896333343014e-02
+3.430000000000023e-09    +0.000000000000000e+00    +3.411884092630047e+05    +0.000000000000000e+00    -1.114280823782467e-01    -1.279314985200339e-01    +7.104894685727671e-02
+3.440000000000023e-09    +0.000000000000000e+00    +3.421831276573576e+05    +0.000000000000000e+00    -1.112351833877736e-01    -1.277676980653968e-01    +7.122802543357180e-02
+3.450000000000023e-09    +0.000000000000000e+00    +3.431778460517104e+05    +0.000000000000000e+00    -1.110425179502900e-01    -1.276044112903044e-01    +7.140621091684655e-02
+3.460000000000023e-09    +0.000000000000000e+00    +3.441725644460631e+05    +0.000000000000000e+00    -1.108500877568213e-01    -1.274416364223301e-01    +7.158350354992989e-02
+3.470000000000023e-09    +0.000000000000000e+00    +3.451672828404160e+05    +0.000000000000000e+00    -1.106578946432635e-01    -1.272793713389787e-01    +7.175990972662612e-02
+3.480000000000024e-09    +0.000000000000000e+00    +3.461620012347688e+05    +0.000000000000000e+00    -1.104659355373002e-01    -1.271176072485407e-01    +7.193543501647143e-02
+3.490000000000024e-09    +0.000000000000000e+00    +3.471567196291216e+05    +0.000000000000000e+00    -1.102742118837879e-01    -1.269563449592899e-01    +7.211008665290261e-02
+3.500000000000024e-09    +0.000000000000000e+00    +3.481514380234742e+05    +0.000000000000000e+00    -1.100827219977758e-01    -1.267955793338632e-01    +7.228387103905698e-02
+3.510000000000024e-09    +0.000000000000000e+00    +3.491461564178271e+05    +0.000000000000000e+00    -1.098914678596612e-01    -1.266353102339434e-01    +7.245679445620798e-02
+3.520000000000024e-09    +0.000000000000000e+00    +3.501408748121801e+05    +0.000000000000000e+00    -1.097004526375176e-01    -1.264755269285340e-01    +7.262886198147250e-02
+3.530000000000024e-09    +0.000000000000000e+00    +3.511355932065326e+05    +0.000000000000000e+00    -1.095096717060312e-01    -1.263162328940820e-01    +7.280008036838241e-02
+3.540000000000025e-09    +0.000000000000000e+00    +3.521303116008855e+05    +0.000000000000000e+00    -1.093191284258574e-01    -1.261574265815624e-01    +7.297044971366554e-02
+3.550000000000025e-09    +0.000000000000000e+00    +3.531250299952384e+05    +0.000000000000000e+00    -1.091288220369913e-01    -1.259991021069904e-01    +7.313998033413459e-02
+3.560000000000025e-09    +0.000000000000000e+00    +3.541197483895912e+05    +0.000000000000000e+00    -1.089387484154674e-01    -1.258412575169060e-01    +7.330867877743071e-02
+3.570000000000025e-09    +0.000000000000000e+00    +3.551144667839439e+05    +0.000000000000000e+00    -1.087489135286867e-01    -1.256838905062722e-01    +7.347655043982534e-02
+3.580000000000025e-09    +0.000000000000000e+00    +3.561091851782967e+05    +0.000000000000000e+00    -1.085593165419134e-01    -1.255269967848300e-01    +7.364359895998944e-02
+3.590000000000025e-09    +0.000000000000000e+00    +3.571039035726496e+05    +0.000000000000000e+00    -1.083699565128940e-01    -1.253705742253182e-01    +7.380982930842854e-02
+3.600000000000026e-09    +0.000000000000000e+00    +3.580986219670024e+05    +0.000000000000000e+00    -1.081808328736763e-01    -1.252146195866145e-01    +7.397524749973707e-02
+3.610000000000026e-09    +0.000000000000000e+00    +3.590933403613550e+05    +0.000000000000000e+00    -1.079919461423278e-01    -1.250591341197998e-01    +7.413985954738819e-02
+3.620000000000026e-09    +0.000000000000000e+00    +3.600880587557079e+05    +0.000000000000000e+00    -1.078032976494506e-01    -1.249041059043860e-01    +7.430367186528049e-02
+3.630000000000026e-09    +0.000000000000000e+00    +3.610827771500607e+05    +0.000000000000000e+00    -1.076148862706366e-01    -1.247495372426261e-01    +7.446668812243908e-02
+3.640000000000026e-09    +0.000000000000000e+00    +3.620774955444134e+05    +0.000000000000000e+00    -1.074267128918263e-01    -1.245954233811960e-01    +7.462891242758536e-02
+3.650000000000026e-09    +0.000000000000000e+00    +3.630722139387663e+05    +0.000000000000000e+00    -1.072387777300284e-01    -1.244417642014226e-01    +7.479035044613258e-02
+3.660000000000027e-09    +0.000000000000000e+00    +3.640669323331191e+05    +0.000000000000000e+00    -1.070510759348529e-01    -1.242885585319945e-01    +7.495101015408434e-02
+3.670000000000027e-09    +0.000000000000000e+00    +3.650616507274719e+05    +0.000000000000000e+00    -1.068636133049373e-01    -1.241358010522187e-01    +7.511089344907519e-02
+3.680000000000027e-09    +0.000000000000000e+00    +3.660563691218245e+05    +0.000000000000000e+00    -1.066763880866083e-01    -1.239834921598588e-01    +7.527000761022810e-02
+3.690000000000027e-09    +0.000000000000000e+00    +3.670510875161774e+05    +0.000000000000000e+00    -1.064894026467709e-01    -1.238316232106740e-01    +7.542835607881258e-02
+3.700000000000027e-09    +0.000000000000000e+00    +3.680458059105302e+05    +0.000000000000000e+00    -1.063026539121572e-01    -1.236801955477881e-01    +7.558594444273900e-02
+3.710000000000028e-09    +0.000000000000000e+00    +3.690405243048830e+05    +0.000000000000000e+00    -1.061161450643774e-01    -1.235292085186355e-01    +7.574277782581185e-02
+3.720000000000028e-09    +0.000000000000000e+00    +3.700352426992358e+05    +0.000000000000000e+00    -1.059298666276507e-01    -1.233786552194266e-01    +7.589885817007903e-02
+3.730000000000027e-09    +0.000000000000000e+00    +3.710299610935886e+05    +0.000000000000000e+00    -1.057438299679789e-01    -1.232285313450769e-01    +7.605419190401512e-02
+3.740000000000027e-09    +0.000000000000000e+00    +3.720246794879414e+05    +0.000000000000000e+00    -1.055580289325446e-01    -1.230788361567963e-01    +7.620879036058423e-02
+3.750000000000027e-09    +0.000000000000000e+00    +3.730193978822940e+05    +0.000000000000000e+00    -1.053724660669718e-01    -1.229295753418660e-01    +7.636265016206142e-02
+3.760000000000027e-09    +0.000000000000000e+00    +3.740141162766468e+05    +0.000000000000000e+00    -1.051871409161605e-01    -1.227807407493096e-01    +7.651577843235931e-02
+3.770000000000026e-09    +0.000000000000000e+00    +3.750088346709997e+05    +0.000000000000000e+00    -1.050020526163542e-01    -1.226323288557193e-01    +7.666817938759093e-02
+3.780000000000026e-09    +0.000000000000000e+00    +3.760035530653523e+05    +0.000000000000000e+00    -1.048172002369359e-01    -1.224843360909775e-01    +7.681985789730490e-02
+3.790000000000026e-09    +0.000000000000000e+00    +3.769982714597051e+05    +0.000000000000000e+00    -1.046325822011769e-01    -1.223367624352195e-01    +7.697081977641362e-02
+3.800000000000026e-09    +0.000000000000000e+00    +3.779929898540579e+05    +0.000000000000000e+00    -1.044482081840612e-01    -1.221895994390977e-01    +7.712107146922270e-02
+3.810000000000026e-09    +0.000000000000000e+00    +3.789877082484105e+05    +0.000000000000000e+00    -1.042640675816533e-01    -1.220428531746347e-01    +7.727061474406519e-02
+3.820000000000025e-09    +0.000000000000000e+00    +3.799824266427633e+05    +0.000000000000000e+00    -1.040801658607585e-01    -1.218965150962597e-01    +7.741945129937719e-02
+3.830000000000025e-09    +0.000000000000000e+00    +3.809771450371161e+05    +0.000000000000000e+00    -1.038964958199946e-01    -1.217505889888457e-01    +7.756758659348544e-02
+3.840000000000025e-09    +0.000000000000000e+00    +3.819718634314687e+05    +0.000000000000000e+00    -1.037130644268454e-01    -1.216050669923006e-01    +7.771502929052906e-02
+3.850000000000025e-09    +0.000000000000000e+00    +3.829665818258216e+05    +0.000000000000000e+00    -1.035298697173021e-01    -1.214599491495447e-01    +7.786178013177726e-02
+3.860000000000024e-09    +0.000000000000000e+00    +3.839613002201744e+05    +0.000000000000000e+00    -1.033469090996895e-01    -1.213152327087605e-01    +7.800784765317167e-02
+3.870000000000024e-09    +0.000000000000000e+00    +3.849560186145271e+05    +0.000000000000000e+00    -1.031641828683525e-01    -1.211709141800547e-01    +7.815323258974924e-02
+3.880000000000024e-09    +0.000000000000000e+00    +3.859507370088798e+05    +0.000000000000000e+00    -1.029816983511677e-01    -1.210269909377224e-01    +7.829793971907498e-02
+3.890000000000024e-09    +0.000000000000000e+00    +3.869454554032327e+05    +0.000000000000000e+00    -1.027994457900552e-01    -1.208834686016674e-01    +7.844197279991090e-02
+3.900000000000023e-09    +0.000000000000000e+00    +3.879401737975853e+05    +0.000000000000000e+00    -1.026174279769907e-01    -1.207403378192192e-01    +7.858533830956962e-02
+3.910000000000023e-09    +0.000000000000000e+00    +3.889348921919381e+05    +0.000000000000000e+00    -1.024356478711634e-01    -1.205975927436391e-01    +7.872803960480497e-02
+3.920000000000023e-09    +0.000000000000000e+00    +3.899296105862909e+05    +0.000000000000000e+00    -1.022541013687982e-01    -1.204552367989407e-01    +7.887007575407712e-02
+3.930000000000023e-09    +0.000000000000000e+00    +3.909243289806436e+05    +0.000000000000000e+00    -1.020727893638085e-01    -1.203132696602705e-01    +7.901145957002498e-02
+3.940000000000022e-09    +0.000000000000000e+00    +3.919190473749964e+05    +0.000000000000000e+00    -1.018917121617303e-01    -1.201716847204208e-01    +7.915218777884882e-02
+3.950000000000022e-09    +0.000000000000000e+00    +3.929137657693493e+05    +0.000000000000000e+00    -1.017108714928259e-01    -1.200304796376454e-01    +7.929226720828039e-02
+3.960000000000022e-09    +0.000000000000000e+00    +3.939084841637018e+05    +0.000000000000000e+00    -1.015302601714227e-01    -1.198896553426740e-01    +7.943170601242916e-02
+3.970000000000022e-09    +0.000000000000000e+00    +3.949032025580546e+05    +0.000000000000000e+00    -1.013498851604396e-01    -1.197492101734823e-01    +7.957050232733812e-02
+3.980000000000021e-09    +0.000000000000000e+00    +3.958979209524075e+05    +0.000000000000000e+00    -1.011697400678434e-01    -1.196091389676177e-01    +7.970865983679984e-02
+3.990000000000021e-09    +0.000000000000000e+00    +3.968926393467601e+05    +0.000000000000000e+00    -1.009898353726745e-01    -1.194694375965112e-01    +7.984619113010838e-02
+4.000000000000021e-09    +0.000000000000000e+00    +3.978873577411129e+05    +0.000000000000000e+00    -1.008101622603152e-01    -1.193301100638048e-01    +7.998309024420951e-02
+4.010000000000021e-09    +0.000000000000000e+00    +3.988820761354658e+05    +0.000000000000000e+00    -1.006307215646238e-01    -1.191911562866069e-01    +8.011936454422616e-02
+4.020000000000020e-09    +0.000000000000000e+00    +3.998767945298183e+05    +0.000000000000000e+00    -1.004515122536766e-01    -1.190525665472701e-01    +8.025501633709986e-02
+4.030000000000020e-09    +0.000000000000000e+00    +4.008715129241711e+05    +0.000000000000000e+00    -1.002725356237327e-01    -1.189143417777729e-01    +8.039005094051037e-02
+4.040000000000020e-09    +0.000000000000000e+00    +4.018662313185240e+05    +0.000000000000000e+00    -1.000937905251679e-01    -1.187764811922013e-01    +8.052447567567048e-02
+4.050000000000020e-09    +0.000000000000000e+00    +4.028609497128766e+05    +0.000000000000000e+00    -9.991527768428321e-02    -1.186389785888500e-01    +8.065829012670431e-02
+4.060000000000019e-09    +0.000000000000000e+00    +4.038556681072294e+05    +0.000000000000000e+00    -9.973699758178330e-02    -1.185018367592216e-01    +8.079149850273430e-02
+4.070000000000019e-09    +0.000000000000000e+00    +4.048503865015822e+05    +0.000000000000000e+00    -9.955894897666590e-02    -1.183650541219781e-01    +8.092410304409099e-02
+4.080000000000019e-09    +0.000000000000000e+00    +4.058451048959348e+05    +0.000000000000000e+00    -9.938113033501707e-02    -1.182286248637170e-01    +8.105611026854580e-02
+4.090000000000019e-09    +0.000000000000000e+00    +4.068398232902876e+05    +0.000000000000000e+00    -9.920354171916142e-02    -1.180925486059255e-01    +8.118752340272065e-02
+4.100000000000019e-09    +0.000000000000000e+00    +4.078345416846405e+05    +0.000000000000000e+00    -9.902618643140901e-02    -1.179568230399187e-01    +8.131834523448189e-02
+4.110000000000018e-09    +0.000000000000000e+00    +4.088292600789933e+05    +0.000000000000000e+00    -9.884906047329020e-02    -1.178214477047330e-01    +8.144857968171122e-02
+4.120000000000018e-09    +0.000000000000000e+00    +4.098239784733459e+05    +0.000000000000000e+00    -9.867216401130278e-02    -1.176864216924232e-01    +8.157822874958440e-02
+4.130000000000018e-09    +0.000000000000000e+00    +4.108186968676987e+05    +0.000000000000000e+00    -9.849549599763301e-02    -1.175517401378390e-01    +8.170729793804583e-02
+4.140000000000018e-09    +0.000000000000000e+00    +4.118134152620513e+05    +0.000000000000000e+00    -9.831905740601947e-02    -1.174174019314181e-01    +8.183579019133794e-02
+4.150000000000017e-09    +0.000000000000000e+00    +4.128081336564041e+05    +0.000000000000000e+00    -9.814284716763239e-02    -1.172834059006039e-01    +8.196371009009921e-02
+4.160000000000017e-09    +0.000000000000000e+00    +4.138028520507569e+05    +0.000000000000000e+00    -9.796686760092335e-02    -1.171497508662847e-01    +8.209106023503306e-02
+4.170000000000017e-09    +0.000000000000000e+00    +4.147975704451098e+05    +0.000000000000000e+00    -9.779111597365009e-02    -1.170164304539252e-01    +8.221784382499744e-02
+4.180000000000017e-09    +0.000000000000000e+00    +4.157922888394624e+05    +0.000000000000000e+00    -9.761559236625458e-02    -1.168834456170285e-01    +8.234406323034113e-02
+4.190000000000016e-09    +0.000000000000000e+00    +4.167870072338152e+05    +0.000000000000000e+00    -9.744029596605974e-02    -1.167507988051478e-01    +8.246972268471101e-02
+4.200000000000016e-09    +0.000000000000000e+00    +4.177817256281680e+05    +0.000000000000000e+00    -9.726522572758697e-02    -1.166184850664986e-01    +8.259482640903713e-02
+4.210000000000016e-09    +0.000000000000000e+00    +4.187764440225206e+05    +0.000000000000000e+00    -9.709038302941692e-02    -1.164865038386927e-01    +8.271937788756387e-02
+4.220000000000016e-09    +0.000000000000000e+00    +4.197711624168734e+05    +0.000000000000000e+00    -9.691576674396958e-02    -1.163548506182878e-01    +8.284337991906558e-02
+4.230000000000015e-09    +0.000000000000000e+00    +4.207658808112263e+05    +0.000000000000000e+00    -9.674137836284487e-02    -1.162235251837350e-01    +8.296683490249390e-02
+4.240000000000015e-09    +0.000000000000000e+00    +4.217605992055790e+05    +0.000000000000000e+00    -9.656721481406587e-02    -1.160925239957402e-01    +8.308974573696681e-02
+4.250000000000015e-09    +0.000000000000000e+00    +4.227553175999316e+05    +0.000000000000000e+00    -9.639327620308144e-02    -1.159618460371944e-01    +8.321211758329011e-02
+4.260000000000015e-09    +0.000000000000000e+00    +4.237500359942845e+05    +0.000000000000000e+00    -9.621956314206148e-02    -1.158314954999676e-01    +8.333395311197853e-02
+4.270000000000014e-09    +0.000000000000000e+00    +4.247447543886372e+05    +0.000000000000000e+00    -9.604607550949534e-02    -1.157014621577732e-01    +8.345525595993072e-02
+4.280000000000014e-09    +0.000000000000000e+00    +4.257394727829900e+05    +0.000000000000000e+00    -9.587281016718215e-02    -1.155717516033600e-01    +8.357602538786339e-02
+4.290000000000014e-09    +0.000000000000000e+00    +4.267341911773427e+05    +0.000000000000000e+00    -9.569977107215699e-02    -1.154423574262403e-01    +8.369627070133798e-02
+4.300000000000014e-09    +0.000000000000000e+00    +4.277289095716954e+05    +0.000000000000000e+00    -9.552695518886971e-02    -1.153132813561383e-01    +8.381599102895909e-02
+4.310000000000013e-09    +0.000000000000000e+00    +4.287236279660482e+05    +0.000000000000000e+00    -9.535436245546643e-02    -1.151845210199469e-01    +8.393519019668295e-02
+4.320000000000013e-09    +0.000000000000000e+00    +4.297183463604010e+05    +0.000000000000000e+00    -9.518199218060942e-02    -1.150560716338505e-01    +8.405387237109486e-02
+4.330000000000013e-09    +0.000000000000000e+00    +4.307130647547537e+05    +0.000000000000000e+00    -9.500984539221544e-02    -1.149279266394048e-01    +8.417203996308144e-02
+4.340000000000013e-09    +0.000000000000000e+00    +4.317077831491065e+05    +0.000000000000000e+00    -9.483792045116299e-02    -1.148000937832001e-01    +8.428969429035396e-02
+4.350000000000012e-09    +0.000000000000000e+00    +4.327025015434594e+05    +0.000000000000000e+00    -9.466621672125639e-02    -1.146725686997471e-01    +8.440684027210091e-02
+4.360000000000012e-09    +0.000000000000000e+00    +4.336972199378119e+05    +0.000000000000000e+00    -9.449473461156792e-02    -1.145453521743700e-01    +8.452347925681153e-02
+4.370000000000012e-09    +0.000000000000000e+00    +4.346919383321648e+05    +0.000000000000000e+00    -9.432347233656661e-02    -1.144184369956447e-01    +8.463961936126231e-02
+4.380000000000012e-09    +0.000000000000000e+00    +4.356866567265176e+05    +0.000000000000000e+00    -9.415242723434331e-02    -1.142918263510397e-01    +8.475525800153716e-02
+4.390000000000012e-09    +0.000000000000000e+00    +4.366813751208701e+05    +0.000000000000000e+00    -9.398161138627928e-02    -1.141655102773455e-01    +8.487040017021261e-02
+4.400000000000011e-09    +0.000000000000000e+00    +4.376760935152230e+05    +0.000000000000000e+00    -9.381101104990880e-02    -1.140395039813733e-01    +8.498504791720013e-02
+4.410000000000011e-09    +0.000000000000000e+00    +4.386708119095758e+05    +0.000000000000000e+00    -9.364063032250997e-02    -1.139137966899955e-01    +8.509920398959783e-02
+4.420000000000011e-09    +0.000000000000000e+00    +4.396655303039287e+05    +0.000000000000000e+00    -9.347046688835528e-02    -1.137883814419394e-01    +8.521287087608602e-02
+4.430000000000011e-09    +0.000000000000000e+00    +4.406602486982812e+05    +0.000000000000000e+00    -9.330052145747339e-02    -1.136632625741520e-01    +8.532605489927970e-02
+4.440000000000010e-09    +0.000000000000000e+00    +4.416549670926341e+05    +0.000000000000000e+00    -9.313079476288168e-02    -1.135384394223787e-01    +8.543875658111341e-02
+4.450000000000010e-09    +0.000000000000000e+00    +4.426496854869869e+05    +0.000000000000000e+00    -9.296128713717031e-02    -1.134139054080475e-01    +8.555097788282461e-02
+4.460000000000010e-09    +0.000000000000000e+00    +4.436444038813395e+05    +0.000000000000000e+00    -9.279199580219716e-02    -1.132896644804922e-01    +8.566272399826427e-02
+4.470000000000010e-09    +0.000000000000000e+00    +4.446391222756923e+05    +0.000000000000000e+00    -9.262292230267248e-02    -1.131657143966387e-01    +8.577399249668227e-02
+4.480000000000009e-09    +0.000000000000000e+00    +4.456338406700452e+05    +0.000000000000000e+00    -9.245406572985185e-02    -1.130420533637242e-01    +8.588479087644081e-02
+4.490000000000009e-09    +0.000000000000000e+00    +4.466285590643977e+05    +0.000000000000000e+00    -9.228542130128994e-02    -1.129186769771318e-01    +8.599512072276028e-02
+4.500000000000009e-09    +0.000000000000000e+00    +4.476232774587505e+05    +0.000000000000000e+00    -9.211699384680616e-02    -1.127955845869034e-01    +8.610498528536448e-02
+4.510000000000009e-09    +0.000000000000000e+00    +4.486179958531034e+05    +0.000000000000000e+00    -9.194878162718854e-02    -1.126727753867199e-01    +8.621438756655704e-02
+4.520000000000008e-09    +0.000000000000000e+00    +4.496127142474559e+05    +0.000000000000000e+00    -9.178078589397551e-02    -1.125502488193860e-01    +8.632332899844146e-02
+4.530000000000008e-09    +0.000000000000000e+00    +4.506074326418088e+05    +0.000000000000000e+00    -9.161300413822672e-02    -1.124280040635311e-01    +8.643181266171909e-02
+4.540000000000008e-09    +0.000000000000000e+00    +4.516021510361616e+05    +0.000000000000000e+00    -9.144543443325587e-02    -1.123060381986190e-01    +8.653983862471000e-02
+4.550000000000008e-09    +0.000000000000000e+00    +4.525968694305142e+05    +0.000000000000000e+00    -9.127807913658795e-02    -1.121843514976377e-01    +8.664741219965606e-02
+4.560000000000007e-09    +0.000000000000000e+00    +4.535915878248670e+05    +0.000000000000000e+00    -9.111093463513148e-02    -1.120629387938928e-01    +8.675453847779627e-02
+4.570000000000007e-09    +0.000000000000000e+00    +4.545863062192199e+05    +0.000000000000000e+00    -9.094400473873647e-02    -1.119417973819640e-01    +8.686121763498530e-02
+4.580000000000007e-09    +0.000000000000000e+00    +4.555810246135726e+05    +0.000000000000000e+00    -9.077728605777595e-02    -1.118209377410974e-01    +8.696745124312112e-02
+4.590000000000007e-09    +0.000000000000000e+00    +4.565757430079253e+05    +0.000000000000000e+00    -9.061077942216018e-02    -1.117003467554128e-01    +8.707324380990474e-02
+4.600000000000006e-09    +0.000000000000000e+00    +4.575704614022781e+05    +0.000000000000000e+00    -9.044448454347777e-02    -1.115800314693190e-01    +8.717859122215062e-02
+4.610000000000006e-09    +0.000000000000000e+00    +4.585651797966308e+05    +0.000000000000000e+00    -9.027839724917094e-02    -1.114599830827845e-01    +8.728350714461636e-02
+4.620000000000006e-09    +0.000000000000000e+00    +4.595598981909836e+05    +0.000000000000000e+00    -9.011251947904321e-02    -1.113402032360394e-01    +8.738798659389646e-02
+4.630000000000006e-09    +0.000000000000000e+00    +4.605546165853363e+05    +0.000000000000000e+00    -8.994685649591150e-02    -1.112206869432933e-01    +8.749203515830227e-02
+4.640000000000005e-09    +0.000000000000000e+00    +4.615493349796890e+05    +0.000000000000000e+00    -8.978140049787432e-02    -1.111014390065031e-01    +8.759565348494101e-02
+4.650000000000005e-09    +0.000000000000000e+00    +4.625440533740419e+05    +0.000000000000000e+00    -8.961615287602105e-02    -1.109824550604427e-01    +8.769884323459931e-02
+4.660000000000005e-09    +0.000000000000000e+00    +4.635387717683946e+05    +0.000000000000000e+00    -8.945111501020213e-02    -1.108637360166030e-01    +8.780160856468225e-02
+4.670000000000005e-09    +0.000000000000000e+00    +4.645334901627473e+05    +0.000000000000000e+00    -8.928628171499832e-02    -1.107452769098370e-01    +8.790395220594027e-02
+4.680000000000005e-09    +0.000000000000000e+00    +4.655282085571002e+05    +0.000000000000000e+00    -8.912165656446117e-02    -1.106270805591791e-01    +8.800587514179055e-02
+4.690000000000004e-09    +0.000000000000000e+00    +4.665229269514530e+05    +0.000000000000000e+00    -8.895723997103389e-02    -1.105091431374047e-01    +8.810738201316946e-02
+4.700000000000004e-09    +0.000000000000000e+00    +4.675176453458055e+05    +0.000000000000000e+00    -8.879302962677228e-02    -1.103914648734145e-01    +8.820847228977088e-02
+4.710000000000004e-09    +0.000000000000000e+00    +4.685123637401584e+05    +0.000000000000000e+00    -8.862902590730296e-02    -1.102740432572693e-01    +8.830914761806483e-02
+4.720000000000004e-09    +0.000000000000000e+00    +4.695070821345112e+05    +0.000000000000000e+00    -8.846522405341539e-02    -1.101568709606761e-01    +8.840941724802119e-02
+4.730000000000003e-09    +0.000000000000000e+00    +4.705018005288637e+05    +0.000000000000000e+00    -8.830162973744465e-02    -1.100399585478822e-01    +8.850927738287065e-02
+4.740000000000003e-09    +0.000000000000000e+00    +4.714965189232166e+05    +0.000000000000000e+00    -8.813823929694867e-02    -1.099232980712007e-01    +8.860873214084446e-02
+4.750000000000003e-09    +0.000000000000000e+00    +4.724912373175694e+05    +0.000000000000000e+00    -8.797505422703615e-02    -1.098068902582218e-01    +8.870778066597459e-02
+4.760000000000003e-09    +0.000000000000000e+00    +4.734859557119220e+05    +0.000000000000000e+00    -8.781207182490545e-02    -1.096907338210023e-01    +8.880642925271724e-02
+4.770000000000002e-09    +0.000000000000000e+00    +4.744806741062748e+05    +0.000000000000000e+00    -8.764929255598355e-02    -1.095748287962945e-01    +8.890467873705461e-02
+4.780000000000002e-09    +0.000000000000000e+00    +4.754753925006277e+05    +0.000000000000000e+00    -8.748671615780296e-02    -1.094591661859381e-01    +8.900253091219584e-02
+4.790000000000002e-09    +0.000000000000000e+00    +4.764701108949802e+05    +0.000000000000000e+00    -8.732434039543327e-02    -1.093437511348730e-01    +8.909998956474431e-02
+4.800000000000002e-09    +0.000000000000000e+00    +4.774648292893331e+05    +0.000000000000000e+00    -8.716216606917229e-02    -1.092285830592800e-01    +8.919705627409373e-02
+4.810000000000001e-09    +0.000000000000000e+00    +4.784595476836859e+05    +0.000000000000000e+00    -8.700019503091891e-02    -1.091136582494113e-01    +8.929373382705878e-02
+4.820000000000001e-09    +0.000000000000000e+00    +4.794542660780388e+05    +0.000000000000000e+00    -8.683842487557805e-02    -1.089989795483000e-01    +8.939002144464839e-02
+4.830000000000001e-09    +0.000000000000000e+00    +4.804489844723913e+05    +0.000000000000000e+00    -8.667685461719037e-02    -1.088845422669853e-01    +8.948592336296350e-02
+4.840000000000001e-09    +0.000000000000000e+00    +4.814437028667441e+05    +0.000000000000000e+00    -8.651548570901658e-02    -1.087703450287288e-01    +8.958144014428848e-02
+4.850000000000000e-09    +0.000000000000000e+00    +4.824384212610970e+05    +0.000000000000000e+00    -8.635430903666752e-02    -1.086563880152091e-01    +8.967657923691751e-02
+4.860000000000000e-09    +0.000000000000000e+00    +4.834331396554495e+05    +0.000000000000000e+00    -8.619333556770045e-02    -1.085426705353205e-01    +8.977133876499185e-02
+4.870000000000000e-09    +0.000000000000000e+00    +4.844278580498024e+05    +0.000000000000000e+00    -8.603255978990432e-02    -1.084291890997070e-01    +8.986572042116352e-02
+4.880000000000000e-09    +0.000000000000000e+00    +4.854225764441552e+05    +0.000000000000000e+00    -8.587198191250282e-02    -1.083159455844205e-01    +8.995972809249794e-02
+4.889999999999999e-09    +0.000000000000000e+00    +4.864172948385078e+05    +0.000000000000000e+00    -8.571160318382520e-02    -1.082029346460608e-01    +9.005336168183684e-02
+4.899999999999999e-09    +0.000000000000000e+00    +4.874120132328606e+05    +0.000000000000000e+00    -8.555141772955197e-02    -1.080901585808918e-01    +9.014662314472059e-02
+4.909999999999999e-09    +0.000000000000000e+00    +4.884067316272135e+05    +0.000000000000000e+00    -8.539143018553341e-02    -1.079776199692004e-01    +9.023951750953721e-02
+4.919999999999999e-09    +0.000000000000000e+00    +4.894014500215661e+05    +0.000000000000000e+00    -8.523163902011684e-02    -1.078653128244264e-01    +9.033204521551329e-02
+4.929999999999998e-09    +0.000000000000000e+00    +4.903961684159189e+05    +0.000000000000000e+00    -8.507204175248149e-02    -1.077532374303468e-01    +9.042420698204393e-02
+4.939999999999998e-09    +0.000000000000000e+00    +4.913908868102718e+05    +0.000000000000000e+00    -8.491263904460637e-02    -1.076413915930378e-01    +9.051600621718651e-02
+4.949999999999998e-09    +0.000000000000000e+00    +4.923856052046244e+05    +0.000000000000000e+00    -8.475343050475877e-02    -1.075297734041368e-01    +9.060744709661317e-02
+4.959999999999998e-09    +0.000000000000000e+00    +4.933803235989772e+05    +0.000000000000000e+00    -8.459441577229451e-02    -1.074183854995848e-01    +9.069852858506153e-02
+4.969999999999998e-09    +0.000000000000000e+00    +4.943750419933301e+05    +0.000000000000000e+00    -8.443559512330995e-02    -1.073072215140314e-01    +9.078925404592578e-02
+4.979999999999997e-09    +0.000000000000000e+00    +4.953697603876826e+05    +0.000000000000000e+00    -8.427696784592068e-02    -1.071962825709130e-01    +9.087962354771247e-02
+4.989999999999997e-09    +0.000000000000000e+00    +4.963644787820355e+05    +0.000000000000000e+00    -8.411853224802349e-02    -1.070855688976491e-01    +9.096964052178179e-02
+4.999999999999997e-09    +0.000000000000000e+00    +4.973591971763883e+05    +0.000000000000000e+00    -8.396028708637124e-02    -1.069750767638340e-01    +9.105930674938015e-02
+5.009999999999997e-09    +0.000000000000000e+00    +4.983539155707408e+05    +0.000000000000000e+00    -8.380223274132451e-02    -1.068648093973400e-01    +9.114862213681882e-02
+5.019999999999996e-09    +0.000000000000000e+00    +4.993486339650938e+05    +0.000000000000000e+00    -8.364437030187231e-02    -1.067547635090457e-01    +9.123759689900032e-02
+5.029999999999996e-09    +0.000000000000000e+00    +5.003433523594466e+05    +0.000000000000000e+00    -8.348669772784664e-02    -1.066449328821845e-01    +9.132622413797231e-02
+5.039999999999996e-09    +0.000000000000000e+00    +5.013380707537991e+05    +0.000000000000000e+00    -8.332921550978484e-02    -1.065353242374633e-01    +9.141450788753379e-02
+5.049999999999996e-09    +0.000000000000000e+00    +5.023327891481520e+05    +0.000000000000000e+00    -8.317192312242838e-02    -1.064259379431022e-01    +9.150245153783632e-02
+5.059999999999995e-09    +0.000000000000000e+00    +5.033275075425048e+05    +0.000000000000000e+00    -8.301481682733668e-02    -1.063167665581669e-01    +9.159005344231547e-02
+5.069999999999995e-09    +0.000000000000000e+00    +5.043222259368573e+05    +0.000000000000000e+00    -8.285789985302230e-02    -1.062078121748917e-01    +9.167731859957849e-02
+5.079999999999995e-09    +0.000000000000000e+00    +5.053169443312102e+05    +0.000000000000000e+00    -8.270116934728593e-02    -1.060990691380249e-01    +9.176425026756700e-02
+5.089999999999995e-09    +0.000000000000000e+00    +5.063116627255630e+05    +0.000000000000000e+00    -8.254462592568346e-02    -1.059905452505535e-01    +9.185084785450631e-02
+5.099999999999994e-09    +0.000000000000000e+00    +5.073063811199159e+05    +0.000000000000000e+00    -8.238827078448642e-02    -1.058822314166257e-01    +9.193711506501270e-02
+5.109999999999994e-09    +0.000000000000000e+00    +5.083010995142685e+05    +0.000000000000000e+00    -8.223210197665599e-02    -1.057741270010140e-01    +9.202305330897667e-02
+5.119999999999994e-09    +0.000000000000000e+00    +5.092958179086213e+05    +0.000000000000000e+00    -8.207611828492709e-02    -1.056662364783861e-01    +9.210865798478163e-02
+5.129999999999994e-09    +0.000000000000000e+00    +5.102905363029738e+05    +0.000000000000000e+00    -8.192031977623494e-02    -1.055585575016993e-01    +9.219393885089373e-02
+5.139999999999993e-09    +0.000000000000000e+00    +5.112852546973267e+05    +0.000000000000000e+00    -8.176470401440804e-02    -1.054510888576090e-01    +9.227889581615950e-02
+5.149999999999993e-09    +0.000000000000000e+00    +5.122799730916795e+05    +0.000000000000000e+00    -8.160927284462939e-02    -1.053438290186759e-01    +9.236353046599280e-02
+5.159999999999993e-09    +0.000000000000000e+00    +5.132746914860324e+05    +0.000000000000000e+00    -8.145402569952938e-02    -1.052367724416557e-01    +9.244784509383537e-02
+5.169999999999993e-09    +0.000000000000000e+00    +5.142694098803849e+05    +0.000000000000000e+00    -8.129896170791670e-02    -1.051299225919903e-01    +9.253184028451782e-02
+5.179999999999992e-09    +0.000000000000000e+00    +5.152641282747377e+05    +0.000000000000000e+00    -8.114408037452635e-02    -1.050232799642611e-01    +9.261551829067652e-02
+5.189999999999992e-09    +0.000000000000000e+00    +5.162588466690906e+05    +0.000000000000000e+00    -8.098938112648446e-02    -1.049168415803310e-01    +9.269887908632501e-02
+5.199999999999992e-09    +0.000000000000000e+00    +5.172535650634432e+05    +0.000000000000000e+00    -8.083486314456731e-02    -1.048106078767643e-01    +9.278192593364361e-02
+5.209999999999992e-09    +0.000000000000000e+00    +5.182482834577960e+05    +0.000000000000000e+00    -8.068052538468920e-02    -1.047045789451633e-01    +9.286466092242458e-02
+5.219999999999991e-09    +0.000000000000000e+00    +5.192430018521489e+05    +0.000000000000000e+00    -8.052636663685038e-02    -1.045987458320399e-01    +9.294708505250654e-02
+5.229999999999991e-09    +0.000000000000000e+00    +5.202377202465014e+05    +0.000000000000000e+00    -8.037238987987692e-02    -1.044931154060955e-01    +9.302920404242475e-02
+5.239999999999991e-09    +0.000000000000000e+00    +5.212324386408543e+05    +0.000000000000000e+00    -8.021859176659210e-02    -1.043876868371120e-01    +9.311101368216741e-02
+5.249999999999991e-09    +0.000000000000000e+00    +5.222271570352071e+05    +0.000000000000000e+00    -8.006497232361204e-02    -1.042824545843810e-01    +9.319251858290113e-02
+5.259999999999991e-09    +0.000000000000000e+00    +5.232218754295596e+05    +0.000000000000000e+00    -7.991153226453621e-02    -1.041774236220761e-01    +9.327371820811979e-02
+5.269999999999990e-09    +0.000000000000000e+00    +5.242165938239124e+05    +0.000000000000000e+00    -7.975826864971783e-02    -1.040725916714009e-01    +9.335461659144312e-02
+5.279999999999990e-09    +0.000000000000000e+00    +5.252113122182654e+05    +0.000000000000000e+00    -7.960518352917344e-02    -1.039679525868808e-01    +9.343521299384686e-02
+5.289999999999990e-09    +0.000000000000000e+00    +5.262060306126180e+05    +0.000000000000000e+00    -7.945227260367897e-02    -1.038635048897063e-01    +9.351551335932058e-02
+5.299999999999990e-09    +0.000000000000000e+00    +5.272007490069708e+05    +0.000000000000000e+00    -7.929953971265845e-02    -1.037592556164384e-01    +9.359551675321968e-02
+5.309999999999989e-09    +0.000000000000000e+00    +5.281954674013236e+05    +0.000000000000000e+00    -7.914698180570920e-02    -1.036551987736154e-01    +9.367522454950643e-02
+5.319999999999989e-09    +0.000000000000000e+00    +5.291901857956762e+05    +0.000000000000000e+00    -7.899460091984535e-02    -1.035513310703267e-01    +9.375463964390110e-02
+5.329999999999989e-09    +0.000000000000000e+00    +5.301849041900290e+05    +0.000000000000000e+00    -7.884239309803223e-02    -1.034476589201065e-01    +9.383375746369800e-02
+5.339999999999989e-09    +0.000000000000000e+00    +5.311796225843818e+05    +0.000000000000000e+00    -7.869036082380972e-02    -1.033441755838265e-01    +9.391258707915649e-02
+5.349999999999988e-09    +0.000000000000000e+00    +5.321743409787344e+05    +0.000000000000000e+00    -7.853849998213430e-02    -1.032408876529625e-01    +9.399112916935712e-02
+5.359999999999988e-09    +0.000000000000000e+00    +5.331690593730874e+05    +0.000000000000000e+00    -7.838681533771871e-02    -1.031377810830458e-01    +9.406938145455009e-02
+5.369999999999988e-09    +0.000000000000000e+00    +5.341637777674401e+05    +0.000000000000000e+00    -7.823529816282673e-02    -1.030348608233320e-01    +9.414734861311572e-02
+5.379999999999988e-09    +0.000000000000000e+00    +5.351584961617927e+05    +0.000000000000000e+00    -7.808395465590548e-02    -1.029321308854574e-01    +9.422503353614557e-02
+5.389999999999987e-09    +0.000000000000000e+00    +5.361532145561456e+05    +0.000000000000000e+00    -7.793278248297315e-02    -1.028295919099387e-01    +9.430243437717914e-02
+5.399999999999987e-09    +0.000000000000000e+00    +5.371479329504983e+05    +0.000000000000000e+00    -7.778178685653692e-02    -1.027272335490802e-01    +9.437955408292475e-02
+5.409999999999987e-09    +0.000000000000000e+00    +5.381426513448509e+05    +0.000000000000000e+00    -7.763095414672766e-02    -1.026250610890732e-01    +9.445639356833921e-02
+5.419999999999987e-09    +0.000000000000000e+00    +5.391373697392038e+05    +0.000000000000000e+00    -7.748029374079206e-02    -1.025230750240138e-01    +9.453295432667977e-02
+5.429999999999986e-09    +0.000000000000000e+00    +5.401320881335565e+05    +0.000000000000000e+00    -7.732980204798115e-02    -1.024212734766831e-01    +9.460923919459147e-02
+5.439999999999986e-09    +0.000000000000000e+00    +5.411268065279091e+05    +0.000000000000000e+00    -7.717948117513207e-02    -1.023196520469657e-01    +9.468525018983084e-02
+5.449999999999986e-09    +0.000000000000000e+00    +5.421215249222621e+05    +0.000000000000000e+00    -7.702932841416694e-02    -1.022182119898506e-01    +9.476098620400206e-02
+5.459999999999986e-09    +0.000000000000000e+00    +5.431162433166149e+05    +0.000000000000000e+00    -7.687934330763482e-02    -1.021169525889793e-01    +9.483645014611877e-02
+5.469999999999985e-09    +0.000000000000000e+00    +5.441109617109674e+05    +0.000000000000000e+00    -7.672952489833852e-02    -1.020158750536857e-01    +9.491164246567664e-02
+5.479999999999985e-09    +0.000000000000000e+00    +5.451056801053204e+05    +0.000000000000000e+00    -7.657987288247650e-02    -1.019149734364186e-01    +9.498656557724194e-02
+5.489999999999985e-09    +0.000000000000000e+00    +5.461003984996731e+05    +0.000000000000000e+00    -7.643038625929019e-02    -1.018142508585000e-01    +9.506122180304580e-02
+5.499999999999985e-09    +0.000000000000000e+00    +5.470951168940256e+05    +0.000000000000000e+00    -7.628106623396433e-02    -1.017137073071247e-01    +9.513561234168830e-02
+5.509999999999984e-09    +0.000000000000000e+00    +5.480898352883786e+05    +0.000000000000000e+00    -7.613191061119333e-02    -1.016133391145609e-01    +9.520973791926099e-02
+5.519999999999984e-09    +0.000000000000000e+00    +5.490845536827313e+05    +0.000000000000000e+00    -7.598292162820633e-02    -1.015131491164361e-01    +9.528359864620720e-02
+5.529999999999984e-09    +0.000000000000000e+00    +5.500792720770843e+05    +0.000000000000000e+00    -7.583409669041960e-02    -1.014131308440351e-01    +9.535719543312129e-02
+5.539999999999984e-09    +0.000000000000000e+00    +5.510739904714368e+05    +0.000000000000000e+00    -7.568543212642891e-02    -1.013132844173265e-01    +9.543053712427750e-02
+5.549999999999984e-09    +0.000000000000000e+00    +5.520687088657896e+05    +0.000000000000000e+00    -7.553692895725984e-02    -1.012136155352235e-01    +9.550361622437345e-02
+5.559999999999983e-09    +0.000000000000000e+00    +5.530634272601425e+05    +0.000000000000000e+00    -7.538859415413543e-02    -1.011141166121066e-01    +9.557644027786508e-02
+5.569999999999983e-09    +0.000000000000000e+00    +5.540581456544951e+05    +0.000000000000000e+00    -7.524042029593345e-02    -1.010147860491400e-01    +9.564900745496892e-02
+5.579999999999983e-09    +0.000000000000000e+00    +5.550528640488479e+05    +0.000000000000000e+00    -7.509240539834418e-02    -1.009156320099074e-01    +9.572131571126295e-02
+5.589999999999983e-09    +0.000000000000000e+00    +5.560475824432008e+05    +0.000000000000000e+00    -7.494455325359406e-02    -1.008166500491531e-01    +9.579337259561183e-02
+5.599999999999982e-09    +0.000000000000000e+00    +5.570423008375533e+05    +0.000000000000000e+00    -7.479685926640528e-02    -1.007178374245991e-01    +9.586517747210188e-02
+5.609999999999982e-09    +0.000000000000000e+00    +5.580370192319062e+05    +0.000000000000000e+00    -7.464932570272784e-02    -1.006191931367530e-01    +9.593673059562935e-02
+5.619999999999982e-09    +0.000000000000000e+00    +5.590317376262590e+05    +0.000000000000000e+00    -7.450195341339309e-02    -1.005207146879667e-01    +9.600803746886984e-02
+5.629999999999982e-09    +0.000000000000000e+00    +5.600264560206116e+05    +0.000000000000000e+00    -7.435473746066024e-02    -1.004224024872566e-01    +9.607909284391808e-02
+5.639999999999981e-09    +0.000000000000000e+00    +5.610211744149644e+05    +0.000000000000000e+00    -7.420767984878192e-02    -1.003242606408052e-01    +9.614990281486593e-02
+5.649999999999981e-09    +0.000000000000000e+00    +5.620158928093172e+05    +0.000000000000000e+00    -7.406077954253107e-02    -1.002262819905417e-01    +9.622046572063378e-02
+5.659999999999981e-09    +0.000000000000000e+00    +5.630106112036698e+05    +0.000000000000000e+00    -7.391403636109856e-02    -1.001284697197082e-01    +9.629078771982676e-02
+5.669999999999981e-09    +0.000000000000000e+00    +5.640053295980226e+05    +0.000000000000000e+00    -7.376745235601791e-02    -1.000308197205913e-01    +9.636086566811006e-02
+5.679999999999980e-09    +0.000000000000000e+00    +5.650000479923754e+05    +0.000000000000000e+00    -7.362102340933084e-02    -9.993333585597300e-02    +9.643070234641195e-02
+5.689999999999980e-09    +0.000000000000000e+00    +5.659947663867280e+05    +0.000000000000000e+00    -7.347474977835870e-02    -9.983601404848017e-02    +9.650029739530847e-02
+5.699999999999980e-09    +0.000000000000000e+00    +5.669894847810810e+05    +0.000000000000000e+00    -7.332863161167229e-02    -9.973885316586625e-02    +9.656965271324972e-02
+5.709999999999980e-09    +0.000000000000000e+00    +5.679842031754337e+05    +0.000000000000000e+00    -7.318266479155851e-02    -9.964185187360346e-02    +9.663877252393466e-02
+5.719999999999979e-09    +0.000000000000000e+00    +5.689789215697863e+05    +0.000000000000000e+00    -7.303685357029537e-02    -9.954501211158000e-02    +9.670765686495202e-02
+5.729999999999979e-09    +0.000000000000000e+00    +5.699736399641391e+05    +0.000000000000000e+00    -7.289119480464283e-02    -9.944833573845704e-02    +9.677630502231349e-02
+5.739999999999979e-09    +0.000000000000000e+00    +5.709683583584919e+05    +0.000000000000000e+00    -7.274569134794107e-02    -9.935181694825111e-02    +9.684472045358419e-02
+5.749999999999979e-09    +0.000000000000000e+00    +5.719630767528450e+05    +0.000000000000000e+00    -7.260033964024876e-02    -9.925545301932732e-02    +9.691290299581277e-02
+5.759999999999978e-09    +0.000000000000000e+00    +5.729577951471974e+05    +0.000000000000000e+00    -7.245513941029466e-02    -9.915925173063078e-02    +9.698085333774692e-02
+5.769999999999978e-09    +0.000000000000000e+00    +5.739525135415503e+05    +0.000000000000000e+00    -7.231009094152448e-02    -9.906320428851192e-02    +9.704857383624772e-02
+5.779999999999978e-09    +0.000000000000000e+00    +5.749472319359027e+05    +0.000000000000000e+00    -7.216519128555840e-02    -9.896731483195317e-02    +9.711606578677981e-02
+5.789999999999978e-09    +0.000000000000000e+00    +5.759419503302557e+05    +0.000000000000000e+00    -7.202044200619959e-02    -9.887158105688311e-02    +9.718333075538085e-02
+5.799999999999977e-09    +0.000000000000000e+00    +5.769366687246084e+05    +0.000000000000000e+00    -7.187584215243596e-02    -9.877600511738852e-02    +9.725036973835234e-02
+5.809999999999977e-09    +0.000000000000000e+00    +5.779313871189614e+05    +0.000000000000000e+00    -7.173139250688837e-02    -9.868057972552077e-02    +9.731718490438312e-02
+5.819999999999977e-09    +0.000000000000000e+00    +5.789261055133140e+05    +0.000000000000000e+00    -7.158709254061583e-02    -9.858530753759473e-02    +9.738377445609418e-02
+5.829999999999977e-09    +0.000000000000000e+00    +5.799208239076667e+05    +0.000000000000000e+00    -7.144293963642902e-02    -9.849018951906614e-02    +9.745014175063008e-02
+5.839999999999977e-09    +0.000000000000000e+00    +5.809155423020197e+05    +0.000000000000000e+00    -7.129893445973527e-02    -9.839522210979815e-02    +9.751628728987023e-02
+5.849999999999976e-09    +0.000000000000000e+00    +5.819102606963721e+05    +0.000000000000000e+00    -7.115507577357372e-02    -9.830040717499702e-02    +9.758221203632489e-02
+5.859999999999976e-09    +0.000000000000000e+00    +5.829049790907250e+05    +0.000000000000000e+00    -7.101136178418413e-02    -9.820574321142332e-02    +9.764792029827370e-02
+5.869999999999976e-09    +0.000000000000000e+00    +5.838996974850779e+05    +0.000000000000000e+00    -7.086779518036547e-02    -9.811123052832874e-02    +9.771341034176936e-02
+5.879999999999976e-09    +0.000000000000000e+00    +5.848944158794305e+05    +0.000000000000000e+00    -7.072437289550756e-02    -9.801686693335840e-02    +9.777868373057182e-02
+5.889999999999975e-09    +0.000000000000000e+00    +5.858891342737833e+05    +0.000000000000000e+00    -7.058109776327212e-02    -9.792265257572300e-02    +9.784374112516350e-02
+5.899999999999975e-09    +0.000000000000000e+00    +5.868838526681361e+05    +0.000000000000000e+00    -7.043796593710412e-02    -9.782858596403282e-02    +9.790858417435552e-02
+5.909999999999975e-09    +0.000000000000000e+00    +5.878785710624887e+05    +0.000000000000000e+00    -7.029497642144143e-02    -9.773466821590349e-02    +9.797321350678209e-02
+5.919999999999975e-09    +0.000000000000000e+00    +5.888732894568414e+05    +0.000000000000000e+00    -7.015212995212250e-02    -9.764089393970043e-02    +9.803763212869193e-02
+5.929999999999974e-09    +0.000000000000000e+00    +5.898680078511944e+05    +0.000000000000000e+00    -7.000942875497647e-02    -9.754727033100616e-02    +9.810184006693659e-02
+5.939999999999974e-09    +0.000000000000000e+00    +5.908627262455469e+05    +0.000000000000000e+00    -6.986686827618865e-02    -9.745378896115257e-02    +9.816583944264198e-02
+5.949999999999974e-09    +0.000000000000000e+00    +5.918574446398998e+05    +0.000000000000000e+00    -6.972445003531300e-02    -9.736045260836086e-02    +9.822962729953180e-02
+5.959999999999974e-09    +0.000000000000000e+00    +5.928521630342526e+05    +0.000000000000000e+00    -6.958217233211891e-02    -9.726725953327595e-02    +9.829320899200510e-02
+5.969999999999973e-09    +0.000000000000000e+00    +5.938468814286052e+05    +0.000000000000000e+00    -6.944003358804965e-02    -9.717421477711885e-02    +9.835658531762551e-02
+5.979999999999973e-09    +0.000000000000000e+00    +5.948415998229580e+05    +0.000000000000000e+00    -6.929803322141928e-02    -9.708130854156927e-02    +9.841975903490754e-02
+5.989999999999973e-09    +0.000000000000000e+00    +5.958363182173108e+05    +0.000000000000000e+00    -6.915617819865756e-02    -9.698854595601496e-02    +9.848272263741227e-02
+5.999999999999973e-09    +0.000000000000000e+00    +5.968310366116634e+05    +0.000000000000000e+00    -6.901445747522927e-02    -9.689592290821962e-02    +9.854548359224911e-02
+6.009999999999972e-09    +0.000000000000000e+00    +5.978257550060162e+05    +0.000000000000000e+00    -6.887287767759746e-02    -9.680343823542045e-02    +9.860804961939575e-02
+6.019999999999972e-09    +0.000000000000000e+00    +5.988204734003691e+05    +0.000000000000000e+00    -6.873143368650439e-02    -9.671109922470136e-02    +9.867041185208295e-02
+6.029999999999972e-09    +0.000000000000000e+00    +5.998151917947216e+05    +0.000000000000000e+00    -6.859012850374337e-02    -9.661889769465803e-02    +9.873257448686870e-02
+6.039999999999972e-09    +0.000000000000000e+00    +6.008099101890745e+05    +0.000000000000000e+00    -6.844895988074062e-02    -9.652682000782431e-02    +9.879453771355688e-02
+6.049999999999971e-09    +0.000000000000000e+00    +6.018046285834273e+05    +0.000000000000000e+00    -6.830792679465195e-02    -9.643489265490125e-02    +9.885630358792130e-02
+6.059999999999971e-09    +0.000000000000000e+00    +6.027993469777799e+05    +0.000000000000000e+00    -6.816702843557712e-02    -9.634310752947729e-02    +9.891787396398105e-02
+6.069999999999971e-09    +0.000000000000000e+00    +6.037940653721327e+05    +0.000000000000000e+00    -6.802626538527254e-02    -9.625145725025111e-02    +9.897924847092419e-02
+6.079999999999971e-09    +0.000000000000000e+00    +6.047887837664855e+05    +0.000000000000000e+00    -6.788563744820122e-02    -9.615994335751538e-02    +9.904043004185718e-02
+6.089999999999970e-09    +0.000000000000000e+00    +6.057835021608381e+05    +0.000000000000000e+00    -6.774514404530335e-02    -9.606856928414029e-02    +9.910141791649210e-02
+6.099999999999970e-09    +0.000000000000000e+00    +6.067782205551912e+05    +0.000000000000000e+00    -6.760478377283843e-02    -9.597733036458933e-02    +9.916221454175782e-02
+6.109999999999970e-09    +0.000000000000000e+00    +6.077729389495437e+05    +0.000000000000000e+00    -6.746455614977384e-02    -9.588623340926897e-02    +9.922281611165087e-02
+6.119999999999970e-09    +0.000000000000000e+00    +6.087676573438963e+05    +0.000000000000000e+00    -6.732446128056822e-02    -9.579526274335656e-02    +9.928323206929664e-02
+6.129999999999970e-09    +0.000000000000000e+00    +6.097623757382494e+05    +0.000000000000000e+00    -6.718449562915516e-02    -9.570442390638687e-02    +9.934345930165195e-02
+6.139999999999969e-09    +0.000000000000000e+00    +6.107570941326020e+05    +0.000000000000000e+00    -6.704466968275245e-02    -9.561372208022698e-02    +9.940349314563908e-02
+6.149999999999969e-09    +0.000000000000000e+00    +6.117518125269546e+05    +0.000000000000000e+00    -6.690496541879180e-02    -9.552315186037127e-02    +9.946334525347307e-02
+6.159999999999969e-09    +0.000000000000000e+00    +6.127465309213076e+05    +0.000000000000000e+00    -6.676539445064544e-02    -9.543271333922124e-02    +9.952301157052476e-02
+6.169999999999969e-09    +0.000000000000000e+00    +6.137412493156603e+05    +0.000000000000000e+00    -6.662595157940286e-02    -9.534240306363322e-02    +9.958249214751480e-02
+6.179999999999968e-09    +0.000000000000000e+00    +6.147359677100128e+05    +0.000000000000000e+00    -6.648664195885345e-02    -9.525222059935265e-02    +9.964178829874500e-02
+6.189999999999968e-09    +0.000000000000000e+00    +6.157306861043659e+05    +0.000000000000000e+00    -6.634745803966999e-02    -9.516217352628739e-02    +9.970090172308939e-02
+6.199999999999968e-09    +0.000000000000000e+00    +6.167254044987186e+05    +0.000000000000000e+00    -6.620840210797226e-02    -9.507225639048071e-02    +9.975983376638345e-02
+6.209999999999968e-09    +0.000000000000000e+00    +6.177201228930710e+05    +0.000000000000000e+00    -6.606947436069124e-02    -9.498246562668140e-02    +9.981858583708476e-02
+6.219999999999967e-09    +0.000000000000000e+00    +6.187148412874241e+05    +0.000000000000000e+00    -6.593067089405595e-02    -9.489280458327361e-02    +9.987715871994590e-02
+6.229999999999967e-09    +0.000000000000000e+00    +6.197095596817768e+05    +0.000000000000000e+00    -6.579199913405009e-02    -9.480326762798093e-02    +9.993555177144731e-02
+6.239999999999967e-09    +0.000000000000000e+00    +6.207042780761296e+05    +0.000000000000000e+00    -6.565345119838883e-02    -9.471385959850746e-02    +9.999376509642594e-02
+6.249999999999967e-09    +0.000000000000000e+00    +6.216989964704823e+05    +0.000000000000000e+00    -6.551502863900513e-02    -9.462457790078334e-02    +1.000518025165229e-01
+6.259999999999966e-09    +0.000000000000000e+00    +6.226937148648350e+05    +0.000000000000000e+00    -6.537672906157452e-02    -9.453542293196361e-02    +1.001096645887289e-01
+6.269999999999966e-09    +0.000000000000000e+00    +6.236884332591878e+05    +0.000000000000000e+00    -6.523855429333129e-02    -9.444639355011912e-02    +1.001673520055264e-01
+6.279999999999966e-09    +0.000000000000000e+00    +6.246831516535406e+05    +0.000000000000000e+00    -6.510050368490142e-02    -9.435748865526823e-02    +1.002248659527912e-01
+6.289999999999966e-09    +0.000000000000000e+00    +6.256778700478934e+05    +0.000000000000000e+00    -6.496257619508392e-02    -9.426870360957348e-02    +1.002822072833267e-01
+6.299999999999965e-09    +0.000000000000000e+00    +6.266725884422461e+05    +0.000000000000000e+00    -6.482477237656796e-02    -9.418004859825921e-02    +1.003393751721280e-01
+6.309999999999965e-09    +0.000000000000000e+00    +6.276673068365988e+05    +0.000000000000000e+00    -6.468709043270054e-02    -9.409151611870736e-02    +1.003963726102283e-01
+6.319999999999965e-09    +0.000000000000000e+00    +6.286620252309516e+05    +0.000000000000000e+00    -6.454953030671849e-02    -9.400310530870234e-02    +1.004531988642756e-01
+6.329999999999965e-09    +0.000000000000000e+00    +6.296567436253043e+05    +0.000000000000000e+00    -6.441208868752205e-02    -9.391481673604077e-02    +1.005098569739751e-01
+6.339999999999964e-09    +0.000000000000000e+00    +6.306514620196571e+05    +0.000000000000000e+00    -6.427476830931778e-02    -9.382665139715871e-02    +1.005663467862080e-01
+6.349999999999964e-09    +0.000000000000000e+00    +6.316461804140098e+05    +0.000000000000000e+00    -6.413756772499837e-02    -9.373860344531180e-02    +1.006226703308851e-01
+6.359999999999964e-09    +0.000000000000000e+00    +6.326408988083627e+05    +0.000000000000000e+00    -6.400048820507087e-02    -9.365067639659493e-02    +1.006788274317828e-01
+6.369999999999964e-09    +0.000000000000000e+00    +6.336356172027154e+05    +0.000000000000000e+00    -6.386352769354377e-02    -9.356287132460803e-02    +1.007348173697789e-01
+6.379999999999963e-09    +0.000000000000000e+00    +6.346303355970681e+05    +0.000000000000000e+00    -6.372668615859674e-02    -9.347518399049137e-02    +1.007906444509012e-01
+6.389999999999963e-09    +0.000000000000000e+00    +6.356250539914209e+05    +0.000000000000000e+00    -6.358995870667093e-02    -9.338761614177264e-02    +1.008463061269698e-01
+6.399999999999963e-09    +0.000000000000000e+00    +6.366197723857736e+05    +0.000000000000000e+00    -6.345334913434263e-02    -9.330016693192623e-02    +1.009018075048284e-01
+6.409999999999963e-09    +0.000000000000000e+00    +6.376144907801264e+05    +0.000000000000000e+00    -6.331685959208472e-02    -9.321283508657111e-02    +1.009571449760619e-01
+6.419999999999963e-09    +0.000000000000000e+00    +6.386092091744791e+05    +0.000000000000000e+00    -6.318048377478794e-02    -9.312561856248681e-02    +1.010123213924313e-01
+6.429999999999962e-09    +0.000000000000000e+00    +6.396039275688318e+05    +0.000000000000000e+00    -6.304422650092510e-02    -9.303852077612425e-02    +1.010673368520857e-01
+6.439999999999962e-09    +0.000000000000000e+00    +6.405986459631847e+05    +0.000000000000000e+00    -6.290807821966996e-02    -9.295153661688234e-02    +1.011221967658426e-01
+6.449999999999962e-09    +0.000000000000000e+00    +6.415933643575374e+05    +0.000000000000000e+00    -6.277204729631629e-02    -9.286466980901087e-02    +1.011768968326618e-01
+6.459999999999962e-09    +0.000000000000000e+00    +6.425880827518904e+05    +0.000000000000000e+00    -6.263612792848183e-02    -9.277791793706777e-02    +1.012314394650763e-01
+6.469999999999961e-09    +0.000000000000000e+00    +6.435828011462429e+05    +0.000000000000000e+00    -6.250032758274397e-02    -9.269128145482135e-02    +1.012858262433652e-01
+6.479999999999961e-09    +0.000000000000000e+00    +6.445775195405956e+05    +0.000000000000000e+00    -6.236463724392647e-02    -9.260475929241382e-02    +1.013400569392357e-01
+6.489999999999961e-09    +0.000000000000000e+00    +6.455722379349486e+05    +0.000000000000000e+00    -6.222905855663924e-02    -9.251835264608536e-02    +1.013941323347079e-01
+6.499999999999961e-09    +0.000000000000000e+00    +6.465669563293011e+05    +0.000000000000000e+00    -6.209359177430982e-02    -9.243205348345714e-02    +1.014480551324604e-01
+6.509999999999960e-09    +0.000000000000000e+00    +6.475616747236538e+05    +0.000000000000000e+00    -6.195823731370731e-02    -9.234587120935243e-02    +1.015018240333335e-01
+6.519999999999960e-09    +0.000000000000000e+00    +6.485563931180069e+05    +0.000000000000000e+00    -6.182299270520564e-02    -9.225979909004803e-02    +1.015554410021152e-01
+6.529999999999960e-09    +0.000000000000000e+00    +6.495511115123595e+05    +0.000000000000000e+00    -6.168785833592973e-02    -9.217383901503837e-02    +1.016089068133411e-01
+6.539999999999960e-09    +0.000000000000000e+00    +6.505458299067121e+05    +0.000000000000000e+00    -6.155283673032159e-02    -9.208799004909710e-02    +1.016622226628644e-01
+6.549999999999959e-09    +0.000000000000000e+00    +6.515405483010651e+05    +0.000000000000000e+00    -6.141791746060793e-02    -9.200225173149580e-02    +1.017153870591960e-01
+6.559999999999959e-09    +0.000000000000000e+00    +6.525352666954177e+05    +0.000000000000000e+00    -6.128310873397314e-02    -9.191662115157394e-02    +1.017684028693094e-01
+6.569999999999959e-09    +0.000000000000000e+00    +6.535299850897703e+05    +0.000000000000000e+00    -6.114840976388512e-02    -9.183109782861390e-02    +1.018212745824177e-01
+6.579999999999959e-09    +0.000000000000000e+00    +6.545247034841233e+05    +0.000000000000000e+00    -6.101381894401305e-02    -9.174569516718967e-02    +1.018739955002224e-01
+6.589999999999958e-09    +0.000000000000000e+00    +6.555194218784759e+05    +0.000000000000000e+00    -6.087933165584687e-02    -9.166040424630349e-02    +1.019265723483178e-01
+6.599999999999958e-09    +0.000000000000000e+00    +6.565141402728285e+05    +0.000000000000000e+00    -6.074495227840101e-02    -9.157522754581313e-02    +1.019790033817803e-01
+6.609999999999958e-09    +0.000000000000000e+00    +6.575088586671816e+05    +0.000000000000000e+00    -6.061067974815528e-02    -9.149015792346063e-02    +1.020312901826073e-01
+6.619999999999958e-09    +0.000000000000000e+00    +6.585035770615342e+05    +0.000000000000000e+00    -6.047651189303673e-02    -9.140519694647001e-02    +1.020834328229361e-01
+6.629999999999957e-09    +0.000000000000000e+00    +6.594982954558872e+05    +0.000000000000000e+00    -6.034244952727633e-02    -9.132034389383854e-02    +1.021354308961238e-01
+6.639999999999957e-09    +0.000000000000000e+00    +6.604930138502398e+05    +0.000000000000000e+00    -6.020848948351278e-02    -9.123559827104535e-02    +1.021872879767864e-01
+6.649999999999957e-09    +0.000000000000000e+00    +6.614877322445924e+05    +0.000000000000000e+00    -6.007463342570409e-02    -9.115095806554459e-02    +1.022390040342002e-01
+6.659999999999957e-09    +0.000000000000000e+00    +6.624824506389454e+05    +0.000000000000000e+00    -5.994088052709560e-02    -9.106642473992077e-02    +1.022905794751853e-01
+6.669999999999956e-09    +0.000000000000000e+00    +6.634771690332980e+05    +0.000000000000000e+00    -5.980722970092176e-02    -9.098199523735513e-02    +1.023420153899896e-01
+6.679999999999956e-09    +0.000000000000000e+00    +6.644718874276506e+05    +0.000000000000000e+00    -5.967368130101005e-02    -9.089766704117141e-02    +1.023933125017878e-01
+6.689999999999956e-09    +0.000000000000000e+00    +6.654666058220037e+05    +0.000000000000000e+00    -5.954023388222498e-02    -9.081344963047791e-02    +1.024444707810140e-01
+6.699999999999956e-09    +0.000000000000000e+00    +6.664613242163563e+05    +0.000000000000000e+00    -5.940688735785637e-02    -9.072932989012315e-02    +1.024954921925144e-01
+6.709999999999956e-09    +0.000000000000000e+00    +6.674560426107089e+05    +0.000000000000000e+00    -5.927364044752838e-02    -9.064531174946772e-02    +1.025463772552734e-01
+6.719999999999955e-09    +0.000000000000000e+00    +6.684507610050619e+05    +0.000000000000000e+00    -5.914049320402637e-02    -9.056139371700259e-02    +1.025971266927141e-01
+6.729999999999955e-09    +0.000000000000000e+00    +6.694454793994145e+05    +0.000000000000000e+00    -5.900744505130304e-02    -9.047757732783654e-02    +1.026477413467657e-01
+6.739999999999955e-09    +0.000000000000000e+00    +6.704401977937671e+05    +0.000000000000000e+00    -5.887449541011943e-02    -9.039386108841681e-02    +1.026982218106400e-01
+6.749999999999955e-09    +0.000000000000000e+00    +6.714349161881201e+05    +0.000000000000000e+00    -5.874164366382678e-02    -9.031024631734899e-02    +1.027485688190552e-01
+6.759999999999954e-09    +0.000000000000000e+00    +6.724296345824727e+05    +0.000000000000000e+00    -5.860888935002288e-02    -9.022673183651549e-02    +1.027987832942478e-01
+6.769999999999954e-09    +0.000000000000000e+00    +6.734243529768253e+05    +0.000000000000000e+00    -5.847623157232371e-02    -9.014331574385751e-02    +1.028488659231425e-01
+6.779999999999954e-09    +0.000000000000000e+00    +6.744190713711784e+05    +0.000000000000000e+00    -5.834367012402815e-02    -9.006000063003121e-02    +1.028988174929175e-01
+6.789999999999954e-09    +0.000000000000000e+00    +6.754137897655310e+05    +0.000000000000000e+00    -5.821120430008414e-02    -8.997678010323032e-02    +1.029486388025318e-01
+6.799999999999953e-09    +0.000000000000000e+00    +6.764085081598836e+05    +0.000000000000000e+00    -5.807883368166358e-02    -8.989366152797436e-02    +1.029983307573648e-01
+6.809999999999953e-09    +0.000000000000000e+00    +6.774032265542366e+05    +0.000000000000000e+00    -5.794655771748343e-02    -8.981063634163591e-02    +1.030478939076540e-01
+6.819999999999953e-09    +0.000000000000000e+00    +6.783979449485893e+05    +0.000000000000000e+00    -5.781437569096706e-02    -8.972771043067759e-02    +1.030973288834224e-01
+6.829999999999953e-09    +0.000000000000000e+00    +6.793926633429418e+05    +0.000000000000000e+00    -5.768228717143047e-02    -8.964488179740410e-02    +1.031466366573315e-01
+6.839999999999952e-09    +0.000000000000000e+00    +6.803873817372948e+05    +0.000000000000000e+00    -5.755029141535480e-02    -8.956214932821116e-02    +1.031958178637849e-01
+6.849999999999952e-09    +0.000000000000000e+00    +6.813821001316474e+05    +0.000000000000000e+00    -5.741838794627124e-02    -8.947950867964057e-02    +1.032448733775832e-01
+6.859999999999952e-09    +0.000000000000000e+00    +6.823768185260000e+05    +0.000000000000000e+00    -5.728657612961334e-02    -8.939696340671537e-02    +1.032938039003656e-01
+6.869999999999952e-09    +0.000000000000000e+00    +6.833715369203531e+05    +0.000000000000000e+00    -5.715485558894952e-02    -8.931451288729542e-02    +1.033426101458305e-01
+6.879999999999951e-09    +0.000000000000000e+00    +6.843662553147058e+05    +0.000000000000000e+00    -5.702322573601019e-02    -8.923215876818491e-02    +1.033912928070753e-01
+6.889999999999951e-09    +0.000000000000000e+00    +6.853609737090586e+05    +0.000000000000000e+00    -5.689168604289890e-02    -8.914989588524741e-02    +1.034398525670588e-01
+6.899999999999951e-09    +0.000000000000000e+00    +6.863556921034113e+05    +0.000000000000000e+00    -5.676023568283010e-02    -8.906772682617628e-02    +1.034882901369014e-01
+6.909999999999951e-09    +0.000000000000000e+00    +6.873504104977640e+05    +0.000000000000000e+00    -5.662887423720542e-02    -8.898565185913487e-02    +1.035366063752797e-01
+6.919999999999950e-09    +0.000000000000000e+00    +6.883451288921168e+05    +0.000000000000000e+00    -5.649760114849589e-02    -8.890366625276354e-02    +1.035848019645363e-01
+6.929999999999950e-09    +0.000000000000000e+00    +6.893398472864695e+05    +0.000000000000000e+00    -5.636641590602177e-02    -8.882177324703061e-02    +1.036328777212132e-01
+6.939999999999950e-09    +0.000000000000000e+00    +6.903345656808224e+05    +0.000000000000000e+00    -5.623531797497665e-02    -8.873997262305375e-02    +1.036808341711516e-01
+6.949999999999950e-09    +0.000000000000000e+00    +6.913292840751751e+05    +0.000000000000000e+00    -5.610430676461845e-02    -8.865826315755274e-02    +1.037286720627616e-01
+6.959999999999949e-09    +0.000000000000000e+00    +6.923240024695278e+05    +0.000000000000000e+00    -5.597338176201259e-02    -8.857664231632906e-02    +1.037763922966480e-01
+6.969999999999949e-09    +0.000000000000000e+00    +6.933187208638805e+05    +0.000000000000000e+00    -5.584254188815582e-02    -8.849511148712701e-02    +1.038239950568984e-01
+6.979999999999949e-09    +0.000000000000000e+00    +6.943134392582333e+05    +0.000000000000000e+00    -5.571178707518165e-02    -8.841366670050242e-02    +1.038714817122826e-01
+6.989999999999949e-09    +0.000000000000000e+00    +6.953081576525861e+05    +0.000000000000000e+00    -5.558111672819997e-02    -8.833231385662081e-02    +1.039188526403145e-01
+6.999999999999949e-09    +0.000000000000000e+00    +6.963028760469388e+05    +0.000000000000000e+00    -5.545053026820238e-02    -8.825104985370251e-02    +1.039661084019107e-01
+7.009999999999948e-09    +0.000000000000000e+00    +6.972975944412915e+05    +0.000000000000000e+00    -5.532002712555373e-02    -8.816987608477792e-02    +1.040132498580244e-01
+7.019999999999948e-09    +0.000000000000000e+00    +6.982923128356442e+05    +0.000000000000000e+00    -5.518960657680433e-02    -8.808878704254755e-02    +1.040602777415711e-01
+7.029999999999948e-09    +0.000000000000000e+00    +6.992870312299971e+05    +0.000000000000000e+00    -5.505926810867039e-02    -8.800778427039549e-02    +1.041071926511684e-01
+7.039999999999948e-09    +0.000000000000000e+00    +7.002817496243498e+05    +0.000000000000000e+00    -5.492901108432918e-02    -8.792686797795324e-02    +1.041539952811660e-01
+7.049999999999947e-09    +0.000000000000000e+00    +7.012764680187026e+05    +0.000000000000000e+00    -5.479883530565845e-02    -8.784604116628691e-02    +1.042006865567559e-01
+7.059999999999947e-09    +0.000000000000000e+00    +7.022711864130554e+05    +0.000000000000000e+00    -5.466873995004575e-02    -8.776529599014327e-02    +1.042472668220857e-01
+7.069999999999947e-09    +0.000000000000000e+00    +7.032659048074080e+05    +0.000000000000000e+00    -5.453872425123794e-02    -8.768463804244195e-02    +1.042937367539239e-01
+7.079999999999947e-09    +0.000000000000000e+00    +7.042606232017608e+05    +0.000000000000000e+00    -5.440878780762145e-02    -8.760406685920866e-02    +1.043400972076940e-01
+7.089999999999946e-09    +0.000000000000000e+00    +7.052553415961135e+05    +0.000000000000000e+00    -5.427892999013508e-02    -8.752357941102465e-02    +1.043863487678733e-01
+7.099999999999946e-09    +0.000000000000000e+00    +7.062500599904662e+05    +0.000000000000000e+00    -5.414915058970291e-02    -8.744317697546881e-02    +1.044324922223951e-01
+7.109999999999946e-09    +0.000000000000000e+00    +7.072447783848190e+05    +0.000000000000000e+00    -5.401944847242855e-02    -8.736285434253808e-02    +1.044785279185478e-01
+7.119999999999946e-09    +0.000000000000000e+00    +7.082394967791719e+05    +0.000000000000000e+00    -5.388982333022634e-02    -8.728261890232505e-02    +1.045244569493391e-01
+7.129999999999945e-09    +0.000000000000000e+00    +7.092342151735245e+05    +0.000000000000000e+00    -5.376027473049400e-02    -8.720246484552902e-02    +1.045702797315632e-01
+7.139999999999945e-09    +0.000000000000000e+00    +7.102289335678773e+05    +0.000000000000000e+00    -5.363080182306700e-02    -8.712239373917152e-02    +1.046159968543964e-01
+7.149999999999945e-09    +0.000000000000000e+00    +7.112236519622301e+05    +0.000000000000000e+00    -5.350140414676612e-02    -8.704240179213192e-02    +1.046616091368621e-01
+7.159999999999945e-09    +0.000000000000000e+00    +7.122183703565827e+05    +0.000000000000000e+00    -5.337208099296373e-02    -8.696249226432308e-02    +1.047071171257874e-01
+7.169999999999944e-09    +0.000000000000000e+00    +7.132130887509359e+05    +0.000000000000000e+00    -5.324283205024334e-02    -8.688266335216419e-02    +1.047525215431823e-01
+7.179999999999944e-09    +0.000000000000000e+00    +7.142078071452883e+05    +0.000000000000000e+00    -5.311365656509226e-02    -8.680291726303010e-02    +1.047978228773363e-01
+7.189999999999944e-09    +0.000000000000000e+00    +7.152025255396409e+05    +0.000000000000000e+00    -5.298455390812799e-02    -8.672325216550612e-02    +1.048430218876009e-01
+7.199999999999944e-09    +0.000000000000000e+00    +7.161972439339941e+05    +0.000000000000000e+00    -5.285552369818196e-02    -8.664366622319961e-02    +1.048881194878256e-01
+7.209999999999943e-09    +0.000000000000000e+00    +7.171919623283466e+05    +0.000000000000000e+00    -5.272656506934147e-02    -8.656415996766560e-02    +1.049331158474149e-01
+7.219999999999943e-09    +0.000000000000000e+00    +7.181866807226993e+05    +0.000000000000000e+00    -5.259767786737470e-02    -8.648473414237937e-02    +1.049780118664611e-01
+7.229999999999943e-09    +0.000000000000000e+00    +7.191813991170523e+05    +0.000000000000000e+00    -5.246886114575373e-02    -8.640538539040751e-02    +1.050228080577389e-01
+7.239999999999943e-09    +0.000000000000000e+00    +7.201761175114049e+05    +0.000000000000000e+00    -5.234011463583608e-02    -8.632611426749674e-02    +1.050675051826729e-01
+7.249999999999942e-09    +0.000000000000000e+00    +7.211708359057575e+05    +0.000000000000000e+00    -5.221143700696466e-02    -8.624692159075904e-02    +1.051121035965507e-01
+7.259999999999942e-09    +0.000000000000000e+00    +7.221655543001106e+05    +0.000000000000000e+00    -5.208282836671665e-02    -8.616780771896851e-02    +1.051566043467412e-01
+7.269999999999942e-09    +0.000000000000000e+00    +7.231602726944631e+05    +0.000000000000000e+00    -5.195428799336758e-02    -8.608876716435998e-02    +1.052010078515863e-01
+7.279999999999942e-09    +0.000000000000000e+00    +7.241549910888157e+05    +0.000000000000000e+00    -5.182581521288008e-02    -8.600980232104001e-02    +1.052453146924183e-01
+7.289999999999942e-09    +0.000000000000000e+00    +7.251497094831688e+05    +0.000000000000000e+00    -5.169740942979282e-02    -8.593091244860500e-02    +1.052895255731785e-01
+7.299999999999941e-09    +0.000000000000000e+00    +7.261444278775214e+05    +0.000000000000000e+00    -5.156907016348258e-02    -8.585210018210207e-02    +1.053336409387629e-01
+7.309999999999941e-09    +0.000000000000000e+00    +7.271391462718740e+05    +0.000000000000000e+00    -5.144079667016643e-02    -8.577335917435513e-02    +1.053776615945400e-01
+7.319999999999941e-09    +0.000000000000000e+00    +7.281338646662270e+05    +0.000000000000000e+00    -5.131258831404838e-02    -8.569469685288496e-02    +1.054215879991540e-01
+7.329999999999941e-09    +0.000000000000000e+00    +7.291285830605796e+05    +0.000000000000000e+00    -5.118444467254259e-02    -8.561610684861073e-02    +1.054654208453957e-01
+7.339999999999940e-09    +0.000000000000000e+00    +7.301233014549322e+05    +0.000000000000000e+00    -5.105636514403973e-02    -8.553759042252596e-02    +1.055091609311064e-01
+7.349999999999940e-09    +0.000000000000000e+00    +7.311180198492853e+05    +0.000000000000000e+00    -5.092834892932925e-02    -8.545914932460834e-02    +1.055528086246094e-01
+7.359999999999940e-09    +0.000000000000000e+00    +7.321127382436378e+05    +0.000000000000000e+00    -5.080039626140678e-02    -8.538078803090417e-02    +1.055963643579630e-01
+7.369999999999940e-09    +0.000000000000000e+00    +7.331074566379904e+05    +0.000000000000000e+00    -5.067250540534209e-02    -8.530249128619775e-02    +1.056398290763293e-01
+7.379999999999939e-09    +0.000000000000000e+00    +7.341021750323435e+05    +0.000000000000000e+00    -5.054467627996849e-02    -8.522426804519363e-02    +1.056832033195766e-01
+7.389999999999939e-09    +0.000000000000000e+00    +7.350968934266961e+05    +0.000000000000000e+00    -5.041690831790908e-02    -8.514611466028868e-02    +1.057264875391997e-01
+7.399999999999939e-09    +0.000000000000000e+00    +7.360916118210487e+05    +0.000000000000000e+00    -5.028920077927988e-02    -8.506803253312793e-02    +1.057696823921958e-01
+7.409999999999939e-09    +0.000000000000000e+00    +7.370863302154017e+05    +0.000000000000000e+00    -5.016155299592549e-02    -8.499002250166807e-02    +1.058127884205843e-01
+7.419999999999938e-09    +0.000000000000000e+00    +7.380810486097543e+05    +0.000000000000000e+00    -5.003396451401171e-02    -8.491208207633763e-02    +1.058558063510764e-01
+7.429999999999938e-09    +0.000000000000000e+00    +7.390757670041069e+05    +0.000000000000000e+00    -4.990643462210091e-02    -8.483421022200728e-02    +1.058987367432764e-01
+7.439999999999938e-09    +0.000000000000000e+00    +7.400704853984599e+05    +0.000000000000000e+00    -4.977896285633785e-02    -8.475640635024367e-02    +1.059415802166742e-01
+7.449999999999938e-09    +0.000000000000000e+00    +7.410652037928125e+05    +0.000000000000000e+00    -4.965154865911985e-02    -8.467867521424619e-02    +1.059843371449958e-01
+7.459999999999937e-09    +0.000000000000000e+00    +7.420599221871656e+05    +0.000000000000000e+00    -4.952419129927409e-02    -8.460101368853344e-02    +1.060270081508189e-01
+7.469999999999937e-09    +0.000000000000000e+00    +7.430546405815182e+05    +0.000000000000000e+00    -4.939689020216678e-02    -8.452341939888477e-02    +1.060695939653948e-01
+7.479999999999937e-09    +0.000000000000000e+00    +7.440493589758708e+05    +0.000000000000000e+00    -4.926964475585134e-02    -8.444589175504749e-02    +1.061120950320985e-01
+7.489999999999937e-09    +0.000000000000000e+00    +7.450440773702238e+05    +0.000000000000000e+00    -4.914245415504326e-02    -8.436843347089126e-02    +1.061545120979992e-01
+7.499999999999936e-09    +0.000000000000000e+00    +7.460387957645764e+05    +0.000000000000000e+00    -4.901531809332901e-02    -8.429104111182273e-02    +1.061968456418131e-01
+7.509999999999936e-09    +0.000000000000000e+00    +7.470335141589290e+05    +0.000000000000000e+00    -4.888823579984008e-02    -8.421371389839430e-02    +1.062390962653592e-01
+7.519999999999936e-09    +0.000000000000000e+00    +7.480282325532821e+05    +0.000000000000000e+00    -4.876120679059266e-02    -8.413645316528491e-02    +1.062812644177961e-01
+7.529999999999936e-09    +0.000000000000000e+00    +7.490229509476348e+05    +0.000000000000000e+00    -4.863423038050145e-02    -8.405925719549730e-02    +1.063233508002328e-01
+7.539999999999935e-09    +0.000000000000000e+00    +7.500176693419872e+05    +0.000000000000000e+00    -4.850730579892733e-02    -8.398213090194093e-02    +1.063653555908007e-01
+7.549999999999935e-09    +0.000000000000000e+00    +7.510123877363403e+05    +0.000000000000000e+00    -4.838043278026782e-02    -8.390506931313746e-02    +1.064072796748077e-01
+7.559999999999935e-09    +0.000000000000000e+00    +7.520071061306930e+05    +0.000000000000000e+00    -4.825361019287910e-02    -8.382807127007169e-02    +1.064491240618450e-01
+7.569999999999935e-09    +0.000000000000000e+00    +7.530018245250455e+05    +0.000000000000000e+00    -4.812683778671999e-02    -8.375113625118506e-02    +1.064908886215670e-01
+7.579999999999935e-09    +0.000000000000000e+00    +7.539965429193986e+05    +0.000000000000000e+00    -4.800011486473221e-02    -8.367426198322010e-02    +1.065325742414450e-01
+7.589999999999934e-09    +0.000000000000000e+00    +7.549912613137512e+05    +0.000000000000000e+00    -4.787344087608436e-02    -8.359745421767635e-02    +1.065741813315013e-01
+7.599999999999934e-09    +0.000000000000000e+00    +7.559859797081037e+05    +0.000000000000000e+00    -4.774681523649397e-02    -8.352071129932559e-02    +1.066157103479834e-01
+7.609999999999934e-09    +0.000000000000000e+00    +7.569806981024569e+05    +0.000000000000000e+00    -4.762023711126413e-02    -8.344402979346872e-02    +1.066571620204289e-01
+7.619999999999934e-09    +0.000000000000000e+00    +7.579754164968095e+05    +0.000000000000000e+00    -4.749370595958672e-02    -8.336741117569271e-02    +1.066985368300740e-01
+7.629999999999933e-09    +0.000000000000000e+00    +7.589701348911623e+05    +0.000000000000000e+00    -4.736722119201571e-02    -8.329085285311186e-02    +1.067398354970282e-01
+7.639999999999933e-09    +0.000000000000000e+00    +7.599648532855151e+05    +0.000000000000000e+00    -4.724078211643506e-02    -8.321435549735333e-02    +1.067810584215108e-01
+7.649999999999933e-09    +0.000000000000000e+00    +7.609595716798678e+05    +0.000000000000000e+00    -4.711438830437510e-02    -8.313792142811807e-02    +1.068222060246888e-01
+7.659999999999933e-09    +0.000000000000000e+00    +7.619542900742205e+05    +0.000000000000000e+00    -4.698803892735619e-02    -8.306154775677199e-02    +1.068632789459246e-01
+7.669999999999932e-09    +0.000000000000000e+00    +7.629490084685733e+05    +0.000000000000000e+00    -4.686173337692003e-02    -8.298523077616216e-02    +1.069042778349076e-01
+7.679999999999932e-09    +0.000000000000000e+00    +7.639437268629260e+05    +0.000000000000000e+00    -4.673547081128811e-02    -8.290897282550434e-02    +1.069452031300107e-01
+7.689999999999932e-09    +0.000000000000000e+00    +7.649384452572786e+05    +0.000000000000000e+00    -4.660925093556949e-02    -8.283277692338767e-02    +1.069860554419499e-01
+7.699999999999932e-09    +0.000000000000000e+00    +7.659331636516317e+05    +0.000000000000000e+00    -4.648307324745534e-02    -8.275664051616530e-02    +1.070268350010853e-01
+7.709999999999931e-09    +0.000000000000000e+00    +7.669278820459843e+05    +0.000000000000000e+00    -4.635693659465931e-02    -8.268056192886024e-02    +1.070675427535898e-01
+7.719999999999931e-09    +0.000000000000000e+00    +7.679226004403369e+05    +0.000000000000000e+00    -4.623084083810709e-02    -8.260454213142961e-02    +1.071081788986256e-01
+7.729999999999931e-09    +0.000000000000000e+00    +7.689173188346899e+05    +0.000000000000000e+00    -4.610478503714031e-02    -8.252857921918151e-02    +1.071487441539670e-01
+7.739999999999931e-09    +0.000000000000000e+00    +7.699120372290425e+05    +0.000000000000000e+00    -4.597876871254282e-02    -8.245267577086142e-02    +1.071892387950604e-01
+7.749999999999930e-09    +0.000000000000000e+00    +7.709067556233952e+05    +0.000000000000000e+00    -4.585279087316508e-02    -8.237683063662632e-02    +1.072296638996140e-01
+7.759999999999930e-09    +0.000000000000000e+00    +7.719014740177481e+05    +0.000000000000000e+00    -4.572685136315697e-02    -8.230104097954379e-02    +1.072700195750133e-01
+7.769999999999930e-09    +0.000000000000000e+00    +7.728961924121008e+05    +0.000000000000000e+00    -4.560094905808881e-02    -8.222530587533386e-02    +1.073103065168311e-01
+7.779999999999930e-09    +0.000000000000000e+00    +7.738909108064534e+05    +0.000000000000000e+00    -4.547508401126928e-02    -8.214962886701493e-02    +1.073505247100550e-01
+7.789999999999929e-09    +0.000000000000000e+00    +7.748856292008064e+05    +0.000000000000000e+00    -4.534925488990469e-02    -8.207400370485074e-02    +1.073906754353929e-01
+7.799999999999929e-09    +0.000000000000000e+00    +7.758803475951591e+05    +0.000000000000000e+00    -4.522346124528534e-02    -8.199843392852948e-02    +1.074307586794565e-01
+7.809999999999929e-09    +0.000000000000000e+00    +7.768750659895117e+05    +0.000000000000000e+00    -4.509770241220711e-02    -8.192291763112938e-02    +1.074707751563585e-01
+7.819999999999929e-09    +0.000000000000000e+00    +7.778697843838648e+05    +0.000000000000000e+00    -4.497197769274064e-02    -8.184745984544747e-02    +1.075107253461696e-01
+7.829999999999929e-09    +0.000000000000000e+00    +7.788645027782173e+05    +0.000000000000000e+00    -4.484628657177643e-02    -8.177205319610278e-02    +1.075506098566521e-01
+7.839999999999928e-09    +0.000000000000000e+00    +7.798592211725699e+05    +0.000000000000000e+00    -4.472062846354063e-02    -8.169670170945893e-02    +1.075904290994220e-01
+7.849999999999928e-09    +0.000000000000000e+00    +7.808539395669231e+05    +0.000000000000000e+00    -4.459500251214248e-02    -8.162140187142138e-02    +1.076301836003961e-01
+7.859999999999928e-09    +0.000000000000000e+00    +7.818486579612757e+05    +0.000000000000000e+00    -4.446940821214725e-02    -8.154615659189578e-02    +1.076698737827295e-01
+7.869999999999928e-09    +0.000000000000000e+00    +7.828433763556283e+05    +0.000000000000000e+00    -4.434384482106263e-02    -8.147096231126685e-02    +1.077095002230142e-01
+7.879999999999927e-09    +0.000000000000000e+00    +7.838380947499811e+05    +0.000000000000000e+00    -4.421831157515040e-02    -8.139581990083919e-02    +1.077490633964733e-01
+7.889999999999927e-09    +0.000000000000000e+00    +7.848328131443339e+05    +0.000000000000000e+00    -4.409280787714541e-02    -8.132072678575104e-02    +1.077885638151654e-01
+7.899999999999927e-09    +0.000000000000000e+00    +7.858275315386864e+05    +0.000000000000000e+00    -4.396733309450014e-02    -8.124568733750312e-02    +1.078280020972551e-01
+7.909999999999927e-09    +0.000000000000000e+00    +7.868222499330395e+05    +0.000000000000000e+00    -4.384188656654497e-02    -8.117069561680364e-02    +1.078673786489207e-01
+7.919999999999926e-09    +0.000000000000000e+00    +7.878169683273921e+05    +0.000000000000000e+00    -4.371646773217525e-02    -8.109575852504933e-02    +1.079066938160602e-01
+7.929999999999926e-09    +0.000000000000000e+00    +7.888116867217446e+05    +0.000000000000000e+00    -4.359107591205308e-02    -8.102086910969271e-02    +1.079459484553868e-01
+7.939999999999926e-09    +0.000000000000000e+00    +7.898064051160978e+05    +0.000000000000000e+00    -4.346570995899675e-02    -8.094603116014749e-02    +1.079851423465340e-01
+7.949999999999926e-09    +0.000000000000000e+00    +7.908011235104502e+05    +0.000000000000000e+00    -4.334036968235670e-02    -8.087123807516494e-02    +1.080242767417123e-01
+7.959999999999925e-09    +0.000000000000000e+00    +7.917958419048034e+05    +0.000000000000000e+00    -4.321505421821072e-02    -8.079649227765151e-02    +1.080633518532047e-01
+7.969999999999925e-09    +0.000000000000000e+00    +7.927905602991560e+05    +0.000000000000000e+00    -4.308976297461110e-02    -8.072179801440083e-02    +1.081023681556410e-01
+7.979999999999925e-09    +0.000000000000000e+00    +7.937852786935085e+05    +0.000000000000000e+00    -4.296449537263258e-02    -8.064715347350052e-02    +1.081413261080880e-01
+7.989999999999925e-09    +0.000000000000000e+00    +7.947799970878616e+05    +0.000000000000000e+00    -4.283925062173857e-02    -8.057255641499259e-02    +1.081802261615777e-01
+7.999999999999924e-09    +0.000000000000000e+00    +7.957747154822142e+05    +0.000000000000000e+00    -4.271402791803382e-02    -8.049800629442733e-02    +1.082190688422128e-01
+8.009999999999924e-09    +0.000000000000000e+00    +7.967694338765668e+05    +0.000000000000000e+00    -4.258882666577976e-02    -8.042350135247497e-02    +1.082578547316973e-01
+8.019999999999924e-09    +0.000000000000000e+00    +7.977641522709194e+05    +0.000000000000000e+00    -4.246364617078442e-02    -8.034904156152274e-02    +1.082965842021038e-01
+8.029999999999924e-09    +0.000000000000000e+00    +7.987588706652725e+05    +0.000000000000000e+00    -4.233848575105310e-02    -8.027462762733707e-02    +1.083352577180535e-01
+8.039999999999923e-09    +0.000000000000000e+00    +7.997535890596251e+05    +0.000000000000000e+00    -4.221334462494962e-02    -8.020025917899314e-02    +1.083738757004079e-01
+8.049999999999923e-09    +0.000000000000000e+00    +8.007483074539776e+05    +0.000000000000000e+00    -4.208822221454343e-02    -8.012593511423845e-02    +1.084124389607115e-01
+8.059999999999923e-09    +0.000000000000000e+00    +8.017430258483307e+05    +0.000000000000000e+00    -4.196311782703267e-02    -8.005165806839339e-02    +1.084509476221458e-01
+8.069999999999923e-09    +0.000000000000000e+00    +8.027377442426833e+05    +0.000000000000000e+00    -4.183803078880405e-02    -7.997742596917075e-02    +1.084894022162362e-01
+8.079999999999922e-09    +0.000000000000000e+00    +8.037324626370363e+05    +0.000000000000000e+00    -4.171296030967196e-02    -7.990323533263347e-02    +1.085278031885417e-01
+8.089999999999922e-09    +0.000000000000000e+00    +8.047271810313889e+05    +0.000000000000000e+00    -4.158790578040784e-02    -7.982909020771635e-02    +1.085661510284263e-01
+8.099999999999922e-09    +0.000000000000000e+00    +8.057218994257415e+05    +0.000000000000000e+00    -4.146286628492633e-02    -7.975498876824763e-02    +1.086044463797997e-01
+8.109999999999922e-09    +0.000000000000000e+00    +8.067166178200946e+05    +0.000000000000000e+00    -4.133784134156863e-02    -7.968093074497573e-02    +1.086426895319957e-01
+8.119999999999922e-09    +0.000000000000000e+00    +8.077113362144472e+05    +0.000000000000000e+00    -4.121283018109809e-02    -7.960691256608274e-02    +1.086808810756503e-01
+8.129999999999921e-09    +0.000000000000000e+00    +8.087060546087997e+05    +0.000000000000000e+00    -4.108783205979297e-02    -7.953293797035241e-02    +1.087190212015271e-01
+8.139999999999921e-09    +0.000000000000000e+00    +8.097007730031528e+05    +0.000000000000000e+00    -4.096284637025430e-02    -7.945900197443748e-02    +1.087571107398484e-01
+8.149999999999921e-09    +0.000000000000000e+00    +8.106954913975055e+05    +0.000000000000000e+00    -4.083787210365927e-02    -7.938510889126940e-02    +1.087951497919360e-01
+8.159999999999921e-09    +0.000000000000000e+00    +8.116902097918580e+05    +0.000000000000000e+00    -4.071290875517115e-02    -7.931125504643957e-02    +1.088331390882411e-01
+8.169999999999920e-09    +0.000000000000000e+00    +8.126849281862110e+05    +0.000000000000000e+00    -4.058795554565074e-02    -7.923744152019536e-02    +1.088710790450425e-01
+8.179999999999920e-09    +0.000000000000000e+00    +8.136796465805637e+05    +0.000000000000000e+00    -4.046301187763929e-02    -7.916366988851006e-02    +1.089089700564421e-01
+8.189999999999920e-09    +0.000000000000000e+00    +8.146743649749162e+05    +0.000000000000000e+00    -4.033807695742807e-02    -7.908993588723864e-02    +1.089468125746298e-01
+8.199999999999920e-09    +0.000000000000000e+00    +8.156690833692694e+05    +0.000000000000000e+00    -4.021315004351419e-02    -7.901624114444006e-02    +1.089846070206852e-01
+8.209999999999919e-09    +0.000000000000000e+00    +8.166638017636219e+05    +0.000000000000000e+00    -4.008823035695199e-02    -7.894258593975580e-02    +1.090223538399115e-01
+8.219999999999919e-09    +0.000000000000000e+00    +8.176585201579744e+05    +0.000000000000000e+00    -3.996331714202195e-02    -7.886896927870135e-02    +1.090600535067533e-01
+8.229999999999919e-09    +0.000000000000000e+00    +8.186532385523276e+05    +0.000000000000000e+00    -3.983840970060606e-02    -7.879538829756316e-02    +1.090977066601907e-01
+8.239999999999919e-09    +0.000000000000000e+00    +8.196479569466801e+05    +0.000000000000000e+00    -3.971350733120894e-02    -7.872184515059258e-02    +1.091353136177148e-01
+8.249999999999918e-09    +0.000000000000000e+00    +8.206426753410329e+05    +0.000000000000000e+00    -3.958860953429487e-02    -7.864834108824978e-02    +1.091728746855584e-01
+8.259999999999918e-09    +0.000000000000000e+00    +8.216373937353857e+05    +0.000000000000000e+00    -3.946371526614621e-02    -7.857487343771900e-02    +1.092103906489093e-01
+8.269999999999918e-09    +0.000000000000000e+00    +8.226321121297386e+05    +0.000000000000000e+00    -3.933882368633620e-02    -7.850144153246508e-02    +1.092478612348945e-01
+8.279999999999918e-09    +0.000000000000000e+00    +8.236268305240909e+05    +0.000000000000000e+00    -3.921393426738064e-02    -7.842804445043670e-02    +1.092852875597012e-01
+8.289999999999917e-09    +0.000000000000000e+00    +8.246215489184440e+05    +0.000000000000000e+00    -3.908904601743061e-02    -7.835468175659951e-02    +1.093226699158778e-01
+8.299999999999917e-09    +0.000000000000000e+00    +8.256162673127968e+05    +0.000000000000000e+00    -3.896415846853667e-02    -7.828135995533334e-02    +1.093600087790144e-01
+8.309999999999917e-09    +0.000000000000000e+00    +8.266109857071491e+05    +0.000000000000000e+00    -3.883927082317832e-02    -7.820807090683586e-02    +1.093973046117856e-01
+8.319999999999917e-09    +0.000000000000000e+00    +8.276057041015024e+05    +0.000000000000000e+00    -3.871438239798432e-02    -7.813481560741423e-02    +1.094345575259971e-01
+8.329999999999916e-09    +0.000000000000000e+00    +8.286004224958549e+05    +0.000000000000000e+00    -3.858949222967591e-02    -7.806159350479443e-02    +1.094717682522835e-01
+8.339999999999916e-09    +0.000000000000000e+00    +8.295951408902074e+05    +0.000000000000000e+00    -3.846459941947543e-02    -7.798840460659306e-02    +1.095089371481286e-01
+8.349999999999916e-09    +0.000000000000000e+00    +8.305898592845605e+05    +0.000000000000000e+00    -3.833970354086649e-02    -7.791525147504881e-02    +1.095460645402092e-01
+8.359999999999916e-09    +0.000000000000000e+00    +8.315845776789131e+05    +0.000000000000000e+00    -3.821480355730219e-02    -7.784212939084638e-02    +1.095831511826895e-01
+8.369999999999915e-09    +0.000000000000000e+00    +8.325792960732660e+05    +0.000000000000000e+00    -3.808989892000693e-02    -7.776903947173816e-02    +1.096201973488592e-01
+8.379999999999915e-09    +0.000000000000000e+00    +8.335740144676188e+05    +0.000000000000000e+00    -3.796498889086793e-02    -7.769598107359435e-02    +1.096572032496752e-01
+8.389999999999915e-09    +0.000000000000000e+00    +8.345687328619716e+05    +0.000000000000000e+00    -3.784007231638817e-02    -7.762295443282188e-02    +1.096941695111987e-01
+8.399999999999915e-09    +0.000000000000000e+00    +8.355634512563241e+05    +0.000000000000000e+00    -3.771514871596624e-02    -7.754995935581270e-02    +1.097310967047870e-01
+8.409999999999915e-09    +0.000000000000000e+00    +8.365581696506770e+05    +0.000000000000000e+00    -3.759021753357318e-02    -7.747699763620017e-02    +1.097679849563595e-01
+8.419999999999914e-09    +0.000000000000000e+00    +8.375528880450297e+05    +0.000000000000000e+00    -3.746527756512272e-02    -7.740406356258830e-02    +1.098048348944199e-01
+8.429999999999914e-09    +0.000000000000000e+00    +8.385476064393823e+05    +0.000000000000000e+00    -3.734032804559555e-02    -7.733115852307935e-02    +1.098416467378101e-01
+8.439999999999914e-09    +0.000000000000000e+00    +8.395423248337356e+05    +0.000000000000000e+00    -3.721536829438434e-02    -7.725828402918794e-02    +1.098784211133210e-01
+8.449999999999914e-09    +0.000000000000000e+00    +8.405370432280879e+05    +0.000000000000000e+00    -3.709039749450001e-02    -7.718543867394004e-02    +1.099151584301383e-01
+8.459999999999913e-09    +0.000000000000000e+00    +8.415317616224407e+05    +0.000000000000000e+00    -3.696541487193274e-02    -7.711262138061979e-02    +1.099518591349680e-01
+8.469999999999913e-09    +0.000000000000000e+00    +8.425264800167935e+05    +0.000000000000000e+00    -3.684041977348063e-02    -7.703983063878291e-02    +1.099885234667814e-01
+8.479999999999913e-09    +0.000000000000000e+00    +8.435211984111462e+05    +0.000000000000000e+00    -3.671541121790461e-02    -7.696707457891620e-02    +1.100251518560011e-01
+8.489999999999913e-09    +0.000000000000000e+00    +8.445159168054989e+05    +0.000000000000000e+00    -3.659038843839254e-02    -7.689433916593910e-02    +1.100617449345021e-01
+8.499999999999912e-09    +0.000000000000000e+00    +8.455106351998517e+05    +0.000000000000000e+00    -3.646535046922995e-02    -7.682163194824429e-02    +1.100983030177547e-01
+8.509999999999912e-09    +0.000000000000000e+00    +8.465053535942044e+05    +0.000000000000000e+00    -3.634029675329516e-02    -7.674895425989477e-02    +1.101348264645710e-01
+8.519999999999912e-09    +0.000000000000000e+00    +8.475000719885571e+05    +0.000000000000000e+00    -3.621522623042054e-02    -7.667629903059074e-02    +1.101713158498268e-01
+8.529999999999912e-09    +0.000000000000000e+00    +8.484947903829099e+05    +0.000000000000000e+00    -3.609013841863220e-02    -7.660367064096515e-02    +1.102077712660703e-01
+8.539999999999911e-09    +0.000000000000000e+00    +8.494895087772629e+05    +0.000000000000000e+00    -3.596503222295036e-02    -7.653106536401832e-02    +1.102441934441338e-01
+8.549999999999911e-09    +0.000000000000000e+00    +8.504842271716153e+05    +0.000000000000000e+00    -3.583990686569895e-02    -7.645848273740199e-02    +1.102805826147292e-01
+8.559999999999911e-09    +0.000000000000000e+00    +8.514789455659685e+05    +0.000000000000000e+00    -3.571476123492041e-02    -7.638592758955574e-02    +1.103169392799126e-01
+8.569999999999911e-09    +0.000000000000000e+00    +8.524736639603211e+05    +0.000000000000000e+00    -3.558959495642143e-02    -7.631339696673170e-02    +1.103532638377444e-01
+8.579999999999910e-09    +0.000000000000000e+00    +8.534683823546736e+05    +0.000000000000000e+00    -3.546440711327338e-02    -7.624089092324840e-02    +1.103895567272047e-01
+8.589999999999910e-09    +0.000000000000000e+00    +8.544631007490268e+05    +0.000000000000000e+00    -3.533919677417411e-02    -7.616840619829836e-02    +1.104258183421890e-01
+8.599999999999910e-09    +0.000000000000000e+00    +8.554578191433793e+05    +0.000000000000000e+00    -3.521396319130194e-02    -7.609594569617976e-02    +1.104620488368317e-01
+8.609999999999910e-09    +0.000000000000000e+00    +8.564525375377318e+05    +0.000000000000000e+00    -3.508870527853902e-02    -7.602350688928132e-02    +1.104982489738411e-01
+8.619999999999909e-09    +0.000000000000000e+00    +8.574472559320850e+05    +0.000000000000000e+00    -3.496342248034180e-02    -7.595109050655376e-02    +1.105344191762754e-01
+8.629999999999909e-09    +0.000000000000000e+00    +8.584419743264376e+05    +0.000000000000000e+00    -3.483811390421736e-02    -7.587869673432815e-02    +1.105705593365720e-01
+8.639999999999909e-09    +0.000000000000000e+00    +8.594366927207900e+05    +0.000000000000000e+00    -3.471277850796215e-02    -7.580632092983608e-02    +1.106066703589348e-01
+8.649999999999909e-09    +0.000000000000000e+00    +8.604314111151432e+05    +0.000000000000000e+00    -3.458741532582451e-02    -7.573397037113205e-02    +1.106427524174581e-01
+8.659999999999908e-09    +0.000000000000000e+00    +8.614261295094958e+05    +0.000000000000000e+00    -3.446202378112709e-02    -7.566163715605682e-02    +1.106788060462505e-01
+8.669999999999908e-09    +0.000000000000000e+00    +8.624208479038483e+05    +0.000000000000000e+00    -3.433660318466334e-02    -7.558932772096012e-02    +1.107148317734317e-01
+8.679999999999908e-09    +0.000000000000000e+00    +8.634155662982014e+05    +0.000000000000000e+00    -3.421115205813247e-02    -7.551703295821008e-02    +1.107508297138814e-01
+8.689999999999908e-09    +0.000000000000000e+00    +8.644102846925540e+05    +0.000000000000000e+00    -3.408567002645606e-02    -7.544475654548688e-02    +1.107868002292325e-01
+8.699999999999908e-09    +0.000000000000000e+00    +8.654050030869065e+05    +0.000000000000000e+00    -3.396015574778424e-02    -7.537250048453618e-02    +1.108227436337328e-01
+8.709999999999907e-09    +0.000000000000000e+00    +8.663997214812597e+05    +0.000000000000000e+00    -3.383460900042418e-02    -7.530026185992245e-02    +1.108586611360739e-01
+8.719999999999907e-09    +0.000000000000000e+00    +8.673944398756123e+05    +0.000000000000000e+00    -3.370902832204036e-02    -7.522804099177545e-02    +1.108945522357775e-01
+8.729999999999907e-09    +0.000000000000000e+00    +8.683891582699649e+05    +0.000000000000000e+00    -3.358341302091675e-02    -7.515583328063995e-02    +1.109304176201912e-01
+8.739999999999907e-09    +0.000000000000000e+00    +8.693838766643179e+05    +0.000000000000000e+00    -3.345776219978858e-02    -7.508364490163288e-02    +1.109662576508383e-01
+8.749999999999906e-09    +0.000000000000000e+00    +8.703785950586705e+05    +0.000000000000000e+00    -3.333207492659793e-02    -7.501147361883564e-02    +1.110020726924658e-01
+8.759999999999906e-09    +0.000000000000000e+00    +8.713733134530231e+05    +0.000000000000000e+00    -3.320635026982507e-02    -7.493931936112308e-02    +1.110378633119716e-01
+8.769999999999906e-09    +0.000000000000000e+00    +8.723680318473761e+05    +0.000000000000000e+00    -3.308058751513870e-02    -7.486718077063995e-02    +1.110736297973735e-01
+8.779999999999906e-09    +0.000000000000000e+00    +8.733627502417287e+05    +0.000000000000000e+00    -3.295478557170302e-02    -7.479505459923599e-02    +1.111093725589834e-01
+8.789999999999905e-09    +0.000000000000000e+00    +8.743574686360813e+05    +0.000000000000000e+00    -3.282894362916629e-02    -7.472294495957013e-02    +1.111450918561427e-01
+8.799999999999905e-09    +0.000000000000000e+00    +8.753521870304344e+05    +0.000000000000000e+00    -3.270306074402297e-02    -7.465085139682873e-02    +1.111807880284301e-01
+8.809999999999905e-09    +0.000000000000000e+00    +8.763469054247870e+05    +0.000000000000000e+00    -3.257713596529722e-02    -7.457877232855532e-02    +1.112164615726882e-01
+8.819999999999905e-09    +0.000000000000000e+00    +8.773416238191396e+05    +0.000000000000000e+00    -3.245116820782422e-02    -7.450670591050039e-02    +1.112521131918773e-01
+8.829999999999904e-09    +0.000000000000000e+00    +8.783363422134926e+05    +0.000000000000000e+00    -3.232515661369326e-02    -7.443465334490920e-02    +1.112877427828745e-01
+8.839999999999904e-09    +0.000000000000000e+00    +8.793310606078452e+05    +0.000000000000000e+00    -3.219910064983914e-02    -7.436261186601874e-02    +1.113233511084936e-01
+8.849999999999904e-09    +0.000000000000000e+00    +8.803257790021984e+05    +0.000000000000000e+00    -3.207299890549020e-02    -7.429057912701635e-02    +1.113589382695116e-01
+8.859999999999904e-09    +0.000000000000000e+00    +8.813204973965508e+05    +0.000000000000000e+00    -3.194685052171559e-02    -7.421856060603987e-02    +1.113945046464128e-01
+8.869999999999903e-09    +0.000000000000000e+00    +8.823152157909034e+05    +0.000000000000000e+00    -3.182065451944427e-02    -7.414655444515202e-02    +1.114300507003852e-01
+8.879999999999903e-09    +0.000000000000000e+00    +8.833099341852566e+05    +0.000000000000000e+00    -3.169441003122696e-02    -7.407455727887362e-02    +1.114655769077147e-01
+8.889999999999903e-09    +0.000000000000000e+00    +8.843046525796091e+05    +0.000000000000000e+00    -3.156811610598544e-02    -7.400257300201404e-02    +1.115010836280626e-01
+8.899999999999903e-09    +0.000000000000000e+00    +8.852993709739617e+05    +0.000000000000000e+00    -3.144177175081721e-02    -7.393059908001727e-02    +1.115365712164384e-01
+8.909999999999902e-09    +0.000000000000000e+00    +8.862940893683148e+05    +0.000000000000000e+00    -3.131537612703182e-02    -7.385863112064130e-02    +1.115720398584222e-01
+8.919999999999902e-09    +0.000000000000000e+00    +8.872888077626673e+05    +0.000000000000000e+00    -3.118892813628353e-02    -7.378667315945772e-02    +1.116074901248004e-01
+8.929999999999902e-09    +0.000000000000000e+00    +8.882835261570199e+05    +0.000000000000000e+00    -3.106242652131026e-02    -7.371472501177423e-02    +1.116429222711943e-01
+8.939999999999902e-09    +0.000000000000000e+00    +8.892782445513731e+05    +0.000000000000000e+00    -3.093587066989402e-02    -7.364278383391601e-02    +1.116783369300030e-01
+8.949999999999901e-09    +0.000000000000000e+00    +8.902729629457255e+05    +0.000000000000000e+00    -3.080925945937235e-02    -7.357084491878103e-02    +1.117137342785918e-01
+8.959999999999901e-09    +0.000000000000000e+00    +8.912676813400781e+05    +0.000000000000000e+00    -3.068259193792774e-02    -7.349892041837273e-02    +1.117491145459181e-01
+8.969999999999901e-09    +0.000000000000000e+00    +8.922623997344313e+05    +0.000000000000000e+00    -3.055586703514749e-02    -7.342699765654470e-02    +1.117844784242457e-01
+8.979999999999901e-09    +0.000000000000000e+00    +8.932571181287838e+05    +0.000000000000000e+00    -3.042908366599549e-02    -7.335508247048504e-02    +1.118198259965639e-01
+8.989999999999901e-09    +0.000000000000000e+00    +8.942518365231364e+05    +0.000000000000000e+00    -3.030224119098302e-02    -7.328317491337326e-02    +1.118551579413156e-01
+8.999999999999900e-09    +0.000000000000000e+00    +8.952465549174895e+05    +0.000000000000000e+00    -3.017533832820932e-02    -7.321126970968653e-02    +1.118904743779324e-01
+9.009999999999900e-09    +0.000000000000000e+00    +8.962412733118420e+05    +0.000000000000000e+00    -3.004837405831229e-02    -7.313936875175378e-02    +1.119257757501543e-01
+9.019999999999900e-09    +0.000000000000000e+00    +8.972359917061949e+05    +0.000000000000000e+00    -2.992134724769589e-02    -7.306747268820965e-02    +1.119610623104956e-01
+9.029999999999900e-09    +0.000000000000000e+00    +8.982307101005478e+05    +0.000000000000000e+00    -2.979425703965461e-02    -7.299557917172936e-02    +1.119963345333749e-01
+9.039999999999899e-09    +0.000000000000000e+00    +8.992254284949002e+05    +0.000000000000000e+00    -2.966710214705427e-02    -7.292368799627127e-02    +1.120315927439108e-01
+9.049999999999899e-09    +0.000000000000000e+00    +9.002201468892532e+05    +0.000000000000000e+00    -2.953988192269897e-02    -7.285180199513533e-02    +1.120668377843126e-01
+9.059999999999899e-09    +0.000000000000000e+00    +9.012148652836060e+05    +0.000000000000000e+00    -2.941259495696764e-02    -7.277991613790499e-02    +1.121020694238541e-01
+9.069999999999899e-09    +0.000000000000000e+00    +9.022095836779587e+05    +0.000000000000000e+00    -2.928524066799634e-02    -7.270803627947087e-02    +1.121372880017178e-01
+9.079999999999898e-09    +0.000000000000000e+00    +9.032043020723114e+05    +0.000000000000000e+00    -2.915781748658178e-02    -7.263615335453888e-02    +1.121724941208916e-01
+9.089999999999898e-09    +0.000000000000000e+00    +9.041990204666642e+05    +0.000000000000000e+00    -2.903032452944975e-02    -7.256427504207304e-02    +1.122076881274119e-01
+9.099999999999898e-09    +0.000000000000000e+00    +9.051937388610169e+05    +0.000000000000000e+00    -2.890276070291419e-02    -7.249239644551843e-02    +1.122428704811902e-01
+9.109999999999898e-09    +0.000000000000000e+00    +9.061884572553696e+05    +0.000000000000000e+00    -2.877512525440640e-02    -7.242051661545304e-02    +1.122780412194229e-01
+9.119999999999897e-09    +0.000000000000000e+00    +9.071831756497225e+05    +0.000000000000000e+00    -2.864741666071547e-02    -7.234863676254569e-02    +1.123132009493379e-01
+9.129999999999897e-09    +0.000000000000000e+00    +9.081778940440752e+05    +0.000000000000000e+00    -2.851963386215447e-02    -7.227675419120547e-02    +1.123483499823641e-01
+9.139999999999897e-09    +0.000000000000000e+00    +9.091726124384279e+05    +0.000000000000000e+00    -2.839177590766903e-02    -7.220486855520246e-02    +1.123834886037205e-01
+9.149999999999897e-09    +0.000000000000000e+00    +9.101673308327807e+05    +0.000000000000000e+00    -2.826384153696257e-02    -7.213298506045283e-02    +1.124186173622541e-01
+9.159999999999896e-09    +0.000000000000000e+00    +9.111620492271334e+05    +0.000000000000000e+00    -2.813583006545271e-02    -7.206109691270603e-02    +1.124537365780782e-01
+9.169999999999896e-09    +0.000000000000000e+00    +9.121567676214861e+05    +0.000000000000000e+00    -2.800774002010810e-02    -7.198920681853724e-02    +1.124888463859115e-01
+9.179999999999896e-09    +0.000000000000000e+00    +9.131514860158389e+05    +0.000000000000000e+00    -2.787957049011852e-02    -7.191731215065958e-02    +1.125239473549149e-01
+9.189999999999896e-09    +0.000000000000000e+00    +9.141462044101919e+05    +0.000000000000000e+00    -2.775131996582301e-02    -7.184541308020558e-02    +1.125590395869584e-01
+9.199999999999895e-09    +0.000000000000000e+00    +9.151409228045443e+05    +0.000000000000000e+00    -2.762298744927366e-02    -7.177351155222761e-02    +1.125941237836874e-01
+9.209999999999895e-09    +0.000000000000000e+00    +9.161356411988975e+05    +0.000000000000000e+00    -2.749457194138167e-02    -7.170160167510227e-02    +1.126292000976693e-01
+9.219999999999895e-09    +0.000000000000000e+00    +9.171303595932501e+05    +0.000000000000000e+00    -2.736607237062151e-02    -7.162968781993237e-02    +1.126642690020867e-01
+9.229999999999895e-09    +0.000000000000000e+00    +9.181250779876026e+05    +0.000000000000000e+00    -2.723748757557136e-02    -7.155777087174395e-02    +1.126993305830463e-01
+9.239999999999894e-09    +0.000000000000000e+00    +9.191197963819557e+05    +0.000000000000000e+00    -2.710881625684416e-02    -7.148584601500686e-02    +1.127343854690990e-01
+9.249999999999894e-09    +0.000000000000000e+00    +9.201145147763083e+05    +0.000000000000000e+00    -2.698005722128871e-02    -7.141391115446158e-02    +1.127694339469461e-01
+9.259999999999894e-09    +0.000000000000000e+00    +9.211092331706608e+05    +0.000000000000000e+00    -2.685120932169160e-02    -7.134196936956547e-02    +1.128044762979788e-01
+9.269999999999894e-09    +0.000000000000000e+00    +9.221039515650140e+05    +0.000000000000000e+00    -2.672227149602120e-02    -7.127001812978331e-02    +1.128395129178017e-01
+9.279999999999894e-09    +0.000000000000000e+00    +9.230986699593666e+05    +0.000000000000000e+00    -2.659324235714426e-02    -7.119805890622344e-02    +1.128745440369636e-01
+9.289999999999893e-09    +0.000000000000000e+00    +9.240933883537190e+05    +0.000000000000000e+00    -2.646412076622535e-02    -7.112609279855943e-02    +1.129095701904895e-01
+9.299999999999893e-09    +0.000000000000000e+00    +9.250881067480722e+05    +0.000000000000000e+00    -2.633490574257112e-02    -7.105411599881203e-02    +1.129445917323065e-01
+9.309999999999893e-09    +0.000000000000000e+00    +9.260828251424248e+05    +0.000000000000000e+00    -2.620559579958177e-02    -7.098212801164941e-02    +1.129796088539367e-01
+9.319999999999893e-09    +0.000000000000000e+00    +9.270775435367773e+05    +0.000000000000000e+00    -2.607618996854780e-02    -7.091013149415501e-02    +1.130146219991090e-01
+9.329999999999892e-09    +0.000000000000000e+00    +9.280722619311304e+05    +0.000000000000000e+00    -2.594668685218757e-02    -7.083812272841583e-02    +1.130496314040294e-01
+9.339999999999892e-09    +0.000000000000000e+00    +9.290669803254830e+05    +0.000000000000000e+00    -2.581708526954144e-02    -7.076609961354532e-02    +1.130846375270825e-01
+9.349999999999892e-09    +0.000000000000000e+00    +9.300616987198355e+05    +0.000000000000000e+00    -2.568738377453332e-02    -7.069406616654500e-02    +1.131196406802407e-01
+9.359999999999892e-09    +0.000000000000000e+00    +9.310564171141887e+05    +0.000000000000000e+00    -2.555758134167897e-02    -7.062201815480096e-02    +1.131546411866109e-01
+9.369999999999891e-09    +0.000000000000000e+00    +9.320511355085413e+05    +0.000000000000000e+00    -2.542767679200035e-02    -7.054995564104172e-02    +1.131896395438875e-01
+9.379999999999891e-09    +0.000000000000000e+00    +9.330458539028944e+05    +0.000000000000000e+00    -2.529766867301782e-02    -7.047788272309541e-02    +1.132246358847510e-01
+9.389999999999891e-09    +0.000000000000000e+00    +9.340405722972469e+05    +0.000000000000000e+00    -2.516755592409285e-02    -7.040579268155713e-02    +1.132596305704510e-01
+9.399999999999891e-09    +0.000000000000000e+00    +9.350352906915995e+05    +0.000000000000000e+00    -2.503733705627790e-02    -7.033368917480391e-02    +1.132946239534051e-01
+9.409999999999890e-09    +0.000000000000000e+00    +9.360300090859527e+05    +0.000000000000000e+00    -2.490701083272505e-02    -7.026156962616056e-02    +1.133296164884937e-01
+9.419999999999890e-09    +0.000000000000000e+00    +9.370247274803051e+05    +0.000000000000000e+00    -2.477657596580551e-02    -7.018943210392933e-02    +1.133646084525678e-01
+9.429999999999890e-09    +0.000000000000000e+00    +9.380194458746577e+05    +0.000000000000000e+00    -2.464603123718095e-02    -7.011727760152722e-02    +1.133996002280564e-01
+9.439999999999890e-09    +0.000000000000000e+00    +9.390141642690109e+05    +0.000000000000000e+00    -2.451537518482748e-02    -7.004510490038256e-02    +1.134345921486389e-01
+9.449999999999889e-09    +0.000000000000000e+00    +9.400088826633634e+05    +0.000000000000000e+00    -2.438460668799131e-02    -6.997291532429831e-02    +1.134695842858785e-01
+9.459999999999889e-09    +0.000000000000000e+00    +9.410036010577159e+05    +0.000000000000000e+00    -2.425372418048509e-02    -6.990070970768200e-02    +1.135045772509070e-01
+9.469999999999889e-09    +0.000000000000000e+00    +9.419983194520691e+05    +0.000000000000000e+00    -2.412272645777113e-02    -6.982848353024053e-02    +1.135395713435075e-01
+9.479999999999889e-09    +0.000000000000000e+00    +9.429930378464216e+05    +0.000000000000000e+00    -2.399161216081531e-02    -6.975623587997086e-02    +1.135745669332093e-01
+9.489999999999888e-09    +0.000000000000000e+00    +9.439877562407742e+05    +0.000000000000000e+00    -2.386037974350421e-02    -6.968396779412481e-02    +1.136095644267914e-01
+9.499999999999888e-09    +0.000000000000000e+00    +9.449824746351273e+05    +0.000000000000000e+00    -2.372902841651759e-02    -6.961167909085515e-02    +1.136445637319044e-01
+9.509999999999888e-09    +0.000000000000000e+00    +9.459771930294798e+05    +0.000000000000000e+00    -2.359755622953112e-02    -6.953936654349509e-02    +1.136795656504572e-01
+9.519999999999888e-09    +0.000000000000000e+00    +9.469719114238324e+05    +0.000000000000000e+00    -2.346596182686705e-02    -6.946703357242241e-02    +1.137145702521989e-01
+9.529999999999887e-09    +0.000000000000000e+00    +9.479666298181856e+05    +0.000000000000000e+00    -2.333424406035449e-02    -6.939468066216110e-02    +1.137495777841004e-01
+9.539999999999887e-09    +0.000000000000000e+00    +9.489613482125381e+05    +0.000000000000000e+00    -2.320240137527071e-02    -6.932229997327581e-02    +1.137845892399010e-01
+9.549999999999887e-09    +0.000000000000000e+00    +9.499560666068906e+05    +0.000000000000000e+00    -2.307043243867139e-02    -6.924989885154668e-02    +1.138196042808895e-01
+9.559999999999887e-09    +0.000000000000000e+00    +9.509507850012438e+05    +0.000000000000000e+00    -2.293833599505243e-02    -6.917747177111902e-02    +1.138546233378422e-01
+9.569999999999887e-09    +0.000000000000000e+00    +9.519455033955963e+05    +0.000000000000000e+00    -2.280611030365929e-02    -6.910501936138536e-02    +1.138896468275864e-01
+9.579999999999886e-09    +0.000000000000000e+00    +9.529402217899489e+05    +0.000000000000000e+00    -2.267375405956463e-02    -6.903254225084535e-02    +1.139246750334407e-01
+9.589999999999886e-09    +0.000000000000000e+00    +9.539349401843020e+05    +0.000000000000000e+00    -2.254126568110579e-02    -6.896003836407036e-02    +1.139597082752383e-01
+9.599999999999886e-09    +0.000000000000000e+00    +9.549296585786545e+05    +0.000000000000000e+00    -2.240864397135671e-02    -6.888750827124449e-02    +1.139947472378795e-01
+9.609999999999886e-09    +0.000000000000000e+00    +9.559243769730071e+05    +0.000000000000000e+00    -2.227588724116104e-02    -6.881494827238929e-02    +1.140297917459991e-01
+9.619999999999885e-09    +0.000000000000000e+00    +9.569190953673603e+05    +0.000000000000000e+00    -2.214299398808161e-02    -6.874235796028734e-02    +1.140648422779307e-01
+9.629999999999885e-09    +0.000000000000000e+00    +9.579138137617128e+05    +0.000000000000000e+00    -2.200996280694071e-02    -6.866974278801749e-02    +1.140998992630595e-01
+9.639999999999885e-09    +0.000000000000000e+00    +9.589085321560653e+05    +0.000000000000000e+00    -2.187679232561693e-02    -6.859709784768220e-02    +1.141349630580110e-01
+9.649999999999885e-09    +0.000000000000000e+00    +9.599032505504185e+05    +0.000000000000000e+00    -2.174348090866743e-02    -6.852442126789240e-02    +1.141700338260570e-01
+9.659999999999884e-09    +0.000000000000000e+00    +9.608979689447710e+05    +0.000000000000000e+00    -2.161002697571000e-02    -6.845171257041165e-02    +1.142051119233228e-01
+9.669999999999884e-09    +0.000000000000000e+00    +9.618926873391237e+05    +0.000000000000000e+00    -2.147642886649382e-02    -6.837897421552537e-02    +1.142401976661093e-01
+9.679999999999884e-09    +0.000000000000000e+00    +9.628874057334767e+05    +0.000000000000000e+00    -2.134268533789880e-02    -6.830620407883041e-02    +1.142752911790529e-01
+9.689999999999884e-09    +0.000000000000000e+00    +9.638821241278292e+05    +0.000000000000000e+00    -2.120879459734194e-02    -6.823340035677236e-02    +1.143103936456280e-01
+9.699999999999883e-09    +0.000000000000000e+00    +9.648768425221819e+05    +0.000000000000000e+00    -2.107475520469137e-02    -6.816056377578913e-02    +1.143455045266325e-01
+9.709999999999883e-09    +0.000000000000000e+00    +9.658715609165350e+05    +0.000000000000000e+00    -2.094056569208568e-02    -6.808769394780750e-02    +1.143806243090438e-01
+9.719999999999883e-09    +0.000000000000000e+00    +9.668662793108877e+05    +0.000000000000000e+00    -2.080622435561682e-02    -6.801479045421306e-02    +1.144157533106554e-01
+9.729999999999883e-09    +0.000000000000000e+00    +9.678609977052402e+05    +0.000000000000000e+00    -2.067172930168080e-02    -6.794185126307925e-02    +1.144508919910614e-01
+9.739999999999882e-09    +0.000000000000000e+00    +9.688557160995934e+05    +0.000000000000000e+00    -2.053707916091216e-02    -6.786887453678676e-02    +1.144860405078548e-01
+9.749999999999882e-09    +0.000000000000000e+00    +9.698504344939459e+05    +0.000000000000000e+00    -2.040227248576964e-02    -6.779586130408903e-02    +1.145211995035539e-01
+9.759999999999882e-09    +0.000000000000000e+00    +9.708451528882984e+05    +0.000000000000000e+00    -2.026730742240037e-02    -6.772280838163028e-02    +1.145563689505494e-01
+9.769999999999882e-09    +0.000000000000000e+00    +9.718398712826517e+05    +0.000000000000000e+00    -2.013218217259707e-02    -6.764971814202014e-02    +1.145915492391880e-01
+9.779999999999881e-09    +0.000000000000000e+00    +9.728345896770041e+05    +0.000000000000000e+00    -1.999689519654968e-02    -6.757658863312647e-02    +1.146267407493917e-01
+9.789999999999881e-09    +0.000000000000000e+00    +9.738293080713568e+05    +0.000000000000000e+00    -1.986144503968899e-02    -6.750342225677894e-02    +1.146619438485999e-01
+9.799999999999881e-09    +0.000000000000000e+00    +9.748240264657099e+05    +0.000000000000000e+00    -1.972582978777425e-02    -6.743021316518792e-02    +1.146971586316849e-01
+9.809999999999881e-09    +0.000000000000000e+00    +9.758187448600624e+05    +0.000000000000000e+00    -1.959004771154843e-02    -6.735696521095910e-02    +1.147323858056081e-01
+9.819999999999880e-09    +0.000000000000000e+00    +9.768134632544151e+05    +0.000000000000000e+00    -1.945409711789845e-02    -6.728367286595131e-02    +1.147676253614997e-01
+9.829999999999880e-09    +0.000000000000000e+00    +9.778081816487681e+05    +0.000000000000000e+00    -1.931797645097433e-02    -6.721033728251924e-02    +1.148028776155559e-01
+9.839999999999880e-09    +0.000000000000000e+00    +9.788029000431208e+05    +0.000000000000000e+00    -1.918168381131494e-02    -6.713696097841797e-02    +1.148381429784841e-01
+9.849999999999880e-09    +0.000000000000000e+00    +9.797976184374733e+05    +0.000000000000000e+00    -1.904521733787071e-02    -6.706354101263219e-02    +1.148734216561215e-01
+9.859999999999880e-09    +0.000000000000000e+00    +9.807923368318265e+05    +0.000000000000000e+00    -1.890857535681650e-02    -6.699007756743280e-02    +1.149087140394928e-01
+9.869999999999879e-09    +0.000000000000000e+00    +9.817870552261791e+05    +0.000000000000000e+00    -1.877175618873518e-02    -6.691656908406957e-02    +1.149440205767296e-01
+9.879999999999879e-09    +0.000000000000000e+00    +9.827817736205315e+05    +0.000000000000000e+00    -1.863475790949375e-02    -6.684301288474995e-02    +1.149793414763641e-01
+9.889999999999879e-09    +0.000000000000000e+00    +9.837764920148847e+05    +0.000000000000000e+00    -1.849757876757388e-02    -6.676940994697730e-02    +1.150146768213934e-01
+9.899999999999879e-09    +0.000000000000000e+00    +9.847712104092373e+05    +0.000000000000000e+00    -1.836021699092254e-02    -6.669575768562576e-02    +1.150500272463507e-01
+9.909999999999878e-09    +0.000000000000000e+00    +9.857659288035898e+05    +0.000000000000000e+00    -1.822267038181653e-02    -6.662205615805798e-02    +1.150853927755225e-01
+9.919999999999878e-09    +0.000000000000000e+00    +9.867606471979429e+05    +0.000000000000000e+00    -1.808493724305524e-02    -6.654830932599214e-02    +1.151207738316178e-01
+9.929999999999878e-09    +0.000000000000000e+00    +9.877553655922953e+05    +0.000000000000000e+00    -1.794701597109619e-02    -6.647451092638980e-02    +1.151561710438672e-01
+9.939999999999878e-09    +0.000000000000000e+00    +9.887500839866480e+05    +0.000000000000000e+00    -1.780890444393742e-02    -6.640065848611749e-02    +1.151915842355681e-01
+9.949999999999877e-09    +0.000000000000000e+00    +9.897448023810012e+05    +0.000000000000000e+00    -1.767060072110870e-02    -6.632675757058570e-02    +1.152270138272606e-01
+9.959999999999877e-09    +0.000000000000000e+00    +9.907395207753538e+05    +0.000000000000000e+00    -1.753210293835273e-02    -6.625280415657663e-02    +1.152624602677993e-01
+9.969999999999877e-09    +0.000000000000000e+00    +9.917342391697062e+05    +0.000000000000000e+00    -1.739340926450090e-02    -6.617879842685492e-02    +1.152979238783892e-01
+9.979999999999877e-09    +0.000000000000000e+00    +9.927289575640593e+05    +0.000000000000000e+00    -1.725451768623542e-02    -6.610473819859763e-02    +1.153334048186596e-01
+9.989999999999876e-09    +0.000000000000000e+00    +9.937236759584120e+05    +0.000000000000000e+00    -1.711542620077895e-02    -6.603062286305085e-02    +1.153689034123018e-01
+9.999999999999876e-09    +0.000000000000000e+00    +9.947183943527645e+05    +0.000000000000000e+00    -1.697613270945047e-02    -6.595645411974954e-02    +1.154044198967616e-01
+1.000999999999988e-08    +0.000000000000000e+00    +9.957131127471176e+05    +0.000000000000000e+00    -1.683663529173619e-02    -6.588222709658313e-02    +1.154399545947546e-01
+1.001999999999988e-08    +0.000000000000000e+00    +9.967078311414702e+05    +0.000000000000000e+00    -1.669693201408060e-02    -6.580794484746486e-02    +1.154755082113207e-01
+1.002999999999988e-08    +0.000000000000000e+00    +9.977025495358227e+05    +0.000000000000000e+00    -1.655702076835718e-02    -6.573360477220866e-02    +1.155110805828367e-01
+1.003999999999988e-08    +0.000000000000000e+00    +9.986972679301759e+05    +0.000000000000000e+00    -1.641689944764239e-02    -6.565920053923366e-02    +1.155466722693077e-01
+1.004999999999987e-08    +0.000000000000000e+00    +9.996919863245285e+05    +0.000000000000000e+00    -1.627656605253692e-02    -6.558473896175523e-02    +1.155822829702369e-01
+1.005999999999987e-08    +0.000000000000000e+00    +1.000686704718881e+06    +0.000000000000000e+00    -1.613601841491310e-02    -6.551021805047645e-02    +1.156179136072347e-01
+1.006999999999987e-08    +0.000000000000000e+00    +1.001681423113234e+06    +0.000000000000000e+00    -1.599525436967583e-02    -6.543563559652935e-02    +1.156535644868946e-01
+1.007999999999987e-08    +0.000000000000000e+00    +1.002676141507587e+06    +0.000000000000000e+00    -1.585427195230032e-02    -6.536099202347638e-02    +1.156892356452235e-01
+1.008999999999987e-08    +0.000000000000000e+00    +1.003670859901939e+06    +0.000000000000000e+00    -1.571306898045555e-02    -6.528628495364182e-02    +1.157249275818907e-01
+1.009999999999987e-08    +0.000000000000000e+00    +1.004665578296292e+06    +0.000000000000000e+00    -1.557164336696572e-02    -6.521151400404383e-02    +1.157606402566920e-01
+1.010999999999987e-08    +0.000000000000000e+00    +1.005660296690645e+06    +0.000000000000000e+00    -1.542999251119737e-02    -6.513667761028577e-02    +1.157963741456466e-01
+1.011999999999987e-08    +0.000000000000000e+00    +1.006655015084997e+06    +0.000000000000000e+00    -1.528811465587037e-02    -6.506177523338794e-02    +1.158321294229859e-01
+1.012999999999987e-08    +0.000000000000000e+00    +1.007649733479351e+06    +0.000000000000000e+00    -1.514600723193234e-02    -6.498680325816343e-02    +1.158679070464490e-01
+1.013999999999987e-08    +0.000000000000000e+00    +1.008644451873703e+06    +0.000000000000000e+00    -1.500366828521715e-02    -6.491176522383321e-02    +1.159037065133054e-01
+1.014999999999987e-08    +0.000000000000000e+00    +1.009639170268056e+06    +0.000000000000000e+00    -1.486109551408903e-02    -6.483666066488772e-02    +1.159395284747775e-01
+1.015999999999987e-08    +0.000000000000000e+00    +1.010633888662409e+06    +0.000000000000000e+00    -1.471828638317513e-02    -6.476148534778554e-02    +1.159753728835704e-01
+1.016999999999987e-08    +0.000000000000000e+00    +1.011628607056761e+06    +0.000000000000000e+00    -1.457523878143192e-02    -6.468623743349093e-02    +1.160112404954377e-01
+1.017999999999987e-08    +0.000000000000000e+00    +1.012623325451115e+06    +0.000000000000000e+00    -1.443195035611576e-02    -6.461091965754248e-02    +1.160471311419312e-01
+1.018999999999987e-08    +0.000000000000000e+00    +1.013618043845467e+06    +0.000000000000000e+00    -1.428841862863093e-02    -6.453552866217523e-02    +1.160830453870518e-01
+1.019999999999987e-08    +0.000000000000000e+00    +1.014612762239820e+06    +0.000000000000000e+00    -1.414464143115992e-02    -6.446006229092334e-02    +1.161189835793548e-01
+1.020999999999987e-08    +0.000000000000000e+00    +1.015607480634173e+06    +0.000000000000000e+00    -1.400061625049118e-02    -6.438452135205915e-02    +1.161549457479534e-01
+1.021999999999987e-08    +0.000000000000000e+00    +1.016602199028525e+06    +0.000000000000000e+00    -1.385634047641079e-02    -6.430890630364586e-02    +1.161909324342285e-01
+1.022999999999987e-08    +0.000000000000000e+00    +1.017596917422878e+06    +0.000000000000000e+00    -1.371181212504337e-02    -6.423321397742357e-02    +1.162269437772130e-01
+1.023999999999987e-08    +0.000000000000000e+00    +1.018591635817230e+06    +0.000000000000000e+00    -1.356702825493137e-02    -6.415744623883593e-02    +1.162629799745894e-01
+1.024999999999987e-08    +0.000000000000000e+00    +1.019586354211584e+06    +0.000000000000000e+00    -1.342198661469958e-02    -6.408159919170975e-02    +1.162990415014354e-01
+1.025999999999987e-08    +0.000000000000000e+00    +1.020581072605936e+06    +0.000000000000000e+00    -1.327668469999490e-02    -6.400567348712674e-02    +1.163351285013125e-01
+1.026999999999987e-08    +0.000000000000000e+00    +1.021575791000289e+06    +0.000000000000000e+00    -1.313111995923437e-02    -6.392966487635955e-02    +1.163712413702543e-01
+1.027999999999987e-08    +0.000000000000000e+00    +1.022570509394642e+06    +0.000000000000000e+00    -1.298528982817207e-02    -6.385357407611209e-02    +1.164073802356917e-01
+1.028999999999987e-08    +0.000000000000000e+00    +1.023565227788994e+06    +0.000000000000000e+00    -1.283919165335410e-02    -6.377740226740429e-02    +1.164435453447578e-01
+1.029999999999987e-08    +0.000000000000000e+00    +1.024559946183347e+06    +0.000000000000000e+00    -1.269282291793691e-02    -6.370114616977271e-02    +1.164797370212441e-01
+1.030999999999987e-08    +0.000000000000000e+00    +1.025554664577700e+06    +0.000000000000000e+00    -1.254618067009772e-02    -6.362480519256600e-02    +1.165159558510357e-01
+1.031999999999987e-08    +0.000000000000000e+00    +1.026549382972053e+06    +0.000000000000000e+00    -1.239926266682734e-02    -6.354838122785011e-02    +1.165522017449741e-01
+1.032999999999987e-08    +0.000000000000000e+00    +1.027544101366406e+06    +0.000000000000000e+00    -1.225206616335675e-02    -6.347186767734994e-02    +1.165884750773918e-01
+1.033999999999987e-08    +0.000000000000000e+00    +1.028538819760758e+06    +0.000000000000000e+00    -1.210458829233656e-02    -6.339526603927854e-02    +1.166247760543323e-01
+1.034999999999987e-08    +0.000000000000000e+00    +1.029533538155111e+06    +0.000000000000000e+00    -1.195682631662822e-02    -6.331857567216072e-02    +1.166611049237379e-01
+1.035999999999987e-08    +0.000000000000000e+00    +1.030528256549464e+06    +0.000000000000000e+00    -1.180877735683781e-02    -6.324179405634767e-02    +1.166974621730175e-01
+1.036999999999987e-08    +0.000000000000000e+00    +1.031522974943817e+06    +0.000000000000000e+00    -1.166043869984075e-02    -6.316492152234052e-02    +1.167338478199701e-01
+1.037999999999987e-08    +0.000000000000000e+00    +1.032517693338169e+06    +0.000000000000000e+00    -1.151180780281300e-02    -6.308795650247678e-02    +1.167702623770823e-01
+1.038999999999987e-08    +0.000000000000000e+00    +1.033512411732522e+06    +0.000000000000000e+00    -1.136288150041769e-02    -6.301090043245049e-02    +1.168067058039521e-01
+1.039999999999987e-08    +0.000000000000000e+00    +1.034507130126875e+06    +0.000000000000000e+00    -1.121365694098051e-02    -6.293374724709037e-02    +1.168431785876726e-01
+1.040999999999987e-08    +0.000000000000000e+00    +1.035501848521227e+06    +0.000000000000000e+00    -1.106413123592384e-02    -6.285649923769041e-02    +1.168796807983138e-01
+1.041999999999987e-08    +0.000000000000000e+00    +1.036496566915581e+06    +0.000000000000000e+00    -1.091430123873554e-02    -6.277915160394479e-02    +1.169162129931465e-01
+1.042999999999987e-08    +0.000000000000000e+00    +1.037491285309933e+06    +0.000000000000000e+00    -1.076416438440845e-02    -6.270170679814631e-02    +1.169527752971222e-01
+1.043999999999987e-08    +0.000000000000000e+00    +1.038486003704286e+06    +0.000000000000000e+00    -1.061371746185663e-02    -6.262416311847092e-02    +1.169893678269236e-01
+1.044999999999987e-08    +0.000000000000000e+00    +1.039480722098639e+06    +0.000000000000000e+00    -1.046295730230389e-02    -6.254651696075675e-02    +1.170259909448794e-01
+1.045999999999987e-08    +0.000000000000000e+00    +1.040475440492991e+06    +0.000000000000000e+00    -1.031188087193650e-02    -6.246876631307301e-02    +1.170626449059815e-01
+1.046999999999986e-08    +0.000000000000000e+00    +1.041470158887344e+06    +0.000000000000000e+00    -1.016048511104152e-02    -6.239091418392975e-02    +1.170993299513192e-01
+1.047999999999986e-08    +0.000000000000000e+00    +1.042464877281697e+06    +0.000000000000000e+00    -1.000876693821023e-02    -6.231295751679653e-02    +1.171360463870531e-01
+1.048999999999986e-08    +0.000000000000000e+00    +1.043459595676050e+06    +0.000000000000000e+00    -9.856723178125668e-03    -6.223489484922883e-02    +1.171727943666932e-01
+1.049999999999986e-08    +0.000000000000000e+00    +1.044454314070402e+06    +0.000000000000000e+00    -9.704350651735642e-03    -6.215672336521596e-02    +1.172095741176668e-01
+1.050999999999986e-08    +0.000000000000000e+00    +1.045449032464755e+06    +0.000000000000000e+00    -9.551645670795628e-03    -6.207844643862714e-02    +1.172463860693366e-01
+1.051999999999986e-08    +0.000000000000000e+00    +1.046443750859108e+06    +0.000000000000000e+00    -9.398605381644687e-03    -6.200005557517359e-02    +1.172832302878848e-01
+1.052999999999986e-08    +0.000000000000000e+00    +1.047438469253460e+06    +0.000000000000000e+00    -9.245226553173613e-03    -6.192155351886999e-02    +1.173201072084631e-01
+1.053999999999986e-08    +0.000000000000000e+00    +1.048433187647814e+06    +0.000000000000000e+00    -9.091505663896691e-03    -6.184293973081292e-02    +1.173570168455474e-01
+1.054999999999986e-08    +0.000000000000000e+00    +1.049427906042166e+06    +0.000000000000000e+00    -8.937439266116310e-03    -6.176421154749170e-02    +1.173939595075137e-01
+1.055999999999986e-08    +0.000000000000000e+00    +1.050422624436519e+06    +0.000000000000000e+00    -8.783024016760319e-03    -6.168537053754351e-02    +1.174309354195281e-01
+1.056999999999986e-08    +0.000000000000000e+00    +1.051417342830872e+06    +0.000000000000000e+00    -8.628256363642364e-03    -6.160640916825900e-02    +1.174679449682333e-01
+1.057999999999986e-08    +0.000000000000000e+00    +1.052412061225224e+06    +0.000000000000000e+00    -8.473132954893688e-03    -6.152732873812621e-02    +1.175049883426113e-01
+1.058999999999986e-08    +0.000000000000000e+00    +1.053406779619577e+06    +0.000000000000000e+00    -8.317650150793554e-03    -6.144813088096164e-02    +1.175420655334769e-01
+1.059999999999986e-08    +0.000000000000000e+00    +1.054401498013930e+06    +0.000000000000000e+00    -8.161804210991993e-03    -6.136881204342708e-02    +1.175791771366343e-01
+1.060999999999986e-08    +0.000000000000000e+00    +1.055396216408283e+06    +0.000000000000000e+00    -8.005591729666452e-03    -6.128936916655169e-02    +1.176163231549972e-01
+1.061999999999986e-08    +0.000000000000000e+00    +1.056390934802635e+06    +0.000000000000000e+00    -7.849009059209730e-03    -6.120980565095835e-02    +1.176535038541135e-01
+1.062999999999986e-08    +0.000000000000000e+00    +1.057385653196988e+06    +0.000000000000000e+00    -7.692052383998484e-03    -6.113011261776771e-02    +1.176907194796553e-01
+1.063999999999986e-08    +0.000000000000000e+00    +1.058380371591341e+06    +0.000000000000000e+00    -7.534717841605238e-03    -6.105029178929804e-02    +1.177279701453589e-01
+1.064999999999986e-08    +0.000000000000000e+00    +1.059375089985693e+06    +0.000000000000000e+00    -7.377001740793115e-03    -6.097034567147464e-02    +1.177652561450105e-01
+1.065999999999986e-08    +0.000000000000000e+00    +1.060369808380046e+06    +0.000000000000000e+00    -7.218900319241392e-03    -6.089026996167059e-02    +1.178025778959418e-01
+1.066999999999986e-08    +0.000000000000000e+00    +1.061364526774399e+06    +0.000000000000000e+00    -7.060409491829564e-03    -6.081006010995136e-02    +1.178399354851519e-01
+1.067999999999986e-08    +0.000000000000000e+00    +1.062359245168753e+06    +0.000000000000000e+00    -6.901525683706363e-03    -6.072971731936966e-02    +1.178773289398532e-01
+1.068999999999986e-08    +0.000000000000000e+00    +1.063353963563105e+06    +0.000000000000000e+00    -6.742244502775943e-03    -6.064923588402416e-02    +1.179147586424419e-01
+1.069999999999986e-08    +0.000000000000000e+00    +1.064348681957457e+06    +0.000000000000000e+00    -6.582561983231072e-03    -6.056862150658271e-02    +1.179522247121034e-01
+1.070999999999986e-08    +0.000000000000000e+00    +1.065343400351811e+06    +0.000000000000000e+00    -6.422474154219461e-03    -6.048786837478744e-02    +1.179897274672018e-01
+1.071999999999986e-08    +0.000000000000000e+00    +1.066338118746163e+06    +0.000000000000000e+00    -6.261976863682109e-03    -6.040697439608120e-02    +1.180272671408596e-01
+1.072999999999986e-08    +0.000000000000000e+00    +1.067332837140516e+06    +0.000000000000000e+00    -6.101065963120334e-03    -6.032593982671593e-02    +1.180648438939337e-01
+1.073999999999986e-08    +0.000000000000000e+00    +1.068327555534869e+06    +0.000000000000000e+00    -5.939737249084376e-03    -6.024475887406784e-02    +1.181024578234742e-01
+1.074999999999986e-08    +0.000000000000000e+00    +1.069322273929221e+06    +0.000000000000000e+00    -5.777986233768405e-03    -6.016343750127721e-02    +1.181401091205031e-01
+1.075999999999986e-08    +0.000000000000000e+00    +1.070316992323574e+06    +0.000000000000000e+00    -5.615808678864330e-03    -6.008196571484764e-02    +1.181777981025678e-01
+1.076999999999986e-08    +0.000000000000000e+00    +1.071311710717927e+06    +0.000000000000000e+00    -5.453200248142793e-03    -6.000034599124648e-02    +1.182155250084902e-01
+1.077999999999986e-08    +0.000000000000000e+00    +1.072306429112280e+06    +0.000000000000000e+00    -5.290156446649427e-03    -5.991857303474801e-02    +1.182532899172033e-01
+1.078999999999986e-08    +0.000000000000000e+00    +1.073301147506632e+06    +0.000000000000000e+00    -5.126672776602120e-03    -5.983664598468151e-02    +1.182910930668144e-01
+1.079999999999986e-08    +0.000000000000000e+00    +1.074295865900985e+06    +0.000000000000000e+00    -4.962744671342079e-03    -5.975456464989430e-02    +1.183289345017477e-01
+1.080999999999986e-08    +0.000000000000000e+00    +1.075290584295338e+06    +0.000000000000000e+00    -4.798367265591156e-03    -5.967232985264728e-02    +1.183668145127829e-01
+1.081999999999986e-08    +0.000000000000000e+00    +1.076285302689690e+06    +0.000000000000000e+00    -4.633536229743164e-03    -5.958993618296830e-02    +1.184047333411331e-01
+1.082999999999986e-08    +0.000000000000000e+00    +1.077280021084044e+06    +0.000000000000000e+00    -4.468246643836385e-03    -5.950738035713947e-02    +1.184426911273180e-01
+1.083999999999986e-08    +0.000000000000000e+00    +1.078274739478396e+06    +0.000000000000000e+00    -4.302493978983570e-03    -5.942466716489766e-02    +1.184806879945972e-01
+1.084999999999986e-08    +0.000000000000000e+00    +1.079269457872749e+06    +0.000000000000000e+00    -4.136273026398400e-03    -5.934178507408243e-02    +1.185187241449057e-01
+1.085999999999986e-08    +0.000000000000000e+00    +1.080264176267102e+06    +0.000000000000000e+00    -3.969579090271218e-03    -5.925873784924363e-02    +1.185567996161046e-01
+1.086999999999986e-08    +0.000000000000000e+00    +1.081258894661454e+06    +0.000000000000000e+00    -3.802406737869524e-03    -5.917552760987397e-02    +1.185949148297615e-01
+1.087999999999985e-08    +0.000000000000000e+00    +1.082253613055807e+06    +0.000000000000000e+00    -3.634751283550537e-03    -5.909214182535548e-02    +1.186330696751588e-01
+1.088999999999985e-08    +0.000000000000000e+00    +1.083248331450160e+06    +0.000000000000000e+00    -3.466607493174830e-03    -5.900858242489697e-02    +1.186712645397260e-01
+1.089999999999985e-08    +0.000000000000000e+00    +1.084243049844512e+06    +0.000000000000000e+00    -3.297970329459025e-03    -5.892485178224634e-02    +1.187094994967884e-01
+1.090999999999985e-08    +0.000000000000000e+00    +1.085237768238865e+06    +0.000000000000000e+00    -3.128834493980763e-03    -5.884094657026728e-02    +1.187477746682341e-01
+1.091999999999985e-08    +0.000000000000000e+00    +1.086232486633218e+06    +0.000000000000000e+00    -2.959194414233187e-03    -5.875686350373442e-02    +1.187860899241292e-01
+1.092999999999985e-08    +0.000000000000000e+00    +1.087227205027571e+06    +0.000000000000000e+00    -2.789044568526924e-03    -5.867259785493460e-02    +1.188244458267705e-01
+1.093999999999985e-08    +0.000000000000000e+00    +1.088221923421924e+06    +0.000000000000000e+00    -2.618379733311535e-03    -5.858814830292221e-02    +1.188628423661845e-01
+1.094999999999985e-08    +0.000000000000000e+00    +1.089216641816277e+06    +0.000000000000000e+00    -2.447194347274810e-03    -5.850351381140408e-02    +1.189012796938212e-01
+1.095999999999985e-08    +0.000000000000000e+00    +1.090211360210629e+06    +0.000000000000000e+00    -2.275482752486734e-03    -5.841869162157413e-02    +1.189397579964004e-01
+1.096999999999985e-08    +0.000000000000000e+00    +1.091206078604982e+06    +0.000000000000000e+00    -2.103238873255155e-03    -5.833367870938774e-02    +1.189782770291637e-01
+1.097999999999985e-08    +0.000000000000000e+00    +1.092200796999335e+06    +0.000000000000000e+00    -1.930457193653892e-03    -5.824847427936047e-02    +1.190168375698856e-01
+1.098999999999985e-08    +0.000000000000000e+00    +1.093195515393687e+06    +0.000000000000000e+00    -1.757132025232956e-03    -5.816307101246021e-02    +1.190554388849883e-01
+1.099999999999985e-08    +0.000000000000000e+00    +1.094190233788040e+06    +0.000000000000000e+00    -1.583256863548312e-03    -5.807747506716639e-02    +1.190940815550326e-01
+1.100999999999985e-08    +0.000000000000000e+00    +1.095184952182393e+06    +0.000000000000000e+00    -1.408825975187316e-03    -5.799168075780205e-02    +1.191327658556003e-01
+1.101999999999985e-08    +0.000000000000000e+00    +1.096179670576746e+06    +0.000000000000000e+00    -1.233832993668356e-03    -5.790567791138216e-02    +1.191714916183489e-01
+1.102999999999985e-08    +0.000000000000000e+00    +1.097174388971098e+06    +0.000000000000000e+00    -1.058272033375315e-03    -5.781947796627560e-02    +1.192102591700934e-01
+1.103999999999985e-08    +0.000000000000000e+00    +1.098169107365451e+06    +0.000000000000000e+00    -8.821365797580189e-04    -5.773306659756716e-02    +1.192490682841626e-01
+1.104999999999985e-08    +0.000000000000000e+00    +1.099163825759804e+06    +0.000000000000000e+00    -7.054200624180865e-04    -5.764644440090165e-02    +1.192879191609042e-01
+1.105999999999985e-08    +0.000000000000000e+00    +1.100158544154156e+06    +0.000000000000000e+00    -5.281158992503640e-04    -5.755961088547297e-02    +1.193268119633516e-01
+1.106999999999985e-08    +0.000000000000000e+00    +1.101153262548510e+06    +0.000000000000000e+00    -3.502175520539900e-04    -5.747255715804873e-02    +1.193657466578684e-01
+1.107999999999985e-08    +0.000000000000000e+00    +1.102147980942862e+06    +0.000000000000000e+00    -1.717182165813981e-04    -5.738528506386274e-02    +1.194047233939929e-01
+1.108999999999985e-08    +0.000000000000000e+00    +1.103142699337215e+06    +0.000000000000000e+00    +7.388456551651905e-06    -5.729779598864848e-02    +1.194437422437956e-01
+1.109999999999985e-08    +0.000000000000000e+00    +1.104137417731568e+06    +0.000000000000000e+00    +1.871100209765664e-04    -5.721007886543654e-02    +1.194828032091415e-01
+1.110999999999985e-08    +0.000000000000000e+00    +1.105132136125920e+06    +0.000000000000000e+00    +3.674531852041113e-04    -5.712213767508238e-02    +1.195219062450673e-01
+1.111999999999985e-08    +0.000000000000000e+00    +1.106126854520273e+06    +0.000000000000000e+00    +5.484253611861162e-04    -5.703396678364137e-02    +1.195610514532716e-01
+1.112999999999985e-08    +0.000000000000000e+00    +1.107121572914626e+06    +0.000000000000000e+00    +7.300335831835386e-04    -5.694556186379720e-02    +1.196002389264801e-01
+1.113999999999985e-08    +0.000000000000000e+00    +1.108116291308979e+06    +0.000000000000000e+00    +9.122852617430832e-04    -5.685692235268578e-02    +1.196394685479420e-01
+1.114999999999985e-08    +0.000000000000000e+00    +1.109111009703331e+06    +0.000000000000000e+00    +1.095188079361312e-03    -5.676804464459975e-02    +1.196787406354433e-01
+1.115999999999985e-08    +0.000000000000000e+00    +1.110105728097684e+06    +0.000000000000000e+00    +1.278749390499546e-03    -5.667892751570906e-02    +1.197180549340580e-01
+1.116999999999985e-08    +0.000000000000000e+00    +1.111100446492037e+06    +0.000000000000000e+00    +1.462976978958092e-03    -5.658956397278905e-02    +1.197574115518942e-01
+1.117999999999985e-08    +0.000000000000000e+00    +1.112095164886389e+06    +0.000000000000000e+00    +1.647878954303098e-03    -5.649995054701741e-02    +1.197968102810591e-01
+1.118999999999985e-08    +0.000000000000000e+00    +1.113089883280742e+06    +0.000000000000000e+00    +1.833463213056755e-03    -5.641008484619889e-02    +1.198362515482657e-01
+1.119999999999985e-08    +0.000000000000000e+00    +1.114084601675095e+06    +0.000000000000000e+00    +2.019737671079295e-03    -5.631996702510125e-02    +1.198757346190340e-01
+1.120999999999985e-08    +0.000000000000000e+00    +1.115079320069448e+06    +0.000000000000000e+00    +2.206710866266216e-03    -5.622958543598881e-02    +1.199152601120529e-01
+1.121999999999985e-08    +0.000000000000000e+00    +1.116074038463801e+06    +0.000000000000000e+00    +2.394391221738434e-03    -5.613894403692439e-02    +1.199548277155997e-01
+1.122999999999985e-08    +0.000000000000000e+00    +1.117068756858153e+06    +0.000000000000000e+00    +2.582786916727035e-03    -5.604803937753156e-02    +1.199944375256022e-01
+1.123999999999985e-08    +0.000000000000000e+00    +1.118063475252506e+06    +0.000000000000000e+00    +2.771906917134267e-03    -5.595686492593054e-02    +1.200340892981077e-01
+1.124999999999985e-08    +0.000000000000000e+00    +1.119058193646859e+06    +0.000000000000000e+00    +2.961760090136177e-03    -5.586541784439525e-02    +1.200737830229807e-01
+1.125999999999985e-08    +0.000000000000000e+00    +1.120052912041212e+06    +0.000000000000000e+00    +3.152355410514437e-03    -5.577369518611738e-02    +1.201135185275867e-01
+1.126999999999985e-08    +0.000000000000000e+00    +1.121047630435564e+06    +0.000000000000000e+00    +3.343701837847906e-03    -5.568169329643673e-02    +1.201532962424420e-01
+1.127999999999985e-08    +0.000000000000000e+00    +1.122042348829917e+06    +0.000000000000000e+00    +3.535808912441252e-03    -5.558940239761578e-02    +1.201931155225108e-01
+1.128999999999985e-08    +0.000000000000000e+00    +1.123037067224270e+06    +0.000000000000000e+00    +3.728685788474569e-03    -5.549682638928562e-02    +1.202329761988369e-01
+1.129999999999984e-08    +0.000000000000000e+00    +1.124031785618622e+06    +0.000000000000000e+00    +3.922342222448710e-03    -5.540396128552123e-02    +1.202728784135129e-01
+1.130999999999984e-08    +0.000000000000000e+00    +1.125026504012975e+06    +0.000000000000000e+00    +4.116788421335009e-03    -5.531079964694564e-02    +1.203128220830608e-01
+1.131999999999984e-08    +0.000000000000000e+00    +1.126021222407328e+06    +0.000000000000000e+00    +4.312033753617847e-03    -5.521733521203108e-02    +1.203528069240740e-01
+1.132999999999984e-08    +0.000000000000000e+00    +1.127015940801681e+06    +0.000000000000000e+00    +4.508088874202912e-03    -5.512357034319042e-02    +1.203928326832655e-01
+1.133999999999984e-08    +0.000000000000000e+00    +1.128010659196034e+06    +0.000000000000000e+00    +4.704963731435962e-03    -5.502949231083661e-02    +1.204328994925311e-01
+1.134999999999984e-08    +0.000000000000000e+00    +1.129005377590386e+06    +0.000000000000000e+00    +4.902669182000810e-03    -5.493510481802584e-02    +1.204730067727208e-01
+1.135999999999984e-08    +0.000000000000000e+00    +1.130000095984739e+06    +0.000000000000000e+00    +5.101215762066442e-03    -5.484039615022389e-02    +1.205131546334044e-01
+1.136999999999984e-08    +0.000000000000000e+00    +1.130994814379092e+06    +0.000000000000000e+00    +5.300614322718301e-03    -5.474536831737379e-02    +1.205533427375086e-01
+1.137999999999984e-08    +0.000000000000000e+00    +1.131989532773445e+06    +0.000000000000000e+00    +5.500876215686637e-03    -5.465001448631981e-02    +1.205935707465514e-01
+1.138999999999984e-08    +0.000000000000000e+00    +1.132984251167797e+06    +0.000000000000000e+00    +5.702012790731906e-03    -5.455433314429858e-02    +1.206338388029458e-01
+1.139999999999984e-08    +0.000000000000000e+00    +1.133978969562150e+06    +0.000000000000000e+00    +5.904035260130683e-03    -5.445831294493064e-02    +1.206741462319982e-01
+1.140999999999984e-08    +0.000000000000000e+00    +1.134973687956503e+06    +0.000000000000000e+00    +6.106955898606930e-03    -5.436195405818098e-02    +1.207144930797745e-01
+1.141999999999984e-08    +0.000000000000000e+00    +1.135968406350855e+06    +0.000000000000000e+00    +6.310786387503859e-03    -5.426524684785636e-02    +1.207548788482396e-01
+1.142999999999984e-08    +0.000000000000000e+00    +1.136963124745209e+06    +0.000000000000000e+00    +6.515539005465349e-03    -5.416818840771540e-02    +1.207953032756444e-01
+1.143999999999984e-08    +0.000000000000000e+00    +1.137957843139561e+06    +0.000000000000000e+00    +6.721226257636501e-03    -5.407077585073215e-02    +1.208357659416267e-01
+1.144999999999984e-08    +0.000000000000000e+00    +1.138952561533913e+06    +0.000000000000000e+00    +6.927861028118923e-03    -5.397299967976567e-02    +1.208762666431581e-01
+1.145999999999984e-08    +0.000000000000000e+00    +1.139947279928267e+06    +0.000000000000000e+00    +7.135456276877587e-03    -5.387485626392428e-02    +1.209168049698858e-01
+1.146999999999984e-08    +0.000000000000000e+00    +1.140941998322619e+06    +0.000000000000000e+00    +7.344025079190124e-03    -5.377634234729212e-02    +1.209573805813221e-01
+1.147999999999984e-08    +0.000000000000000e+00    +1.141936716716972e+06    +0.000000000000000e+00    +7.553581115730465e-03    -5.367744792925403e-02    +1.209979930478300e-01
+1.148999999999984e-08    +0.000000000000000e+00    +1.142931435111325e+06    +0.000000000000000e+00    +7.764138184896728e-03    -5.357816746960371e-02    +1.210386417647542e-01
+1.149999999999984e-08    +0.000000000000000e+00    +1.143926153505678e+06    +0.000000000000000e+00    +7.975710440091321e-03    -5.347850173715825e-02    +1.210793266476928e-01
+1.150999999999984e-08    +0.000000000000000e+00    +1.144920871900030e+06    +0.000000000000000e+00    +8.188311832660316e-03    -5.337844022665232e-02    +1.211200470597878e-01
+1.151999999999984e-08    +0.000000000000000e+00    +1.145915590294383e+06    +0.000000000000000e+00    +8.401957498192978e-03    -5.327797546404978e-02    +1.211608023839673e-01
+1.152999999999984e-08    +0.000000000000000e+00    +1.146910308688736e+06    +0.000000000000000e+00    +8.616662318732534e-03    -5.317710431175922e-02    +1.212015921679202e-01
+1.153999999999984e-08    +0.000000000000000e+00    +1.147905027083088e+06    +0.000000000000000e+00    +8.832441625893129e-03    -5.307581696431516e-02    +1.212424159025483e-01
+1.154999999999984e-08    +0.000000000000000e+00    +1.148899745477441e+06    +0.000000000000000e+00    +9.049311022681562e-03    -5.297411062074331e-02    +1.212832731461879e-01
+1.155999999999984e-08    +0.000000000000000e+00    +1.149894463871794e+06    +0.000000000000000e+00    +9.267286581368776e-03    -5.287197497718758e-02    +1.213241632429918e-01
+1.156999999999984e-08    +0.000000000000000e+00    +1.150889182266146e+06    +0.000000000000000e+00    +9.486384306968675e-03    -5.276940709194533e-02    +1.213650852718444e-01
+1.157999999999984e-08    +0.000000000000000e+00    +1.151883900660500e+06    +0.000000000000000e+00    +9.706621303323998e-03    -5.266639575128942e-02    +1.214060388490674e-01
+1.158999999999984e-08    +0.000000000000000e+00    +1.152878619054852e+06    +0.000000000000000e+00    +9.928014619228133e-03    -5.256293776361996e-02    +1.214470233220521e-01
+1.159999999999984e-08    +0.000000000000000e+00    +1.153873337449206e+06    +0.000000000000000e+00    +1.015058167953826e-02    -5.245902159530406e-02    +1.214880379017794e-01
+1.160999999999984e-08    +0.000000000000000e+00    +1.154868055843558e+06    +0.000000000000000e+00    +1.037434020091619e-02    -5.235464282616844e-02    +1.215290820186802e-01
+1.161999999999984e-08    +0.000000000000000e+00    +1.155862774237911e+06    +0.000000000000000e+00    +1.059930836170054e-02    -5.224979519779625e-02    +1.215701544186786e-01
+1.162999999999984e-08    +0.000000000000000e+00    +1.156857492632263e+06    +0.000000000000000e+00    +1.082550531449229e-02    -5.214446251730962e-02    +1.216112547938855e-01
+1.163999999999984e-08    +0.000000000000000e+00    +1.157852211026616e+06    +0.000000000000000e+00    +1.105294977090954e-02    -5.203864647994142e-02    +1.216523819749759e-01
+1.164999999999984e-08    +0.000000000000000e+00    +1.158846929420969e+06    +0.000000000000000e+00    +1.128166168073879e-02    -5.193233495129219e-02    +1.216935353046255e-01
+1.165999999999984e-08    +0.000000000000000e+00    +1.159841647815321e+06    +0.000000000000000e+00    +1.151166068681123e-02    -5.182551875319998e-02    +1.217347137229387e-01
+1.166999999999984e-08    +0.000000000000000e+00    +1.160836366209675e+06    +0.000000000000000e+00    +1.174296759313915e-02    -5.171819092387127e-02    +1.217759162091951e-01
+1.167999999999984e-08    +0.000000000000000e+00    +1.161831084604027e+06    +0.000000000000000e+00    +1.197560361353743e-02    -5.161034362140617e-02    +1.218171418647093e-01
+1.168999999999984e-08    +0.000000000000000e+00    +1.162825802998379e+06    +0.000000000000000e+00    +1.220959020922783e-02    -5.150195920512449e-02    +1.218583895678778e-01
+1.169999999999984e-08    +0.000000000000000e+00    +1.163820521392733e+06    +0.000000000000000e+00    +1.244494911228134e-02    -5.139304557499510e-02    +1.218996583644452e-01
+1.170999999999983e-08    +0.000000000000000e+00    +1.164815239787085e+06    +0.000000000000000e+00    +1.268170329964396e-02    -5.128357938498531e-02    +1.219409468648943e-01
+1.171999999999983e-08    +0.000000000000000e+00    +1.165809958181439e+06    +0.000000000000000e+00    +1.291987603922236e-02    -5.117355172360462e-02    +1.219822539848516e-01
+1.172999999999983e-08    +0.000000000000000e+00    +1.166804676575791e+06    +0.000000000000000e+00    +1.315949124173394e-02    -5.106295272797887e-02    +1.220235784826791e-01
+1.173999999999983e-08    +0.000000000000000e+00    +1.167799394970144e+06    +0.000000000000000e+00    +1.340057327751225e-02    -5.095177353062128e-02    +1.220649190466133e-01
+1.174999999999983e-08    +0.000000000000000e+00    +1.168794113364497e+06    +0.000000000000000e+00    +1.364314696502933e-02    -5.084000968342679e-02    +1.221062743222085e-01
+1.175999999999983e-08    +0.000000000000000e+00    +1.169788831758849e+06    +0.000000000000000e+00    +1.388723843276283e-02    -5.072763833589071e-02    +1.221476428987106e-01
+1.176999999999983e-08    +0.000000000000000e+00    +1.170783550153202e+06    +0.000000000000000e+00    +1.413287396815055e-02    -5.061465655180132e-02    +1.221890231796983e-01
+1.177999999999983e-08    +0.000000000000000e+00    +1.171778268547555e+06    +0.000000000000000e+00    +1.438008084737189e-02    -5.050105069345805e-02    +1.222304137567837e-01
+1.178999999999983e-08    +0.000000000000000e+00    +1.172772986941908e+06    +0.000000000000000e+00    +1.462888707882176e-02    -5.038680735803856e-02    +1.222718128733022e-01
+1.179999999999983e-08    +0.000000000000000e+00    +1.173767705336260e+06    +0.000000000000000e+00    +1.487932069116066e-02    -5.027191823347128e-02    +1.223132192128724e-01
+1.180999999999983e-08    +0.000000000000000e+00    +1.174762423730613e+06    +0.000000000000000e+00    +1.513141164823132e-02    -5.015637210133485e-02    +1.223546305060743e-01
+1.181999999999983e-08    +0.000000000000000e+00    +1.175757142124966e+06    +0.000000000000000e+00    +1.538519027006183e-02    -5.004015041684957e-02    +1.223960451619482e-01
+1.182999999999983e-08    +0.000000000000000e+00    +1.176751860519318e+06    +0.000000000000000e+00    +1.564068790016239e-02    -4.992324110527393e-02    +1.224374612582274e-01
+1.183999999999983e-08    +0.000000000000000e+00    +1.177746578913671e+06    +0.000000000000000e+00    +1.589793628513813e-02    -4.980563538957451e-02    +1.224788767648749e-01
+1.184999999999983e-08    +0.000000000000000e+00    +1.178741297308024e+06    +0.000000000000000e+00    +1.615696849807864e-02    -4.968731413139465e-02    +1.225202897040832e-01
+1.185999999999983e-08    +0.000000000000000e+00    +1.179736015702377e+06    +0.000000000000000e+00    +1.641781851226928e-02    -4.956826739265512e-02    +1.225616977191762e-01
+1.186999999999983e-08    +0.000000000000000e+00    +1.180730734096730e+06    +0.000000000000000e+00    +1.668052156753020e-02    -4.944847074943161e-02    +1.226030985880832e-01
+1.187999999999983e-08    +0.000000000000000e+00    +1.181725452491082e+06    +0.000000000000000e+00    +1.694511363060457e-02    -4.932791451104283e-02    +1.226444899936022e-01
+1.188999999999983e-08    +0.000000000000000e+00    +1.182720170885435e+06    +0.000000000000000e+00    +1.721163190767893e-02    -4.920658355136540e-02    +1.226858694258344e-01
+1.189999999999983e-08    +0.000000000000000e+00    +1.183714889279788e+06    +0.000000000000000e+00    +1.748011470284756e-02    -4.908445897063538e-02    +1.227272343536771e-01
+1.190999999999983e-08    +0.000000000000000e+00    +1.184709607674141e+06    +0.000000000000000e+00    +1.775060132047472e-02    -4.896152631297621e-02    +1.227685818663805e-01
+1.191999999999983e-08    +0.000000000000000e+00    +1.185704326068493e+06    +0.000000000000000e+00    +1.802313296802194e-02    -4.883777115626887e-02    +1.228099091805945e-01
+1.192999999999983e-08    +0.000000000000000e+00    +1.186699044462846e+06    +0.000000000000000e+00    +1.829775151941187e-02    -4.871317054926114e-02    +1.228512135470330e-01
+1.193999999999983e-08    +0.000000000000000e+00    +1.187693762857199e+06    +0.000000000000000e+00    +1.857450048987109e-02    -4.858770658601015e-02    +1.228924915534757e-01
+1.194999999999983e-08    +0.000000000000000e+00    +1.188688481251551e+06    +0.000000000000000e+00    +1.885342489469749e-02    -4.846136060277738e-02    +1.229337400955099e-01
+1.195999999999983e-08    +0.000000000000000e+00    +1.189683199645904e+06    +0.000000000000000e+00    +1.913457113085056e-02    -4.833411202085110e-02    +1.229749559025861e-01
+1.196999999999983e-08    +0.000000000000000e+00    +1.190677918040257e+06    +0.000000000000000e+00    +1.941798717823780e-02    -4.820594277287578e-02    +1.230161352855917e-01
+1.197999999999983e-08    +0.000000000000000e+00    +1.191672636434610e+06    +0.000000000000000e+00    +1.970372252716116e-02    -4.807682826545587e-02    +1.230572744743160e-01
+1.198999999999983e-08    +0.000000000000000e+00    +1.192667354828963e+06    +0.000000000000000e+00    +1.999182868146369e-02    -4.794674700489835e-02    +1.230983696524988e-01
+1.199999999999983e-08    +0.000000000000000e+00    +1.193662073223315e+06    +0.000000000000000e+00    +2.028235917621267e-02    -4.781567776604416e-02    +1.231394165867241e-01
+1.200999999999983e-08    +0.000000000000000e+00    +1.194656791617668e+06    +0.000000000000000e+00    +2.057536876720931e-02    -4.768359409825744e-02    +1.231804110909168e-01
+1.201999999999983e-08    +0.000000000000000e+00    +1.195651510012021e+06    +0.000000000000000e+00    +2.087091454779238e-02    -4.755047601716614e-02    +1.232213487636589e-01
+1.202999999999983e-08    +0.000000000000000e+00    +1.196646228406374e+06    +0.000000000000000e+00    +2.116905584466331e-02    -4.741629259610065e-02    +1.232622248838166e-01
+1.203999999999983e-08    +0.000000000000000e+00    +1.197640946800726e+06    +0.000000000000000e+00    +2.146985397700454e-02    -4.728102225245977e-02    +1.233030341025075e-01
+1.204999999999983e-08    +0.000000000000000e+00    +1.198635665195079e+06    +0.000000000000000e+00    +2.177337270664978e-02    -4.714463349563128e-02    +1.233437715332794e-01
+1.205999999999983e-08    +0.000000000000000e+00    +1.199630383589432e+06    +0.000000000000000e+00    +2.207967869128663e-02    -4.700710160942158e-02    +1.233844317494853e-01
+1.206999999999983e-08    +0.000000000000000e+00    +1.200625101983784e+06    +0.000000000000000e+00    +2.238884002197599e-02    -4.686839340810210e-02    +1.234250091362350e-01
+1.207999999999983e-08    +0.000000000000000e+00    +1.201619820378137e+06    +0.000000000000000e+00    +2.270092871075183e-02    -4.672847840836549e-02    +1.234654972174769e-01
+1.208999999999983e-08    +0.000000000000000e+00    +1.202614538772490e+06    +0.000000000000000e+00    +2.301601909970195e-02    -4.658732225500038e-02    +1.235058899357853e-01
+1.209999999999983e-08    +0.000000000000000e+00    +1.203609257166843e+06    +0.000000000000000e+00    +2.333418844101694e-02    -4.644489412189817e-02    +1.235461805671718e-01
+1.210999999999983e-08    +0.000000000000000e+00    +1.204603975561196e+06    +0.000000000000000e+00    +2.365551752185518e-02    -4.630116106424265e-02    +1.235863618462704e-01
+1.211999999999982e-08    +0.000000000000000e+00    +1.205598693955548e+06    +0.000000000000000e+00    +2.398009032451658e-02    -4.615608187225465e-02    +1.236264266065748e-01
+1.212999999999982e-08    +0.000000000000000e+00    +1.206593412349902e+06    +0.000000000000000e+00    +2.430799495338278e-02    -4.600961897852975e-02    +1.236663667024409e-01
+1.213999999999982e-08    +0.000000000000000e+00    +1.207588130744254e+06    +0.000000000000000e+00    +2.463932261819420e-02    -4.586173432592898e-02    +1.237061741577392e-01
+1.214999999999982e-08    +0.000000000000000e+00    +1.208582849138607e+06    +0.000000000000000e+00    +2.497416887300550e-02    -4.571238634392066e-02    +1.237458401158566e-01
+1.215999999999982e-08    +0.000000000000000e+00    +1.209577567532960e+06    +0.000000000000000e+00    +2.531263336061230e-02    -4.556153253335939e-02    +1.237853552955011e-01
+1.216999999999982e-08    +0.000000000000000e+00    +1.210572285927312e+06    +0.000000000000000e+00    +2.565482084990640e-02    -4.540912310445572e-02    +1.238247099027799e-01
+1.217999999999982e-08    +0.000000000000000e+00    +1.211567004321665e+06    +0.000000000000000e+00    +2.600084079967542e-02    -4.525511606832422e-02    +1.238638934671309e-01
+1.218999999999982e-08    +0.000000000000000e+00    +1.212561722716018e+06    +0.000000000000000e+00    +2.635080756443644e-02    -4.509945663816585e-02    +1.239028952055789e-01
+1.219999999999982e-08    +0.000000000000000e+00    +1.213556441110370e+06    +0.000000000000000e+00    +2.670484122890103e-02    -4.494209409006508e-02    +1.239417035334188e-01
+1.220999999999982e-08    +0.000000000000000e+00    +1.214551159504723e+06    +0.000000000000000e+00    +2.706306771582797e-02    -4.478296948108768e-02    +1.239803059658273e-01
+1.221999999999982e-08    +0.000000000000000e+00    +1.215545877899076e+06    +0.000000000000000e+00    +2.742561947801885e-02    -4.462203141449196e-02    +1.240186892668323e-01
+1.222999999999982e-08    +0.000000000000000e+00    +1.216540596293428e+06    +0.000000000000000e+00    +2.779263564340312e-02    -4.445921339684972e-02    +1.240568396454410e-01
+1.223999999999982e-08    +0.000000000000000e+00    +1.217535314687781e+06    +0.000000000000000e+00    +2.816426262874632e-02    -4.429445492707682e-02    +1.240947423784483e-01
+1.224999999999982e-08    +0.000000000000000e+00    +1.218530033082135e+06    +0.000000000000000e+00    +2.854065449966825e-02    -4.412768451363704e-02    +1.241323815273872e-01
+1.225999999999982e-08    +0.000000000000000e+00    +1.219524751476487e+06    +0.000000000000000e+00    +2.892197350752656e-02    -4.395883396416420e-02    +1.241697401222314e-01
+1.226999999999982e-08    +0.000000000000000e+00    +1.220519469870840e+06    +0.000000000000000e+00    +2.930839129173356e-02    -4.378782490597265e-02    +1.242068002715140e-01
+1.227999999999982e-08    +0.000000000000000e+00    +1.221514188265193e+06    +0.000000000000000e+00    +2.970008974728829e-02    -4.361457946968099e-02    +1.242435426920831e-01
+1.228999999999982e-08    +0.000000000000000e+00    +1.222508906659545e+06    +0.000000000000000e+00    +3.009725980638169e-02    -4.343900744900982e-02    +1.242799467928543e-01
+1.229999999999982e-08    +0.000000000000000e+00    +1.223503625053898e+06    +0.000000000000000e+00    +3.050010444766733e-02    -4.326102613788500e-02    +1.243159905128515e-01
+1.230999999999982e-08    +0.000000000000000e+00    +1.224498343448251e+06    +0.000000000000000e+00    +3.090883912185918e-02    -4.308053949178541e-02    +1.243516500069754e-01
+1.231999999999982e-08    +0.000000000000000e+00    +1.225493061842603e+06    +0.000000000000000e+00    +3.132369214399994e-02    -4.289744607494012e-02    +1.243868999788113e-01
+1.232999999999982e-08    +0.000000000000000e+00    +1.226487780236956e+06    +0.000000000000000e+00    +3.174490655344020e-02    -4.271163762496342e-02    +1.244217129924760e-01
+1.233999999999982e-08    +0.000000000000000e+00    +1.227482498631309e+06    +0.000000000000000e+00    +3.217274072613330e-02    -4.252299688475958e-02    +1.244560596272219e-01
+1.234999999999982e-08    +0.000000000000000e+00    +1.228477217025661e+06    +0.000000000000000e+00    +3.260747009128370e-02    -4.233140382149701e-02    +1.244899077849590e-01
+1.235999999999982e-08    +0.000000000000000e+00    +1.229471935420014e+06    +0.000000000000000e+00    +3.304938906631237e-02    -4.213672652686217e-02    +1.245232230405466e-01
+1.236999999999982e-08    +0.000000000000000e+00    +1.230466653814367e+06    +0.000000000000000e+00    +3.349881255791755e-02    -4.193882351299090e-02    +1.245559679478550e-01
+1.237999999999982e-08    +0.000000000000000e+00    +1.231461372208720e+06    +0.000000000000000e+00    +3.395607725585865e-02    -4.173754740750485e-02    +1.245881022253268e-01
+1.238999999999982e-08    +0.000000000000000e+00    +1.232456090603073e+06    +0.000000000000000e+00    +3.442154469439229e-02    -4.153273456193231e-02    +1.246195816775108e-01
+1.239999999999982e-08    +0.000000000000000e+00    +1.233450808997426e+06    +0.000000000000000e+00    +3.489560339495668e-02    -4.132421723347220e-02    +1.246503583230836e-01
+1.240999999999982e-08    +0.000000000000000e+00    +1.234445527391778e+06    +0.000000000000000e+00    +3.537867210112332e-02    -4.111179980997333e-02    +1.246803794825728e-01
+1.241999999999982e-08    +0.000000000000000e+00    +1.235440245786131e+06    +0.000000000000000e+00    +3.587120237908570e-02    -4.089528509050611e-02    +1.247095879978507e-01
+1.242999999999982e-08    +0.000000000000000e+00    +1.236434964180484e+06    +0.000000000000000e+00    +3.637368223832725e-02    -4.067445166912545e-02    +1.247379209199049e-01
+1.243999999999982e-08    +0.000000000000000e+00    +1.237429682574837e+06    +0.000000000000000e+00    +3.688664081120581e-02    -4.044906308128364e-02    +1.247653090264297e-01
+1.244999999999982e-08    +0.000000000000000e+00    +1.238424400969189e+06    +0.000000000000000e+00    +3.741065247758742e-02    -4.021886310068325e-02    +1.247916758453232e-01
+1.245999999999982e-08    +0.000000000000000e+00    +1.239419119363542e+06    +0.000000000000000e+00    +3.794634299677987e-02    -3.998356610029870e-02    +1.248169370183960e-01
+1.246999999999982e-08    +0.000000000000000e+00    +1.240413837757895e+06    +0.000000000000000e+00    +3.849439532460362e-02    -3.974286836267756e-02    +1.248409989456125e-01
+1.247999999999982e-08    +0.000000000000000e+00    +1.241408556152247e+06    +0.000000000000000e+00    +3.905555644601509e-02    -3.949642568236043e-02    +1.248637576883798e-01
+1.248999999999982e-08    +0.000000000000000e+00    +1.242403274546600e+06    +0.000000000000000e+00    +3.963064648041013e-02    -3.924387288616207e-02    +1.248850967124411e-01
+1.249999999999982e-08    +0.000000000000000e+00    +1.243397992940953e+06    +0.000000000000000e+00    +4.022056872240683e-02    -3.898479816369729e-02    +1.249048858426578e-01
+1.250999999999982e-08    +0.000000000000000e+00    +1.244392711335306e+06    +0.000000000000000e+00    +4.082631971677318e-02    -3.871875137526633e-02    +1.249229789477444e-01
+1.251999999999982e-08    +0.000000000000000e+00    +1.245387429729659e+06    +0.000000000000000e+00    +4.144900508076943e-02    -3.844522633127835e-02    +1.249392105461224e-01
+1.252999999999982e-08    +0.000000000000000e+00    +1.246382148124011e+06    +0.000000000000000e+00    +4.208985378448886e-02    -3.816366737198645e-02    +1.249533933252773e-01
+1.253999999999981e-08    +0.000000000000000e+00    +1.247376866518364e+06    +0.000000000000000e+00    +4.275023740247941e-02    -3.787344349254069e-02    +1.249653138633309e-01
+1.254999999999981e-08    +0.000000000000000e+00    +1.248371584912717e+06    +0.000000000000000e+00    +4.343169475788624e-02    -3.757385275124225e-02    +1.249747280741162e-01
+1.255999999999981e-08    +0.000000000000000e+00    +1.249366303307069e+06    +0.000000000000000e+00    +4.413595797423542e-02    -3.726410505172413e-02    +1.249813548506604e-01
+1.256999999999981e-08    +0.000000000000000e+00    +1.250361021701422e+06    +0.000000000000000e+00    +4.486498652272175e-02    -3.694329474102864e-02    +1.249848692736372e-01
+1.257999999999981e-08    +0.000000000000000e+00    +1.251355740095775e+06    +0.000000000000000e+00    +4.562100881095736e-02    -3.661039576294627e-02    +1.249848932536038e-01
+1.258999999999981e-08    +0.000000000000000e+00    +1.252350458490128e+06    +0.000000000000000e+00    +4.640657203957019e-02    -3.626422952060721e-02    +1.249809833814754e-01
+1.259999999999981e-08    +0.000000000000000e+00    +1.253345176884480e+06    +0.000000000000000e+00    +4.722460649515260e-02    -3.590343980188439e-02    +1.249726166784507e-01
+1.260999999999981e-08    +0.000000000000000e+00    +1.254339895278833e+06    +0.000000000000000e+00    +4.807850284642447e-02    -3.552645485613555e-02    +1.249591714656668e-01
+1.261999999999981e-08    +0.000000000000000e+00    +1.255334613673186e+06    +0.000000000000000e+00    +4.897221302134873e-02    -3.513143100767156e-02    +1.249399022869744e-01
+1.262999999999981e-08    +0.000000000000000e+00    +1.256329332067539e+06    +0.000000000000000e+00    +4.991037761640106e-02    -3.471619552163731e-02    +1.249139074827511e-01
+1.263999999999981e-08    +0.000000000000000e+00    +1.257324050461892e+06    +0.000000000000000e+00    +5.089848985359290e-02    -3.427816814195507e-02    +1.248800849118285e-01
+1.264999999999981e-08    +0.000000000000000e+00    +1.258318768856244e+06    +0.000000000000000e+00    +5.194311251588309e-02    -3.381425050812482e-02    +1.248370733605575e-01
+1.265999999999981e-08    +0.000000000000000e+00    +1.259313487250597e+06    +0.000000000000000e+00    +5.305216323423063e-02    -3.332069501827973e-02    +1.247831701538862e-01
+1.266999999999981e-08    +0.000000000000000e+00    +1.260308205644950e+06    +0.000000000000000e+00    +5.423530021229108e-02    -3.279289308835674e-02    +1.247162182412498e-01
+1.267999999999981e-08    +0.000000000000000e+00    +1.261302924039303e+06    +0.000000000000000e+00    +5.550444809141857e-02    -3.222513018191200e-02    +1.246334424593467e-01
+1.268999999999981e-08    +0.000000000000000e+00    +1.262297642433655e+06    +0.000000000000000e+00    +5.687453172108246e-02    -3.161019969746035e-02    +1.245312134765376e-01
+1.269999999999981e-08    +0.000000000000000e+00    +1.263292360828008e+06    +0.000000000000000e+00    +5.836451895679989e-02    -3.093887443344268e-02    +1.244046925504348e-01
+1.270999999999981e-08    +0.000000000000000e+00    +1.264287079222361e+06    +0.000000000000000e+00    +5.999893551662729e-02    -3.019910885393860e-02    +1.242472905964926e-01
+1.271999999999981e-08    +0.000000000000000e+00    +1.265281797616713e+06    +0.000000000000000e+00    +6.181012486366359e-02    -2.937485332106280e-02    +1.240498107421744e-01
+1.272999999999981e-08    +0.000000000000000e+00    +1.266276516011066e+06    +0.000000000000000e+00    +6.384171864594668e-02    -2.844419326416809e-02    +1.237990452613776e-01
+1.273999999999981e-08    +0.000000000000000e+00    +1.267271234405419e+06    +0.000000000000000e+00    +6.615414796856481e-02    -2.737630141547997e-02    +1.234753816056637e-01
+1.274999999999981e-08    +0.000000000000000e+00    +1.268265952799771e+06    +0.000000000000000e+00    +6.883375087838642e-02    -2.612632314248480e-02    +1.230485197518221e-01
+1.275999999999981e-08    +0.000000000000000e+00    +1.269260671194125e+06    +0.000000000000000e+00    +7.200851500629166e-02    -2.462620403168590e-02    +1.224693497987457e-01
+1.276999999999981e-08    +0.000000000000000e+00    +1.270255389588478e+06    +0.000000000000000e+00    +7.587686154602749e-02    -2.276719111724689e-02    +1.216534293665527e-01
+1.277999999999981e-08    +0.000000000000000e+00    +1.271250107982830e+06    +0.000000000000000e+00    +8.076381575469491e-02    -2.036375700937088e-02    +1.204443084842423e-01
+1.278999999999981e-08    +0.000000000000000e+00    +1.272244826377183e+06    +0.000000000000000e+00    +8.723974781975977e-02    -1.707090235311491e-02    +1.185224444196101e-01
+1.279999999999981e-08    +0.000000000000000e+00    +1.273239544771536e+06    +0.000000000000000e+00    +9.639597723314079e-02    -1.216688351049810e-02    +1.151427400232518e-01
+1.280999999999981e-08    +0.000000000000000e+00    +1.274234263165888e+06    +0.000000000000000e+00    +1.105444444344911e-01    -3.862701892457204e-03    +1.082060776100557e-01
+1.281999999999981e-08    +0.000000000000000e+00    +1.275228981560241e+06    +0.000000000000000e+00    +1.348140433851632e-01    +1.355564755803746e-02    +8.989144626330328e-02
+1.282999999999981e-08    +0.000000000000000e+00    +1.276223699954594e+06    +0.000000000000000e+00    +1.682320874054005e-01    +6.394506319407252e-02    +2.165469433077450e-02
+1.283999999999981e-08    +0.000000000000000e+00    +1.277218418348946e+06    +0.000000000000000e+00    +8.228727534066949e-02    +1.762366182597512e-01    -1.174413391790706e-01
+1.284999999999981e-08    +0.000000000000000e+00    +1.278213136743299e+06    +0.000000000000000e+00    -8.906095549952667e-02    +2.885673830096754e-01    -9.051630638325679e-02
+1.285999999999981e-08    +0.000000000000000e+00    +1.279207855137652e+06    +0.000000000000000e+00    -1.014439482456230e-01    +3.991540057961886e-01    +7.226829472751185e-02
+1.286999999999981e-08    +0.000000000000000e+00    +1.280202573532004e+06    +0.000000000000000e+00    +5.493270325407855e-02    +5.097068522282677e-01    +1.105195178974176e-01
+1.287999999999981e-08    +0.000000000000000e+00    +1.281197291926358e+06    +0.000000000000000e+00    +1.174185663161488e-01    +6.203255704561279e-01    -3.718945293913765e-02
+1.288999999999981e-08    +0.000000000000000e+00    +1.282192010320710e+06    +0.000000000000000e+00    -1.912710137698261e-02    +7.317620748042606e-01    -1.215203815691406e-01
+1.289999999999981e-08    +0.000000000000000e+00    +1.283186728715063e+06    +0.000000000000000e+00    -1.203002609042746e-01    +8.521872204787249e-01    +7.804019008803497e-03
+1.290999999999981e-08    +0.000000000000000e+00    +1.284181447109416e+06    +0.000000000000000e+00    +2.766929434626862e-02    +9.964729029933969e-01    +1.558932283593812e-02
+1.291999999999981e-08    +0.000000000000000e+00    +1.285176165503769e+06    +0.000000000000000e+00    -8.559657393204953e-04    +9.999795121304832e-01    -2.130268696621421e-05
+1.292999999999981e-08    +0.000000000000000e+00    +1.286170883898121e+06    +0.000000000000000e+00    +1.994562622191951e-05    +9.999812533376493e-01    -1.023201701574785e-05
+1.293999999999981e-08    +0.000000000000000e+00    +1.287165602292474e+06    +0.000000000000000e+00    -3.218422317025733e-07    +9.999812340090950e-01    +4.850203269228810e-07
+1.294999999999980e-08    +0.000000000000000e+00    +1.288160320686827e+06    +0.000000000000000e+00    -2.098628710677677e-09    +9.999812158839273e-01    -1.394901239659798e-08
+1.295999999999980e-08    +0.000000000000000e+00    +1.289155039081179e+06    +0.000000000000000e+00    -2.596336976682702e-10    +9.999811996090617e-01    +5.481817230593874e-10
+1.296999999999980e-08    +0.000000000000000e+00    +1.290149757475532e+06    +0.000000000000000e+00    -2.268351934879064e-09    +9.999811851830659e-01    -1.234767776561171e-09
+1.297999999999980e-08    +0.000000000000000e+00    +1.291144475869885e+06    +0.000000000000000e+00    -1.453435956481898e-09    +9.999811689021870e-01    -1.839184850584551e-09
+1.298999999999980e-08    +0.000000000000000e+00    +1.292139194264237e+06    +0.000000000000000e+00    +9.673890341596247e-10    +9.999811531389508e-01    -7.011518067092123e-09
+1.299999999999980e-08    +0.000000000000000e+00    +1.293133912658591e+06    +0.000000000000000e+00    +1.436371439087066e-09    +9.999811348823057e-01    -2.317614827186849e-09
+1.300999999999980e-08    +0.000000000000000e+00    +1.294128631052943e+06    +0.000000000000000e+00    +2.457589001913780e-09    +9.999811200982041e-01    -1.200381668765960e-09
+1.301999999999980e-08    +0.000000000000000e+00    +1.295123349447296e+06    +0.000000000000000e+00    -1.483462245289938e-09    +9.999811060821978e-01    -1.146440909682135e-09
+1.302999999999980e-08    +0.000000000000000e+00    +1.296118067841649e+06    +0.000000000000000e+00    -8.211082065985613e-10    +9.999810884854444e-01    -1.163693616129918e-09
+1.303999999999980e-08    +0.000000000000000e+00    +1.297112786236002e+06    +0.000000000000000e+00    +8.291458334859519e-10    +9.999810734212785e-01    -4.507926430665850e-09
+1.304999999999980e-08    +0.000000000000000e+00    +1.298107504630354e+06    +0.000000000000000e+00    +1.526783786092460e-09    +9.999810559131834e-01    -2.163658709784986e-09
+1.305999999999980e-08    +0.000000000000000e+00    +1.299102223024707e+06    +0.000000000000000e+00    +2.589467067588187e-09    +9.999810394738369e-01    -1.357829502603843e-09
+1.306999999999980e-08    +0.000000000000000e+00    +1.300096941419060e+06    +0.000000000000000e+00    +2.902042687386361e-09    +9.999810250971175e-01    +1.761887746221852e-10
+1.307999999999980e-08    +0.000000000000000e+00    +1.301091659813413e+06    +0.000000000000000e+00    +1.105230899985261e-09    +9.999810066803280e-01    +2.519873332233574e-10
+1.308999999999980e-08    +0.000000000000000e+00    +1.302086378207766e+06    +0.000000000000000e+00    +3.854374638583347e-09    +9.999809884992608e-01    +6.911421873303376e-09
+1.309999999999980e-08    +0.000000000000000e+00    +1.303081096602118e+06    +0.000000000000000e+00    +4.037719646748790e-10    +9.999809705241486e-01    +2.358994984685628e-09
+1.310999999999980e-08    +0.000000000000000e+00    +1.304075814996471e+06    +0.000000000000000e+00    -3.325909090698891e-09    +9.999809552145443e-01    +4.453790944212149e-09
+1.311999999999980e-08    +0.000000000000000e+00    +1.305070533390824e+06    +0.000000000000000e+00    -1.971858999471609e-09    +9.999809374525714e-01    +1.535599829697202e-09
+1.312999999999980e-08    +0.000000000000000e+00    +1.306065251785176e+06    +0.000000000000000e+00    -4.043732357186671e-09    +9.999809213876117e-01    +1.228334976190214e-09
+1.313999999999980e-08    +0.000000000000000e+00    +1.307059970179529e+06    +0.000000000000000e+00    -3.728949896721508e-10    +9.999809040216119e-01    +1.519203002636520e-10
+1.314999999999980e-08    +0.000000000000000e+00    +1.308054688573882e+06    +0.000000000000000e+00    -1.277474021518244e-09    +9.999808836485948e-01    -5.728493125518555e-10
+1.315999999999980e-08    +0.000000000000000e+00    +1.309049406968235e+06    +0.000000000000000e+00    -1.500562564013079e-09    +9.999808649327772e-01    -2.121511409618471e-09
+1.316999999999980e-08    +0.000000000000000e+00    +1.310044125362587e+06    +0.000000000000000e+00    +3.652457351321449e-11    +9.999808508408744e-01    -6.087041086977456e-10
+1.317999999999980e-08    +0.000000000000000e+00    +1.311038843756940e+06    +0.000000000000000e+00    +1.781628222548546e-10    +9.999808366145484e-01    +2.866117210227818e-09
+1.318999999999980e-08    +0.000000000000000e+00    +1.312033562151293e+06    +0.000000000000000e+00    -3.234623183429355e-09    +9.999808198595634e-01    +3.711394869453040e-09
+1.319999999999980e-08    +0.000000000000000e+00    +1.313028280545646e+06    +0.000000000000000e+00    -3.968055540684442e-09    +9.999808034163582e-01    +2.457647794798472e-09
+1.320999999999980e-08    +0.000000000000000e+00    +1.314022998939998e+06    +0.000000000000000e+00    -3.590753199083145e-09    +9.999807879358164e-01    +1.132932608198027e-09
+1.321999999999980e-08    +0.000000000000000e+00    +1.315017717334351e+06    +0.000000000000000e+00    -1.812494120196509e-09    +9.999807710414416e-01    +1.286766139193230e-10
+1.322999999999980e-08    +0.000000000000000e+00    +1.316012435728704e+06    +0.000000000000000e+00    -3.097805423910831e-09    +9.999807548145515e-01    -1.894194526236099e-09
+1.323999999999980e-08    +0.000000000000000e+00    +1.317007154123057e+06    +0.000000000000000e+00    -1.535214062318927e-09    +9.999807375571329e-01    -1.987579587953930e-09
+1.324999999999980e-08    +0.000000000000000e+00    +1.318001872517410e+06    +0.000000000000000e+00    -4.928585150759669e-10    +9.999807222807640e-01    -4.238751538808544e-09
+1.325999999999980e-08    +0.000000000000000e+00    +1.318996590911762e+06    +0.000000000000000e+00    +2.770086495095407e-09    +9.999807051393095e-01    -4.081485518061738e-09
+1.326999999999980e-08    +0.000000000000000e+00    +1.319991309306115e+06    +0.000000000000000e+00    +1.111966160348720e-09    +9.999806884592687e-01    -1.217710924200805e-09
+1.327999999999980e-08    +0.000000000000000e+00    +1.320986027700468e+06    +0.000000000000000e+00    +1.928095208260552e-09    +9.999806692399134e-01    -7.516313876732275e-10
+1.328999999999980e-08    +0.000000000000000e+00    +1.321980746094821e+06    +0.000000000000000e+00    +1.420243633332309e-09    +9.999806559812058e-01    +5.516283461959834e-10
+1.329999999999980e-08    +0.000000000000000e+00    +1.322975464489173e+06    +0.000000000000000e+00    +1.816824360057134e-09    +9.999806396203731e-01    +3.422756260110991e-09
+1.330999999999980e-08    +0.000000000000000e+00    +1.323970182883526e+06    +0.000000000000000e+00    +1.513992237100366e-09    +9.999806228168013e-01    -5.044566865848641e-09
+1.331999999999980e-08    +0.000000000000000e+00    +1.324964901277879e+06    +0.000000000000000e+00    +3.352960264860510e-10    +9.999805991123791e-01    -1.334091631712207e-09
+1.332999999999980e-08    +0.000000000000000e+00    +1.325959619672231e+06    +0.000000000000000e+00    +1.782145319983377e-09    +9.999805815438456e-01    -1.982334078835344e-09
+1.333999999999980e-08    +0.000000000000000e+00    +1.326954338066584e+06    +0.000000000000000e+00    +3.484193072904330e-09    +9.999805669109569e-01    -1.143189002924611e-09
+1.334999999999980e-08    +0.000000000000000e+00    +1.327949056460937e+06    +0.000000000000000e+00    +5.089327636063780e-09    +9.999805509487368e-01    +2.437806310927516e-09
+1.335999999999980e-08    +0.000000000000000e+00    +1.328943774855290e+06    +0.000000000000000e+00    +1.658359082070765e-09    +9.999805322721764e-01    +1.027059970100150e-09
+1.336999999999979e-08    +0.000000000000000e+00    +1.329938493249642e+06    +0.000000000000000e+00    +1.597464481150739e-09    +9.999805165049797e-01    +2.744270739526725e-09
+1.337999999999979e-08    +0.000000000000000e+00    +1.330933211643995e+06    +0.000000000000000e+00    +4.733405075091833e-10    +9.999805013144023e-01    -8.535616323263693e-10
+1.338999999999979e-08    +0.000000000000000e+00    +1.331927930038348e+06    +0.000000000000000e+00    +1.749813909607235e-09    +9.999804860928935e-01    -4.619313949379297e-10
+1.339999999999979e-08    +0.000000000000000e+00    +1.332922648432701e+06    +0.000000000000000e+00    +3.492092679521123e-09    +9.999804739387199e-01    +2.205898593976436e-09
+1.340999999999979e-08    +0.000000000000000e+00    +1.333917366827053e+06    +0.000000000000000e+00    +1.398851502440455e-09    +9.999804588493525e-01    +3.530030599453151e-09
+1.341999999999979e-08    +0.000000000000000e+00    +1.334912085221406e+06    +0.000000000000000e+00    -3.040786078650184e-10    +9.999804434419939e-01    +4.765250856610692e-09
+1.342999999999979e-08    +0.000000000000000e+00    +1.335906803615760e+06    +0.000000000000000e+00    -2.189811489641697e-09    +9.999804282566724e-01    +2.794721240749011e-09
+1.343999999999979e-08    +0.000000000000000e+00    +1.336901522010112e+06    +0.000000000000000e+00    -1.361506614881393e-09    +9.999804098507399e-01    +1.007938869178059e-09
+1.344999999999979e-08    +0.000000000000000e+00    +1.337896240404464e+06    +0.000000000000000e+00    -4.024847906405162e-09    +9.999803952659601e-01    -1.220639356559123e-10
+1.345999999999979e-08    +0.000000000000000e+00    +1.338890958798818e+06    +0.000000000000000e+00    -4.175752523461303e-09    +9.999803782236478e-01    -2.452453248032230e-09
+1.346999999999979e-08    +0.000000000000000e+00    +1.339885677193170e+06    +0.000000000000000e+00    -1.332939598881330e-09    +9.999803604003106e-01    -1.034899714223049e-09
+1.347999999999979e-08    +0.000000000000000e+00    +1.340880395587523e+06    +0.000000000000000e+00    -7.999428077723117e-10    +9.999803414417483e-01    -2.031417708075137e-09
+1.348999999999979e-08    +0.000000000000000e+00    +1.341875113981876e+06    +0.000000000000000e+00    -1.591750310474811e-09    +9.999803281834563e-01    +1.030162287878280e-09
+1.349999999999979e-08    +0.000000000000000e+00    +1.342869832376228e+06    +0.000000000000000e+00    -3.939303195440096e-09    +9.999803148369389e-01    -5.182621154354895e-10
+1.350999999999979e-08    +0.000000000000000e+00    +1.343864550770581e+06    +0.000000000000000e+00    +1.256410540697796e-09    +9.999803025497048e-01    +2.532621671127179e-09
+1.351999999999979e-08    +0.000000000000000e+00    +1.344859269164934e+06    +0.000000000000000e+00    -1.623840161153859e-10    +9.999802862345444e-01    +2.891277049726340e-09
+1.352999999999979e-08    +0.000000000000000e+00    +1.345853987559286e+06    +0.000000000000000e+00    -1.550378389877677e-09    +9.999802700050686e-01    +3.058523882155080e-09
+1.353999999999979e-08    +0.000000000000000e+00    +1.346848705953639e+06    +0.000000000000000e+00    -1.252277263782185e-09    +9.999802519981700e-01    +1.207809022859619e-09
+1.354999999999979e-08    +0.000000000000000e+00    +1.347843424347993e+06    +0.000000000000000e+00    -1.788685853368051e-10    +9.999802349408867e-01    +6.692134147588107e-11
+1.355999999999979e-08    +0.000000000000000e+00    +1.348838142742345e+06    +0.000000000000000e+00    +7.597843245191725e-11    +9.999802213278862e-01    +1.932766512687702e-10
+1.356999999999979e-08    +0.000000000000000e+00    +1.349832861136697e+06    +0.000000000000000e+00    +4.378301214634782e-10    +9.999802074055758e-01    -3.492534693205114e-10
+1.357999999999979e-08    +0.000000000000000e+00    +1.350827579531051e+06    +0.000000000000000e+00    +3.900828989121532e-09    +9.999801913222877e-01    +2.913878109570888e-10
+1.358999999999979e-08    +0.000000000000000e+00    +1.351822297925403e+06    +0.000000000000000e+00    -2.607476611657926e-09    +9.999801747904435e-01    -1.883427134073409e-09
+1.359999999999979e-08    +0.000000000000000e+00    +1.352817016319756e+06    +0.000000000000000e+00    -2.633976236674631e-09    +9.999801583122659e-01    -8.143533846476174e-09
+1.360999999999979e-08    +0.000000000000000e+00    +1.353811734714109e+06    +0.000000000000000e+00    +1.616102306248354e-10    +9.999801407255017e-01    -4.207813650121044e-09
+1.361999999999979e-08    +0.000000000000000e+00    +1.354806453108461e+06    +0.000000000000000e+00    +1.028337992823110e-09    +9.999801213141304e-01    -2.905971830253016e-09
+1.362999999999979e-08    +0.000000000000000e+00    +1.355801171502814e+06    +0.000000000000000e+00    -6.312064486884204e-10    +9.999801059465966e-01    +1.904757030791641e-10
+1.363999999999979e-08    +0.000000000000000e+00    +1.356795889897167e+06    +0.000000000000000e+00    -4.036334877686950e-09    +9.999800899899544e-01    -2.368870000321954e-09
+1.364999999999979e-08    +0.000000000000000e+00    +1.357790608291519e+06    +0.000000000000000e+00    -1.356253393116809e-09    +9.999800735030187e-01    -8.899183342997132e-10
+1.365999999999979e-08    +0.000000000000000e+00    +1.358785326685872e+06    +0.000000000000000e+00    -1.298361894859135e-09    +9.999800573548949e-01    -2.829752023366453e-09
+1.366999999999979e-08    +0.000000000000000e+00    +1.359780045080225e+06    +0.000000000000000e+00    -2.190904980633371e-09    +9.999800428808377e-01    +2.302973827963788e-09
+1.367999999999979e-08    +0.000000000000000e+00    +1.360774763474578e+06    +0.000000000000000e+00    -1.589904349274866e-09    +9.999800188269520e-01    +1.158434967218978e-09
+1.368999999999979e-08    +0.000000000000000e+00    +1.361769481868930e+06    +0.000000000000000e+00    -6.112962439354339e-10    +9.999800063804756e-01    -1.948610718925035e-11
+1.369999999999979e-08    +0.000000000000000e+00    +1.362764200263284e+06    +0.000000000000000e+00    +1.810050696072236e-09    +9.999799921753942e-01    -7.373592128066087e-10
+1.370999999999979e-08    +0.000000000000000e+00    +1.363758918657636e+06    +0.000000000000000e+00    +3.728252874227719e-09    +9.999799769472496e-01    +1.378147202359230e-09
+1.371999999999979e-08    +0.000000000000000e+00    +1.364753637051989e+06    +0.000000000000000e+00    +7.245987923237395e-10    +9.999799594796055e-01    +2.378193112064638e-10
+1.372999999999979e-08    +0.000000000000000e+00    +1.365748355446342e+06    +0.000000000000000e+00    +8.827835571644419e-10    +9.999799393711740e-01    +1.904578535174219e-09
+1.373999999999979e-08    +0.000000000000000e+00    +1.366743073840694e+06    +0.000000000000000e+00    -1.153260629528164e-09    +9.999799245927324e-01    +4.837700791176147e-09
+1.374999999999979e-08    +0.000000000000000e+00    +1.367737792235047e+06    +0.000000000000000e+00    -3.723645890064494e-10    +9.999799068654806e-01    +1.423319145780524e-09
+1.375999999999979e-08    +0.000000000000000e+00    +1.368732510629400e+06    +0.000000000000000e+00    -5.353129163192861e-09    +9.999798927259587e-01    +2.946145922215848e-09
+1.376999999999979e-08    +0.000000000000000e+00    +1.369727229023753e+06    +0.000000000000000e+00    -2.883364365619453e-09    +9.999798775972615e-01    +8.567761670699595e-10
+1.377999999999978e-08    +0.000000000000000e+00    +1.370721947418105e+06    +0.000000000000000e+00    -1.119938513583591e-09    +9.999798612105597e-01    +1.604209817912728e-11
+1.378999999999978e-08    +0.000000000000000e+00    +1.371716665812458e+06    +0.000000000000000e+00    -5.569207883470736e-09    +9.999798422507127e-01    -5.871634016688788e-09
+1.379999999999978e-08    +0.000000000000000e+00    +1.372711384206811e+06    +0.000000000000000e+00    -9.485799897794912e-10    +9.999798205745712e-01    -8.598552323814184e-10
+1.380999999999978e-08    +0.000000000000000e+00    +1.373706102601164e+06    +0.000000000000000e+00    -5.444567969099525e-10    +9.999798040025289e-01    -1.015498452082211e-08
+1.381999999999978e-08    +0.000000000000000e+00    +1.374700820995517e+06    +0.000000000000000e+00    +1.056158270659756e-09    +9.999797895101746e-01    -2.864129506790113e-09
+1.382999999999978e-08    +0.000000000000000e+00    +1.375695539389869e+06    +0.000000000000000e+00    +3.707765628558974e-09    +9.999797726078864e-01    -4.166234880740595e-09
+1.383999999999978e-08    +0.000000000000000e+00    +1.376690257784222e+06    +0.000000000000000e+00    +2.235385473941348e-09    +9.999797572226118e-01    -1.542282386503736e-09
+1.384999999999978e-08    +0.000000000000000e+00    +1.377684976178575e+06    +0.000000000000000e+00    +3.450678706319501e-09    +9.999797423450374e-01    -9.458143180111623e-11
+1.385999999999978e-08    +0.000000000000000e+00    +1.378679694572927e+06    +0.000000000000000e+00    +2.710034990049028e-09    +9.999797255629556e-01    +6.540669789380705e-10
+1.386999999999978e-08    +0.000000000000000e+00    +1.379674412967280e+06    +0.000000000000000e+00    +1.568078214640697e-09    +9.999797086214649e-01    +8.106686869545369e-10
+1.387999999999978e-08    +0.000000000000000e+00    +1.380669131361633e+06    +0.000000000000000e+00    +1.394638211813833e-09    +9.999796930858043e-01    +1.500748292717518e-09
+1.388999999999978e-08    +0.000000000000000e+00    +1.381663849755986e+06    +0.000000000000000e+00    +8.626716150645701e-10    +9.999796775968066e-01    +2.515801036094141e-09
+1.389999999999978e-08    +0.000000000000000e+00    +1.382658568150338e+06    +0.000000000000000e+00    -1.332585642001233e-09    +9.999796619368828e-01    +3.265555504778616e-09
+1.390999999999978e-08    +0.000000000000000e+00    +1.383653286544691e+06    +0.000000000000000e+00    -9.500258791700052e-10    +9.999796430678216e-01    +1.727362251772629e-09
+1.391999999999978e-08    +0.000000000000000e+00    +1.384648004939043e+06    +0.000000000000000e+00    -1.221129854659171e-09    +9.999796213847565e-01    +1.304804355313636e-09
+1.392999999999978e-08    +0.000000000000000e+00    +1.385642723333396e+06    +0.000000000000000e+00    -8.652295155592791e-09    +9.999796047772103e-01    +1.386755009280666e-09
+1.393999999999978e-08    +0.000000000000000e+00    +1.386637441727750e+06    +0.000000000000000e+00    -1.287810546267216e-09    +9.999795868747517e-01    +2.405432259763518e-10
+1.394999999999978e-08    +0.000000000000000e+00    +1.387632160122103e+06    +0.000000000000000e+00    -2.856771879453642e-09    +9.999795727799334e-01    -1.747282449171844e-09
+1.395999999999978e-08    +0.000000000000000e+00    +1.388626878516455e+06    +0.000000000000000e+00    -2.778885048691803e-10    +9.999795577345638e-01    -1.939103347026002e-10
+1.396999999999978e-08    +0.000000000000000e+00    +1.389621596910808e+06    +0.000000000000000e+00    -2.771166686000376e-10    +9.999795413548302e-01    -4.714210578314252e-10
+1.397999999999978e-08    +0.000000000000000e+00    +1.390616315305160e+06    +0.000000000000000e+00    -6.133635447948206e-10    +9.999795265728828e-01    +6.933834053724396e-10
+1.398999999999978e-08    +0.000000000000000e+00    +1.391611033699513e+06    +0.000000000000000e+00    +1.348562834552460e-11    +9.999795116309759e-01    +1.295220119214425e-10
+1.399999999999978e-08    +0.000000000000000e+00    +1.392605752093866e+06    +0.000000000000000e+00    +2.448392426817832e-09    +9.999794972040666e-01    +6.657928743563084e-12
+1.400999999999978e-08    +0.000000000000000e+00    +1.393600470488219e+06    +0.000000000000000e+00    +2.752809746531428e-09    +9.999794819088350e-01    +2.368870388328286e-09
+1.401999999999978e-08    +0.000000000000000e+00    +1.394595188882571e+06    +0.000000000000000e+00    +1.148360852665423e-09    +9.999794643802407e-01    +3.193525547414104e-09
+1.402999999999978e-08    +0.000000000000000e+00    +1.395589907276924e+06    +0.000000000000000e+00    +1.693973330939673e-10    +9.999794458530931e-01    +3.583503307151601e-10
+1.403999999999978e-08    +0.000000000000000e+00    +1.396584625671276e+06    +0.000000000000000e+00    -5.193508368756709e-11    +9.999794301676490e-01    +2.498593006332108e-10
+1.404999999999978e-08    +0.000000000000000e+00    +1.397579344065629e+06    +0.000000000000000e+00    -3.461331611410156e-10    +9.999794157066149e-01    +2.542145496657551e-10
+1.405999999999978e-08    +0.000000000000000e+00    +1.398574062459982e+06    +0.000000000000000e+00    -4.809507448610950e-10    +9.999794032453038e-01    -2.888387120088261e-11
+1.406999999999978e-08    +0.000000000000000e+00    +1.399568780854336e+06    +0.000000000000000e+00    +1.225240367219720e-09    +9.999793901042920e-01    -1.400639158312203e-09
+1.407999999999978e-08    +0.000000000000000e+00    +1.400563499248688e+06    +0.000000000000000e+00    +3.693342070427118e-09    +9.999793743549732e-01    -6.143757987703730e-10
+1.408999999999978e-08    +0.000000000000000e+00    +1.401558217643041e+06    +0.000000000000000e+00    -9.549048431191245e-10    +9.999793594200874e-01    -2.355547085272841e-10
+1.409999999999978e-08    +0.000000000000000e+00    +1.402552936037393e+06    +0.000000000000000e+00    -3.343909605664016e-09    +9.999793424774636e-01    -5.453277284108502e-09
+1.410999999999978e-08    +0.000000000000000e+00    +1.403547654431746e+06    +0.000000000000000e+00    -3.313850209669438e-10    +9.999793277429558e-01    -6.119713452139740e-09
+1.411999999999978e-08    +0.000000000000000e+00    +1.404542372826099e+06    +0.000000000000000e+00    -1.612801874760738e-10    +9.999793091512623e-01    -1.705020549361217e-09
+1.412999999999978e-08    +0.000000000000000e+00    +1.405537091220452e+06    +0.000000000000000e+00    +7.664962419338805e-10    +9.999792933805931e-01    -1.259108729892805e-09
+1.413999999999978e-08    +0.000000000000000e+00    +1.406531809614804e+06    +0.000000000000000e+00    +2.333786274196653e-09    +9.999792790328197e-01    -1.242711779948580e-09
+1.414999999999978e-08    +0.000000000000000e+00    +1.407526528009157e+06    +0.000000000000000e+00    +3.531072944933760e-09    +9.999792626276328e-01    +8.339454488217362e-10
+1.415999999999978e-08    +0.000000000000000e+00    +1.408521246403510e+06    +0.000000000000000e+00    +1.646463783369728e-09    +9.999792420849104e-01    +5.382341622227790e-10
+1.416999999999978e-08    +0.000000000000000e+00    +1.409515964797862e+06    +0.000000000000000e+00    +1.520734370007129e-09    +9.999792249870005e-01    +1.284937986795909e-09
+1.417999999999978e-08    +0.000000000000000e+00    +1.410510683192215e+06    +0.000000000000000e+00    +1.175264204496420e-09    +9.999792098017872e-01    +2.851482341141164e-09
+1.418999999999978e-08    +0.000000000000000e+00    +1.411505401586568e+06    +0.000000000000000e+00    -9.071137860078588e-10    +9.999791948310837e-01    +3.633502593953305e-09
+1.419999999999977e-08    +0.000000000000000e+00    +1.412500119980921e+06    +0.000000000000000e+00    +1.077644741678761e-09    +9.999791816508260e-01    +5.549664630293301e-10
+1.420999999999977e-08    +0.000000000000000e+00    +1.413494838375274e+06    +0.000000000000000e+00    +1.628715505792006e-09    +9.999791654772153e-01    +3.739881835775072e-09
+1.421999999999977e-08    +0.000000000000000e+00    +1.414489556769627e+06    +0.000000000000000e+00    -7.748051559294675e-11    +9.999791507349253e-01    +3.484265292046202e-09
+1.422999999999977e-08    +0.000000000000000e+00    +1.415484275163979e+06    +0.000000000000000e+00    -1.943799720857494e-09    +9.999791340199449e-01    +3.140935725782369e-09
+1.423999999999977e-08    +0.000000000000000e+00    +1.416478993558332e+06    +0.000000000000000e+00    -6.306629445705305e-10    +9.999791157803181e-01    +9.735787504129760e-10
+1.424999999999977e-08    +0.000000000000000e+00    +1.417473711952685e+06    +0.000000000000000e+00    -2.403456108296371e-09    +9.999790989240254e-01    +1.526068553552408e-09
+1.425999999999977e-08    +0.000000000000000e+00    +1.418468430347037e+06    +0.000000000000000e+00    -5.484319634247181e-09    +9.999790807481584e-01    +3.877453572672680e-10
+1.426999999999977e-08    +0.000000000000000e+00    +1.419463148741390e+06    +0.000000000000000e+00    -6.453700651139250e-10    +9.999790648315088e-01    +6.591029038432673e-11
+1.427999999999977e-08    +0.000000000000000e+00    +1.420457867135743e+06    +0.000000000000000e+00    +1.052633974490596e-09    +9.999790450111756e-01    +1.969754682411032e-09
+1.428999999999977e-08    +0.000000000000000e+00    +1.421452585530095e+06    +0.000000000000000e+00    -5.356752102983497e-10    +9.999790315484196e-01    +3.604466333851298e-09
+1.429999999999977e-08    +0.000000000000000e+00    +1.422447303924449e+06    +0.000000000000000e+00    -6.600045618213532e-10    +9.999790139890695e-01    +1.914400340436846e-09
+1.430999999999977e-08    +0.000000000000000e+00    +1.423442022318801e+06    +0.000000000000000e+00    -6.456543823346893e-09    +9.999789966620884e-01    +3.306019401443976e-09
+1.431999999999977e-08    +0.000000000000000e+00    +1.424436740713154e+06    +0.000000000000000e+00    -4.717452300422686e-09    +9.999789796276323e-01    +5.462164350700133e-10
+1.432999999999977e-08    +0.000000000000000e+00    +1.425431459107507e+06    +0.000000000000000e+00    -5.289450508695114e-09    +9.999789622995578e-01    -2.052480056154560e-09
+1.433999999999977e-08    +0.000000000000000e+00    +1.426426177501860e+06    +0.000000000000000e+00    -1.204136656076426e-09    +9.999789441017171e-01    -4.009049284686833e-10
+1.434999999999977e-08    +0.000000000000000e+00    +1.427420895896212e+06    +0.000000000000000e+00    -1.129056108785687e-09    +9.999789287624573e-01    -1.137271991033738e-09
+1.435999999999977e-08    +0.000000000000000e+00    +1.428415614290565e+06    +0.000000000000000e+00    -4.328024648566067e-12    +9.999789152266543e-01    -3.215056065579377e-09
+1.436999999999977e-08    +0.000000000000000e+00    +1.429410332684918e+06    +0.000000000000000e+00    +1.223612082967414e-10    +9.999788988953991e-01    -7.067633198040921e-10
+1.437999999999977e-08    +0.000000000000000e+00    +1.430405051079270e+06    +0.000000000000000e+00    +3.570857178878228e-09    +9.999788838313002e-01    -2.301158014523238e-09
+1.438999999999977e-08    +0.000000000000000e+00    +1.431399769473623e+06    +0.000000000000000e+00    +1.306251377364262e-09    +9.999788671718953e-01    -7.508802885835832e-10
+1.439999999999977e-08    +0.000000000000000e+00    +1.432394487867976e+06    +0.000000000000000e+00    +4.133937696857925e-09    +9.999788507667704e-01    +5.739966248794203e-10
+1.440999999999977e-08    +0.000000000000000e+00    +1.433389206262328e+06    +0.000000000000000e+00    -5.782879791201780e-10    +9.999788320187802e-01    -2.710694818110324e-10
+1.441999999999977e-08    +0.000000000000000e+00    +1.434383924656681e+06    +0.000000000000000e+00    -1.464382505012199e-09    +9.999788165579069e-01    -3.821260161203486e-09
+1.442999999999977e-08    +0.000000000000000e+00    +1.435378643051035e+06    +0.000000000000000e+00    +3.719564447618203e-10    +9.999788008006225e-01    -6.728968375115742e-09
+1.443999999999977e-08    +0.000000000000000e+00    +1.436373361445387e+06    +0.000000000000000e+00    +8.678808375523070e-10    +9.999787839942513e-01    -2.883084582163532e-09
+1.444999999999977e-08    +0.000000000000000e+00    +1.437368079839740e+06    +0.000000000000000e+00    -1.572608207767575e-09    +9.999787699276471e-01    +3.369566451911080e-10
+1.445999999999977e-08    +0.000000000000000e+00    +1.438362798234093e+06    +0.000000000000000e+00    -2.291700543325966e-09    +9.999787568853297e-01    -7.139173378590019e-10
+1.446999999999977e-08    +0.000000000000000e+00    +1.439357516628445e+06    +0.000000000000000e+00    -2.154193894131852e-09    +9.999787425191229e-01    -3.914010071670630e-09
+1.447999999999977e-08    +0.000000000000000e+00    +1.440352235022798e+06    +0.000000000000000e+00    -8.750489253039019e-10    +9.999787265552224e-01    -5.650294818899837e-09
+1.448999999999977e-08    +0.000000000000000e+00    +1.441346953417151e+06    +0.000000000000000e+00    -2.479395718577577e-11    +9.999787080235674e-01    -2.466007326532000e-09
+1.449999999999977e-08    +0.000000000000000e+00    +1.442341671811504e+06    +0.000000000000000e+00    +2.683284125288880e-09    +9.999786919214211e-01    -3.817742702067170e-09
+1.450999999999977e-08    +0.000000000000000e+00    +1.443336390205856e+06    +0.000000000000000e+00    -6.564865928057941e-10    +9.999786768483737e-01    +5.043947597554925e-10
+1.451999999999977e-08    +0.000000000000000e+00    +1.444331108600209e+06    +0.000000000000000e+00    -3.271488503824123e-09    +9.999786606466043e-01    +2.395228507353964e-10
+1.452999999999977e-08    +0.000000000000000e+00    +1.445325826994562e+06    +0.000000000000000e+00    -4.972014361652705e-10    +9.999786440845971e-01    +7.170866969063630e-11
+1.453999999999977e-08    +0.000000000000000e+00    +1.446320545388915e+06    +0.000000000000000e+00    -1.103010919593252e-09    +9.999786293187402e-01    -7.919895712350656e-10
+1.454999999999977e-08    +0.000000000000000e+00    +1.447315263783267e+06    +0.000000000000000e+00    -1.115996145537584e-09    +9.999786118356422e-01    -3.565731190555506e-09
+1.455999999999977e-08    +0.000000000000000e+00    +1.448309982177620e+06    +0.000000000000000e+00    -8.376729069047763e-10    +9.999785998400320e-01    +1.136641882977280e-09
+1.456999999999977e-08    +0.000000000000000e+00    +1.449304700571973e+06    +0.000000000000000e+00    -3.423273385633768e-09    +9.999785866172500e-01    +4.204880361920018e-10
+1.457999999999977e-08    +0.000000000000000e+00    +1.450299418966326e+06    +0.000000000000000e+00    -2.417846226077320e-09    +9.999785720369152e-01    -3.093938185866188e-10
+1.458999999999977e-08    +0.000000000000000e+00    +1.451294137360678e+06    +0.000000000000000e+00    -4.445592571132456e-09    +9.999785514380626e-01    -2.756042282870269e-09
+1.459999999999977e-08    +0.000000000000000e+00    +1.452288855755031e+06    +0.000000000000000e+00    -1.165400379347976e-09    +9.999785321653579e-01    -5.368140113811083e-10
+1.460999999999976e-08    +0.000000000000000e+00    +1.453283574149384e+06    +0.000000000000000e+00    -1.092324260556101e-09    +9.999785164541570e-01    -1.553959410588542e-09
+1.461999999999976e-08    +0.000000000000000e+00    +1.454278292543737e+06    +0.000000000000000e+00    -7.825003002285153e-10    +9.999785014909000e-01    -2.219432983539582e-09
+1.462999999999976e-08    +0.000000000000000e+00    +1.455273010938089e+06    +0.000000000000000e+00    +1.806583792530725e-10    +9.999784839406187e-01    -3.932113145352885e-09
+1.463999999999976e-08    +0.000000000000000e+00    +1.456267729332442e+06    +0.000000000000000e+00    +9.666873691991181e-10    +9.999784668426230e-01    -3.045692935314847e-09
+1.464999999999976e-08    +0.000000000000000e+00    +1.457262447726795e+06    +0.000000000000000e+00    +1.157232112630467e-09    +9.999784503379612e-01    -1.937848850601417e-09
+1.465999999999976e-08    +0.000000000000000e+00    +1.458257166121148e+06    +0.000000000000000e+00    +2.085723869713181e-09    +9.999784359925450e-01    -1.403078063275113e-09
+1.466999999999976e-08    +0.000000000000000e+00    +1.459251884515500e+06    +0.000000000000000e+00    +3.953090192902655e-09    +9.999784208149614e-01    +1.320953527772046e-10
+1.467999999999976e-08    +0.000000000000000e+00    +1.460246602909853e+06    +0.000000000000000e+00    -3.862090366156963e-09    +9.999784064069506e-01    -7.541726340854326e-09
+1.468999999999976e-08    +0.000000000000000e+00    +1.461241321304206e+06    +0.000000000000000e+00    -1.249091842888610e-09    +9.999783902555380e-01    -3.086171728237382e-09
+1.469999999999976e-08    +0.000000000000000e+00    +1.462236039698559e+06    +0.000000000000000e+00    +1.405511753421344e-09    +9.999783763803671e-01    -3.889902254009638e-09
+1.470999999999976e-08    +0.000000000000000e+00    +1.463230758092911e+06    +0.000000000000000e+00    +2.073627866242840e-10    +9.999783580887535e-01    -6.321061900923516e-10
+1.471999999999976e-08    +0.000000000000000e+00    +1.464225476487264e+06    +0.000000000000000e+00    +3.500785021878530e-10    +9.999783413058771e-01    -2.318407998869005e-10
+1.472999999999976e-08    +0.000000000000000e+00    +1.465220194881617e+06    +0.000000000000000e+00    +1.363671349579850e-09    +9.999783231285330e-01    +1.272906268513088e-10
+1.473999999999976e-08    +0.000000000000000e+00    +1.466214913275969e+06    +0.000000000000000e+00    +2.465116721344907e-09    +9.999783087413914e-01    +2.945588626397777e-09
+1.474999999999976e-08    +0.000000000000000e+00    +1.467209631670322e+06    +0.000000000000000e+00    +8.296118088640398e-10    +9.999782904778755e-01    +1.375503150955238e-09
+1.475999999999976e-08    +0.000000000000000e+00    +1.468204350064675e+06    +0.000000000000000e+00    -1.522585029670859e-09    +9.999782769496595e-01    +6.575366307931449e-09
+1.476999999999976e-08    +0.000000000000000e+00    +1.469199068459028e+06    +0.000000000000000e+00    -1.240842877797171e-10    +9.999782579786249e-01    +1.155875514773378e-09
+1.477999999999976e-08    +0.000000000000000e+00    +1.470193786853381e+06    +0.000000000000000e+00    -2.363361491322523e-09    +9.999782423449759e-01    +3.313815381624284e-09
+1.478999999999976e-08    +0.000000000000000e+00    +1.471188505247733e+06    +0.000000000000000e+00    -1.160500064988100e-09    +9.999782259756774e-01    +1.433506136333503e-09
+1.479999999999976e-08    +0.000000000000000e+00    +1.472183223642086e+06    +0.000000000000000e+00    -3.213006209687036e-09    +9.999782127462939e-01    +4.989063473128130e-10
+1.480999999999976e-08    +0.000000000000000e+00    +1.473177942036439e+06    +0.000000000000000e+00    +7.263366864847064e-10    +9.999781966831914e-01    +3.306167444292538e-10
+1.481999999999976e-08    +0.000000000000000e+00    +1.474172660430792e+06    +0.000000000000000e+00    +1.403945216384832e-09    +9.999781776815478e-01    +3.519422343704190e-09
+1.482999999999976e-08    +0.000000000000000e+00    +1.475167378825144e+06    +0.000000000000000e+00    +2.653711880182616e-10    +9.999781621557894e-01    +1.313165170595005e-09
+1.483999999999976e-08    +0.000000000000000e+00    +1.476162097219497e+06    +0.000000000000000e+00    -1.927357082986107e-09    +9.999781484765500e-01    +3.157091898867274e-09
+1.484999999999976e-08    +0.000000000000000e+00    +1.477156815613850e+06    +0.000000000000000e+00    -3.664621079176142e-09    +9.999781327463395e-01    +3.506319223232270e-09
+1.485999999999976e-08    +0.000000000000000e+00    +1.478151534008202e+06    +0.000000000000000e+00    -2.367787412500520e-09    +9.999781183540412e-01    +9.098206777813308e-10
+1.486999999999976e-08    +0.000000000000000e+00    +1.479146252402555e+06    +0.000000000000000e+00    -2.692598862977254e-09    +9.999781035584754e-01    -3.714075636288513e-10
+1.487999999999976e-08    +0.000000000000000e+00    +1.480140970796909e+06    +0.000000000000000e+00    -1.914532309551835e-09    +9.999780859655644e-01    -1.094654655454373e-09
+1.488999999999976e-08    +0.000000000000000e+00    +1.481135689191261e+06    +0.000000000000000e+00    -1.545658215208058e-09    +9.999780690308743e-01    -1.757477423816028e-09
+1.489999999999976e-08    +0.000000000000000e+00    +1.482130407585614e+06    +0.000000000000000e+00    -1.160119182485244e-09    +9.999780538578186e-01    -1.980661792540930e-09
+1.490999999999976e-08    +0.000000000000000e+00    +1.483125125979967e+06    +0.000000000000000e+00    -7.944495625179458e-10    +9.999780340785360e-01    -7.687617791897689e-09
+1.491999999999976e-08    +0.000000000000000e+00    +1.484119844374319e+06    +0.000000000000000e+00    -1.511064959926346e-10    +9.999780160674593e-01    -4.783214813875557e-10
+1.492999999999976e-08    +0.000000000000000e+00    +1.485114562768672e+06    +0.000000000000000e+00    -9.503284290098700e-11    +9.999780014506168e-01    -2.149537097809956e-10
+1.493999999999976e-08    +0.000000000000000e+00    +1.486109281163025e+06    +0.000000000000000e+00    +8.687841332406285e-10    +9.999779908525734e-01    +1.556527256907117e-09
+1.494999999999976e-08    +0.000000000000000e+00    +1.487103999557378e+06    +0.000000000000000e+00    +6.114281938626562e-11    +9.999779722926583e-01    +2.548397775993320e-09
+1.495999999999976e-08    +0.000000000000000e+00    +1.488098717951731e+06    +0.000000000000000e+00    -1.730652956250706e-09    +9.999779571567325e-01    +2.624766365933982e-09
+1.496999999999977e-08    +0.000000000000000e+00    +1.489093436346084e+06    +0.000000000000000e+00    +1.819638633149250e-10    +9.999779386809658e-01    -1.446818069466854e-10
+1.497999999999977e-08    +0.000000000000000e+00    +1.490088154740437e+06    +0.000000000000000e+00    +3.372227196287211e-09    +9.999779206166363e-01    +4.565100643430798e-10
+1.498999999999977e-08    +0.000000000000000e+00    +1.491082873134790e+06    +0.000000000000000e+00    +7.683216442136263e-10    +9.999779042924419e-01    +1.061731216643198e-10
+1.499999999999977e-08    +0.000000000000000e+00    +1.492077591529143e+06    +0.000000000000000e+00    +3.518538836244120e-09    +9.999778895410628e-01    +3.743563714467434e-09
+1.500999999999977e-08    +0.000000000000000e+00    +1.493072309923496e+06    +0.000000000000000e+00    -1.071912959578145e-10    +9.999778767378060e-01    -1.378277463244092e-10
+1.501999999999977e-08    +0.000000000000000e+00    +1.494067028317849e+06    +0.000000000000000e+00    -7.613759689182815e-11    +9.999778634283338e-01    -1.192819449587481e-10
+1.502999999999977e-08    +0.000000000000000e+00    +1.495061746712201e+06    +0.000000000000000e+00    +4.290788730482425e-11    +9.999778489411802e-01    -2.721745939600060e-10
+1.503999999999978e-08    +0.000000000000000e+00    +1.496056465106554e+06    +0.000000000000000e+00    +4.307248489582859e-10    +9.999778339207541e-01    -3.762531136791584e-10
+1.504999999999978e-08    +0.000000000000000e+00    +1.497051183500907e+06    +0.000000000000000e+00    +2.469982644246837e-09    +9.999778185028356e-01    +2.571112068059984e-11
+1.505999999999978e-08    +0.000000000000000e+00    +1.498045901895260e+06    +0.000000000000000e+00    +8.679960938892250e-10    +9.999778034649331e-01    +6.738560565270849e-11
+1.506999999999978e-08    +0.000000000000000e+00    +1.499040620289613e+06    +0.000000000000000e+00    +1.457081128904071e-09    +9.999777860352905e-01    +1.300874778668311e-09
+1.507999999999978e-08    +0.000000000000000e+00    +1.500035338683966e+06    +0.000000000000000e+00    -4.159582110441607e-10    +9.999777707116155e-01    -9.773269156587077e-10
+1.508999999999978e-08    +0.000000000000000e+00    +1.501030057078319e+06    +0.000000000000000e+00    +6.439828957255500e-10    +9.999777578387576e-01    -1.908312640944339e-09
+1.509999999999978e-08    +0.000000000000000e+00    +1.502024775472672e+06    +0.000000000000000e+00    +1.035918652276270e-09    +9.999777411880743e-01    -1.810427577193377e-09
+1.510999999999979e-08    +0.000000000000000e+00    +1.503019493867025e+06    +0.000000000000000e+00    +2.023608989977406e-09    +9.999777264271064e-01    -1.412385698030536e-09
+1.511999999999979e-08    +0.000000000000000e+00    +1.504014212261378e+06    +0.000000000000000e+00    +3.621320237320102e-09    +9.999777125556701e-01    +3.387686692752675e-10
+1.512999999999979e-08    +0.000000000000000e+00    +1.505008930655730e+06    +0.000000000000000e+00    +9.618453665345336e-10    +9.999776990671381e-01    +2.723912388556608e-10
+1.513999999999979e-08    +0.000000000000000e+00    +1.506003649050083e+06    +0.000000000000000e+00    +1.313031991451374e-09    +9.999776828154540e-01    +2.176853903679115e-09
+1.514999999999979e-08    +0.000000000000000e+00    +1.506998367444437e+06    +0.000000000000000e+00    +3.870092711337485e-10    +9.999776657658315e-01    +3.579102458384222e-09
+1.515999999999979e-08    +0.000000000000000e+00    +1.507993085838790e+06    +0.000000000000000e+00    -5.647960943457443e-10    +9.999776490199073e-01    +3.358738448225626e-09
+1.516999999999979e-08    +0.000000000000000e+00    +1.508987804233142e+06    +0.000000000000000e+00    -1.488750916239153e-09    +9.999776335458256e-01    +2.863507205709319e-09
+1.517999999999980e-08    +0.000000000000000e+00    +1.509982522627495e+06    +0.000000000000000e+00    -9.672293451766358e-10    +9.999776158498287e-01    +1.614249974535791e-09
+1.518999999999980e-08    +0.000000000000000e+00    +1.510977241021848e+06    +0.000000000000000e+00    -1.402962004788200e-09    +9.999775980529865e-01    +1.379593013073248e-09
+1.519999999999980e-08    +0.000000000000000e+00    +1.511971959416201e+06    +0.000000000000000e+00    -2.308260751573904e-09    +9.999775826798943e-01    +1.248071776427743e-09
+1.520999999999980e-08    +0.000000000000000e+00    +1.512966677810554e+06    +0.000000000000000e+00    -2.039434773461514e-09    +9.999775678924021e-01    +5.832555887013323e-10
+1.521999999999980e-08    +0.000000000000000e+00    +1.513961396204907e+06    +0.000000000000000e+00    -3.388650235331561e-09    +9.999775504964512e-01    -1.430367352819294e-10
+1.522999999999980e-08    +0.000000000000000e+00    +1.514956114599260e+06    +0.000000000000000e+00    -5.890743424861100e-09    +9.999775296377583e-01    -2.150757481549608e-09
+1.523999999999980e-08    +0.000000000000000e+00    +1.515950832993612e+06    +0.000000000000000e+00    -2.610295967425060e-09    +9.999775113079711e-01    -9.610814978817859e-10
+1.524999999999981e-08    +0.000000000000000e+00    +1.516945551387965e+06    +0.000000000000000e+00    -2.171873413641246e-09    +9.999774947552241e-01    -1.539358851249943e-09
+1.525999999999981e-08    +0.000000000000000e+00    +1.517940269782319e+06    +0.000000000000000e+00    -9.737707499474762e-10    +9.999774765944076e-01    -8.942207834520403e-10
+1.526999999999981e-08    +0.000000000000000e+00    +1.518934988176671e+06    +0.000000000000000e+00    -1.388861405982782e-09    +9.999774605777081e-01    -7.615642561864663e-09
+1.527999999999981e-08    +0.000000000000000e+00    +1.519929706571024e+06    +0.000000000000000e+00    -5.989022140117900e-10    +9.999774458752121e-01    +1.328780638294504e-09
+1.528999999999981e-08    +0.000000000000000e+00    +1.520924424965377e+06    +0.000000000000000e+00    -1.345185992133926e-09    +9.999774290922033e-01    +1.297649208920293e-09
+1.529999999999981e-08    +0.000000000000000e+00    +1.521919143359730e+06    +0.000000000000000e+00    -3.622701481963622e-09    +9.999774149045935e-01    +5.935178242936081e-10
+1.530999999999981e-08    +0.000000000000000e+00    +1.522913861754083e+06    +0.000000000000000e+00    -2.652345334099252e-09    +9.999773996741123e-01    -1.482820463734216e-10
+1.531999999999982e-08    +0.000000000000000e+00    +1.523908580148436e+06    +0.000000000000000e+00    -4.635802222288589e-10    +9.999773831150668e-01    -2.308658964354926e-10
+1.532999999999982e-08    +0.000000000000000e+00    +1.524903298542789e+06    +0.000000000000000e+00    -7.607112094644132e-10    +9.999773652349864e-01    -1.931853977466455e-09
+1.533999999999982e-08    +0.000000000000000e+00    +1.525898016937142e+06    +0.000000000000000e+00    +5.385739369226663e-10    +9.999773480915142e-01    -5.201026536852112e-09
+1.534999999999982e-08    +0.000000000000000e+00    +1.526892735331495e+06    +0.000000000000000e+00    +1.033717314375217e-09    +9.999773315245557e-01    -3.771952595487725e-09
+1.535999999999982e-08    +0.000000000000000e+00    +1.527887453725848e+06    +0.000000000000000e+00    +1.291625022237494e-09    +9.999773150543110e-01    -2.268596594076077e-09
+1.536999999999982e-08    +0.000000000000000e+00    +1.528882172120201e+06    +0.000000000000000e+00    +1.175111424165400e-09    +9.999772995353190e-01    -1.571196198763406e-09
+1.537999999999982e-08    +0.000000000000000e+00    +1.529876890514553e+06    +0.000000000000000e+00    +3.924057630110390e-09    +9.999772835328489e-01    -2.520193657357198e-09
+1.538999999999983e-08    +0.000000000000000e+00    +1.530871608908907e+06    +0.000000000000000e+00    +2.831659914140598e-09    +9.999772699901179e-01    -4.691362390594091e-10
+1.539999999999983e-08    +0.000000000000000e+00    +1.531866327303260e+06    +0.000000000000000e+00    +5.956020831791380e-09    +9.999772526931791e-01    +1.630985623423957e-09
+1.540999999999983e-08    +0.000000000000000e+00    +1.532861045697612e+06    +0.000000000000000e+00    +1.010194436369475e-09    +9.999772324060314e-01    +8.147948645613659e-11
+1.541999999999983e-08    +0.000000000000000e+00    +1.533855764091965e+06    +0.000000000000000e+00    +3.268006329001827e-09    +9.999772175815396e-01    +2.110863651123021e-09
+1.542999999999983e-08    +0.000000000000000e+00    +1.534850482486318e+06    +0.000000000000000e+00    +1.320259875988643e-09    +9.999772008052583e-01    +9.017878587522053e-10
+1.543999999999983e-08    +0.000000000000000e+00    +1.535845200880670e+06    +0.000000000000000e+00    +8.470989476372346e-10    +9.999771864123869e-01    +2.981709789264672e-09
+1.544999999999983e-08    +0.000000000000000e+00    +1.536839919275024e+06    +0.000000000000000e+00    -3.193468905529411e-09    +9.999771724026800e-01    +7.502855305010522e-09
+1.545999999999984e-08    +0.000000000000000e+00    +1.537834637669377e+06    +0.000000000000000e+00    -6.625073060434657e-10    +9.999771563835589e-01    +1.800655366232029e-09
+1.546999999999984e-08    +0.000000000000000e+00    +1.538829356063730e+06    +0.000000000000000e+00    -8.074639240089410e-10    +9.999771393968832e-01    +1.316464081213158e-09
+1.547999999999984e-08    +0.000000000000000e+00    +1.539824074458082e+06    +0.000000000000000e+00    -6.468536403015040e-09    +9.999771241130322e-01    +3.233262146306736e-09
+1.548999999999984e-08    +0.000000000000000e+00    +1.540818792852436e+06    +0.000000000000000e+00    -1.102174125918146e-09    +9.999771082790387e-01    +6.186020541586983e-10
+1.549999999999984e-08    +0.000000000000000e+00    +1.541813511246789e+06    +0.000000000000000e+00    -3.672101779033713e-09    +9.999770947267643e-01    -3.261967375565838e-10
+1.550999999999984e-08    +0.000000000000000e+00    +1.542808229641142e+06    +0.000000000000000e+00    -9.349673890684729e-10    +9.999770814220236e-01    -1.562459424306512e-10
+1.551999999999984e-08    +0.000000000000000e+00    +1.543802948035494e+06    +0.000000000000000e+00    -6.133560713947397e-09    +9.999770641229284e-01    -6.833798702485586e-09
+1.552999999999985e-08    +0.000000000000000e+00    +1.544797666429847e+06    +0.000000000000000e+00    -4.247052469248578e-10    +9.999770473703677e-01    +2.000763849541156e-09
+1.553999999999985e-08    +0.000000000000000e+00    +1.545792384824201e+06    +0.000000000000000e+00    -4.076369116495993e-10    +9.999770302846709e-01    +9.596928755083768e-10
+1.554999999999985e-08    +0.000000000000000e+00    +1.546787103218553e+06    +0.000000000000000e+00    -4.101534246494112e-09    +9.999770137673064e-01    +1.833320142147507e-09
+1.555999999999985e-08    +0.000000000000000e+00    +1.547781821612906e+06    +0.000000000000000e+00    -2.649555510805022e-09    +9.999769978128624e-01    +9.574390250840168e-10
+1.556999999999985e-08    +0.000000000000000e+00    +1.548776540007259e+06    +0.000000000000000e+00    -3.424163751772705e-09    +9.999769829140209e-01    +1.138789069420931e-10
+1.557999999999985e-08    +0.000000000000000e+00    +1.549771258401611e+06    +0.000000000000000e+00    -2.837608871937099e-09    +9.999769662797074e-01    -1.612094103236099e-09
+1.558999999999985e-08    +0.000000000000000e+00    +1.550765976795964e+06    +0.000000000000000e+00    -3.054418919503130e-10    +9.999769514546702e-01    +1.054868469249522e-09
+1.559999999999986e-08    +0.000000000000000e+00    +1.551760695190318e+06    +0.000000000000000e+00    -1.160534627228090e-09    +9.999769345103726e-01    +1.669422009994034e-09
+1.560999999999986e-08    +0.000000000000000e+00    +1.552755413584671e+06    +0.000000000000000e+00    -1.196283321783180e-09    +9.999769174381946e-01    +9.724376158260484e-10
+1.561999999999986e-08    +0.000000000000000e+00    +1.553750131979023e+06    +0.000000000000000e+00    -2.575083970861411e-09    +9.999769023343330e-01    +8.085822054252301e-10
+1.562999999999986e-08    +0.000000000000000e+00    +1.554744850373376e+06    +0.000000000000000e+00    -1.303894270375906e-09    +9.999768875716077e-01    +3.511201807823156e-10
+1.563999999999986e-08    +0.000000000000000e+00    +1.555739568767730e+06    +0.000000000000000e+00    -2.620380992959601e-09    +9.999768722553493e-01    -4.679782218451878e-10
+1.564999999999986e-08    +0.000000000000000e+00    +1.556734287162082e+06    +0.000000000000000e+00    -5.164177852850726e-09    +9.999768493415339e-01    -2.459702198994989e-09
+1.565999999999986e-08    +0.000000000000000e+00    +1.557729005556435e+06    +0.000000000000000e+00    -1.338090137792558e-09    +9.999768309790035e-01    -4.065080169747338e-10
+1.566999999999987e-08    +0.000000000000000e+00    +1.558723723950788e+06    +0.000000000000000e+00    -1.751838009274101e-09    +9.999768134824085e-01    -8.840081684715860e-10
+1.567999999999987e-08    +0.000000000000000e+00    +1.559718442345141e+06    +0.000000000000000e+00    -1.630623988036066e-09    +9.999767972319393e-01    -1.109341623336142e-09
+1.568999999999987e-08    +0.000000000000000e+00    +1.560713160739494e+06    +0.000000000000000e+00    -1.225169648936638e-09    +9.999767782013300e-01    -1.343649543154030e-09
+1.569999999999987e-08    +0.000000000000000e+00    +1.561707879133847e+06    +0.000000000000000e+00    -1.421445071611259e-09    +9.999767630612098e-01    -6.456571596564722e-09
+1.570999999999987e-08    +0.000000000000000e+00    +1.562702597528200e+06    +0.000000000000000e+00    -1.871248013999870e-10    +9.999767462739910e-01    -4.458175581940459e-10
+1.571999999999987e-08    +0.000000000000000e+00    +1.563697315922552e+06    +0.000000000000000e+00    +2.698188688872376e-09    +9.999767308593078e-01    -6.858913158897772e-09
+1.572999999999987e-08    +0.000000000000000e+00    +1.564692034316905e+06    +0.000000000000000e+00    +4.782375894942408e-10    +9.999767144294381e-01    -1.532561054216136e-09
+1.573999999999987e-08    +0.000000000000000e+00    +1.565686752711259e+06    +0.000000000000000e+00    +1.509857768637017e-09    +9.999766974627159e-01    -1.887067488975694e-09
+1.574999999999988e-08    +0.000000000000000e+00    +1.566681471105612e+06    +0.000000000000000e+00    +4.487719207306850e-09    +9.999766813731817e-01    -2.658709529946911e-09
+1.575999999999988e-08    +0.000000000000000e+00    +1.567676189499964e+06    +0.000000000000000e+00    +3.922958240672652e-09    +9.999766623843339e-01    -1.503022541826880e-09
+1.576999999999988e-08    +0.000000000000000e+00    +1.568670907894318e+06    +0.000000000000000e+00    +2.039850496207243e-09    +9.999766475005352e-01    -3.094745689817958e-10
+1.577999999999988e-08    +0.000000000000000e+00    +1.569665626288671e+06    +0.000000000000000e+00    +2.472618860132634e-09    +9.999766303220289e-01    +1.897489088872226e-10
+1.578999999999988e-08    +0.000000000000000e+00    +1.570660344683023e+06    +0.000000000000000e+00    +3.243427919852614e-09    +9.999766128665716e-01    +1.349217144440477e-09
+1.579999999999988e-08    +0.000000000000000e+00    +1.571655063077376e+06    +0.000000000000000e+00    +8.799610089063914e-10    +9.999765925195740e-01    +2.538498283753998e-10
+1.580999999999988e-08    +0.000000000000000e+00    +1.572649781471729e+06    +0.000000000000000e+00    +1.058362949663327e-09    +9.999765771774406e-01    +1.286779860921128e-09
+1.581999999999989e-08    +0.000000000000000e+00    +1.573644499866082e+06    +0.000000000000000e+00    +1.847240685202472e-10    +9.999765601779480e-01    -1.042380451904505e-09
+1.582999999999989e-08    +0.000000000000000e+00    +1.574639218260435e+06    +0.000000000000000e+00    +7.548288348671181e-10    +9.999765462861607e-01    -6.408797100214737e-10
+1.583999999999989e-08    +0.000000000000000e+00    +1.575633936654788e+06    +0.000000000000000e+00    +2.435100690623470e-09    +9.999765280638823e-01    -5.640849826181907e-10
+1.584999999999989e-08    +0.000000000000000e+00    +1.576628655049141e+06    +0.000000000000000e+00    +1.589643928199127e-09    +9.999765104554722e-01    -1.132162240676295e-12
+1.585999999999989e-08    +0.000000000000000e+00    +1.577623373443493e+06    +0.000000000000000e+00    +1.161514860421594e-09    +9.999764930548490e-01    +1.042348881477286e-10
+1.586999999999989e-08    +0.000000000000000e+00    +1.578618091837846e+06    +0.000000000000000e+00    +4.170890973733369e-10    +9.999764739214058e-01    +9.950813482875694e-12
+1.587999999999989e-08    +0.000000000000000e+00    +1.579612810232199e+06    +0.000000000000000e+00    -1.632739679554805e-10    +9.999764612962945e-01    -5.602171697343258e-10
+1.588999999999990e-08    +0.000000000000000e+00    +1.580607528626553e+06    +0.000000000000000e+00    +1.189532727593055e-09    +9.999764460628885e-01    -2.242956273146406e-09
+1.589999999999990e-08    +0.000000000000000e+00    +1.581602247020905e+06    +0.000000000000000e+00    +4.703310460271641e-10    +9.999764311084853e-01    -6.358048917738412e-10
+1.590999999999990e-08    +0.000000000000000e+00    +1.582596965415258e+06    +0.000000000000000e+00    +1.619485782241365e-09    +9.999764176478461e-01    -3.011581296714678e-10
+1.591999999999990e-08    +0.000000000000000e+00    +1.583591683809611e+06    +0.000000000000000e+00    +1.586942473097109e-09    +9.999764053410797e-01    +8.711231555477425e-10
+1.592999999999990e-08    +0.000000000000000e+00    +1.584586402203964e+06    +0.000000000000000e+00    +1.484592570762508e-09    +9.999763874607833e-01    +1.565966599584914e-09
+1.593999999999990e-08    +0.000000000000000e+00    +1.585581120598317e+06    +0.000000000000000e+00    +4.493220021519921e-10    +9.999763746031209e-01    +4.198911235869101e-09
+1.594999999999990e-08    +0.000000000000000e+00    +1.586575838992670e+06    +0.000000000000000e+00    +2.007249431767927e-10    +9.999763563560251e-01    -7.066450983914381e-10
+1.595999999999991e-08    +0.000000000000000e+00    +1.587570557387023e+06    +0.000000000000000e+00    +3.071646834654257e-09    +9.999763422245003e-01    -1.729933520162312e-09
+1.596999999999991e-08    +0.000000000000000e+00    +1.588565275781375e+06    +0.000000000000000e+00    +2.132246308104239e-09    +9.999763264115362e-01    -1.183250937011286e-09
+1.597999999999991e-08    +0.000000000000000e+00    +1.589559994175729e+06    +0.000000000000000e+00    +1.424812633972426e-09    +9.999763096200646e-01    -5.401530049976823e-10
+1.598999999999991e-08    +0.000000000000000e+00    +1.590554712570082e+06    +0.000000000000000e+00    +3.763888076630210e-09    +9.999762971676047e-01    +1.395071854254085e-09
+1.599999999999991e-08    +0.000000000000000e+00    +1.591549430964434e+06    +0.000000000000000e+00    +1.665216040152197e-09    +9.999762805637967e-01    +6.807113144408691e-10
+1.600999999999991e-08    +0.000000000000000e+00    +1.592544149358787e+06    +0.000000000000000e+00    +7.983164235945354e-10    +9.999762645980713e-01    +5.280076422192947e-10
+1.601999999999991e-08    +0.000000000000000e+00    +1.593538867753140e+06    +0.000000000000000e+00    +1.433626894505432e-09    +9.999762485889893e-01    +7.368200711255658e-09
+1.602999999999992e-08    +0.000000000000000e+00    +1.594533586147493e+06    +0.000000000000000e+00    +4.826248637447740e-10    +9.999762289288514e-01    +1.459813357787271e-09
+1.603999999999992e-08    +0.000000000000000e+00    +1.595528304541846e+06    +0.000000000000000e+00    +3.097734598302867e-10    +9.999762131095553e-01    +2.561142990413215e-09
+1.604999999999992e-08    +0.000000000000000e+00    +1.596523022936199e+06    +0.000000000000000e+00    -9.358493756855661e-10    +9.999761979320960e-01    +1.827709443999404e-09
+1.605999999999992e-08    +0.000000000000000e+00    +1.597517741330552e+06    +0.000000000000000e+00    -1.092234109827310e-09    +9.999761814549833e-01    +1.342039342532766e-09
+1.606999999999992e-08    +0.000000000000000e+00    +1.598512459724905e+06    +0.000000000000000e+00    -3.501305069004068e-09    +9.999761648945998e-01    +1.123698156253649e-09
+1.607999999999992e-08    +0.000000000000000e+00    +1.599507178119258e+06    +0.000000000000000e+00    -5.330600869592287e-09    +9.999761487374312e-01    -1.091270156260245e-09
+1.608999999999992e-08    +0.000000000000000e+00    +1.600501896513611e+06    +0.000000000000000e+00    -1.433631983133229e-09    +9.999761368204613e-01    -1.253695651491874e-09
+1.609999999999993e-08    +0.000000000000000e+00    +1.601496614907964e+06    +0.000000000000000e+00    -8.075585923278859e-10    +9.999761236817534e-01    -1.037529868260152e-09
+1.610999999999993e-08    +0.000000000000000e+00    +1.602491333302316e+06    +0.000000000000000e+00    -7.427311677459804e-10    +9.999761100038306e-01    +1.847728423970406e-09
+1.611999999999993e-08    +0.000000000000000e+00    +1.603486051696670e+06    +0.000000000000000e+00    -5.898528113489006e-09    +9.999760962796056e-01    +3.102145426942964e-09
+1.612999999999993e-08    +0.000000000000000e+00    +1.604480770091023e+06    +0.000000000000000e+00    -1.765724692066973e-09    +9.999760809185393e-01    +8.942735866611314e-10
+1.613999999999993e-08    +0.000000000000000e+00    +1.605475488485375e+06    +0.000000000000000e+00    -1.686431296462857e-09    +9.999760657003780e-01    +5.252268666037139e-10
+1.614999999999993e-08    +0.000000000000000e+00    +1.606470206879728e+06    +0.000000000000000e+00    -8.304471824914119e-10    +9.999760489890676e-01    +2.849026596199085e-10
+1.615999999999993e-08    +0.000000000000000e+00    +1.607464925274081e+06    +0.000000000000000e+00    -7.245028094457197e-09    +9.999760297447441e-01    -2.927188700966916e-09
+1.616999999999994e-08    +0.000000000000000e+00    +1.608459643668434e+06    +0.000000000000000e+00    -1.103061886688484e-09    +9.999760107766938e-01    -2.244594380085032e-10
+1.617999999999994e-08    +0.000000000000000e+00    +1.609454362062787e+06    +0.000000000000000e+00    -3.404695767297741e-09    +9.999759958994321e-01    -3.838510230731952e-09
+1.618999999999994e-08    +0.000000000000000e+00    +1.610449080457140e+06    +0.000000000000000e+00    -1.542398207178779e-11    +9.999759806454765e-01    +8.311009846020049e-11
+1.619999999999994e-08    +0.000000000000000e+00    +1.611443798851493e+06    +0.000000000000000e+00    +1.186591458218445e-09    +9.999759681028829e-01    +1.285718002570307e-10
+1.620999999999994e-08    +0.000000000000000e+00    +1.612438517245845e+06    +0.000000000000000e+00    +6.181241952444282e-09    +9.999759513105282e-01    +7.237111283931284e-09
+1.621999999999994e-08    +0.000000000000000e+00    +1.613433235640198e+06    +0.000000000000000e+00    +9.717646034218485e-10    +9.999759360980534e-01    +9.825535568653325e-10
+1.622999999999994e-08    +0.000000000000000e+00    +1.614427954034552e+06    +0.000000000000000e+00    +2.506353645495003e-10    +9.999759228175297e-01    +2.431235416315194e-09
+1.623999999999995e-08    +0.000000000000000e+00    +1.615422672428905e+06    +0.000000000000000e+00    -2.642324448681367e-09    +9.999759049344362e-01    +7.505968201332678e-09
+1.624999999999995e-08    +0.000000000000000e+00    +1.616417390823257e+06    +0.000000000000000e+00    -2.882577509296626e-10    +9.999758869181399e-01    +1.139677656243429e-09
+1.625999999999995e-08    +0.000000000000000e+00    +1.617412109217610e+06    +0.000000000000000e+00    -1.005657496797754e-09    +9.999758708774810e-01    +1.129930637163107e-09
+1.626999999999995e-08    +0.000000000000000e+00    +1.618406827611964e+06    +0.000000000000000e+00    -2.408266017971435e-10    +9.999758573940178e-01    +1.292919710254352e-10
+1.627999999999995e-08    +0.000000000000000e+00    +1.619401546006316e+06    +0.000000000000000e+00    -1.808179075137465e-09    +9.999758418309014e-01    -4.568569861579353e-10
+1.628999999999995e-08    +0.000000000000000e+00    +1.620396264400669e+06    +0.000000000000000e+00    -5.975815553244881e-10    +9.999758227978486e-01    -6.558048382999910e-11
+1.629999999999995e-08    +0.000000000000000e+00    +1.621390982795022e+06    +0.000000000000000e+00    -1.102007006090902e-09    +9.999758077210888e-01    -6.155783430046408e-10
+1.630999999999996e-08    +0.000000000000000e+00    +1.622385701189375e+06    +0.000000000000000e+00    -4.485415438572643e-10    +9.999757921321875e-01    -4.726374197328440e-10
+1.631999999999996e-08    +0.000000000000000e+00    +1.623380419583728e+06    +0.000000000000000e+00    +2.998409903327505e-12    +9.999757786691690e-01    +2.775205043809999e-10
+1.632999999999996e-08    +0.000000000000000e+00    +1.624375137978081e+06    +0.000000000000000e+00    -9.550822742733116e-10    +9.999757617577242e-01    +1.205591209791998e-09
+1.633999999999996e-08    +0.000000000000000e+00    +1.625369856372434e+06    +0.000000000000000e+00    -6.434266516631157e-09    +9.999757453208806e-01    +3.072946082771817e-09
+1.634999999999996e-08    +0.000000000000000e+00    +1.626364574766786e+06    +0.000000000000000e+00    -1.989169390881855e-09    +9.999757293855810e-01    +9.354066724910377e-10
+1.635999999999996e-08    +0.000000000000000e+00    +1.627359293161139e+06    +0.000000000000000e+00    -2.277672736698357e-09    +9.999757127286764e-01    +3.331108582002386e-10
+1.636999999999996e-08    +0.000000000000000e+00    +1.628354011555493e+06    +0.000000000000000e+00    -1.114252392657641e-09    +9.999756959449660e-01    +1.405817260477181e-10
+1.637999999999997e-08    +0.000000000000000e+00    +1.629348729949845e+06    +0.000000000000000e+00    -3.460296534109521e-09    +9.999756776313697e-01    -6.050766392100608e-10
+1.638999999999997e-08    +0.000000000000000e+00    +1.630343448344198e+06    +0.000000000000000e+00    -6.216880570360987e-10    +9.999756619816363e-01    -1.396109220152949e-10
+1.639999999999997e-08    +0.000000000000000e+00    +1.631338166738551e+06    +0.000000000000000e+00    -1.711315758353115e-09    +9.999756463385447e-01    -2.534542569466308e-09
+1.640999999999997e-08    +0.000000000000000e+00    +1.632332885132904e+06    +0.000000000000000e+00    -1.298788225073298e-09    +9.999756302711365e-01    -1.707851449715053e-09
+1.641999999999997e-08    +0.000000000000000e+00    +1.633327603527257e+06    +0.000000000000000e+00    -5.509253194608193e-10    +9.999756148817619e-01    -8.706477019394289e-09
+1.642999999999997e-08    +0.000000000000000e+00    +1.634322321921610e+06    +0.000000000000000e+00    -2.769305223239806e-10    +9.999755981473516e-01    -9.585359578078302e-10
+1.643999999999997e-08    +0.000000000000000e+00    +1.635317040315963e+06    +0.000000000000000e+00    +5.955984252015355e-10    +9.999755820660206e-01    -4.551611257558158e-09
+1.644999999999998e-08    +0.000000000000000e+00    +1.636311758710316e+06    +0.000000000000000e+00    +3.697597479556681e-10    +9.999755656332712e-01    -2.785274624185828e-09
+1.645999999999998e-08    +0.000000000000000e+00    +1.637306477104669e+06    +0.000000000000000e+00    +2.534920921027624e-09    +9.999755499512926e-01    -4.742657416261742e-09
+1.646999999999998e-08    +0.000000000000000e+00    +1.638301195499022e+06    +0.000000000000000e+00    +1.864903084595965e-09    +9.999755317366551e-01    -3.398541598776339e-09
+1.647999999999998e-08    +0.000000000000000e+00    +1.639295913893375e+06    +0.000000000000000e+00    +1.999041877662883e-09    +9.999755142339003e-01    -3.296542208758456e-09
+1.648999999999998e-08    +0.000000000000000e+00    +1.640290632287727e+06    +0.000000000000000e+00    +1.140112386849841e-09    +9.999754969866306e-01    -1.342068001412184e-09
+1.649999999999998e-08    +0.000000000000000e+00    +1.641285350682080e+06    +0.000000000000000e+00    +9.718321518546113e-10    +9.999754790445134e-01    -1.105172614677852e-09
+1.650999999999998e-08    +0.000000000000000e+00    +1.642280069076433e+06    +0.000000000000000e+00    +2.352451776366602e-09    +9.999754652233659e-01    -1.375659995146235e-09
+1.651999999999999e-08    +0.000000000000000e+00    +1.643274787470786e+06    +0.000000000000000e+00    +1.392205970437403e-09    +9.999754495111542e-01    -8.198542937390067e-10
+1.652999999999999e-08    +0.000000000000000e+00    +1.644269505865138e+06    +0.000000000000000e+00    +5.358171140715311e-09    +9.999754341296189e-01    -5.199726972353992e-10
+1.653999999999999e-08    +0.000000000000000e+00    +1.645264224259492e+06    +0.000000000000000e+00    +7.573625421619465e-10    +9.999754167194965e-01    -1.792876512933356e-10
+1.654999999999999e-08    +0.000000000000000e+00    +1.646258942653846e+06    +0.000000000000000e+00    +4.352465038328488e-09    +9.999753978935502e-01    +8.205188145456369e-10
+1.655999999999999e-08    +0.000000000000000e+00    +1.647253661048198e+06    +0.000000000000000e+00    +6.784748888315775e-10    +9.999753803944641e-01    -1.844065623265164e-11
+1.656999999999999e-08    +0.000000000000000e+00    +1.648248379442551e+06    +0.000000000000000e+00    +6.983559396203439e-10    +9.999753646780338e-01    +5.147268217909979e-10
+1.657999999999999e-08    +0.000000000000000e+00    +1.649243097836904e+06    +0.000000000000000e+00    +1.238049234029024e-09    +9.999753480897560e-01    +2.018374213253793e-09
+1.659000000000000e-08    +0.000000000000000e+00    +1.650237816231257e+06    +0.000000000000000e+00    +3.031289489727489e-10    +9.999753299128915e-01    +8.396884049468250e-09
+1.660000000000000e-08    +0.000000000000000e+00    +1.651232534625609e+06    +0.000000000000000e+00    +2.557516772629500e-10    +9.999753122669299e-01    +1.218285242700023e-09
+1.661000000000000e-08    +0.000000000000000e+00    +1.652227253019962e+06    +0.000000000000000e+00    +1.443825989965479e-10    +9.999752952963992e-01    +3.869183385655234e-10
+1.662000000000000e-08    +0.000000000000000e+00    +1.653221971414316e+06    +0.000000000000000e+00    -2.441840425037287e-10    +9.999752780441898e-01    +8.972711116844537e-10
+1.663000000000000e-08    +0.000000000000000e+00    +1.654216689808668e+06    +0.000000000000000e+00    -1.135453048991531e-09    +9.999752619269074e-01    +1.301577641000193e-09
+1.664000000000000e-08    +0.000000000000000e+00    +1.655211408203021e+06    +0.000000000000000e+00    -4.171393258354327e-10    +9.999752469978196e-01    +1.621872268917170e-10
+1.665000000000000e-08    +0.000000000000000e+00    +1.656206126597374e+06    +0.000000000000000e+00    -7.861109219944617e-10    +9.999752326954006e-01    -2.535256756751006e-10
+1.666000000000000e-08    +0.000000000000000e+00    +1.657200844991727e+06    +0.000000000000000e+00    -1.549966196007790e-09    +9.999752161467829e-01    -1.062157252506520e-09
+1.667000000000001e-08    +0.000000000000000e+00    +1.658195563386079e+06    +0.000000000000000e+00    -2.832951222583753e-09    +9.999752014847882e-01    -5.168985772481903e-09
+1.668000000000001e-08    +0.000000000000000e+00    +1.659190281780433e+06    +0.000000000000000e+00    -5.972470699187906e-10    +9.999751827119757e-01    -6.677678798550262e-10
+1.669000000000001e-08    +0.000000000000000e+00    +1.660185000174786e+06    +0.000000000000000e+00    -7.871056254509362e-10    +9.999751657711371e-01    -3.329519820228450e-09
+1.670000000000001e-08    +0.000000000000000e+00    +1.661179718569138e+06    +0.000000000000000e+00    -1.146518564195930e-10    +9.999751518135369e-01    -2.455284249926285e-10
+1.671000000000001e-08    +0.000000000000000e+00    +1.662174436963492e+06    +0.000000000000000e+00    +2.354036696234183e-10    +9.999751345489829e-01    -8.987460752102128e-10
+1.672000000000001e-08    +0.000000000000000e+00    +1.663169155357845e+06    +0.000000000000000e+00    +6.600076635756226e-10    +9.999751221587789e-01    -5.115814526633621e-10
+1.673000000000001e-08    +0.000000000000000e+00    +1.664163873752198e+06    +0.000000000000000e+00    +3.940167450603774e-09    +9.999751059598954e-01    +1.546435307082738e-11
+1.674000000000002e-08    +0.000000000000000e+00    +1.665158592146550e+06    +0.000000000000000e+00    +1.652792439481576e-09    +9.999750912043577e-01    +4.051023566167719e-10
+1.675000000000002e-08    +0.000000000000000e+00    +1.666153310540903e+06    +0.000000000000000e+00    +2.972760370601491e-10    +9.999750710731741e-01    +3.518962746850510e-11
+1.676000000000002e-08    +0.000000000000000e+00    +1.667148028935256e+06    +0.000000000000000e+00    +4.236926516131595e-10    +9.999750558220819e-01    +4.344233286392640e-10
+1.677000000000002e-08    +0.000000000000000e+00    +1.668142747329609e+06    +0.000000000000000e+00    +1.383815567541269e-10    +9.999750426318439e-01    +2.113992905047702e-09
+1.678000000000002e-08    +0.000000000000000e+00    +1.669137465723962e+06    +0.000000000000000e+00    -6.852004241925582e-10    +9.999750270385166e-01    +3.016188187953301e-09
+1.679000000000002e-08    +0.000000000000000e+00    +1.670132184118315e+06    +0.000000000000000e+00    +1.937627136679534e-12    +9.999750076357348e-01    +8.243101186986175e-10
+1.680000000000002e-08    +0.000000000000000e+00    +1.671126902512668e+06    +0.000000000000000e+00    -8.942081401095344e-11    +9.999749919085584e-01    +9.731284973905958e-10
+1.681000000000003e-08    +0.000000000000000e+00    +1.672121620907021e+06    +0.000000000000000e+00    -2.698434783200360e-09    +9.999749755663062e-01    +2.768055926181795e-09
+1.682000000000003e-08    +0.000000000000000e+00    +1.673116339301374e+06    +0.000000000000000e+00    -6.570313355032969e-10    +9.999749543845867e-01    +9.394300581716010e-10
+1.683000000000003e-08    +0.000000000000000e+00    +1.674111057695727e+06    +0.000000000000000e+00    -3.162673535882660e-09    +9.999749386719822e-01    +1.122036478502586e-09
+1.684000000000003e-08    +0.000000000000000e+00    +1.675105776090079e+06    +0.000000000000000e+00    -4.297535940650798e-09    +9.999749219313164e-01    +6.291081998885351e-10
+1.685000000000003e-08    +0.000000000000000e+00    +1.676100494484432e+06    +0.000000000000000e+00    -1.898956246483028e-09    +9.999749073101662e-01    -8.323640624922519e-10
+1.686000000000003e-08    +0.000000000000000e+00    +1.677095212878786e+06    +0.000000000000000e+00    -5.922012276001380e-10    +9.999748880534248e-01    -3.177676895880721e-10
+1.687000000000003e-08    +0.000000000000000e+00    +1.678089931273139e+06    +0.000000000000000e+00    -5.237817691473634e-10    +9.999748702835877e-01    -7.061271881468559e-10
+1.688000000000004e-08    +0.000000000000000e+00    +1.679084649667491e+06    +0.000000000000000e+00    +6.938628201297361e-10    +9.999748566099564e-01    +6.180561092420615e-11
+1.689000000000004e-08    +0.000000000000000e+00    +1.680079368061844e+06    +0.000000000000000e+00    +8.084250850667845e-10    +9.999748441045974e-01    +5.623840663001620e-10
+1.690000000000004e-08    +0.000000000000000e+00    +1.681074086456197e+06    +0.000000000000000e+00    +1.291548585835743e-09    +9.999748271641782e-01    +2.008804062828484e-09
+1.691000000000004e-08    +0.000000000000000e+00    +1.682068804850550e+06    +0.000000000000000e+00    +6.112071356740301e-10    +9.999748109038450e-01    +3.884464894134172e-09
+1.692000000000004e-08    +0.000000000000000e+00    +1.683063523244903e+06    +0.000000000000000e+00    -5.340182672596231e-11    +9.999747954325015e-01    +1.380952064831668e-09
+1.693000000000004e-08    +0.000000000000000e+00    +1.684058241639256e+06    +0.000000000000000e+00    -9.142915390203026e-11    +9.999747786406734e-01    +7.330178890590780e-10
+1.694000000000004e-08    +0.000000000000000e+00    +1.685052960033609e+06    +0.000000000000000e+00    -6.311385491907770e-10    +9.999747602968544e-01    +1.521794113389732e-09
+1.695000000000005e-08    +0.000000000000000e+00    +1.686047678427961e+06    +0.000000000000000e+00    -3.465134486328747e-09    +9.999747434161479e-01    +2.165868322518994e-09
+1.696000000000005e-08    +0.000000000000000e+00    +1.687042396822315e+06    +0.000000000000000e+00    -5.239503612396741e-09    +9.999747268679758e-01    +1.899141984732523e-09
+1.697000000000005e-08    +0.000000000000000e+00    +1.688037115216668e+06    +0.000000000000000e+00    -1.488869977911249e-09    +9.999747092076440e-01    +6.357172745062962e-10
+1.698000000000005e-08    +0.000000000000000e+00    +1.689031833611020e+06    +0.000000000000000e+00    -2.180304313686303e-09    +9.999746934297855e-01    +5.269425170409131e-10
+1.699000000000005e-08    +0.000000000000000e+00    +1.690026552005373e+06    +0.000000000000000e+00    -1.447835536387611e-09    +9.999746758603489e-01    +4.242039306892850e-10
+1.700000000000005e-08    +0.000000000000000e+00    +1.691021270399726e+06    +0.000000000000000e+00    -1.530683862871011e-09    +9.999746575689613e-01    +3.376849117670372e-10
+1.701000000000005e-08    +0.000000000000000e+00    +1.692015988794080e+06    +0.000000000000000e+00    -2.588171287968774e-09    +9.999746422836781e-01    -1.098989891806372e-09
+1.702000000000006e-08    +0.000000000000000e+00    +1.693010707188432e+06    +0.000000000000000e+00    -8.551021611985438e-10    +9.999746246724843e-01    -2.912570637230347e-10
+1.703000000000006e-08    +0.000000000000000e+00    +1.694005425582785e+06    +0.000000000000000e+00    -1.163606770773953e-09    +9.999746084127249e-01    -6.463520202320361e-10
+1.704000000000006e-08    +0.000000000000000e+00    +1.695000143977138e+06    +0.000000000000000e+00    -1.731135622013935e-09    +9.999745924256331e-01    -1.613426179748123e-09
+1.705000000000006e-08    +0.000000000000000e+00    +1.695994862371491e+06    +0.000000000000000e+00    -1.317298948949684e-09    +9.999745769842561e-01    -1.234307804150076e-09
+1.706000000000006e-08    +0.000000000000000e+00    +1.696989580765844e+06    +0.000000000000000e+00    -9.427890189293991e-10    +9.999745587484590e-01    -7.369687788096681e-10
+1.707000000000006e-08    +0.000000000000000e+00    +1.697984299160197e+06    +0.000000000000000e+00    -1.564326998644446e-09    +9.999745426099554e-01    -2.420892406531587e-09
+1.708000000000006e-08    +0.000000000000000e+00    +1.698979017554550e+06    +0.000000000000000e+00    -4.390059685719020e-10    +9.999745285560431e-01    -3.041318794733249e-09
+1.709000000000007e-08    +0.000000000000000e+00    +1.699973735948902e+06    +0.000000000000000e+00    -2.154489213029773e-10    +9.999745126146289e-01    -1.999798531575103e-09
+1.710000000000007e-08    +0.000000000000000e+00    +1.700968454343255e+06    +0.000000000000000e+00    +2.008948913561243e-09    +9.999744937284472e-01    -7.641588232206779e-09
+1.711000000000007e-08    +0.000000000000000e+00    +1.701963172737608e+06    +0.000000000000000e+00    -4.449729803935155e-12    +9.999744740592483e-01    -5.593725854098100e-10
+1.712000000000007e-08    +0.000000000000000e+00    +1.702957891131961e+06    +0.000000000000000e+00    +4.062618704491006e-10    +9.999744597077520e-01    -1.282600613138318e-09
+1.713000000000007e-08    +0.000000000000000e+00    +1.703952609526314e+06    +0.000000000000000e+00    +7.005520357995043e-10    +9.999744425776005e-01    -1.169580307674293e-09
+1.714000000000007e-08    +0.000000000000000e+00    +1.704947327920667e+06    +0.000000000000000e+00    +1.117329648774222e-09    +9.999744277128689e-01    -9.474671606588876e-10
+1.715000000000007e-08    +0.000000000000000e+00    +1.705942046315020e+06    +0.000000000000000e+00    +4.871929362913844e-09    +9.999744132914792e-01    -8.364428706742095e-11
+1.716000000000008e-08    +0.000000000000000e+00    +1.706936764709373e+06    +0.000000000000000e+00    +3.781916565784331e-09    +9.999743956054130e-01    -3.237872668961242e-10
+1.717000000000008e-08    +0.000000000000000e+00    +1.707931483103726e+06    +0.000000000000000e+00    +4.876070380735022e-10    +9.999743804316754e-01    -1.683552265071807e-10
+1.718000000000008e-08    +0.000000000000000e+00    +1.708926201498079e+06    +0.000000000000000e+00    +2.627682050447382e-09    +9.999743657594697e-01    +9.850698241925623e-10
+1.719000000000008e-08    +0.000000000000000e+00    +1.709920919892431e+06    +0.000000000000000e+00    +2.239275087946854e-09    +9.999743518185081e-01    +3.435831280371400e-09
+1.720000000000008e-08    +0.000000000000000e+00    +1.710915638286785e+06    +0.000000000000000e+00    +1.409795619601168e-09    +9.999743353986152e-01    +1.824947595361711e-09
+1.721000000000008e-08    +0.000000000000000e+00    +1.711910356681138e+06    +0.000000000000000e+00    +1.881522672833155e-09    +9.999743168808649e-01    +4.496382793207904e-09
+1.722000000000008e-08    +0.000000000000000e+00    +1.712905075075491e+06    +0.000000000000000e+00    +5.328079077515931e-10    +9.999743004529819e-01    +7.730120217625094e-10
+1.723000000000009e-08    +0.000000000000000e+00    +1.713899793469843e+06    +0.000000000000000e+00    +5.544515652180960e-10    +9.999742880399338e-01    -1.140361591090918e-09
+1.724000000000009e-08    +0.000000000000000e+00    +1.714894511864196e+06    +0.000000000000000e+00    +2.460779901243419e-09    +9.999742708559243e-01    -2.010155301108242e-09
+1.725000000000009e-08    +0.000000000000000e+00    +1.715889230258549e+06    +0.000000000000000e+00    +1.642585824137406e-09    +9.999742564873078e-01    -1.136023769827192e-09
+1.726000000000009e-08    +0.000000000000000e+00    +1.716883948652902e+06    +0.000000000000000e+00    +3.976852617588766e-09    +9.999742401851224e-01    -8.847620606148714e-10
+1.727000000000009e-08    +0.000000000000000e+00    +1.717878667047255e+06    +0.000000000000000e+00    +5.133174052183390e-09    +9.999742244618897e-01    +8.697305440141807e-10
+1.728000000000009e-08    +0.000000000000000e+00    +1.718873385441608e+06    +0.000000000000000e+00    +3.134244941468722e-10    +9.999742058252796e-01    +1.279251996734594e-11
+1.729000000000009e-08    +0.000000000000000e+00    +1.719868103835960e+06    +0.000000000000000e+00    -8.527735645933462e-12    +9.999741912703254e-01    -1.023403770393037e-10
+1.730000000000010e-08    +0.000000000000000e+00    +1.720862822230313e+06    +0.000000000000000e+00    -8.670862592285341e-10    +9.999741777726741e-01    +4.376937349444604e-10
+1.731000000000010e-08    +0.000000000000000e+00    +1.721857540624666e+06    +0.000000000000000e+00    -2.305292796142672e-09    +9.999741644291638e-01    -3.997683014157330e-10
+1.732000000000010e-08    +0.000000000000000e+00    +1.722852259019020e+06    +0.000000000000000e+00    -5.615865115248734e-10    +9.999741465515128e-01    +5.128121170246267e-12
+1.733000000000010e-08    +0.000000000000000e+00    +1.723846977413372e+06    +0.000000000000000e+00    -2.935853151204742e-09    +9.999741288608327e-01    -1.747305297682838e-09
+1.734000000000010e-08    +0.000000000000000e+00    +1.724841695807726e+06    +0.000000000000000e+00    -1.710635512144683e-09    +9.999741113194336e-01    -1.059234326211490e-09
+1.735000000000010e-08    +0.000000000000000e+00    +1.725836414202079e+06    +0.000000000000000e+00    -4.816821801331888e-10    +9.999740930882617e-01    -1.659346330056803e-10
+1.736000000000010e-08    +0.000000000000000e+00    +1.726831132596432e+06    +0.000000000000000e+00    -2.209453590450487e-10    +9.999740803366691e-01    -2.514042543238213e-10
+1.737000000000011e-08    +0.000000000000000e+00    +1.727825850990784e+06    +0.000000000000000e+00    -4.060897373658654e-10    +9.999740628767773e-01    -4.355407270833822e-09
+1.738000000000011e-08    +0.000000000000000e+00    +1.728820569385137e+06    +0.000000000000000e+00    -5.011022899352900e-11    +9.999740460223535e-01    +2.620402804460683e-10
+1.739000000000011e-08    +0.000000000000000e+00    +1.729815287779490e+06    +0.000000000000000e+00    -8.577440532042166e-10    +9.999740316954856e-01    +6.729088749970471e-10
+1.740000000000011e-08    +0.000000000000000e+00    +1.730810006173843e+06    +0.000000000000000e+00    -8.354983012912239e-09    +9.999740165308684e-01    +7.910665682317702e-10
+1.741000000000011e-08    +0.000000000000000e+00    +1.731804724568196e+06    +0.000000000000000e+00    -7.512946738488625e-10    +9.999740018081648e-01    +1.914899679893076e-10
+1.742000000000011e-08    +0.000000000000000e+00    +1.732799442962549e+06    +0.000000000000000e+00    -4.920344801189203e-09    +9.999739646591854e-01    +5.575506398616277e-10
+1.743000000000011e-08    +0.000000000000000e+00    +1.733794161356902e+06    +0.000000000000000e+00    -3.926168196783070e-10    +9.999739485067248e-01    +1.567524484708594e-10
+1.744000000000012e-08    +0.000000000000000e+00    +1.734788879751254e+06    +0.000000000000000e+00    +2.726112709888708e-10    +9.999739330120810e-01    +3.541093009294795e-10
+1.745000000000012e-08    +0.000000000000000e+00    +1.735783598145607e+06    +0.000000000000000e+00    +1.073101084482516e-09    +9.999739196106001e-01    -1.751386329967606e-09
+1.746000000000012e-08    +0.000000000000000e+00    +1.736778316539961e+06    +0.000000000000000e+00    +2.193418590622507e-09    +9.999739010433931e-01    -1.806946820544877e-09
+1.747000000000012e-08    +0.000000000000000e+00    +1.737773034934313e+06    +0.000000000000000e+00    +7.945900969760310e-10    +9.999738841936440e-01    -6.700123980215058e-10
+1.748000000000012e-08    +0.000000000000000e+00    +1.738767753328666e+06    +0.000000000000000e+00    +4.136712144864306e-09    +9.999738691450105e-01    -8.014665623974244e-10
+1.749000000000012e-08    +0.000000000000000e+00    +1.739762471723020e+06    +0.000000000000000e+00    +8.555327577921747e-09    +9.999738540872016e-01    +3.904859869591493e-09
+1.750000000000012e-08    +0.000000000000000e+00    +1.740757190117373e+06    +0.000000000000000e+00    +8.242634427010113e-10    +9.999738385492425e-01    +1.303257043023981e-10
+1.751000000000013e-08    +0.000000000000000e+00    +1.741751908511725e+06    +0.000000000000000e+00    +6.551303224000911e-10    +9.999738233968569e-01    +3.033249264369916e-10
+1.752000000000013e-08    +0.000000000000000e+00    +1.742746626906078e+06    +0.000000000000000e+00    -5.222529593013218e-11    +9.999738075800778e-01    -1.825604859808839e-09
+1.753000000000013e-08    +0.000000000000000e+00    +1.743741345300431e+06    +0.000000000000000e+00    +4.085931986195447e-11    +9.999737949753789e-01    -5.898388654197528e-10
+1.754000000000013e-08    +0.000000000000000e+00    +1.744736063694784e+06    +0.000000000000000e+00    +2.069970875184857e-10    +9.999737808515619e-01    -5.225790147803784e-10
+1.755000000000013e-08    +0.000000000000000e+00    +1.745730782089137e+06    +0.000000000000000e+00    +2.207375448368847e-09    +9.999737611078878e-01    -1.313873848198065e-09
+1.756000000000013e-08    +0.000000000000000e+00    +1.746725500483490e+06    +0.000000000000000e+00    -2.177575453156302e-10    +9.999737428438749e-01    -3.449675123213800e-11
+1.757000000000013e-08    +0.000000000000000e+00    +1.747720218877842e+06    +0.000000000000000e+00    -6.153976995577084e-11    +9.999737290782406e-01    +2.582041603052207e-10
+1.758000000000013e-08    +0.000000000000000e+00    +1.748714937272195e+06    +0.000000000000000e+00    -1.080998773574148e-09    +9.999737155748001e-01    -8.178509487770649e-10
+1.759000000000014e-08    +0.000000000000000e+00    +1.749709655666548e+06    +0.000000000000000e+00    -1.724531866035841e-09    +9.999737006913385e-01    -1.910698595135732e-09
+1.760000000000014e-08    +0.000000000000000e+00    +1.750704374060902e+06    +0.000000000000000e+00    -2.399895089500117e-09    +9.999736846187819e-01    -2.558746982228750e-09
+1.761000000000014e-08    +0.000000000000000e+00    +1.751699092455254e+06    +0.000000000000000e+00    -1.373372646948995e-09    +9.999736669817872e-01    -1.152239813223662e-09
+1.762000000000014e-08    +0.000000000000000e+00    +1.752693810849607e+06    +0.000000000000000e+00    -9.157632813928143e-10    +9.999736534912428e-01    -3.475839381435423e-09
+1.763000000000014e-08    +0.000000000000000e+00    +1.753688529243960e+06    +0.000000000000000e+00    -6.032593923280197e-10    +9.999736369794293e-01    -1.442274504838067e-09
+1.764000000000014e-08    +0.000000000000000e+00    +1.754683247638312e+06    +0.000000000000000e+00    -5.619515143132165e-10    +9.999736207179725e-01    -6.898107270268037e-09
+1.765000000000014e-08    +0.000000000000000e+00    +1.755677966032666e+06    +0.000000000000000e+00    +2.888155952435337e-11    +9.999736023944784e-01    -5.906292762807261e-11
+1.766000000000015e-08    +0.000000000000000e+00    +1.756672684427019e+06    +0.000000000000000e+00    -4.108306233622559e-09    +9.999735873009239e-01    -1.983611508896201e-09
+1.767000000000015e-08    +0.000000000000000e+00    +1.757667402821372e+06    +0.000000000000000e+00    -8.230930756346159e-10    +9.999735709283456e-01    -1.689991098891657e-10
+1.768000000000015e-08    +0.000000000000000e+00    +1.758662121215725e+06    +0.000000000000000e+00    -3.127973783650232e-09    +9.999735543002288e-01    -1.632272595339616e-09
+1.769000000000015e-08    +0.000000000000000e+00    +1.759656839610078e+06    +0.000000000000000e+00    -1.288372342681911e-09    +9.999735378674346e-01    -4.632311401817000e-10
+1.770000000000015e-08    +0.000000000000000e+00    +1.760651558004430e+06    +0.000000000000000e+00    -2.458564799297193e-09    +9.999735223164727e-01    -1.854205998377849e-09
+1.771000000000015e-08    +0.000000000000000e+00    +1.761646276398783e+06    +0.000000000000000e+00    -1.177515970850074e-09    +9.999735071552063e-01    -7.122495256366352e-10
+1.772000000000015e-08    +0.000000000000000e+00    +1.762640994793136e+06    +0.000000000000000e+00    -1.535110423426663e-09    +9.999734915392308e-01    -1.158761366778541e-09
+1.773000000000016e-08    +0.000000000000000e+00    +1.763635713187489e+06    +0.000000000000000e+00    -3.433601547117661e-09    +9.999734761297482e-01    -4.326919714614456e-09
+1.774000000000016e-08    +0.000000000000000e+00    +1.764630431581842e+06    +0.000000000000000e+00    -2.851616936029702e-09    +9.999734553335877e-01    -4.426873543503647e-09
+1.775000000000016e-08    +0.000000000000000e+00    +1.765625149976195e+06    +0.000000000000000e+00    -8.691653351525563e-11    +9.999734362147457e-01    -1.223220679503596e-10
+1.776000000000016e-08    +0.000000000000000e+00    +1.766619868370548e+06    +0.000000000000000e+00    -6.725092799957548e-10    +9.999734219785879e-01    +1.150728473150641e-09
+1.777000000000016e-08    +0.000000000000000e+00    +1.767614586764901e+06    +0.000000000000000e+00    -1.276111363300782e-09    +9.999734036331613e-01    +1.374469898787103e-09
+1.778000000000016e-08    +0.000000000000000e+00    +1.768609305159254e+06    +0.000000000000000e+00    -1.967215276630752e-09    +9.999733893669717e-01    +1.441431508144959e-09
+1.779000000000016e-08    +0.000000000000000e+00    +1.769604023553607e+06    +0.000000000000000e+00    -1.109294242986838e-09    +9.999733735886170e-01    +1.071035036179172e-09
+1.780000000000017e-08    +0.000000000000000e+00    +1.770598741947960e+06    +0.000000000000000e+00    -4.948358452348613e-09    +9.999733572764427e-01    +2.839096762492097e-09
+1.781000000000017e-08    +0.000000000000000e+00    +1.771593460342313e+06    +0.000000000000000e+00    -2.117325678789022e-09    +9.999733382718882e-01    +1.930437609957525e-09
+1.782000000000017e-08    +0.000000000000000e+00    +1.772588178736665e+06    +0.000000000000000e+00    -1.479400903405435e-09    +9.999733215262958e-01    +1.299340845572981e-09
+1.783000000000017e-08    +0.000000000000000e+00    +1.773582897131018e+06    +0.000000000000000e+00    -1.628461714031562e-09    +9.999733016288881e-01    +1.385692643770249e-09
+1.784000000000017e-08    +0.000000000000000e+00    +1.774577615525372e+06    +0.000000000000000e+00    -4.235971268875318e-09    +9.999732858193285e-01    +1.126933403080684e-09
+1.785000000000017e-08    +0.000000000000000e+00    +1.775572333919724e+06    +0.000000000000000e+00    +4.465510315289839e-09    +9.999732715498648e-01    +3.291570890649800e-09
+1.786000000000017e-08    +0.000000000000000e+00    +1.776567052314077e+06    +0.000000000000000e+00    +1.141634034180489e-09    +9.999732561425777e-01    +4.787813906898840e-10
+1.787000000000018e-08    +0.000000000000000e+00    +1.777561770708430e+06    +0.000000000000000e+00    +2.111464294461841e-09    +9.999732398043285e-01    +1.729738201080354e-09
+1.788000000000018e-08    +0.000000000000000e+00    +1.778556489102783e+06    +0.000000000000000e+00    +1.204738071506773e-09    +9.999732248890171e-01    +9.263527331507732e-10
+1.789000000000018e-08    +0.000000000000000e+00    +1.779551207497135e+06    +0.000000000000000e+00    +1.196083639998693e-09    +9.999732115376950e-01    +2.055221264639957e-09
+1.790000000000018e-08    +0.000000000000000e+00    +1.780545925891489e+06    +0.000000000000000e+00    +5.092120032949809e-10    +9.999731942801950e-01    +1.665697872976398e-09
+1.791000000000018e-08    +0.000000000000000e+00    +1.781540644285842e+06    +0.000000000000000e+00    +2.862262980604286e-10    +9.999731777286925e-01    +1.776067777862364e-09
+1.792000000000018e-08    +0.000000000000000e+00    +1.782535362680194e+06    +0.000000000000000e+00    +2.465806114012992e-10    +9.999731608164728e-01    +7.315908783634087e-10
+1.793000000000018e-08    +0.000000000000000e+00    +1.783530081074547e+06    +0.000000000000000e+00    -1.830715374817714e-10    +9.999731456565655e-01    +2.772967570674686e-09
+1.794000000000019e-08    +0.000000000000000e+00    +1.784524799468901e+06    +0.000000000000000e+00    +5.687457795580427e-11    +9.999731278463418e-01    +2.777497879119934e-10
+1.795000000000019e-08    +0.000000000000000e+00    +1.785519517863254e+06    +0.000000000000000e+00    +1.344672174557466e-11    +9.999731137346803e-01    +1.215009011019311e-10
+1.796000000000019e-08    +0.000000000000000e+00    +1.786514236257606e+06    +0.000000000000000e+00    -1.475998419418501e-10    +9.999730974082232e-01    +2.381526430060758e-10
+1.797000000000019e-08    +0.000000000000000e+00    +1.787508954651959e+06    +0.000000000000000e+00    +9.309625417485426e-10    +9.999730847032854e-01    +7.377503361012799e-11
+1.798000000000019e-08    +0.000000000000000e+00    +1.788503673046312e+06    +0.000000000000000e+00    +2.978247321665659e-09    +9.999730710453765e-01    +1.944162262352697e-09
+1.799000000000019e-08    +0.000000000000000e+00    +1.789498391440665e+06    +0.000000000000000e+00    +2.864775693162406e-09    +9.999730545173960e-01    +5.747377589451479e-09
+1.800000000000019e-08    +0.000000000000000e+00    +1.790493109835018e+06    +0.000000000000000e+00    +7.937416017716647e-10    +9.999730378108662e-01    +1.029741526664891e-09
+1.801000000000020e-08    +0.000000000000000e+00    +1.791487828229371e+06    +0.000000000000000e+00    +3.721145570509043e-10    +9.999730221785080e-01    -9.716790986967143e-10
+1.802000000000020e-08    +0.000000000000000e+00    +1.792482546623724e+06    +0.000000000000000e+00    +8.395005713509567e-10    +9.999730058192124e-01    -7.051829089190098e-10
+1.803000000000020e-08    +0.000000000000000e+00    +1.793477265018077e+06    +0.000000000000000e+00    +5.273381657751405e-09    +9.999729883887201e-01    -2.444738729999174e-09
+1.804000000000020e-08    +0.000000000000000e+00    +1.794471983412429e+06    +0.000000000000000e+00    +4.389859702666884e-09    +9.999729701767670e-01    -2.384351359954312e-09
+1.805000000000020e-08    +0.000000000000000e+00    +1.795466701806783e+06    +0.000000000000000e+00    +3.524634358339031e-09    +9.999729508480423e-01    -2.482432697142577e-09
+1.806000000000020e-08    +0.000000000000000e+00    +1.796461420201135e+06    +0.000000000000000e+00    +1.743602317590328e-09    +9.999729316558998e-01    -1.330424153785255e-09
+1.807000000000020e-08    +0.000000000000000e+00    +1.797456138595488e+06    +0.000000000000000e+00    +2.085646493031251e-09    +9.999729153914714e-01    -1.701388264673270e-09
+1.808000000000021e-08    +0.000000000000000e+00    +1.798450856989841e+06    +0.000000000000000e+00    +3.009275760414733e-09    +9.999728972822413e-01    -2.265288673648858e-09
+1.809000000000021e-08    +0.000000000000000e+00    +1.799445575384195e+06    +0.000000000000000e+00    +1.318237442250273e-09    +9.999728807924153e-01    -9.681484626100656e-10
+1.810000000000021e-08    +0.000000000000000e+00    +1.800440293778547e+06    +0.000000000000000e+00    +5.661897760874451e-09    +9.999728636405599e-01    -1.991076071687604e-09
+1.811000000000021e-08    +0.000000000000000e+00    +1.801435012172900e+06    +0.000000000000000e+00    -1.116511817917866e-10    +9.999728464578391e-01    +2.247227788698513e-10
+1.812000000000021e-08    +0.000000000000000e+00    +1.802429730567253e+06    +0.000000000000000e+00    -1.038101383422961e-09    +9.999728298202577e-01    +9.694448352661708e-10
+1.813000000000021e-08    +0.000000000000000e+00    +1.803424448961606e+06    +0.000000000000000e+00    -3.220145647588966e-09    +9.999728162653744e-01    +3.339104057169358e-10
+1.814000000000021e-08    +0.000000000000000e+00    +1.804419167355959e+06    +0.000000000000000e+00    -1.020170793405369e-09    +9.999728017865295e-01    +2.337306315290599e-10
+1.815000000000022e-08    +0.000000000000000e+00    +1.805413885750312e+06    +0.000000000000000e+00    -1.375700700793128e-09    +9.999727813788869e-01    +2.372884657252748e-10
+1.816000000000022e-08    +0.000000000000000e+00    +1.806408604144665e+06    +0.000000000000000e+00    -3.905128124131795e-09    +9.999727639495329e-01    -1.460792838767840e-09
+1.817000000000022e-08    +0.000000000000000e+00    +1.807403322539017e+06    +0.000000000000000e+00    -8.584844376947539e-10    +9.999727451202505e-01    -8.954279947816879e-11
+1.818000000000022e-08    +0.000000000000000e+00    +1.808398040933371e+06    +0.000000000000000e+00    -1.491148854921883e-09    +9.999727298282084e-01    -4.909711000945784e-10
+1.819000000000022e-08    +0.000000000000000e+00    +1.809392759327723e+06    +0.000000000000000e+00    -1.713445182109494e-09    +9.999727139326516e-01    -2.174530418817722e-09
+1.820000000000022e-08    +0.000000000000000e+00    +1.810387477722076e+06    +0.000000000000000e+00    -1.166463372954033e-09    +9.999726957606386e-01    -1.126602113279231e-09
+1.821000000000022e-08    +0.000000000000000e+00    +1.811382196116429e+06    +0.000000000000000e+00    -8.426978618250962e-10    +9.999726779963718e-01    -1.863738666413800e-09
+1.822000000000023e-08    +0.000000000000000e+00    +1.812376914510782e+06    +0.000000000000000e+00    -9.832300870958513e-10    +9.999726613090971e-01    -1.948008928457286e-09
+1.823000000000023e-08    +0.000000000000000e+00    +1.813371632905134e+06    +0.000000000000000e+00    -8.110976767116743e-10    +9.999726449917361e-01    -1.317883260391481e-09
+1.824000000000023e-08    +0.000000000000000e+00    +1.814366351299488e+06    +0.000000000000000e+00    -1.397348134017398e-09    +9.999726293102664e-01    -4.560716016574123e-09
+1.825000000000023e-08    +0.000000000000000e+00    +1.815361069693841e+06    +0.000000000000000e+00    -5.630589734459725e-10    +9.999726108846982e-01    -6.413191746952265e-09
+1.826000000000023e-08    +0.000000000000000e+00    +1.816355788088194e+06    +0.000000000000000e+00    -3.439951462588294e-10    +9.999725939413956e-01    -1.703585479296265e-09
+1.827000000000023e-08    +0.000000000000000e+00    +1.817350506482546e+06    +0.000000000000000e+00    +4.647430106135849e-10    +9.999725776611268e-01    -5.776593695165274e-09
+1.828000000000023e-08    +0.000000000000000e+00    +1.818345224876900e+06    +0.000000000000000e+00    -1.010229452616208e-10    +9.999725614576664e-01    -4.461578685690305e-10
+1.829000000000024e-08    +0.000000000000000e+00    +1.819339943271253e+06    +0.000000000000000e+00    +1.682092795705733e-09    +9.999725455179729e-01    -4.644366925839503e-09
+1.830000000000024e-08    +0.000000000000000e+00    +1.820334661665605e+06    +0.000000000000000e+00    -2.286908931909660e-09    +9.999725277505001e-01    +2.905479218279689e-09
+1.831000000000024e-08    +0.000000000000000e+00    +1.821329380059958e+06    +0.000000000000000e+00    -9.365220615096806e-10    +9.999725098003814e-01    +1.382212979980185e-09
+1.832000000000024e-08    +0.000000000000000e+00    +1.822324098454311e+06    +0.000000000000000e+00    -5.099003751871385e-10    +9.999724949774194e-01    +6.025502252342336e-10
+1.833000000000024e-08    +0.000000000000000e+00    +1.823318816848664e+06    +0.000000000000000e+00    -1.914487029963270e-09    +9.999724808205898e-01    +4.290672136475348e-10
+1.834000000000024e-08    +0.000000000000000e+00    +1.824313535243017e+06    +0.000000000000000e+00    -2.312773009482242e-09    +9.999724657523903e-01    +3.901870281074896e-10
+1.835000000000024e-08    +0.000000000000000e+00    +1.825308253637370e+06    +0.000000000000000e+00    -4.927792890901636e-09    +9.999724498106298e-01    -1.915658011768803e-09
+1.836000000000025e-08    +0.000000000000000e+00    +1.826302972031723e+06    +0.000000000000000e+00    -1.671022191851702e-09    +9.999724329039440e-01    -1.576592127958002e-10
+1.837000000000025e-08    +0.000000000000000e+00    +1.827297690426075e+06    +0.000000000000000e+00    -6.808818899900131e-10    +9.999724137312086e-01    +2.385459000441554e-11
+1.838000000000025e-08    +0.000000000000000e+00    +1.828292408820428e+06    +0.000000000000000e+00    -3.532158906996632e-10    +9.999723963236239e-01    +2.779438795343220e-11
+1.839000000000025e-08    +0.000000000000000e+00    +1.829287127214781e+06    +0.000000000000000e+00    +4.337692789497218e-10    +9.999723836564012e-01    +7.315490267602841e-10
+1.840000000000025e-08    +0.000000000000000e+00    +1.830281845609135e+06    +0.000000000000000e+00    +1.086363675959923e-09    +9.999723680995588e-01    +5.146237962816965e-09
+1.841000000000025e-08    +0.000000000000000e+00    +1.831276564003487e+06    +0.000000000000000e+00    +2.419373179850790e-10    +9.999723520981462e-01    +4.523940113447876e-10
+1.842000000000025e-08    +0.000000000000000e+00    +1.832271282397841e+06    +0.000000000000000e+00    -5.922937601796450e-11    +9.999723358617126e-01    +1.243132755991452e-09
+1.843000000000026e-08    +0.000000000000000e+00    +1.833266000792194e+06    +0.000000000000000e+00    -2.678030934011500e-10    +9.999723215581671e-01    +6.420514983194168e-10
+1.844000000000026e-08    +0.000000000000000e+00    +1.834260719186547e+06    +0.000000000000000e+00    -7.823010204572251e-09    +9.999723063068128e-01    +4.016013923091091e-09
+1.845000000000026e-08    +0.000000000000000e+00    +1.835255437580899e+06    +0.000000000000000e+00    -8.954499410243307e-10    +9.999722896723006e-01    +1.145747184354180e-09
+1.846000000000026e-08    +0.000000000000000e+00    +1.836250155975252e+06    +0.000000000000000e+00    -7.949801893233811e-10    +9.999722690835983e-01    +1.248488896705520e-09
+1.847000000000026e-08    +0.000000000000000e+00    +1.837244874369605e+06    +0.000000000000000e+00    -1.014316235043277e-09    +9.999722530310635e-01    +7.970416810169661e-10
+1.848000000000026e-08    +0.000000000000000e+00    +1.838239592763958e+06    +0.000000000000000e+00    -3.260708286687171e-09    +9.999722384401142e-01    +4.524728313183274e-10
+1.849000000000026e-08    +0.000000000000000e+00    +1.839234311158311e+06    +0.000000000000000e+00    +1.810689610487465e-09    +9.999722252761385e-01    +9.990201953782644e-10
+1.850000000000026e-08    +0.000000000000000e+00    +1.840229029552664e+06    +0.000000000000000e+00    +1.548499120890075e-09    +9.999722092608259e-01    +6.770052614969561e-10
+1.851000000000027e-08    +0.000000000000000e+00    +1.841223747947016e+06    +0.000000000000000e+00    +1.521520988381534e-09    +9.999721926695002e-01    +5.455048402618510e-10
+1.852000000000027e-08    +0.000000000000000e+00    +1.842218466341369e+06    +0.000000000000000e+00    +1.015340807867866e-09    +9.999721740400698e-01    +2.144189696240880e-10
+1.853000000000027e-08    +0.000000000000000e+00    +1.843213184735722e+06    +0.000000000000000e+00    +7.956114963750288e-10    +9.999721588447376e-01    +3.443118054175583e-10
+1.854000000000027e-08    +0.000000000000000e+00    +1.844207903130076e+06    +0.000000000000000e+00    +1.241437799896497e-09    +9.999721429906219e-01    +8.505285222866872e-10
+1.855000000000027e-08    +0.000000000000000e+00    +1.845202621524428e+06    +0.000000000000000e+00    +3.827369424405284e-09    +9.999721272865993e-01    +5.952246336831267e-09
+1.856000000000027e-08    +0.000000000000000e+00    +1.846197339918782e+06    +0.000000000000000e+00    +5.376741024966398e-10    +9.999721098136429e-01    +4.681377705203453e-10
+1.857000000000027e-08    +0.000000000000000e+00    +1.847192058313135e+06    +0.000000000000000e+00    +1.076038088620941e-09    +9.999720927191538e-01    +3.619939293856554e-09
+1.858000000000028e-08    +0.000000000000000e+00    +1.848186776707487e+06    +0.000000000000000e+00    +5.512747731614080e-10    +9.999720786736311e-01    +1.731048187832132e-09
+1.859000000000028e-08    +0.000000000000000e+00    +1.849181495101840e+06    +0.000000000000000e+00    +7.006015874369935e-10    +9.999720629261981e-01    +3.266066153850082e-09
+1.860000000000028e-08    +0.000000000000000e+00    +1.850176213496193e+06    +0.000000000000000e+00    +3.314211285252715e-10    +9.999720465074994e-01    +6.461214958323100e-10
+1.861000000000028e-08    +0.000000000000000e+00    +1.851170931890546e+06    +0.000000000000000e+00    -8.052649611279270e-10    +9.999720301221465e-01    +4.779825389129900e-09
+1.862000000000028e-08    +0.000000000000000e+00    +1.852165650284899e+06    +0.000000000000000e+00    +4.919438247615431e-11    +9.999720139919738e-01    +4.400642797801658e-10
+1.863000000000028e-08    +0.000000000000000e+00    +1.853160368679252e+06    +0.000000000000000e+00    -5.138405417381287e-09    +9.999719973637422e-01    +7.625334696937539e-09
+1.864000000000028e-08    +0.000000000000000e+00    +1.854155087073605e+06    +0.000000000000000e+00    -1.982943532356161e-10    +9.999719758227636e-01    +6.723011189720147e-10
+1.865000000000029e-08    +0.000000000000000e+00    +1.855149805467957e+06    +0.000000000000000e+00    +1.396599856255916e-09    +9.999719653214516e-01    -3.052319877843492e-10
+1.866000000000029e-08    +0.000000000000000e+00    +1.856144523862310e+06    +0.000000000000000e+00    +3.207215241226964e-09    +9.999719453628307e-01    -2.912320394858241e-10
+1.867000000000029e-08    +0.000000000000000e+00    +1.857139242256663e+06    +0.000000000000000e+00    +1.738269598663461e-09    +9.999719276784044e-01    -4.584941700273672e-10
+1.868000000000029e-08    +0.000000000000000e+00    +1.858133960651017e+06    +0.000000000000000e+00    +5.116053877080404e-09    +9.999719105821304e-01    +1.451868506440009e-10
+1.869000000000029e-08    +0.000000000000000e+00    +1.859128679045369e+06    +0.000000000000000e+00    +5.708892417458143e-10    +9.999718926053989e-01    -1.684961931441020e-10
+1.870000000000029e-08    +0.000000000000000e+00    +1.860123397439722e+06    +0.000000000000000e+00    +6.463108952530971e-09    +9.999718771763852e-01    +2.499018351696479e-09
+1.871000000000029e-08    +0.000000000000000e+00    +1.861118115834075e+06    +0.000000000000000e+00    -3.069042965746633e-10    +9.999718609673633e-01    +2.066077879712565e-10
+1.872000000000030e-08    +0.000000000000000e+00    +1.862112834228428e+06    +0.000000000000000e+00    -4.983758510102118e-09    +9.999718446029557e-01    -3.472164126117521e-10
+1.873000000000030e-08    +0.000000000000000e+00    +1.863107552622781e+06    +0.000000000000000e+00    -3.068489906422621e-09    +9.999718282493673e-01    +2.428894934822923e-10
+1.874000000000030e-08    +0.000000000000000e+00    +1.864102271017134e+06    +0.000000000000000e+00    -1.986405313849683e-09    +9.999718124798326e-01    +2.693772057597345e-10
+1.875000000000030e-08    +0.000000000000000e+00    +1.865096989411487e+06    +0.000000000000000e+00    -5.006947285646716e-09    +9.999717970313713e-01    -2.181855295865697e-09
+1.876000000000030e-08    +0.000000000000000e+00    +1.866091707805840e+06    +0.000000000000000e+00    -5.166573155799753e-09    +9.999717770678576e-01    -1.757481080056593e-09
+1.877000000000030e-08    +0.000000000000000e+00    +1.867086426200193e+06    +0.000000000000000e+00    -2.342459262250708e-09    +9.999717586911213e-01    -4.055744191153702e-10
+1.878000000000030e-08    +0.000000000000000e+00    +1.868081144594546e+06    +0.000000000000000e+00    -3.949000100410879e-09    +9.999717394970459e-01    -1.134401398975386e-09
+1.879000000000031e-08    +0.000000000000000e+00    +1.869075862988898e+06    +0.000000000000000e+00    -1.322299136125448e-09    +9.999717219748714e-01    -1.070755302912463e-10
+1.880000000000031e-08    +0.000000000000000e+00    +1.870070581383251e+06    +0.000000000000000e+00    -4.767023472240889e-10    +9.999717061949461e-01    +3.084529608524010e-11
+1.881000000000031e-08    +0.000000000000000e+00    +1.871065299777604e+06    +0.000000000000000e+00    -1.604531864554032e-09    +9.999716917933107e-01    -1.098271015226438e-09
+1.882000000000031e-08    +0.000000000000000e+00    +1.872060018171958e+06    +0.000000000000000e+00    -1.623544184839537e-09    +9.999716784211369e-01    -1.505038058482381e-09
+1.883000000000031e-08    +0.000000000000000e+00    +1.873054736566310e+06    +0.000000000000000e+00    -1.330488324120245e-09    +9.999716639937068e-01    -9.651206046486773e-10
+1.884000000000031e-08    +0.000000000000000e+00    +1.874049454960663e+06    +0.000000000000000e+00    -3.639726922491893e-09    +9.999716463155046e-01    -3.609655588190514e-09
+1.885000000000031e-08    +0.000000000000000e+00    +1.875044173355016e+06    +0.000000000000000e+00    -9.226844159949384e-10    +9.999716288343740e-01    -5.192985902262074e-10
+1.886000000000032e-08    +0.000000000000000e+00    +1.876038891749368e+06    +0.000000000000000e+00    -4.110568265599312e-09    +9.999716128074370e-01    -6.768052952076496e-09
+1.887000000000032e-08    +0.000000000000000e+00    +1.877033610143722e+06    +0.000000000000000e+00    -1.762590591768407e-09    +9.999715940997020e-01    -2.178181557527444e-09
+1.888000000000032e-08    +0.000000000000000e+00    +1.878028328538075e+06    +0.000000000000000e+00    -2.482104239314425e-09    +9.999715776812348e-01    -4.686821696500963e-09
+1.889000000000032e-08    +0.000000000000000e+00    +1.879023046932428e+06    +0.000000000000000e+00    -1.179136539349768e-09    +9.999715590621344e-01    -1.211577550555046e-09
+1.890000000000032e-08    +0.000000000000000e+00    +1.880017765326780e+06    +0.000000000000000e+00    -3.285943153301209e-10    +9.999715454373661e-01    -5.930670697800561e-10
+1.891000000000032e-08    +0.000000000000000e+00    +1.881012483721134e+06    +0.000000000000000e+00    +4.207967928466106e-10    +9.999715306554016e-01    -3.905143689786190e-09
+1.892000000000032e-08    +0.000000000000000e+00    +1.882007202115487e+06    +0.000000000000000e+00    -2.465017894311148e-10    +9.999715112721461e-01    -2.999281089885474e-09
+1.893000000000033e-08    +0.000000000000000e+00    +1.883001920509839e+06    +0.000000000000000e+00    -1.478531157261489e-10    +9.999714962639021e-01    -3.589856379735460e-10
+1.894000000000033e-08    +0.000000000000000e+00    +1.883996638904192e+06    +0.000000000000000e+00    -8.867047615291649e-10    +9.999714826708512e-01    +1.060597444965477e-09
+1.895000000000033e-08    +0.000000000000000e+00    +1.884991357298545e+06    +0.000000000000000e+00    -2.172402213581860e-09    +9.999714674962595e-01    +1.684429551358694e-09
+1.896000000000033e-08    +0.000000000000000e+00    +1.885986075692898e+06    +0.000000000000000e+00    -1.287696918926613e-09    +9.999714528129837e-01    +9.435233045686816e-10
+1.897000000000033e-08    +0.000000000000000e+00    +1.886980794087250e+06    +0.000000000000000e+00    -2.237814124970383e-09    +9.999714383845142e-01    +1.273418634899888e-09
+1.898000000000033e-08    +0.000000000000000e+00    +1.887975512481604e+06    +0.000000000000000e+00    -2.788835978763561e-09    +9.999714221215543e-01    +1.575983973346290e-09
+1.899000000000033e-08    +0.000000000000000e+00    +1.888970230875957e+06    +0.000000000000000e+00    -1.106988279536034e-09    +9.999714081227804e-01    +8.847400977078255e-10
+1.900000000000034e-08    +0.000000000000000e+00    +1.889964949270309e+06    +0.000000000000000e+00    -3.886392651469191e-09    +9.999713936397580e-01    +7.567485557135752e-10
+1.901000000000034e-08    +0.000000000000000e+00    +1.890959667664662e+06    +0.000000000000000e+00    +8.341384643341877e-10    +9.999713796251978e-01    -4.316721441473439e-11
+1.902000000000034e-08    +0.000000000000000e+00    +1.891954386059016e+06    +0.000000000000000e+00    +2.609926799372470e-09    +9.999713648644748e-01    +2.723895727767143e-10
+1.903000000000034e-08    +0.000000000000000e+00    +1.892949104453369e+06    +0.000000000000000e+00    +3.871358752911268e-09    +9.999713445122108e-01    +1.889160450638782e-10
+1.904000000000034e-08    +0.000000000000000e+00    +1.893943822847721e+06    +0.000000000000000e+00    +1.445671701397471e-09    +9.999713291254402e-01    -3.178997838671906e-10
+1.905000000000034e-08    +0.000000000000000e+00    +1.894938541242074e+06    +0.000000000000000e+00    +2.678047041970460e-09    +9.999713139963575e-01    +7.810988627960527e-10
+1.906000000000034e-08    +0.000000000000000e+00    +1.895933259636428e+06    +0.000000000000000e+00    +1.013785418144039e-09    +9.999712946228346e-01    +2.885084700687572e-12
+1.907000000000035e-08    +0.000000000000000e+00    +1.896927978030780e+06    +0.000000000000000e+00    +5.375945236812486e-10    +9.999712780981422e-01    -1.179284305798731e-10
+1.908000000000035e-08    +0.000000000000000e+00    +1.897922696425133e+06    +0.000000000000000e+00    +3.907887383221462e-09    +9.999712564013234e-01    +1.397287149978649e-10
+1.909000000000035e-08    +0.000000000000000e+00    +1.898917414819486e+06    +0.000000000000000e+00    +7.714875048459316e-09    +9.999712422137821e-01    +4.682530424805446e-09
+1.910000000000035e-08    +0.000000000000000e+00    +1.899912133213839e+06    +0.000000000000000e+00    +5.512652836123138e-09    +9.999712274894899e-01    +1.871458699566108e-09
+1.911000000000035e-08    +0.000000000000000e+00    +1.900906851608191e+06    +0.000000000000000e+00    -1.420457404784686e-09    +9.999712118671107e-01    -1.162923272720423e-09
+1.912000000000035e-08    +0.000000000000000e+00    +1.901901570002545e+06    +0.000000000000000e+00    -1.037902121442391e-09    +9.999711987996021e-01    -1.992352408481977e-09
+1.913000000000035e-08    +0.000000000000000e+00    +1.902896288396898e+06    +0.000000000000000e+00    -7.609756360163823e-10    +9.999711854096631e-01    -2.065311402523505e-09
+1.914000000000036e-08    +0.000000000000000e+00    +1.903891006791250e+06    +0.000000000000000e+00    -2.711908148394364e-10    +9.999711686398388e-01    -1.899958926584472e-09
+1.915000000000036e-08    +0.000000000000000e+00    +1.904885725185603e+06    +0.000000000000000e+00    -3.087122496574706e-10    +9.999711526419756e-01    -1.025891334918866e-09
+1.916000000000036e-08    +0.000000000000000e+00    +1.905880443579956e+06    +0.000000000000000e+00    -4.950581306005784e-10    +9.999711372282327e-01    -1.278541761791260e-09
+1.917000000000036e-08    +0.000000000000000e+00    +1.906875161974310e+06    +0.000000000000000e+00    -2.911653885614694e-10    +9.999711188201973e-01    -3.546607262751470e-09
+1.918000000000036e-08    +0.000000000000000e+00    +1.907869880368662e+06    +0.000000000000000e+00    -4.309043327934139e-10    +9.999711027658120e-01    -1.119605683601494e-09
+1.919000000000036e-08    +0.000000000000000e+00    +1.908864598763015e+06    +0.000000000000000e+00    -8.663052195814886e-10    +9.999710866103705e-01    -6.997079744114325e-09
+1.920000000000036e-08    +0.000000000000000e+00    +1.909859317157369e+06    +0.000000000000000e+00    -7.602549398345285e-11    +9.999710669548898e-01    -2.019153226748297e-10
+1.921000000000037e-08    +0.000000000000000e+00    +1.910854035551721e+06    +0.000000000000000e+00    +9.744262110205903e-10    +9.999710520627147e-01    -4.020707627565024e-09
+1.922000000000037e-08    +0.000000000000000e+00    +1.911848753946074e+06    +0.000000000000000e+00    -1.231345152691321e-09    +9.999710364583280e-01    +2.494056806264609e-09
+1.923000000000037e-08    +0.000000000000000e+00    +1.912843472340427e+06    +0.000000000000000e+00    -4.439848507858598e-10    +9.999710176236558e-01    +1.491540325738338e-09
+1.924000000000037e-08    +0.000000000000000e+00    +1.913838190734780e+06    +0.000000000000000e+00    -9.105598284777903e-10    +9.999710002008054e-01    +2.352402417288194e-09
+1.925000000000037e-08    +0.000000000000000e+00    +1.914832909129132e+06    +0.000000000000000e+00    -5.958176848820871e-11    +9.999709811566737e-01    +8.306266850191805e-10
+1.926000000000037e-08    +0.000000000000000e+00    +1.915827627523486e+06    +0.000000000000000e+00    -9.764574260381321e-12    +9.999709654589090e-01    +6.057571185909775e-10
+1.927000000000037e-08    +0.000000000000000e+00    +1.916822345917839e+06    +0.000000000000000e+00    -5.503543625522723e-09    +9.999709506462624e-01    +6.584209662408296e-09
+1.928000000000038e-08    +0.000000000000000e+00    +1.917817064312191e+06    +0.000000000000000e+00    -1.575663477120311e-09    +9.999709293091291e-01    +2.996382754421983e-09
+1.929000000000038e-08    +0.000000000000000e+00    +1.918811782706544e+06    +0.000000000000000e+00    -4.599138623024214e-09    +9.999709132551550e-01    +4.795050599918011e-09
+1.930000000000038e-08    +0.000000000000000e+00    +1.919806501100897e+06    +0.000000000000000e+00    -5.224073119770347e-10    +9.999708977601347e-01    +1.005383774318275e-09
+1.931000000000038e-08    +0.000000000000000e+00    +1.920801219495251e+06    +0.000000000000000e+00    -6.460307999559568e-10    +9.999708808679861e-01    +1.114899644861486e-09
+1.932000000000038e-08    +0.000000000000000e+00    +1.921795937889603e+06    +0.000000000000000e+00    -5.862976714789179e-09    +9.999708635205401e-01    +4.251893756484688e-09
+1.933000000000038e-08    +0.000000000000000e+00    +1.922790656283956e+06    +0.000000000000000e+00    -2.516523578903700e-09    +9.999708432075612e-01    +2.263706926814004e-09
+1.934000000000038e-08    +0.000000000000000e+00    +1.923785374678309e+06    +0.000000000000000e+00    -9.028705970604979e-10    +9.999708268642393e-01    +1.231194604311525e-09
+1.935000000000039e-08    +0.000000000000000e+00    +1.924780093072661e+06    +0.000000000000000e+00    -7.678005658767212e-10    +9.999708111572752e-01    +1.422313149646502e-09
+1.936000000000039e-08    +0.000000000000000e+00    +1.925774811467015e+06    +0.000000000000000e+00    -5.672120394883357e-10    +9.999707948986675e-01    +1.487305429191428e-09
+1.937000000000039e-08    +0.000000000000000e+00    +1.926769529861368e+06    +0.000000000000000e+00    -1.733414566678077e-10    +9.999707784423384e-01    +8.633834508879107e-10
+1.938000000000039e-08    +0.000000000000000e+00    +1.927764248255721e+06    +0.000000000000000e+00    -7.826405579622999e-11    +9.999707623563999e-01    +5.967291104668245e-10
+1.939000000000039e-08    +0.000000000000000e+00    +1.928758966650073e+06    +0.000000000000000e+00    -8.570346617290415e-10    +9.999707456140949e-01    +1.803951224609340e-09
+1.940000000000039e-08    +0.000000000000000e+00    +1.929753685044426e+06    +0.000000000000000e+00    -2.993457450204969e-10    +9.999707273894900e-01    +1.331684242226482e-09
+1.941000000000039e-08    +0.000000000000000e+00    +1.930748403438780e+06    +0.000000000000000e+00    -2.061668287477880e-09    +9.999707122357737e-01    +3.480221732109660e-09
+1.942000000000039e-08    +0.000000000000000e+00    +1.931743121833132e+06    +0.000000000000000e+00    -3.911550975076507e-10    +9.999706970877252e-01    +1.038246423432696e-09
+1.943000000000040e-08    +0.000000000000000e+00    +1.932737840227485e+06    +0.000000000000000e+00    -8.512490019442259e-10    +9.999706790526511e-01    +2.030647549036826e-09
+1.944000000000040e-08    +0.000000000000000e+00    +1.933732558621838e+06    +0.000000000000000e+00    -2.716791289925978e-10    +9.999706614569075e-01    +9.338340980814935e-10
+1.945000000000040e-08    +0.000000000000000e+00    +1.934727277016192e+06    +0.000000000000000e+00    -1.909797376657036e-10    +9.999706464119633e-01    +8.503559399766884e-10
+1.946000000000040e-08    +0.000000000000000e+00    +1.935721995410543e+06    +0.000000000000000e+00    -4.341263571672303e-10    +9.999706310340418e-01    +1.209387143293226e-09
+1.947000000000040e-08    +0.000000000000000e+00    +1.936716713804897e+06    +0.000000000000000e+00    -3.947459129586019e-09    +9.999706134600433e-01    +4.017527466067039e-09
+1.948000000000040e-08    +0.000000000000000e+00    +1.937711432199250e+06    +0.000000000000000e+00    -3.947332543303597e-10    +9.999705955430456e-01    +8.376467613317732e-10
+1.949000000000040e-08    +0.000000000000000e+00    +1.938706150593602e+06    +0.000000000000000e+00    -4.508268247042883e-09    +9.999705814859354e-01    +2.673296324333682e-09
+1.950000000000041e-08    +0.000000000000000e+00    +1.939700868987956e+06    +0.000000000000000e+00    -2.319829801722697e-09    +9.999705629974021e-01    +1.957351427312011e-09
+1.951000000000041e-08    +0.000000000000000e+00    +1.940695587382309e+06    +0.000000000000000e+00    -3.431470660549760e-10    +9.999705422662736e-01    +5.570016505402081e-10
+1.952000000000041e-08    +0.000000000000000e+00    +1.941690305776662e+06    +0.000000000000000e+00    -3.009254985281385e-09    +9.999705280982326e-01    +1.326634114278691e-09
+1.953000000000041e-08    +0.000000000000000e+00    +1.942685024171014e+06    +0.000000000000000e+00    -1.564473785313315e-09    +9.999705134457153e-01    +8.002440433699638e-10
+1.954000000000041e-08    +0.000000000000000e+00    +1.943679742565367e+06    +0.000000000000000e+00    -1.136920020122219e-09    +9.999704970608677e-01    +8.264140889042425e-10
+1.955000000000041e-08    +0.000000000000000e+00    +1.944674460959720e+06    +0.000000000000000e+00    -4.225544162540004e-09    +9.999704801745348e-01    +2.264134893397163e-09
+1.956000000000041e-08    +0.000000000000000e+00    +1.945669179354073e+06    +0.000000000000000e+00    -2.655732080091519e-10    +9.999704599227460e-01    +2.210714171606930e-10
+1.957000000000042e-08    +0.000000000000000e+00    +1.946663897748426e+06    +0.000000000000000e+00    -3.185658420358788e-09    +9.999704454996292e-01    +8.319653164376878e-10
+1.958000000000042e-08    +0.000000000000000e+00    +1.947658616142779e+06    +0.000000000000000e+00    -1.076509654849945e-09    +9.999704288193442e-01    +4.467680204362092e-10
+1.959000000000042e-08    +0.000000000000000e+00    +1.948653334537132e+06    +0.000000000000000e+00    -3.976713398883190e-09    +9.999704120491237e-01    +8.962327403593696e-10
+1.960000000000042e-08    +0.000000000000000e+00    +1.949648052931484e+06    +0.000000000000000e+00    -4.191850288535004e-11    +9.999703952500656e-01    +1.395677868567592e-12
+1.961000000000042e-08    +0.000000000000000e+00    +1.950642771325837e+06    +0.000000000000000e+00    +2.737691643029137e-10    +9.999703803373272e-01    +5.774142350021405e-10
+1.962000000000042e-08    +0.000000000000000e+00    +1.951637489720191e+06    +0.000000000000000e+00    +6.739358914470448e-10    +9.999703607457237e-01    +7.533375559858600e-09
+1.963000000000042e-08    +0.000000000000000e+00    +1.952632208114543e+06    +0.000000000000000e+00    -2.274706375317206e-10    +9.999703437781751e-01    -2.475509127295874e-11
+1.964000000000043e-08    +0.000000000000000e+00    +1.953626926508897e+06    +0.000000000000000e+00    +1.727596187683646e-10    +9.999703281765374e-01    +6.466002576827618e-10
+1.965000000000043e-08    +0.000000000000000e+00    +1.954621644903250e+06    +0.000000000000000e+00    +2.534324870562965e-10    +9.999703115897247e-01    +1.265250346882223e-09
+1.966000000000043e-08    +0.000000000000000e+00    +1.955616363297603e+06    +0.000000000000000e+00    -2.939626422286928e-09    +9.999702949671260e-01    +8.276914217123740e-09
+1.967000000000043e-08    +0.000000000000000e+00    +1.956611081691955e+06    +0.000000000000000e+00    -7.718114292292918e-10    +9.999702781174221e-01    +2.665171549605168e-09
+1.968000000000043e-08    +0.000000000000000e+00    +1.957605800086308e+06    +0.000000000000000e+00    +1.349016474152882e-11    +9.999702601679419e-01    +1.469818447458086e-10
+1.969000000000043e-08    +0.000000000000000e+00    +1.958600518480662e+06    +0.000000000000000e+00    -1.478225558678160e-09    +9.999702429193846e-01    +2.181989903830518e-09
+1.970000000000043e-08    +0.000000000000000e+00    +1.959595236875014e+06    +0.000000000000000e+00    -2.426683557598240e-09    +9.999702267729011e-01    +2.177470293569874e-09
+1.971000000000044e-08    +0.000000000000000e+00    +1.960589955269367e+06    +0.000000000000000e+00    -1.443389697531095e-09    +9.999702130847250e-01    +1.212622942410031e-09
+1.972000000000044e-08    +0.000000000000000e+00    +1.961584673663720e+06    +0.000000000000000e+00    -9.192077006977760e-10    +9.999701936335732e-01    +1.218415603124025e-09
+1.973000000000044e-08    +0.000000000000000e+00    +1.962579392058073e+06    +0.000000000000000e+00    -3.191718080945150e-09    +9.999701767020749e-01    +3.513705635527912e-09
+1.974000000000044e-08    +0.000000000000000e+00    +1.963574110452425e+06    +0.000000000000000e+00    -2.659382622211113e-10    +9.999701583342612e-01    +6.708603699349047e-10
+1.975000000000044e-08    +0.000000000000000e+00    +1.964568828846778e+06    +0.000000000000000e+00    -4.989776767713899e-10    +9.999701414384298e-01    +8.593024922045560e-10
+1.976000000000044e-08    +0.000000000000000e+00    +1.965563547241132e+06    +0.000000000000000e+00    -1.320759661245952e-09    +9.999701265791192e-01    +1.467929931160015e-09
+1.977000000000044e-08    +0.000000000000000e+00    +1.966558265635484e+06    +0.000000000000000e+00    -1.169980945271251e-09    +9.999701122109267e-01    +1.444364974106485e-09
+1.978000000000045e-08    +0.000000000000000e+00    +1.967552984029837e+06    +0.000000000000000e+00    -1.049760525879021e-09    +9.999700962454398e-01    +1.579807786934213e-09
+1.979000000000045e-08    +0.000000000000000e+00    +1.968547702424190e+06    +0.000000000000000e+00    -8.159796024492794e-10    +9.999700815260788e-01    +1.549154542245369e-09
+1.980000000000045e-08    +0.000000000000000e+00    +1.969542420818544e+06    +0.000000000000000e+00    -1.773272705232901e-10    +9.999700666348641e-01    +5.481548527567772e-10
+1.981000000000045e-08    +0.000000000000000e+00    +1.970537139212896e+06    +0.000000000000000e+00    -1.082076534203350e-09    +9.999700497752176e-01    +1.919986706747698e-09
+1.982000000000045e-08    +0.000000000000000e+00    +1.971531857607249e+06    +0.000000000000000e+00    -1.110631918596141e-10    +9.999700321509923e-01    +5.652448935979864e-10
+1.983000000000045e-08    +0.000000000000000e+00    +1.972526576001602e+06    +0.000000000000000e+00    -2.467810965220547e-09    +9.999700193411092e-01    +3.352536480233404e-09
+1.984000000000045e-08    +0.000000000000000e+00    +1.973521294395955e+06    +0.000000000000000e+00    -3.668873566014885e-10    +9.999700034578505e-01    +9.747666088592864e-10
+1.985000000000046e-08    +0.000000000000000e+00    +1.974516012790308e+06    +0.000000000000000e+00    -9.229166984899183e-11    +9.999699761883181e-01    +1.141076025277451e-09
+1.986000000000046e-08    +0.000000000000000e+00    +1.975510731184661e+06    +0.000000000000000e+00    -1.104860488398090e-10    +9.999699580093416e-01    +2.994987700191821e-09
+1.987000000000046e-08    +0.000000000000000e+00    +1.976505449579014e+06    +0.000000000000000e+00    +5.912707974267556e-11    +9.999699439090663e-01    +2.707216363145168e-10
+1.988000000000046e-08    +0.000000000000000e+00    +1.977500167973366e+06    +0.000000000000000e+00    -3.734686884530910e-10    +9.999699300739214e-01    +8.238653422338262e-10
+1.989000000000046e-08    +0.000000000000000e+00    +1.978494886367720e+06    +0.000000000000000e+00    -1.231304593000614e-09    +9.999699107052967e-01    +2.049609667407462e-09
+1.990000000000046e-08    +0.000000000000000e+00    +1.979489604762072e+06    +0.000000000000000e+00    -3.011195022894525e-10    +9.999698950090725e-01    +1.088282473902230e-09
+1.991000000000046e-08    +0.000000000000000e+00    +1.980484323156425e+06    +0.000000000000000e+00    -8.986332658390039e-10    +9.999698781462367e-01    +1.629138933804170e-09
+1.992000000000047e-08    +0.000000000000000e+00    +1.981479041550778e+06    +0.000000000000000e+00    -5.081386934159645e-10    +9.999698625794446e-01    +1.289106137349059e-09
+1.993000000000047e-08    +0.000000000000000e+00    +1.982473759945131e+06    +0.000000000000000e+00    -3.018530337164586e-10    +9.999698465778131e-01    +1.275937846134278e-09
+1.994000000000047e-08    +0.000000000000000e+00    +1.983468478339485e+06    +0.000000000000000e+00    -1.083167230399927e-11    +9.999698305211855e-01    +7.251079879254092e-10
+1.995000000000047e-08    +0.000000000000000e+00    +1.984463196733837e+06    +0.000000000000000e+00    -1.054767647554355e-09    +9.999698153587907e-01    +3.582215557268379e-09
+1.996000000000047e-08    +0.000000000000000e+00    +1.985457915128190e+06    +0.000000000000000e+00    -1.292071667834495e-09    +9.999697990183674e-01    +3.181621011318011e-09
+1.997000000000047e-08    +0.000000000000000e+00    +1.986452633522543e+06    +0.000000000000000e+00    -6.257402947026355e-10    +9.999697794217461e-01    +3.012359880321041e-09
+1.998000000000047e-08    +0.000000000000000e+00    +1.987447351916895e+06    +0.000000000000000e+00    -1.472338071737189e-10    +9.999697628960421e-01    +3.394205452479714e-09
+1.999000000000048e-08    +0.000000000000000e+00    +1.988442070311249e+06    +0.000000000000000e+00    +1.073705250905362e-10    +9.999697446368980e-01    +4.674044277027596e-09
+2.000000000000048e-08    +0.000000000000000e+00    +1.989436788705602e+06    +0.000000000000000e+00    +3.315840617501262e-10    +9.999697296974894e-01    +1.640141329780313e-09
