#t                         m_x                       m_y                       m_z                   
+5.000000000000000e-12    +7.871797948842469e-01    +5.922524689401965e-01    +5.856791603396906e-04
+9.999999999999999e-12    +7.876040170675366e-01    +5.916833100642134e-01    +1.295720203414446e-03
+1.500000000000000e-11    +7.883174213278773e-01    +5.907251141615414e-01    +1.887888753617471e-03
+2.000000000000000e-11    +7.892560167830494e-01    +5.894636359379075e-01    +2.314985567615766e-03
+2.500000000000000e-11    +7.903388081544785e-01    +5.880072895641834e-01    +2.546065267873390e-03
+3.000000000000000e-11    +7.914752842563811e-01    +5.864772586365643e-01    +2.569191275059325e-03
+3.500000000000000e-11    +7.925737910983305e-01    +5.849964506663071e-01    +2.390958979372633e-03
+4.000000000000000e-11    +7.935495441621830e-01    +5.836785169405974e-01    +2.035173056077121e-03
+4.500000000000001e-11    +7.943314076768474e-01    +5.826189590055413e-01    +1.539124062823808e-03
+5.000000000000001e-11    +7.948673319227628e-01    +5.818874835880481e-01    +9.495247461632615e-04
+5.500000000000001e-11    +7.951273468858847e-01    +5.815242978752927e-01    +3.176223224727357e-04
+6.000000000000001e-11    +7.951050029824180e-01    +5.815382058083776e-01    -3.056320333954028e-04
+6.500000000000001e-11    +7.948165720577894e-01    +5.819079002969388e-01    -8.734520817260668e-04
+7.000000000000000e-11    +7.942976643080674e-01    +5.825868899330668e-01    -1.346979932260101e-03
+7.500000000000000e-11    +7.935990855467073e-01    +5.835091537185647e-01    -1.697880645920172e-03
+8.000000000000000e-11    +7.927820311060256e-01    +5.845954898009975e-01    -1.909833867182338e-03
+8.499999999999999e-11    +7.919126490138205e-01    +5.857598639668220e-01    -1.978254828638471e-03
+8.999999999999999e-11    +7.910561549354460e-01    +5.869169116970548e-01    -1.909509263723601e-03
+9.499999999999998e-11    +7.902715513907357e-01    +5.879884683583584e-01    -1.719133776922733e-03
+9.999999999999998e-11    +7.896074192839205e-01    +5.889091314871286e-01    -1.429821961814391e-03
+1.050000000000000e-10    +7.890991618044807e-01    +5.896299089696888e-01    -1.068833858686435e-03
+1.100000000000000e-10    +7.887678522726131e-01    +5.901196795805069e-01    -6.656112704279537e-04
+1.150000000000000e-10    +7.886203405424151e-01    +5.903651906294398e-01    -2.491049818067132e-04
+1.200000000000000e-10    +7.886503722941750e-01    +5.903697001277138e-01    +1.540847832407643e-04
+1.250000000000000e-10    +7.888411246736594e-01    +5.901501816735673e-01    +5.216899716632853e-04
+1.300000000000000e-10    +7.891678725527705e-01    +5.897340450927380e-01    +8.368034215131985e-04
+1.350000000000000e-10    +7.896009442437865e-01    +5.891562553798003e-01    +1.088326464599479e-03
+1.400000000000000e-10    +7.901085822911653e-01    +5.884566529743215e-01    +1.270382261362737e-03
+1.450000000000000e-10    +7.906599234160806e-01    +5.876766764752639e-01    +1.381290920358916e-03
+1.500000000000000e-10    +7.912267767169756e-01    +5.868573641308759e-01    +1.422353571296706e-03
+1.550000000000000e-10    +7.917844549738212e-01    +5.860379683875836e-01    +1.396467293018628e-03
+1.600000000000000e-10    +7.923115357371322e-01    +5.852559518695337e-01    +1.307273777106269e-03
+1.650000000000001e-10    +7.927890389278243e-01    +5.845468911067049e-01    +1.158486356561502e-03
+1.700000000000001e-10    +7.931995970986212e-01    +5.839442446171044e-01    +9.540875605181314e-04
+1.750000000000001e-10    +7.935267108477689e-01    +5.834782665456666e-01    +6.989516580121850e-04
+1.800000000000001e-10    +7.937543623721646e-01    +5.831747866971035e-01    +3.999407998846051e-04
+1.850000000000001e-10    +7.938672031097893e-01    +5.830542252844448e-01    +6.696822375722544e-05
+1.900000000000001e-10    +7.938519186395214e-01    +5.831295375067147e-01    -2.863267499789051e-04
+1.950000000000001e-10    +7.936990440140347e-01    +5.834046822312591e-01    -6.421365664398890e-04
+2.000000000000001e-10    +7.934050903009690e-01    +5.838734261275131e-01    -9.792976043521342e-04
+2.050000000000001e-10    +7.929748894105036e-01    +5.845184327295552e-01    -1.274548807280652e-03
+2.100000000000001e-10    +7.924234070117570e-01    +5.853104807724010e-01    -1.504622712099700e-03
+2.150000000000001e-10    +7.917767332399509e-01    +5.862082813148699e-01    -1.648301236570985e-03
+2.200000000000001e-10    +7.910714538310440e-01    +5.871600531107157e-01    -1.688735588776384e-03
+2.250000000000002e-10    +7.903528065033454e-01    +5.881061466456967e-01    -1.615458094344252e-03
+2.300000000000002e-10    +7.896715865156655e-01    +5.889831821734115e-01    -1.426132524504820e-03
+2.350000000000002e-10    +7.890803683103624e-01    +5.897282473004045e-01    -1.127559417058457e-03
+2.400000000000002e-10    +7.886291110262394e-01    +5.902833371191798e-01    -7.357116425565093e-04
+2.450000000000001e-10    +7.883602863477331e-01    +5.906002732059507e-01    -2.749416603238217e-04
+2.500000000000001e-10    +7.883044862258994e-01    +5.906452763685267e-01    +2.235489831520890e-04
+2.550000000000001e-10    +7.884766768355271e-01    +5.904026560127185e-01    +7.240434658010659e-04
+2.600000000000001e-10    +7.888737486691429e-01    +5.898772327756096e-01    +1.188870618150883e-03
+2.650000000000001e-10    +7.894736393277758e-01    +5.890955396063371e-01    +1.581282054965040e-03
+2.700000000000000e-10    +7.902362972819158e-01    +5.881052407247879e-01    +1.868275293983233e-03
+2.750000000000000e-10    +7.911066186205631e-01    +5.869723737556904e-01    +2.023463217691720e-03
+2.800000000000000e-10    +7.920186586470263e-01    +5.857771581058816e-01    +2.029671691664449e-03
+2.850000000000000e-10    +7.929011303841952e-01    +5.846083019097730e-01    +1.880962501125215e-03
+2.900000000000000e-10    +7.936833555043935e-01    +5.835565637581172e-01    +1.583860996993715e-03
+2.950000000000000e-10    +7.943014861397936e-01    +5.827076158096776e-01    +1.157476704266972e-03
+2.999999999999999e-10    +7.947041572716740e-01    +5.821343497073822e-01    +6.327374163558332e-04
+3.049999999999999e-10    +7.948570372596102e-01    +5.818895056878030e-01    +5.016493328093462e-05
+3.099999999999999e-10    +7.947460198735573e-01    +5.819997338300636e-01    -5.433735145921648e-04
+3.149999999999999e-10    +7.943784395984339e-01    +5.824623183463525e-01    -1.098767247213082e-03
+3.199999999999999e-10    +7.937827430255741e-01    +5.832442835797789e-01    -1.569338069483985e-03
+3.249999999999999e-10    +7.930061432190814e-01    +5.842847131075714e-01    -1.915285192251825e-03
+3.299999999999998e-10    +7.921108413751685e-01    +5.854999204762724e-01    -2.107795120520700e-03
+3.349999999999998e-10    +7.911687052306243e-01    +5.867910728575756e-01    -2.131665616746707e-03
+3.399999999999998e-10    +7.902551245545888e-01    +5.880531936873610e-01    -1.986838470849476e-03
+3.449999999999998e-10    +7.894424318134673e-01    +5.891846925024131e-01    -1.687973974767255e-03
+3.499999999999998e-10    +7.887935237131097e-01    +5.900964383286526e-01    -1.262887055410532e-03
+3.549999999999998e-10    +7.883565913399574e-01    +5.907194503583680e-01    -7.494467876851457e-04
+3.599999999999997e-10    +7.881609978342122e-01    +5.910108850267419e-01    -1.917211715186685e-04
+3.649999999999997e-10    +7.882153040097031e-01    +5.909567537874536e-01    +3.641863311088074e-04
+3.699999999999997e-10    +7.885072484031446e-01    +5.905717206967445e-01    +8.743129391985141e-04
+3.749999999999997e-10    +7.890058252732602e-01    +5.898963978297044e-01    +1.300470747981298e-03
+3.799999999999997e-10    +7.896648391514410e-01    +5.889928867532588e-01    +1.613307904060837e-03
+3.849999999999997e-10    +7.904276387402277e-01    +5.879386959438453e-01    +1.794164965220898e-03
+3.899999999999996e-10    +7.912325450643432e-01    +5.868196133985302e-01    +1.835989495143809e-03
+3.949999999999996e-10    +7.920181019274707e-01    +5.857224835305017e-01    +1.743061608654925e-03
+3.999999999999996e-10    +7.927280542708625e-01    +5.847280242485958e-01    +1.529815638399097e-03
+4.049999999999996e-10    +7.933152464214760e-01    +5.839047641392400e-01    +1.218901406474034e-03
+4.099999999999996e-10    +7.937445728545384e-01    +5.833041306962878e-01    +8.387058644288369e-04
+4.149999999999995e-10    +7.939947020528123e-01    +5.829572789996049e-01    +4.207047520644226e-04
+4.199999999999995e-10    +7.940586068518032e-01    +5.828741345508772e-01    -3.235311461372895e-06
+4.249999999999995e-10    +7.939428555180801e-01    +5.830445016789321e-01    -4.033562039502821e-04
+4.299999999999995e-10    +7.936659572317900e-01    +5.834405346449603e-01    -7.541637106680935e-04
+4.349999999999995e-10    +7.932560843610628e-01    +5.840202135055478e-01    -1.035978007884912e-03
+4.399999999999995e-10    +7.927482413912804e-01    +5.847318511008556e-01    -1.235774035016954e-03
+4.449999999999994e-10    +7.921811148027581e-01    +5.855192837651679e-01    -1.347325964569057e-03
+4.499999999999994e-10    +7.915940199108564e-01    +5.863267392400979e-01    -1.370825919389367e-03
+4.549999999999994e-10    +7.910240831405985e-01    +5.871031789543780e-01    -1.311954006568154e-03
+4.599999999999994e-10    +7.905040408696420e-01    +5.878052943744826e-01    -1.180765805095733e-03
+4.649999999999994e-10    +7.900606952849002e-01    +5.883992608900798e-01    -9.902685490169511e-04
+4.699999999999994e-10    +7.897140594989156e-01    +5.888612306622688e-01    -7.550840430690845e-04
+4.749999999999994e-10    +7.894771155890927e-01    +5.891767041172341e-01    -4.901267897555857e-04
+4.799999999999994e-10    +7.893561714643329e-01    +5.893392309145032e-01    -2.097388866076330e-04
+4.849999999999994e-10    +7.893516085414325e-01    +5.893489115204121e-01    +7.287062548349166e-05
+4.899999999999993e-10    +7.894586527819973e-01    +5.892113400192368e-01    +3.457892033759296e-04
+4.949999999999993e-10    +7.896682483641404e-01    +5.889365572946960e-01    +5.981906273551475e-04
+4.999999999999993e-10    +7.899679157117584e-01    +5.885383494274637e-01    +8.200456000885123e-04
+5.049999999999993e-10    +7.903424057385162e-01    +5.880341527646638e-01    +1.001802355705258e-03
+5.099999999999993e-10    +7.907740915972894e-01    +5.874454182860173e-01    +1.134377558228594e-03
+5.149999999999993e-10    +7.912431458493913e-01    +5.867981832632698e-01    +1.209388039765859e-03
+5.199999999999992e-10    +7.917276658490566e-01    +5.861232297115644e-01    +1.219800658733102e-03
+5.249999999999992e-10    +7.922039644645280e-01    +5.854555627989810e-01    +1.160768469143047e-03
+5.299999999999992e-10    +7.926471534817402e-01    +5.848329737137626e-01    +1.030720998783081e-03
+5.349999999999992e-10    +7.930318873994509e-01    +5.842941250998608e-01    +8.324266102090818e-04
+5.399999999999992e-10    +7.933334961555404e-01    +5.838759666203308e-01    +5.736576250434393e-04
+5.449999999999992e-10    +7.935295876489277e-01    +5.836107160841953e-01    +2.673708625473714e-04
+5.499999999999991e-10    +7.936019177972357e-01    +5.835230028791720e-01    -6.869201176561061e-05
+5.549999999999991e-10    +7.935382210020177e-01    +5.836274893058599e-01    -4.130118352583575e-04
+5.599999999999991e-10    +7.933340310289176e-01    +5.839268626854592e-01    -7.419261280242498e-04
+5.649999999999991e-10    +7.929942128135805e-01    +5.844103887006736e-01    -1.031569711865767e-03
+5.699999999999991e-10    +7.925338697265120e-01    +5.850535150689269e-01    -1.259871912260232e-03
+5.749999999999990e-10    +7.919783327997559e-01    +5.858187046306615e-01    -1.408341978899054e-03
+5.799999999999990e-10    +7.913620625249168e-01    +5.866575702645502e-01    -1.463532625689620e-03
+5.849999999999990e-10    +7.907265832761214e-01    +5.875139951268855e-01    -1.418210165763441e-03
+5.899999999999990e-10    +7.901177153495004e-01    +5.883277662444771e-01    -1.272109149711387e-03
+5.949999999999990e-10    +7.895821437732713e-01    +5.890388255774065e-01    -1.032155491646580e-03
+5.999999999999990e-10    +7.891634843390494e-01    +5.895918762612010e-01    -7.122774514640224e-04
+6.049999999999989e-10    +7.888983080080940e-01    +5.899409306350633e-01    -3.327845391188507e-04
+6.099999999999989e-10    +7.888126214716064e-01    +5.900532377438454e-01    +8.070442882656355e-05
+6.149999999999989e-10    +7.889190054839742e-01    +5.899126046244257e-01    +4.988741631326701e-04
+6.199999999999989e-10    +7.892147755358754e-01    +5.895217089275349e-01    +8.906610485519895e-04
+6.249999999999989e-10    +7.896815829279098e-01    +5.889028018984966e-01    +1.225513910834294e-03
+6.299999999999989e-10    +7.902865043039154e-01    +5.880967948430830e-01    +1.475904071494950e-03
+6.349999999999988e-10    +7.909845545429441e-01    +5.871606638259298e-01    +1.619859653564976e-03
+6.399999999999988e-10    +7.917222729070926e-01    +5.861635710701595e-01    +1.643301115671780e-03
+6.449999999999988e-10    +7.924420862077344e-01    +5.851818120929306e-01    +1.541678740793142e-03
+6.499999999999988e-10    +7.930871787944445e-01    +5.842927330831744e-01    +1.320789479568225e-03
+6.549999999999988e-10    +7.936064479245367e-01    +5.835680107955294e-01    +9.965604088805727e-04
+6.599999999999988e-10    +7.939589728689409e-01    +5.830670136541083e-01    +5.939196306197308e-04
+6.649999999999987e-10    +7.941173809788432e-01    +5.828313435344956e-01    +1.447299807354328e-04
+6.699999999999987e-10    +7.940700786269745e-01    +5.828807589282200e-01    -3.150383836717684e-04
+6.749999999999987e-10    +7.938221130076966e-01    +5.832111541352345e-01    -7.484994842485196e-04
+6.799999999999987e-10    +7.933946010506338e-01    +5.837948530153531e-01    -1.121182812586963e-03
+6.849999999999987e-10    +7.928227921690800e-01    +5.845832314073456e-01    -1.404040245119679e-03
+6.899999999999987e-10    +7.921529836718297e-01    +5.855112445364032e-01    -1.575929025218483e-03
+6.949999999999986e-10    +7.914385789267219e-01    +5.865033133843769e-01    -1.625213982223716e-03
+6.999999999999986e-10    +7.907355617852890e-01    +5.874800800701515e-01    -1.550478284759314e-03
+7.049999999999986e-10    +7.900977923305503e-01    +5.883653241331313e-01    -1.360286586220097e-03
+7.099999999999986e-10    +7.895724857790740e-01    +5.890925392150669e-01    -1.072141834185821e-03
+7.149999999999986e-10    +7.891964789290976e-01    +5.896102686858182e-01    -7.108341716825509e-04
+7.199999999999985e-10    +7.889936540170363e-01    +5.898856568264604e-01    -3.062157795804423e-04
+7.249999999999985e-10    +7.889735302571669e-01    +5.899062382600468e-01    +1.093805560043561e-04
+7.299999999999985e-10    +7.891310634729305e-01    +5.896800490495090e-01    +5.038661457005693e-04
+7.349999999999985e-10    +7.894477032431767e-01    +5.892340397470900e-01    +8.479824977935898e-04
+7.399999999999985e-10    +7.898935777925677e-01    +5.886109398542094e-01    +1.117610128752266e-03
+7.449999999999985e-10    +7.904304989899723e-01    +5.878650160349472e-01    +1.295575467885293e-03
+7.499999999999984e-10    +7.910154525467561e-01    +5.870570818327400e-01    +1.372792005282229e-03
+7.549999999999984e-10    +7.916042313559578e-01    +5.862492378143254e-01    +1.348608118309283e-03
+7.599999999999984e-10    +7.921549196924651e-01    +5.854997466899768e-01    +1.230349522750266e-03
+7.649999999999984e-10    +7.926309855018188e-01    +5.848584898528592e-01    +1.032175245933771e-03
+7.699999999999984e-10    +7.930036630405015e-01    +5.843635509989504e-01    +7.734281052248110e-04
+7.749999999999984e-10    +7.932534767329256e-01    +5.840392770442329e-01    +4.765748623270792e-04
+7.799999999999983e-10    +7.933709744756424e-01    +5.838956809954008e-01    +1.650204185624287e-04
+7.849999999999983e-10    +7.933566175940689e-01    +5.839290429678681e-01    -1.389295849241356e-04
+7.899999999999983e-10    +7.932198220332495e-01    +5.841237065119166e-01    -4.157476216973757e-04
+7.949999999999983e-10    +7.929772825084102e-01    +5.844548711561151e-01    -6.499095156808232e-04
+7.999999999999983e-10    +7.926509369968736e-01    +5.848918358959267e-01    -8.305860158983383e-04
+8.049999999999983e-10    +7.922658251681073e-01    +5.854012385395296e-01    -9.517434682260624e-04
+8.099999999999982e-10    +7.918480818894559e-01    +5.859498454022993e-01    -1.011767491235257e-03
+8.149999999999982e-10    +7.914231893704100e-01    +5.865066587681174e-01    -1.012698477935785e-03
+8.199999999999982e-10    +7.910145982682594e-01    +5.870441614884908e-01    -9.593411340163672e-04
+8.249999999999982e-10    +7.906428261463940e-01    +5.875386855969824e-01    -8.583060086943208e-04
+8.299999999999982e-10    +7.903249445416222e-01    +5.879701330789899e-01    -7.171587445913919e-04
+8.349999999999982e-10    +7.900743737371106e-01    +5.883214601472616e-01    -5.438283718434360e-04
+8.399999999999981e-10    +7.899008748400457e-01    +5.885783567116105e-01    -3.463782763476782e-04
+8.449999999999981e-10    +7.898107350248934e-01    +5.887291459672891e-01    -1.330762466416174e-04
+8.499999999999981e-10    +7.898069776563600e-01    +5.887650243061920e-01    +8.742350782587894e-05
+8.549999999999981e-10    +7.898894668930150e-01    +5.886807284177872e-01    +3.058713684323078e-04
+8.599999999999981e-10    +7.900548831304743e-01    +5.884755817442734e-01    +5.123488789521260e-04
+8.649999999999980e-10    +7.902966124963861e-01    +5.881546624376408e-01    +6.963762624611015e-04
+8.699999999999980e-10    +7.906046532294707e-01    +5.877297387900630e-01    +8.473031690337350e-04
+8.749999999999980e-10    +7.909655404659046e-01    +5.872197550949808e-01    +9.549378987455279e-04
+8.799999999999980e-10    +7.913623734645289e-01    +5.866506455601846e-01    +1.010352416970434e-03
+8.849999999999980e-10    +7.917750267739520e-01    +5.860544576961202e-01    +1.006789230187638e-03
+8.899999999999980e-10    +7.921806708980113e-01    +5.854677544062358e-01    +9.405690164845209e-04
+8.949999999999979e-10    +7.925546883926731e-01    +5.849293473338212e-01    +8.118664046500200e-04
+8.999999999999979e-10    +7.928719979330864e-01    +5.844776236072742e-01    +6.252025804279065e-04
+9.049999999999979e-10    +7.931087634831793e-01    +5.841476984960170e-01    +3.895757670580790e-04
+9.099999999999979e-10    +7.932443455914052e-01    +5.839685286103047e-01    +1.181942256799069e-04
+9.149999999999979e-10    +7.932633113205326e-01    +5.839601388359098e-01    -1.721866794416112e-04
+9.199999999999979e-10    +7.931572644347297e-01    +5.841312705337277e-01    -4.622786095469373e-04
+9.249999999999978e-10    +7.929262858963173e-01    +5.844777843122246e-01    -7.315609503654656e-04
+9.299999999999978e-10    +7.925798273648402e-01    +5.849820268744330e-01    -9.597578804575973e-04
+9.349999999999979e-10    +7.921368844102756e-01    +5.856133346828809e-01    -1.128387123108491e-03
+9.399999999999980e-10    +7.916253371388123e-01    +5.863296680700675e-01    -1.222280716367088e-03
+9.449999999999981e-10    +7.910803837542592e-01    +5.870803604335456e-01    -1.230969906495913e-03
+9.499999999999982e-10    +7.905421295484397e-01    +5.878098558499104e-01    -1.149859911704701e-03
+9.549999999999983e-10    +7.900524762014024e-01    +5.884621013463283e-01    -9.810600810881258e-04
+9.599999999999983e-10    +7.896515865197878e-01    +5.889851583038735e-01    -7.337738207725340e-04
+9.649999999999984e-10    +7.893742465755464e-01    +5.893356651024784e-01    -4.240892457261027e-04
+9.699999999999985e-10    +7.892464493148516e-01    +5.894828189337109e-01    -7.410184051381029e-05
+9.749999999999986e-10    +7.892825956790593e-01    +5.894113909021412e-01    +2.896384044745157e-04
+9.799999999999987e-10    +7.894836566012872e-01    +5.891234107302522e-01    +6.382686862820703e-04
+9.849999999999988e-10    +7.898365905511218e-01    +5.886383368921296e-01    +9.431571641842719e-04
+9.899999999999989e-10    +7.903151216275668e-01    +5.879917489504919e-01    +1.178601765143739e-03
+9.949999999999989e-10    +7.908818764505047e-01    +5.872326706180048e-01    +1.324325308757132e-03
+9.999999999999990e-10    +7.914916412643214e-01    +5.864197164614332e-01    +1.367501161514856e-03
+1.004999999999999e-09    +7.920953788596032e-01    +5.856163248753897e-01    +1.304018181520840e-03
+1.009999999999999e-09    +7.926445960458101e-01    +5.848854552693656e-01    +1.138868588569380e-03
+1.014999999999999e-09    +7.930955878604363e-01    +5.842842929217855e-01    +8.856442429626283e-04
+1.019999999999999e-09    +7.934131878985857e-01    +5.838593770239320e-01    +5.652417665850919e-04
+1.024999999999999e-09    +7.935736885696631e-01    +5.836425976530052e-01    +2.039506187390233e-04
+1.030000000000000e-09    +7.935666995657469e-01    +5.836485053471583e-01    -1.688822285919188e-04
+1.035000000000000e-09    +7.933957600837905e-01    +5.838732785071836e-01    -5.233818168764433e-04
+1.040000000000000e-09    +7.930777088993889e-01    +5.842953860085114e-01    -8.316864754726587e-04
+1.045000000000000e-09    +7.926409274859169e-01    +5.848777786052811e-01    -1.070249305866408e-03
+1.050000000000000e-09    +7.921226261707509e-01    +5.855713979737448e-01    -1.221724518319682e-03
+1.055000000000000e-09    +7.915654709381560e-01    +5.863196330479389e-01    -1.276289667635237e-03
+1.060000000000000e-09    +7.910138351848497e-01    +5.870633421021478e-01    -1.232285999766416e-03
+1.065000000000000e-09    +7.905100013954297e-01    +5.877459379889968e-01    -1.096146388838275e-03
+1.070000000000000e-09    +7.900906762748556e-01    +5.883179791630126e-01    -8.816400247937067e-04
+1.075000000000000e-09    +7.897841624361187e-01    +5.887408720469940e-01    -6.085003682206658e-04
+1.080000000000000e-09    +7.896084127883145e-01    +5.889894594561506e-01    -3.005305901525560e-04
+1.085000000000000e-09    +7.895701061252722e-01    +5.890533478652691e-01    +1.662604520601532e-05
+1.090000000000001e-09    +7.896648039287679e-01    +5.889368909372151e-01    +3.178313952489430e-04
+1.095000000000001e-09    +7.898780858888783e-01    +5.886579480963611e-01    +5.806739054580348e-04
+1.100000000000001e-09    +7.901874710540385e-01    +5.882456212113726e-01    +7.873338776187232e-04
+1.105000000000001e-09    +7.905648847303042e-01    +5.877371677936882e-01    +9.259028630387785e-04
+1.110000000000001e-09    +7.909793840553397e-01    +5.871743962573700e-01    +9.910293777811137e-04
+1.115000000000001e-09    +7.913998908833259e-01    +5.865998594963275e-01    +9.838208973518222e-04
+1.120000000000001e-09    +7.917976894442694e-01    +5.860532694361166e-01    +9.110791201697820e-04
+1.125000000000001e-09    +7.921484257891154e-01    +5.855685819286086e-01    +7.840098772256235e-04
+1.130000000000001e-09    +7.924334414052355e-01    +5.851720159849819e-01    +6.166134058819921e-04
+1.135000000000001e-09    +7.926404128057067e-01    +5.848810620173341e-01    +4.239807845999463e-04
+1.140000000000001e-09    +7.927633476953106e-01    +5.847044332101424e-01    +2.207535870037983e-04
+1.145000000000002e-09    +7.928020081971570e-01    +5.846428929269202e-01    +1.993475912436665e-05
+1.150000000000002e-09    +7.927609319615714e-01    +5.846906812625327e-01    -1.678583502649782e-04
+1.155000000000002e-09    +7.926482573275911e-01    +5.848372115082193e-01    -3.346701452884783e-04
+1.160000000000002e-09    +7.924745401902724e-01    +5.850687354057328e-01    -4.750763653508129e-04
+1.165000000000002e-09    +7.922517231128451e-01    +5.853697357453461e-01    -5.857473453299609e-04
+1.170000000000002e-09    +7.919923519697585e-01    +5.857238943491275e-01    -6.648676506297373e-04
+1.175000000000002e-09    +7.917090945131869e-01    +5.861145527931467e-01    -7.115602084055853e-04
+1.180000000000002e-09    +7.914145631346476e-01    +5.865247212915099e-01    -7.254364363957020e-04
+1.185000000000002e-09    +7.911213536106393e-01    +5.869368372341154e-01    -7.063335893201528e-04
+1.190000000000002e-09    +7.908421211316154e-01    +5.873326028237298e-01    -6.542778010411994e-04
+1.195000000000002e-09    +7.905895610164192e-01    +5.876930852941534e-01    -5.697029751546797e-04
+1.200000000000002e-09    +7.903762393400050e-01    +5.879991347003841e-01    -4.538754365913349e-04
+1.205000000000003e-09    +7.902142243648380e-01    +5.882321581403781e-01    -3.094277512646964e-04
+1.210000000000003e-09    +7.901144813266466e-01    +5.883752727412209e-01    -1.408672332701440e-04
+1.215000000000003e-09    +7.900860575819723e-01    +5.884147484583971e-01    +4.505781401203264e-05
+1.220000000000003e-09    +7.901351361246294e-01    +5.883415634288681e-01    +2.392531736500799e-04
+1.225000000000003e-09    +7.902640648827214e-01    +5.881528888990858e-01    +4.305040909478416e-04
+1.230000000000003e-09    +7.904704927745391e-01    +5.878532840795586e-01    +6.060550685648532e-04
+1.235000000000003e-09    +7.907467403793232e-01    +5.874554108945872e-01    +7.525156251512087e-04
+1.240000000000003e-09    +7.910795442898759e-01    +5.869800895250121e-01    +8.570109047779231e-04
+1.245000000000003e-09    +7.914503118965799e-01    +5.864555609341976e-01    +9.084634216840347e-04
+1.250000000000003e-09    +7.918359358032941e-01    +5.859159755738375e-01    +8.988781206357209e-04
+1.255000000000003e-09    +7.922101280261430e-01    +5.853992301606216e-01    +8.244657813916054e-04
+1.260000000000004e-09    +7.925452104642120e-01    +5.849442715626254e-01    +6.864446254329925e-04
+1.265000000000004e-09    +7.928142720533746e-01    +5.845879676518335e-01    +4.914007016100791e-04
+1.270000000000004e-09    +7.929935207539633e-01    +5.843617877979608e-01    +2.511550596276008e-04
+1.275000000000004e-09    +7.930645955982494e-01    +5.842886452779456e-01    -1.787976354709890e-05
+1.280000000000004e-09    +7.930165953707617e-01    +5.843802737954651e-01    -2.958239813153470e-04
+1.285000000000004e-09    +7.928475925290622e-01    +5.846354966070062e-01    -5.608728387292191e-04
+1.290000000000004e-09    +7.925654613300892e-01    +5.850396268487258e-01    -7.911486031246669e-04
+1.295000000000004e-09    +7.921878754496534e-01    +5.855651427715383e-01    -9.666817218515770e-04
+1.300000000000004e-09    +7.917413729700390e-01    +5.861736462233489e-01    -1.071327774230233e-03
+1.305000000000004e-09    +7.912594973382117e-01    +5.868189359900892e-01    -1.094422014627304e-03
+1.310000000000004e-09    +7.907801465666792e-01    +5.874508629587869e-01    -1.031991627866196e-03
+1.315000000000004e-09    +7.903423442820442e-01    +5.880195896174123e-01    -8.873617207048029e-04
+1.320000000000005e-09    +7.899827004643779e-01    +5.884798994473365e-01    -6.710669062807321e-04
+1.325000000000005e-09    +7.897319359998085e-01    +5.887951212528871e-01    -4.000589880466589e-04
+1.330000000000005e-09    +7.896118739970892e-01    +5.889402570698584e-01    -9.626608909304490e-05
+1.335000000000005e-09    +7.896332584285908e-01    +5.889040180319152e-01    +2.153651480390929e-04
+1.340000000000005e-09    +7.897946439197392e-01    +5.886896517431693e-01    +5.091616582652255e-04
+1.345000000000005e-09    +7.900824767086889e-01    +5.883145671909109e-01    +7.610923140335450e-04
+1.350000000000005e-09    +7.904723719361888e-01    +5.878088259058112e-01    +9.509496852807633e-04
+1.355000000000005e-09    +7.909314555891495e-01    +5.872126186900052e-01    +1.064113714893271e-03
+1.360000000000005e-09    +7.914214922812343e-01    +5.865729253526338e-01    +1.092739458197492e-03
+1.365000000000005e-09    +7.919024214479262e-01    +5.859396512353794e-01    +1.036264108115198e-03
+1.370000000000005e-09    +7.923359376425909e-01    +5.853615406791033e-01    +9.012083001358851e-04
+1.375000000000005e-09    +7.926887899746364e-01    +5.848821738462386e-01    +7.003459715563499e-04
+1.380000000000006e-09    +7.929354969324102e-01    +5.845364147459771e-01    +4.513812765424148e-04
+1.385000000000006e-09    +7.930602287037147e-01    +5.843476905393041e-01    +1.752883208920733e-04
+1.390000000000006e-09    +7.930577237665530e-01    +5.843263521818477e-01    -1.055409885089709e-04
+1.395000000000006e-09    +7.929332271005578e-01    +5.844692042056441e-01    -3.691869047507188e-04
+1.400000000000006e-09    +7.927015171647267e-01    +5.847601966923107e-01    -5.959713960050998e-04
+1.405000000000006e-09    +7.923851499586693e-01    +5.851721953021657e-01    -7.699704131695395e-04
+1.410000000000006e-09    +7.920121180496258e-01    +5.856696622343827e-01    -8.801642471515239e-04
+1.415000000000006e-09    +7.916131829114007e-01    +5.862119733068081e-01    -9.211428710770494e-04
+1.420000000000006e-09    +7.912191623518137e-01    +5.867570150177744e-01    -8.933055078666441e-04
+1.425000000000006e-09    +7.908584173411288e-01    +5.872647020668798e-01    -8.025363706649315e-04
+1.430000000000006e-09    +7.905547426100228e-01    +5.877001104870518e-01    -6.593990379329895e-04
+1.435000000000007e-09    +7.903258349303168e-01    +5.880359553252572e-01    -4.779318614750220e-04
+1.440000000000007e-09    +7.901824494369165e-01    +5.882542047664451e-01    -2.741650355796813e-04
+1.445000000000007e-09    +7.901282542306500e-01    +5.883467602667659e-01    -6.452090927625051e-05
+1.450000000000007e-09    +7.901603020848480e-01    +5.883152518837923e-01    +1.357007025069934e-04
+1.455000000000007e-09    +7.902700027485364e-01    +5.881700388566882e-01    +3.135601751442486e-04
+1.460000000000007e-09    +7.904444453982531e-01    +5.879285547687140e-01    +4.593113540842208e-04
+1.465000000000007e-09    +7.906679052398458e-01    +5.876131963011990e-01    +5.667745975967937e-04
+1.470000000000007e-09    +7.909233552041001e-01    +5.872490243507434e-01    +6.332719289839829e-04
+1.475000000000007e-09    +7.911938244164356e-01    +5.868615717494042e-01    +6.591932886360895e-04
+1.480000000000007e-09    +7.914634907505786e-01    +5.864749978598309e-01    +6.473172525223176e-04
+1.485000000000007e-09    +7.917184373673943e-01    +5.861107229743249e-01    +6.020305504563730e-04
+1.490000000000007e-09    +7.919470530217830e-01    +5.857865841479695e-01    +5.285857915916274e-04
+1.495000000000008e-09    +7.921401033822268e-01    +5.855165025388998e-01    +4.325028050156930e-04
+1.500000000000008e-09    +7.922905692833239e-01    +5.853105624384062e-01    +3.191761134731811e-04
+1.505000000000008e-09    +7.923933761957538e-01    +5.851753497589819e-01    +1.937126865978117e-04
+1.510000000000008e-09    +7.924451297982135e-01    +5.851143999148178e-01    +6.096809245236788e-05
+1.515000000000008e-09    +7.924439456282237e-01    +5.851286295867063e-01    -7.428225202216429e-05
+1.520000000000008e-09    +7.923894269921824e-01    +5.852166459300508e-01    -2.071264818874970e-04
+1.525000000000008e-09    +7.922828180316774e-01    +5.853748431948067e-01    -3.323359828654610e-04
+1.530000000000008e-09    +7.921273026521412e-01    +5.855972658226547e-01    -4.442861750126352e-04
+1.535000000000008e-09    +7.919283691436184e-01    +5.858753058676575e-01    -5.370254187756787e-04
+1.540000000000008e-09    +7.916941225525009e-01    +5.861973938462093e-01    -6.045174407528606e-04
+1.545000000000008e-09    +7.914354231937433e-01    +5.865488495212012e-01    -6.410557803169815e-04
+1.550000000000009e-09    +7.911657505315612e-01    +5.869120066274418e-01    -6.418169349855493e-04
+1.555000000000009e-09    +7.909007285935645e-01    +5.872666900290322e-01    -6.034989699336729e-04
+1.560000000000009e-09    +7.906573046751995e-01    +5.875910945684016e-01    -5.249690557216559e-04
+1.565000000000009e-09    +7.904526336647523e-01    +5.878630563658310e-01    -4.078281287376333e-04
+1.570000000000009e-09    +7.903027685705568e-01    +5.880616357457150e-01    -2.567893171966015e-04
+1.575000000000009e-09    +7.902212690271849e-01    +5.881688942130623e-01    -7.977141646829697e-05
+1.580000000000009e-09    +7.902178453745334e-01    +5.881717182726866e-01    +1.123542023771571e-04
+1.585000000000009e-09    +7.902971732410629e-01    +5.880634935726646e-01    +3.063770858220269e-04
+1.590000000000009e-09    +7.904580243932818e-01    +5.878454046610982e-01    +4.876933975024247e-04
+1.595000000000009e-09    +7.906928434019517e-01    +5.875271435181041e-01    +6.415147266753084e-04
+1.600000000000009e-09    +7.909878629355021e-01    +5.871268818259976e-01    +7.542278258167492e-04
+1.605000000000009e-09    +7.913237932806990e-01    +5.866704607783217e-01    +8.147603347303021e-04
+1.610000000000010e-09    +7.916770579427789e-01    +5.861898209314361e-01    +8.157959862527418e-04
+1.615000000000010e-09    +7.920214968742724e-01    +5.857207316021693e-01    +7.546905618755982e-04
+1.620000000000010e-09    +7.923304134190011e-01    +5.852999499675686e-01    +6.339730599062945e-04
+1.625000000000010e-09    +7.925787999426610e-01    +5.849620421000633e-01    +4.613601605345405e-04
+1.630000000000010e-09    +7.927455505145361e-01    +5.847361717103260e-01    +2.492690908118383e-04
+1.635000000000010e-09    +7.928154470498102e-01    +5.846432082886738e-01    +1.387113567571424e-05
+1.640000000000010e-09    +7.927807038637600e-01    +5.846935058769041e-01    -2.262363981483119e-04
+1.645000000000010e-09    +7.926418925821118e-01    +5.848856420494821e-01    -4.516310411972272e-04
+1.650000000000010e-09    +7.924081403029491e-01    +5.852062845350969e-01    -6.437980861923939e-04
+1.655000000000010e-09    +7.920965648476810e-01    +5.856312088655368e-01    -7.868200819835551e-04
+1.660000000000010e-09    +7.917309824331544e-01    +5.861273466555352e-01    -8.688466620369122e-04
+1.665000000000010e-09    +7.913399904877396e-01    +5.866556409049646e-01    -8.831849846164965e-04
+1.670000000000011e-09    +7.909545759808690e-01    +5.871744377233060e-01    -8.288942042764455e-04
+1.675000000000011e-09    +7.906054498405519e-01    +5.876430886287708e-01    -7.108272595011054e-04
+1.680000000000011e-09    +7.903203545311470e-01    +5.880254000715629e-01    -5.391284896727910e-04
+1.685000000000011e-09    +7.901216189190486e-01    +5.882925883384158e-01    -3.282535955876389e-04
+1.690000000000011e-09    +7.900242165586671e-01    +5.884254896370504e-01    -9.561791708441750e-05
+1.695000000000011e-09    +7.900345274646300e-01    +5.884158837327597e-01    +1.399866282735156e-04
+1.700000000000011e-09    +7.901499185487650e-01    +5.882668854993731e-01    +3.600457955183837e-04
+1.705000000000011e-09    +7.903591611655637e-01    +5.879924306188519e-01    +5.478810018843649e-04
+1.710000000000011e-09    +7.906436259225892e-01    +5.876159260906867e-01    +6.899650992398765e-04
+1.715000000000011e-09    +7.909791141769903e-01    +5.871681851260345e-01    +7.768935639994341e-04
+1.720000000000011e-09    +7.913381236447857e-01    +5.866848104952718e-01    +8.039523125655337e-04
+1.725000000000012e-09    +7.916923125209500e-01    +5.862032222204835e-01    +7.712634959063264e-04
+1.730000000000012e-09    +7.920149191452305e-01    +5.857595766303879e-01    +6.835302711265547e-04
+1.735000000000012e-09    +7.922829030322629e-01    +5.853858715466724e-01    +5.494350246221778e-04
+1.740000000000012e-09    +7.924786166122147e-01    +5.851075179269022e-01    +3.807617166594753e-04
+1.745000000000012e-09    +7.925908967920191e-01    +5.849415759334029e-01    +1.913243591449453e-04
+1.750000000000012e-09    +7.926155390758723e-01    +5.848957686132391e-01    -4.203618151013808e-06
+1.755000000000012e-09    +7.925551721569389e-01    +5.849683220842846e-01    -1.914604682314608e-04
+1.760000000000012e-09    +7.924185910671129e-01    +5.851486142352542e-01    -3.574748844999253e-04
+1.765000000000012e-09    +7.922196353638077e-01    +5.854185454663748e-01    -4.915731226336021e-04
+1.770000000000012e-09    +7.919757352495513e-01    +5.857544621963261e-01    -5.860554196273328e-04
+1.775000000000012e-09    +7.917062827336052e-01    +5.861294052784962e-01    -6.365960088285424e-04
+1.780000000000012e-09    +7.914309917760715e-01    +5.865154424508415e-01    -6.423406962655754e-04
+1.785000000000013e-09    +7.911683982697048e-01    +5.868858593235660e-01    -6.057032093476461e-04
+1.790000000000013e-09    +7.909346273801824e-01    +5.872170150430175e-01    -5.318942178999797e-04
+1.795000000000013e-09    +7.907425135512302e-01    +5.874897367971257e-01    -4.282423247678027e-04
+1.800000000000013e-09    +7.906010984425889e-01    +5.876902160049685e-01    -3.033958748632733e-04
+1.805000000000013e-09    +7.905154907536982e-01    +5.878104136656694e-01    -1.665137960924294e-04
+1.810000000000013e-09    +7.904870429624333e-01    +5.878479991379463e-01    -2.654518989811235e-05
+1.815000000000013e-09    +7.905137780046997e-01    +5.878058699912647e-01    +1.083306702595802e-04
+1.820000000000013e-09    +7.905909802665653e-01    +5.876913398410433e-01    +2.310756195203598e-04
+1.825000000000013e-09    +7.907118505554821e-01    +5.875151251909579e-01    +3.359862231068648e-04
+1.830000000000013e-09    +7.908681272621066e-01    +5.872902778960546e-01    +4.187465917630466e-04
+1.835000000000013e-09    +7.910506113602035e-01    +5.870311827883959e-01    +4.763832150630003e-04
+1.840000000000013e-09    +7.912495761310162e-01    +5.867526922031060e-01    +5.071653131529788e-04
+1.845000000000014e-09    +7.914550706702473e-01    +5.864694429027455e-01    +5.104892507805095e-04
+1.850000000000014e-09    +7.916571439665803e-01    +5.861953655820523e-01    +4.867747966041534e-04
+1.855000000000014e-09    +7.918460328371864e-01    +5.859433617581449e-01    +4.373921205817882e-04
+1.860000000000014e-09    +7.920123583717044e-01    +5.857251025348362e-01    +3.646241079003731e-04
+1.865000000000014e-09    +7.921473688303289e-01    +5.855508958437668e-01    +2.716556598821963e-04
+1.870000000000014e-09    +7.922432578328182e-01    +5.854295547247333e-01    +1.625711655485850e-04
+1.875000000000013e-09    +7.922935710734852e-01    +5.853681863263011e-01    +4.233648387857184e-05
+1.880000000000013e-09    +7.922936936865556e-01    +5.853718399920750e-01    -8.325985787122646e-05
+1.885000000000013e-09    +7.922413769086318e-01    +5.854430060116305e-01    -2.077270332107877e-04
+1.890000000000013e-09    +7.921372241777788e-01    +5.855810367986138e-01    -3.240712988075239e-04
+1.895000000000013e-09    +7.919850415486949e-01    +5.857816148622591e-01    -4.250931625409087e-04
+1.900000000000013e-09    +7.917919769390841e-01    +5.860363900057587e-01    -5.037923425636411e-04
+1.905000000000013e-09    +7.915684004693400e-01    +5.863328844261588e-01    -5.538674107691676e-04
+1.910000000000013e-09    +7.913275002085537e-01    +5.866547459316385e-01    -5.702714759284665e-04
+1.915000000000013e-09    +7.910845893513068e-01    +5.869824027032933e-01    -5.497682504653373e-04
+1.920000000000012e-09    +7.908561533295915e-01    +5.872941257241164e-01    -4.914257129660708e-04
+1.925000000000012e-09    +7.906586981710547e-01    +5.875674578354004e-01    -3.969814695834439e-04
+1.930000000000012e-09    +7.905074841713925e-01    +5.877809240223847e-01    -2.710169821570111e-04
+1.935000000000012e-09    +7.904152470888831e-01    +5.879158911221145e-01    -1.208901696500394e-04
+1.940000000000012e-09    +7.903910196983706e-01    +5.879583980701779e-01    +4.360198625551410e-05
+1.945000000000012e-09    +7.904391743285000e-01    +5.879007483241350e-01    +2.108332402470815e-04
+1.950000000000012e-09    +7.905587938927355e-01    +5.877426675106957e-01    +3.682040820517128e-04
+1.955000000000012e-09    +7.907434475725926e-01    +5.874918779424722e-01    +5.031800443233593e-04
+1.960000000000011e-09    +7.909814151205873e-01    +5.871639937273275e-01    +6.044114526991928e-04
+1.965000000000011e-09    +7.912563761911171e-01    +5.867816819637185e-01    +6.628128593431681e-04
+1.970000000000011e-09    +7.915485393971011e-01    +5.863730923728664e-01    +6.724828538115612e-04
+1.975000000000011e-09    +7.918361324528248e-01    +5.859696505856244e-01    +6.313608209501178e-04
+1.980000000000011e-09    +7.920971267089519e-01    +5.856034013536005e-01    +5.415425757840592e-04
+1.985000000000011e-09    +7.923110448557553e-01    +5.853041597255669e-01    +4.092139747112904e-04
+1.990000000000011e-09    +7.924606911757823e-01    +5.850967685638204e-01    +2.442041740400268e-04
+1.995000000000011e-09    +7.925336484700796e-01    +5.849987662755461e-01    +5.920040191404587e-05
+2.000000000000010e-09    +7.925234017051795e-01    +5.850187257719285e-01    -1.313052492270649e-04
+2.005000000000010e-09    +7.924299833748393e-01    +5.851554406454678e-01    -3.122445028308532e-04
+2.010000000000010e-09    +7.922600777417342e-01    +5.853980260331392e-01    -4.692668867920342e-04
+2.015000000000010e-09    +7.920265644038290e-01    +5.857269041179634e-01    -5.899769993024059e-04
+2.020000000000010e-09    +7.917475200070797e-01    +5.861155677900806e-01    -6.649968636227867e-04
+2.025000000000010e-09    +7.914447473189367e-01    +5.865329457478571e-01    -6.887537747020925e-04
+2.030000000000010e-09    +7.911419556177592e-01    +5.869461254148554e-01    -6.599209654506847e-04
+2.035000000000010e-09    +7.908627589133582e-01    +5.873231554050169e-01    -5.814724452853445e-04
+2.040000000000009e-09    +7.906286777074987e-01    +5.876356629477051e-01    -4.603518125496592e-04
+2.045000000000009e-09    +7.904573313134384e-01    +5.878610674939544e-01    -3.067951981355980e-04
+2.050000000000009e-09    +7.903609925804655e-01    +5.879842273669480e-01    -1.333834656383695e-04
+2.055000000000009e-09    +7.903456431368860e-01    +5.879984160336118e-01    +4.607649724325537e-05
+2.060000000000009e-09    +7.904106118854379e-01    +5.879055820504846e-01    +2.177300438860025e-04
+2.065000000000009e-09    +7.905488142500305e-01    +5.877159011946083e-01    +3.688021552619852e-04
+2.070000000000009e-09    +7.907475494880338e-01    +5.874466767072977e-01    +4.885773593568958e-04
+2.075000000000009e-09    +7.909897626578838e-01    +5.871206869579698e-01    +5.691601824708139e-04
+2.080000000000009e-09    +7.912556358304054e-01    +5.867641297944804e-01    +6.059711069292084e-04
+2.085000000000008e-09    +7.915243432512669e-01    +5.864043640649919e-01    +5.979557494690795e-04
+2.090000000000008e-09    +7.917757987599436e-01    +5.860676742572835e-01    +5.475040703665535e-04
+2.095000000000008e-09    +7.919922395946276e-01    +5.857772630817258e-01    +4.600957609740007e-04
+2.100000000000008e-09    +7.921595205859555e-01    +5.855516316818447e-01    +3.437118853418731e-04
+2.105000000000008e-09    +7.922680228540676e-01    +5.854034597697719e-01    +2.080748292267727e-04
+2.110000000000008e-09    +7.923131178742204e-01    +5.853390476846911e-01    +6.379121083786773e-05
+2.115000000000008e-09    +7.922951732145236e-01    +5.853583259278373e-01    -7.852347806942035e-05
+2.120000000000008e-09    +7.922191328141308e-01    +5.854553774846981e-01    -2.090618848097926e-04
+2.125000000000007e-09    +7.920937449089192e-01    +5.856193706981125e-01    -3.195154665340042e-04
+2.130000000000007e-09    +7.919305396081144e-01    +5.858357717295729e-01    -4.035883263778786e-04
+2.135000000000007e-09    +7.917426795158005e-01    +5.860876978524443e-01    -4.573036421672949e-04
+2.140000000000007e-09    +7.915438119012791e-01    +5.863572776396698e-01    -4.790925325057527e-04
+2.145000000000007e-09    +7.913470382172338e-01    +5.866269070142698e-01    -4.696742714441477e-04
+2.150000000000007e-09    +7.911640835452257e-01    +5.868803302305717e-01    -4.317577273774936e-04
+2.155000000000007e-09    +7.910047109295896e-01    +5.871035050171448e-01    -3.696146835834570e-04
+2.160000000000007e-09    +7.908763911778399e-01    +5.872852213984723e-01    -2.885864301789008e-04
+2.165000000000006e-09    +7.907842081177479e-01    +5.874174531113332e-01    -1.945840724776497e-04
+2.170000000000006e-09    +7.907309515963606e-01    +5.874954438123784e-01    -9.363479089808925e-05
+2.175000000000006e-09    +7.907173357239495e-01    +5.875175636260032e-01    +8.485544198468333e-06
+2.180000000000006e-09    +7.907422795731889e-01    +5.874849993345176e-01    +1.065124968795764e-04
+2.185000000000006e-09    +7.908031941922637e-01    +5.874013542955477e-01    +1.958471028616505e-04
+2.190000000000006e-09    +7.908962343376738e-01    +5.872722304832885e-01    +2.726216590913062e-04
+2.195000000000006e-09    +7.910164913028827e-01    +5.871048499104631e-01    +3.337034193895570e-04
+2.200000000000006e-09    +7.911581267972511e-01    +5.869077478636485e-01    +3.766653374516903e-04
+2.205000000000006e-09    +7.913144686932871e-01    +5.866905364882329e-01    +3.997539577640757e-04
+2.210000000000005e-09    +7.914781022480335e-01    +5.864637119083663e-01    +4.018803551966992e-04
+2.215000000000005e-09    +7.916409911319116e-01    +5.862384651937294e-01    +3.826486770609236e-04
+2.220000000000005e-09    +7.917946619116082e-01    +5.860264502748647e-01    +3.424219113009387e-04
+2.225000000000005e-09    +7.919304812787673e-01    +5.858394541726675e-01    +2.824127716762124e-04
+2.230000000000005e-09    +7.920400441716912e-01    +5.856889218159714e-01    +2.047803195665799e-04
+2.235000000000005e-09    +7.921156702915380e-01    +5.855853159773893e-01    +1.127078628334920e-04
+2.240000000000005e-09    +7.921509839900321e-01    +5.855373392854754e-01    +1.043502082256949e-05
+2.245000000000005e-09    +7.921415272064889e-01    +5.855510913644263e-01    -9.678306403110538e-05
+2.250000000000004e-09    +7.920853366462163e-01    +5.856292636386141e-01    -2.028148607408060e-04
+2.255000000000004e-09    +7.919834090822551e-01    +5.857704814198491e-01    -3.009114206278206e-04
+2.260000000000004e-09    +7.918399831869354e-01    +5.859688958623757e-01    -3.840954446844862e-04
+2.265000000000004e-09    +7.916625791393982e-01    +5.862141112036084e-01    -4.456698534542245e-04
+2.270000000000004e-09    +7.914617577369727e-01    +5.864915051454962e-01    -4.798097876746693e-04
+2.275000000000004e-09    +7.912505834646065e-01    +5.867829655264633e-01    -4.821789570146805e-04
+2.280000000000004e-09    +7.910438030649551e-01    +5.870680295859732e-01    -4.504974716185232e-04
+2.285000000000004e-09    +7.908567845431472e-01    +5.873253675591618e-01    -3.849854237448419e-04
+2.290000000000003e-09    +7.907042945750300e-01    +5.875345001013130e-01    -2.886129146081040e-04
+2.295000000000003e-09    +7.905992214037481e-01    +5.876775940327347e-01    -1.671026095750754e-04
+2.300000000000003e-09    +7.905513669874235e-01    +5.877411563227798e-01    -2.865493410242848e-05
+2.305000000000003e-09    +7.905664336788666e-01    +5.877174493268839e-01    +1.166028897941449e-04
+2.310000000000003e-09    +7.906453166585196e-01    +5.876054751398013e-01    +2.574079869159664e-04
+2.315000000000003e-09    +7.907837885885073e-01    +5.874114087600283e-01    +3.823225386139970e-04
+2.320000000000003e-09    +7.909726316745690e-01    +5.871483977692726e-01    +4.807679783370889e-04
+2.325000000000003e-09    +7.911982318496021e-01    +5.868357023288218e-01    +5.440255192760232e-04
+2.330000000000003e-09    +7.914436018185501e-01    +5.864972198537157e-01    +5.660981500837327e-04
+2.335000000000002e-09    +7.916897511608334e-01    +5.861595111516298e-01    +5.443426698286401e-04
+2.340000000000002e-09    +7.919172791740144e-01    +5.858495084566033e-01    +4.798022503461812e-04
+2.345000000000002e-09    +7.921080391338651e-01    +5.855921332703390e-01    +3.771982912683702e-04
+2.350000000000002e-09    +7.922467146478291e-01    +5.854080694650244e-01    +2.445731803783923e-04
+2.355000000000002e-09    +7.923221595264225e-01    +5.853119200085350e-01    +9.261150478174917e-05
+2.360000000000002e-09    +7.923283763253327e-01    +5.853109292425073e-01    -6.629850357028624e-05
+2.365000000000002e-09    +7.922650438067587e-01    +5.854043894566594e-01    -2.191729194880029e-04
+2.370000000000002e-09    +7.921375434121986e-01    +5.855837828280144e-01    -3.535995550316789e-04
+2.375000000000001e-09    +7.919564792131194e-01    +5.858336399813017e-01    -4.588481534323362e-04
+2.380000000000001e-09    +7.917367340083048e-01    +5.861330205140631e-01    -5.268130294454771e-04
+2.385000000000001e-09    +7.914961524898749e-01    +5.864574523126682e-01    -5.526956784255286e-04
+2.390000000000001e-09    +7.912539789775911e-01    +5.867811224406543e-01    -5.353623818915746e-04
+2.395000000000001e-09    +7.910291987503515e-01    +5.870790999745418e-01    -4.773467087710042e-04
+2.400000000000001e-09    +7.908389358385685e-01    +5.873293827726639e-01    -3.845052580720329e-04
+2.405000000000001e-09    +7.906970516228339e-01    +5.875145928126739e-01    -2.653729879755099e-04
+2.410000000000001e-09    +7.906130669326565e-01    +5.876231892479850e-01    -1.302969439856000e-04
+2.415000000000000e-09    +7.905915007046562e-01    +5.876501203149237e-01    +9.551902837764614e-06
+2.420000000000000e-09    +7.906316766328838e-01    +5.875968879724088e-01    +1.431824570779318e-04
+2.425000000000000e-09    +7.907280038378315e-01    +5.874710513662668e-01    +2.607036045367943e-04
+2.430000000000000e-09    +7.908706884191999e-01    +5.872852435675043e-01    +3.540798990116504e-04
+2.435000000000000e-09    +7.910467891451644e-01    +5.870558241408294e-01    +4.176677534589706e-04
+2.440000000000000e-09    +7.912414947050069e-01    +5.868013244319783e-01    +4.485038846162810e-04
+2.445000000000000e-09    +7.914394834584201e-01    +5.865408511776069e-01    +4.463416261209873e-04
+2.450000000000000e-09    +7.916262292294257e-01    +5.862925961377459e-01    +4.134522469767516e-04
+2.454999999999999e-09    +7.917891324342887e-01    +5.860725686883465e-01    +3.542281261751539e-04
+2.459999999999999e-09    +7.919183815722235e-01    +5.858936341535613e-01    +2.746409363223877e-04
+2.464999999999999e-09    +7.920074810382182e-01    +5.857649034826915e-01    +1.816180809787484e-04
+2.469999999999999e-09    +7.920534219237497e-01    +5.856914825072579e-01    +8.240257362840425e-05
+2.474999999999999e-09    +7.920565156062815e-01    +5.856745517708056e-01    -1.604277141053682e-05
+2.479999999999999e-09    +7.920199496356825e-01    +5.857117193620620e-01    -1.075349455214669e-04
+2.484999999999999e-09    +7.919491515117648e-01    +5.857975720259985e-01    -1.870353927195250e-04
+2.489999999999999e-09    +7.918510586104196e-01    +5.859243437408329e-01    -2.508584765357449e-04
+2.494999999999999e-09    +7.917333910907633e-01    +5.860826246245787e-01    -2.967219653681416e-04
+2.499999999999998e-09    +7.916040092105175e-01    +5.862620497890714e-01    -3.236571572759246e-04
+2.504999999999998e-09    +7.914704107167970e-01    +5.864519284504971e-01    -3.318144306719089e-04
+2.509999999999998e-09    +7.913393963348937e-01    +5.866417875670425e-01    -3.222124858186021e-04
+2.514999999999998e-09    +7.912169033830538e-01    +5.868218108376870e-01    -2.964819162972178e-04
+2.519999999999998e-09    +7.911079822233539e-01    +5.869831648848376e-01    -2.566450616631812e-04
+2.524999999999998e-09    +7.910168660830824e-01    +5.871182205098324e-01    -2.049589609725502e-04
+2.529999999999998e-09    +7.909470736085644e-01    +5.872206953352082e-01    -1.438316929879506e-04
+2.534999999999998e-09    +7.909014850710944e-01    +5.872857527267041e-01    -7.580708966314755e-05
+2.539999999999997e-09    +7.908823507135394e-01    +5.873100906544109e-01    -3.598834599847306e-06
+2.544999999999997e-09    +7.908912106466692e-01    +5.872920446610366e-01    +6.985595353346595e-05
+2.549999999999997e-09    +7.909287278053699e-01    +5.872317154332954e-01    +1.413579863106249e-04
+2.554999999999997e-09    +7.909944565398502e-01    +5.871311114094303e-01    +2.074537174442425e-04
+2.559999999999997e-09    +7.910865889214542e-01    +5.869942772741266e-01    +2.645136608875316e-04
+2.564999999999997e-09    +7.912017324591568e-01    +5.868273667241936e-01    +3.088922645182606e-04
+2.569999999999997e-09    +7.913347775549577e-01    +5.866386143858807e-01    +3.371650809303750e-04
+2.574999999999997e-09    +7.914789091949402e-01    +5.864381616428679e-01    +3.464242815040181e-04
+2.579999999999996e-09    +7.916258050619777e-01    +5.862376974612979e-01    +3.346027545404753e-04
+2.584999999999996e-09    +7.917660387023494e-01    +5.860498925430174e-01    +3.007905825238043e-04
+2.589999999999996e-09    +7.918896779558122e-01    +5.858876362395019e-01    +2.455044376643630e-04
+2.594999999999996e-09    +7.919870372059880e-01    +5.857631196964145e-01    +1.708696855265768e-04
+2.599999999999996e-09    +7.920495188048339e-01    +5.856868383451863e-01    +8.067817352154537e-05
+2.604999999999996e-09    +7.920704636150435e-01    +5.856666061150487e-01    -1.970665162564559e-05
+2.609999999999996e-09    +7.920459204978335e-01    +5.857066831181625e-01    -1.236122952398850e-04
+2.614999999999996e-09    +7.919752427234689e-01    +5.858071184555272e-01    -2.234853820350320e-04
+2.619999999999996e-09    +7.918614288577310e-01    +5.859633967185447e-01    -3.114634244026536e-04
+2.624999999999995e-09    +7.917111478779284e-01    +5.861664523478295e-01    -3.800469618255488e-04
+2.629999999999995e-09    +7.915344181666336e-01    +5.864030849316469e-01    -4.228098174001479e-04
+2.634999999999995e-09    +7.913439463210601e-01    +5.866567742409299e-01    -4.350725516792706e-04
+2.639999999999995e-09    +7.911541675322666e-01    +5.869088528419437e-01    -4.144610554713267e-04
+2.644999999999995e-09    +7.909800649567689e-01    +5.871399520955509e-01    -3.612793324477859e-04
+2.649999999999995e-09    +7.908358735932901e-01    +5.873316010237944e-01    -2.786416813357771e-04
+2.654999999999995e-09    +7.907337918847885e-01    +5.874678354168219e-01    -1.723336237234702e-04
+2.659999999999995e-09    +7.906828296285067e-01    +5.875366675429650e-01    -5.040068006046439e-05
+2.664999999999994e-09    +7.906879143606268e-01    +5.875312720394735e-01    +7.750447366891061e-05
+2.669999999999994e-09    +7.907493572703364e-01    +5.874507591623432e-01    +2.009575709872260e-04
+2.674999999999994e-09    +7.908627442633714e-01    +5.873004374629844e-01    +3.097004228533005e-04
+2.679999999999994e-09    +7.910192706576933e-01    +5.870915138066674e-01    +3.945870709873747e-04
+2.684999999999994e-09    +7.912064887881159e-01    +5.868402342399615e-01    +4.484417204835576e-04
+2.689999999999994e-09    +7.914093948426872e-01    +5.865665289408390e-01    +4.667392482524610e-04
+2.694999999999994e-09    +7.916117464108313e-01    +5.862922824074959e-01    +4.480365159118880e-04
+2.699999999999994e-09    +7.917974802889759e-01    +5.860393990876539e-01    +3.941076131767850e-04
+2.704999999999993e-09    +7.919520928889063e-01    +5.858278623356701e-01    +3.097663764744787e-04
+2.709999999999993e-09    +7.920638547787532e-01    +5.856739853873483e-01    +2.023933408118590e-04
+2.714999999999993e-09    +7.921247521292910e-01    +5.855890284581938e-01    +8.121816524506615e-05
+2.719999999999993e-09    +7.921310775269411e-01    +5.855783137846331e-01    -4.356335602412961e-05
+2.724999999999993e-09    +7.920836279178278e-01    +5.856409158129222e-01    -1.617416116675999e-04
+2.729999999999993e-09    +7.919875053109651e-01    +5.857699396503000e-01    -2.640144300770793e-04
+2.734999999999993e-09    +7.918515529350657e-01    +5.859533357486061e-01    -3.427841535263531e-04
+2.739999999999993e-09    +7.916874900019536e-01    +5.861751437443553e-01    -3.927548012736391e-04
+2.744999999999992e-09    +7.915088309381368e-01    +5.864170214953546e-01    -4.112794050096268e-04
+2.749999999999992e-09    +7.913296918344697e-01    +5.866598973355022e-01    -3.984381066330553e-04
+2.754999999999992e-09    +7.911635959903016e-01    +5.868855830996998e-01    -3.568576084819822e-04
+2.759999999999992e-09    +7.910223880901890e-01    +5.870782024403453e-01    -2.913085601630659e-04
+2.764999999999992e-09    +7.909153525866549e-01    +5.872253201574243e-01    -2.081378671012517e-04
+2.769999999999992e-09    +7.908486071506210e-01    +5.873186958305804e-01    -1.146060228714879e-04
+2.774999999999992e-09    +7.908248118730336e-01    +5.873546247105362e-01    -1.820346796979001e-05
+2.779999999999992e-09    +7.908432012744512e-01    +5.873338685353852e-01    +7.398535963924450e-05
+2.784999999999992e-09    +7.908999128684723e-01    +5.872612181617480e-01    +1.558138940679562e-04
+2.789999999999991e-09    +7.909885572471946e-01    +5.871447648415354e-01    +2.224618920465766e-04
+2.794999999999991e-09    +7.911009541077061e-01    +5.869949805201850e-01    +2.706608202785729e-04
+2.799999999999991e-09    +7.912279478772198e-01    +5.868237153178807e-01    +2.987563892845665e-04
+2.804999999999991e-09    +7.913602146362286e-01    +5.866432140059262e-01    +3.066253169367797e-04
+2.809999999999991e-09    +7.914889816423932e-01    +5.864652376447076e-01    +2.954752366699003e-04
+2.814999999999991e-09    +7.916065977684337e-01    +5.863003512620200e-01    +2.675638617866236e-04
+2.819999999999991e-09    +7.917069194420839e-01    +5.861574110309697e-01    +2.258772374615647e-04
+2.824999999999991e-09    +7.917855018939988e-01    +5.860432565842153e-01    +1.738069915873109e-04
+2.829999999999990e-09    +7.918396101100801e-01    +5.859625918936485e-01    +1.148619110806022e-04
+2.834999999999990e-09    +7.918680848343438e-01    +5.859180215931642e-01    +5.244052629514134e-05
+2.839999999999990e-09    +7.918711128270662e-01    +5.859101983124553e-01    -1.032008504739329e-05
+2.844999999999990e-09    +7.918499574578650e-01    +5.859380330325111e-01    -7.061719498813173e-05
+2.849999999999990e-09    +7.918067021227239e-01    +5.859989257988620e-01    -1.259881923545959e-04
+2.854999999999990e-09    +7.917440459572699e-01    +5.860889877266235e-01    -1.742718864211970e-04
+2.859999999999990e-09    +7.916651728326982e-01    +5.862032414685525e-01    -2.135555054627471e-04
+2.864999999999990e-09    +7.915736925922600e-01    +5.863357993499335e-01    -2.421389134565015e-04
+2.869999999999989e-09    +7.914736350996944e-01    +5.864800283064960e-01    -2.585418242021821e-04
+2.874999999999989e-09    +7.913694624878499e-01    +5.866287167495088e-01    -2.615678620634564e-04
+2.879999999999989e-09    +7.912660607692535e-01    +5.867742635085498e-01    -2.504233920003305e-04
+2.884999999999989e-09    +7.911686732403007e-01    +5.869089086573751e-01    -2.248729439433692e-04
+2.889999999999989e-09    +7.910827485396232e-01    +5.870250230883097e-01    -1.854013163744766e-04
+2.894999999999989e-09    +7.910136902670515e-01    +5.871154649448969e-01    -1.333478590948270e-04
+2.899999999999989e-09    +7.909665139485584e-01    +5.871739987819311e-01    -7.098097624480257e-05
+2.904999999999989e-09    +7.909454355886681e-01    +5.871957562393485e-01    -1.488652874598880e-06
+2.909999999999989e-09    +7.909534333151160e-01    +5.871776998211969e-01    +7.112860209552031e-05
+2.914999999999988e-09    +7.909918336384537e-01    +5.871190382069785e-01    +1.422641356752270e-04
+2.919999999999988e-09    +7.910599783343294e-01    +5.870215382070565e-01    +2.070003306009520e-04
+2.924999999999988e-09    +7.911550238105514e-01    +5.868896808529088e-01    +2.604707841990169e-04
+2.929999999999988e-09    +7.912719159005818e-01    +5.867306177997541e-01    +2.982590671291509e-04
+2.934999999999988e-09    +7.914035673246614e-01    +5.865538986727215e-01    +3.167982945791689e-04
+2.939999999999988e-09    +7.915412450700613e-01    +5.863709618495697e-01    +3.137335619806883e-04
+2.944999999999988e-09    +7.916751519387401e-01    +5.861944080442157e-01    +2.882104083284722e-04
+2.949999999999988e-09    +7.917951629554910e-01    +5.860371035360257e-01    +2.410568758268999e-04
+2.954999999999987e-09    +7.918916566097832e-01    +5.859111831727963e-01    +1.748341109113794e-04
+2.959999999999987e-09    +7.919563654758307e-01    +5.858270387198415e-01    +9.374032057584024e-05
+2.964999999999987e-09    +7.919831634632449e-01    +5.857923848252141e-01    +3.364975589741019e-06
+2.969999999999987e-09    +7.919687077410945e-01    +5.858114911865665e-01    -8.969609855467876e-05
+2.974999999999987e-09    +7.919128639150387e-01    +5.858846576530005e-01    -1.783398288838378e-04
+2.979999999999987e-09    +7.918188608533877e-01    +5.860079914644400e-01    -2.555312184313250e-04
+2.984999999999987e-09    +7.916931454660940e-01    +5.861735246100607e-01    -3.149065814319968e-04
+2.989999999999987e-09    +7.915449377234997e-01    +5.863696845498477e-01    -3.513496939573706e-04
+2.994999999999986e-09    +7.913855157369806e-01    +5.865821001038570e-01    -3.614838878766585e-04
+2.999999999999986e-09    +7.912272901487217e-01    +5.867946909100097e-01    -3.440271037354807e-04
+3.004999999999986e-09    +7.910827517167005e-01    +5.869909571293226e-01    -2.999673698055210e-04
+3.009999999999986e-09    +7.909633911021647e-01    +5.871553599966670e-01    -2.325324677226610e-04
+3.014999999999986e-09    +7.908786956296445e-01    +5.872746685350658e-01    -1.469484070782680e-04
+3.019999999999986e-09    +7.908353210743404e-01    +5.873391430811666e-01    -5.000461994525968e-05
+3.024999999999986e-09    +7.908365196763981e-01    +5.873434352728013e-01    +5.053385909463813e-05
+3.029999999999986e-09    +7.908818795014826e-01    +5.872871076127935e-01    +1.466092078921649e-04
+3.034999999999985e-09    +7.909673970457163e-01    +5.871747111987645e-01    +2.305801543053180e-04
+3.039999999999985e-09    +7.910858707710737e-01    +5.870154049945279e-01    +2.958874135258599e-04
+3.044999999999985e-09    +7.912275703145971e-01    +5.868221484130386e-01    +3.376110097255103e-04
+3.049999999999985e-09    +7.913811106976537e-01    +5.866105468653875e-01    +3.528681454051187e-04
+3.054999999999985e-09    +7.915344431616023e-01    +5.863974679242621e-01    +3.410176437276924e-04
+3.059999999999985e-09    +7.916758676232525e-01    +5.861995684944258e-01    +3.036565915156079e-04
+3.064999999999985e-09    +7.917949755455352e-01    +5.860318777659854e-01    +2.444150756775598e-04
+3.069999999999985e-09    +7.918834445279601e-01    +5.859065687852435e-01    +1.685747448510242e-04
+3.074999999999985e-09    +7.919356232292321e-01    +5.858320267489678e-01    +8.255428192889178e-05
+3.079999999999984e-09    +7.919488679364655e-01    +5.858122895915725e-01    -6.683032170412251e-06
+3.084999999999984e-09    +7.919236151342953e-01    +5.858468960424603e-01    -9.223933436195182e-05
+3.089999999999984e-09    +7.918631988426841e-01    +5.859311348464646e-01    -1.678512742897436e-04
+3.094999999999984e-09    +7.917734426564627e-01    +5.860566501754793e-01    -2.283676012601440e-04
+3.099999999999984e-09    +7.916620737355361e-01    +5.862123267472997e-01    -2.700974253053821e-04
+3.104999999999984e-09    +7.915380182626265e-01    +5.863853556336921e-01    -2.910070926954724e-04
+3.109999999999984e-09    +7.914106453157871e-01    +5.865623711225117e-01    -2.907602078215923e-04
+3.114999999999984e-09    +7.912890263626229e-01    +5.867305502150550e-01    -2.706108474013804e-04
+3.119999999999983e-09    +7.911812726632926e-01    +5.868785793088295e-01    -2.331731336536005e-04
+3.124999999999983e-09    +7.910940003366715e-01    +5.869974116148055e-01    -1.821000325878446e-04
+3.129999999999983e-09    +7.910319584421796e-01    +5.870807642036139e-01    -1.217095170157720e-04
+3.134999999999983e-09    +7.909978372173927e-01    +5.871253321216753e-01    -5.659694271928814e-05
+3.139999999999983e-09    +7.909922552183265e-01    +5.871307286826738e-01    +8.730463280227800e-06
+3.144999999999983e-09    +7.910139072953881e-01    +5.870991908796216e-01    +7.016667873211956e-05
+3.149999999999983e-09    +7.910598421093040e-01    +5.870351110862875e-01    +1.242450932418175e-04
+3.154999999999983e-09    +7.911258295623890e-01    +5.869444682619581e-01    +1.682894019145021e-04
+3.159999999999982e-09    +7.912067740773014e-01    +5.868342327182761e-01    +2.004759122831939e-04
+3.164999999999982e-09    +7.912971301731551e-01    +5.867118092355540e-01    +2.198167985299429e-04
+3.169999999999982e-09    +7.913912826482461e-01    +5.865845656590275e-01    +2.260826075648814e-04
+3.174999999999982e-09    +7.914838636906371e-01    +5.864594716374602e-01    +2.196877524237885e-04
+3.179999999999982e-09    +7.915699928187766e-01    +5.863428507803299e-01    +2.015639502844871e-04
+3.184999999999982e-09    +7.916454383992401e-01    +5.862402314235722e-01    +1.730434028703506e-04
+3.189999999999982e-09    +7.917067105996778e-01    +5.861562686390916e-01    +1.357666271716749e-04
+3.194999999999982e-09    +7.917511042242842e-01    +5.860947043025202e-01    +9.162075032263826e-05
+3.199999999999982e-09    +7.917767125991638e-01    +5.860583327212587e-01    +4.270469628730980e-05
+3.204999999999981e-09    +7.917824333673943e-01    +5.860489492534586e-01    -8.690222172920487e-06
+3.209999999999981e-09    +7.917679800724617e-01    +5.860672728480707e-01    -6.010082545602702e-05
+3.214999999999981e-09    +7.917339052721072e-01    +5.861128486920146e-01    -1.089313819748359e-04
+3.219999999999981e-09    +7.916816314189878e-01    +5.861839496149696e-01    -1.525263130584321e-04
+3.224999999999981e-09    +7.916134763356052e-01    +5.862775030146362e-01    -1.882841402916005e-04
+3.229999999999981e-09    +7.915326539882536e-01    +5.863890736756782e-01    -2.138114595583260e-04
+3.234999999999981e-09    +7.914432302876694e-01    +5.865129315637315e-01    -2.271060081631613e-04
+3.239999999999981e-09    +7.913500158952659e-01    +5.866422265473709e-01    -2.267493315548681e-04
+3.244999999999980e-09    +7.912583851633318e-01    +5.867692823484187e-01    -2.120840812088656e-04
+3.249999999999980e-09    +7.911740175447178e-01    +5.868860084337105e-01    -1.833501013199158e-04
+3.254999999999980e-09    +7.911025675451601e-01    +5.869844132347323e-01    -1.417574876744241e-04
+3.259999999999980e-09    +7.910492792070155e-01    +5.870571846484729e-01    -8.948234023340446e-05
+3.264999999999980e-09    +7.910185719851354e-01    +5.870982890931502e-01    -2.957986261832933e-05
+3.269999999999980e-09    +7.910136328729528e-01    +5.871035313835076e-01    +3.418187103815469e-05
+3.274999999999980e-09    +7.910360559802512e-01    +5.870710176965085e-01    +9.755664098919889e-05
+3.279999999999980e-09    +7.910855713116957e-01    +5.870014692971136e-01    +1.561066526024178e-04
+3.284999999999979e-09    +7.911599018272866e-01    +5.868983462231102e-01    +2.055205745726900e-04
+3.289999999999979e-09    +7.912547787922720e-01    +5.867677550279474e-01    +2.419407506371062e-04
+3.294999999999979e-09    +7.913641323497504e-01    +5.866181330638829e-01    +2.622764577262858e-04
+3.299999999999979e-09    +7.914804575736579e-01    +5.864597212607758e-01    +2.644798047566438e-04
+3.304999999999979e-09    +7.915953379225489e-01    +5.863038566254439e-01    +2.477612120891000e-04
+3.309999999999979e-09    +7.917000884860446e-01    +5.861621329127649e-01    +2.127227221139328e-04
+3.314999999999979e-09    +7.917864663794747e-01    +5.860454939908545e-01    +1.613902433519485e-04
+3.319999999999979e-09    +7.918473825005684e-01    +5.859633331638142e-01    +9.713114629283031e-05
+3.324999999999978e-09    +7.918775459775554e-01    +5.859226756341214e-01    +2.445232807382200e-05
+3.329999999999978e-09    +7.918739763584711e-01    +5.859275180105608e-01    -5.131429278087934e-05
+3.334999999999978e-09    +7.918363296354438e-01    +5.859783907137309e-01    -1.244186392891141e-04
+3.339999999999978e-09    +7.917670005920900e-01    +5.860721954072402e-01    -1.891592072872839e-04
+3.344999999999978e-09    +7.916709844647152e-01    +5.862023487590007e-01    -2.403678491697791e-04
+3.349999999999978e-09    +7.915555039561230e-01    +5.863592363437587e-01    -2.738658138631115e-04
+3.354999999999978e-09    +7.914294306578815e-01    +5.865309490390082e-01    -2.868446987146540e-04
+3.359999999999978e-09    +7.913025511309357e-01    +5.867042434877717e-01    -2.781322675862152e-04
+3.364999999999978e-09    +7.911847443986335e-01    +5.868656421228534e-01    -2.483144732728881e-04
+3.369999999999977e-09    +7.910851478656473e-01    +5.870025712538278e-01    -1.996998519050772e-04
+3.374999999999977e-09    +7.910113897188665e-01    +5.871044295903869e-01    -1.361288185542481e-04
+3.379999999999977e-09    +7.909689593135223e-01    +5.871634862785450e-01    -6.264628749267349e-05
+3.384999999999977e-09    +7.909607712484610e-01    +5.871755233944171e-01    +1.493049911770047e-05
+3.389999999999977e-09    +7.909869608755857e-01    +5.871401637301092e-01    +9.050763833920293e-05
+3.394999999999977e-09    +7.910449248246348e-01    +5.870608544357591e-01    +1.582278256093499e-04
+3.399999999999977e-09    +7.911295976472141e-01    +5.869445125223141e-01    +2.129553078298802e-04
+3.404999999999977e-09    +7.912339319731483e-01    +5.868008716417641e-01    +2.506905188302964e-04
+3.409999999999976e-09    +7.913495322964602e-01    +5.866415992208599e-01    +2.688794926939109e-04
+3.414999999999976e-09    +7.914673793646192e-01    +5.864792720513494e-01    +2.665928886841188e-04
+3.419999999999976e-09    +7.915785779807354e-01    +5.863263081845596e-01    +2.445611686835973e-04
+3.424999999999976e-09    +7.916750623521474e-01    +5.861939518822379e-01    +2.050654046769132e-04
+3.429999999999976e-09    +7.917502017761836e-01    +5.860913999087485e-01    +1.516964715028241e-04
+3.434999999999976e-09    +7.917992604450281e-01    +5.860251406768907e-01    +8.900776438256368e-05
+3.439999999999976e-09    +7.918196806695027e-01    +5.859985566440414e-01    +2.209660184237083e-05
+3.444999999999976e-09    +7.918111739330895e-01    +5.860118139449235e-01    -4.384427593483085e-05
+3.449999999999975e-09    +7.917756215657121e-01    +5.860620354778124e-01    -1.039620306942274e-04
+3.454999999999975e-09    +7.917168037456328e-01    +5.861437257374661e-01    -1.541256309603217e-04
+3.459999999999975e-09    +7.916399905844994e-01    +5.862493915693708e-01    -1.912208701221156e-04
+3.464999999999975e-09    +7.915514399306509e-01    +5.863702864602388e-01    -2.133350908128027e-04
+3.469999999999975e-09    +7.914578525539694e-01    +5.864971990156329e-01    -2.198207345808073e-04
+3.474999999999975e-09    +7.913658356500709e-01    +5.866212077655550e-01    -2.112403909441598e-04
+3.479999999999975e-09    +7.912814209438761e-01    +5.867343332639001e-01    -1.892087563351032e-04
+3.484999999999975e-09    +7.912096754461052e-01    +5.868300343749655e-01    -1.561570660468459e-04
+3.489999999999975e-09    +7.911544305967416e-01    +5.869035171150934e-01    -1.150519588347348e-04
+3.494999999999974e-09    +7.911181404837885e-01    +5.869518494369705e-01    -6.910287410667733e-05
+3.499999999999974e-09    +7.911018657523139e-01    +5.869739012131370e-01    -2.149001306617998e-05
+3.504999999999974e-09    +7.911053654079253e-01    +5.869701484186667e-01    +2.486087210761606e-05
+3.509999999999974e-09    +7.911272701677413e-01    +5.869423935003600e-01    +6.743923810771237e-05
+3.514999999999974e-09    +7.911653055521247e-01    +5.868934553393982e-01    +1.042389490292540e-04
+3.519999999999974e-09    +7.912165344516863e-01    +5.868268751165683e-01    +1.337799906255311e-04
+3.524999999999974e-09    +7.912775926203284e-01    +5.867466692566881e-01    +1.550768850947864e-04
+3.529999999999974e-09    +7.913448981780957e-01    +5.866571439449166e-01    +1.675748594470352e-04
+3.534999999999973e-09    +7.914148232431404e-01    +5.865627684754859e-01    +1.710768686144852e-04
+3.539999999999973e-09    +7.914838252395612e-01    +5.864680916036011e-01    +1.656816732580311e-04
+3.544999999999973e-09    +7.915485420993511e-01    +5.863776748359102e-01    +1.517464452448797e-04
+3.549999999999973e-09    +7.916058629403077e-01    +5.862960141309274e-01    +1.298785873149118e-04
+3.554999999999973e-09    +7.916529883116581e-01    +5.862274249555053e-01    +1.009524964544648e-04
+3.559999999999973e-09    +7.916874938860795e-01    +5.861758762546629e-01    +6.613961821360363e-05
+3.564999999999973e-09    +7.917074083420506e-01    +5.861447734973465e-01    +2.693568167870887e-05
+3.569999999999973e-09    +7.917113098152877e-01    +5.861367051338974e-01    -1.483187528951553e-05
+3.574999999999972e-09    +7.916984381028918e-01    +5.861531784430620e-01    -5.703068525431433e-05
+3.579999999999972e-09    +7.916688129346595e-01    +5.861943779919992e-01    -9.729342268448968e-05
+3.584999999999972e-09    +7.916233421553331e-01    +5.862589817233149e-01    -1.331327841117853e-04
+3.589999999999972e-09    +7.915638995640453e-01    +5.863440675691139e-01    -1.620958026510075e-04
+3.594999999999972e-09    +7.914933500737061e-01    +5.864451374797591e-01    -1.819454481372359e-04
+3.599999999999972e-09    +7.914155017952886e-01    +5.865562769134621e-01    -1.908530845861559e-04
+3.604999999999972e-09    +7.913349691795147e-01    +5.866704547889299e-01    -1.875831526090135e-04
+3.609999999999972e-09    +7.912569418208403e-01    +5.867799546632340e-01    -1.716511951351636e-04
+3.614999999999971e-09    +7.911868635845221e-01    +5.868769106441941e-01    -1.434376752108551e-04
+3.619999999999971e-09    +7.911300405355609e-01    +5.869539082405645e-01    -1.042425951308807e-04
+3.624999999999971e-09    +7.910912064468949e-01    +5.870045995235620e-01    -5.626952310972606e-05
+3.629999999999971e-09    +7.910740848606340e-01    +5.870242777527004e-01    -2.532298756627500e-06
+3.634999999999971e-09    +7.910809914416811e-01    +5.870103559493769e-01    +5.331646258503717e-05
+3.639999999999971e-09    +7.911125224237585e-01    +5.869626991606964e-01    +1.072289475744269e-04
+3.644999999999971e-09    +7.911673706420868e-01    +5.868837693914138e-01    +1.550639558332001e-04
+3.649999999999971e-09    +7.912423012840512e-01    +5.867785565908600e-01    +1.929253686803163e-04
+3.654999999999971e-09    +7.913323047237316e-01    +5.866542875009840e-01    +2.175088908950984e-04
+3.659999999999970e-09    +7.914309255024956e-01    +5.865199254792610e-01    +2.264238532202142e-04
+3.664999999999970e-09    +7.915307465504642e-01    +5.863854959981663e-01    +2.184551699466222e-04
+3.669999999999970e-09    +7.916239894612968e-01    +5.862612919595512e-01    +1.937329920771855e-04
+3.674999999999970e-09    +7.917031766856215e-01    +5.861570268365058e-01    +1.537847561283074e-04
+3.679999999999970e-09    +7.917617927060534e-01    +5.860810110485730e-01    +1.014559596114808e-04
+3.684999999999970e-09    +7.917948791955183e-01    +5.860394274827374e-01    +4.070079607469466e-05
+3.689999999999970e-09    +7.917995033464738e-01    +5.860357753360746e-01    -2.374056458014213e-05
+3.694999999999970e-09    +7.917750507202299e-01    +5.860705386759356e-01    -8.674739759785542e-05
+3.699999999999969e-09    +7.917233099812752e-01    +5.861411153264803e-01    -1.432660877422373e-04
+3.704999999999969e-09    +7.916483388984400e-01    +5.862420172378568e-01    -1.887550831172172e-04
+3.709999999999969e-09    +7.915561220656512e-01    +5.863653254069336e-01    -2.195832108205172e-04
+3.714999999999969e-09    +7.914540528267007e-01    +5.865013575931348e-01    -2.333433313699904e-04
+3.719999999999969e-09    +7.913502889173145e-01    +5.866394862104970e-01    -2.290529570269560e-04
+3.724999999999969e-09    +7.912530433342438e-01    +5.867690302649156e-01    -2.072254232480924e-04
+3.729999999999969e-09    +7.911698781542874e-01    +5.868801402080198e-01    -1.698080055460561e-04
+3.734999999999969e-09    +7.911070677157603e-01    +5.869645970015844e-01    -1.199956400524712e-04
+3.739999999999968e-09    +7.910690900384298e-01    +5.870164563158408e-01    -6.193959230692596e-05
+3.744999999999968e-09    +7.910582913311390e-01    +5.870324838780624e-01    -3.788279067292324e-07
+3.749999999999968e-09    +7.910747508729151e-01    +5.870123487106687e-01    +5.977230534875782e-05
+3.754999999999968e-09    +7.911163520864775e-01    +5.869585639564354e-01    +1.138432674159661e-04
+3.759999999999968e-09    +7.911790457498150e-01    +5.868761894541622e-01    +1.577961395636870e-04
+3.764999999999968e-09    +7.912572718946951e-01    +5.867723306529113e-01    +1.885494104277400e-04
+3.769999999999968e-09    +7.913444944283867e-01    +5.866554858527007e-01    +2.042079499718270e-04
+3.774999999999968e-09    +7.914337923859824e-01    +5.865348034820618e-01    +2.041793562805531e-04
+3.779999999999968e-09    +7.915184508763156e-01    +5.864193176380131e-01    +1.891681684749351e-04
+3.784999999999967e-09    +7.915924966243421e-01    +5.863172289259130e-01    +1.610518559309966e-04
+3.789999999999967e-09    +7.916511325119702e-01    +5.862352924687766e-01    +1.226545889353615e-04
+3.794999999999967e-09    +7.916910377840012e-01    +5.861783633151424e-01    +7.744521060288153e-05
+3.799999999999967e-09    +7.917105161714987e-01    +5.861491333020430e-01    +2.919330818895792e-05
+3.804999999999967e-09    +7.917094910370794e-01    +5.861480735244790e-01    -1.837912562537442e-05
+3.809999999999967e-09    +7.916893620267524e-01    +5.861735743244021e-01    -6.191377653590202e-05
+3.814999999999967e-09    +7.916527508998999e-01    +5.862222539542070e-01    -9.866839369905672e-05
+3.819999999999967e-09    +7.916031740871828e-01    +5.862893911012070e-01    -1.266831166898960e-04
+3.824999999999966e-09    +7.915446821278596e-01    +5.863694252614572e-01    -1.448502793044083e-04
+3.829999999999966e-09    +7.914815062757676e-01    +5.864564667399166e-01    -1.528902905191544e-04
+3.834999999999966e-09    +7.914177451871750e-01    +5.865447612536785e-01    -1.512483396696737e-04
+3.839999999999966e-09    +7.913571161158993e-01    +5.866290661389292e-01    -1.409358931808343e-04
+3.844999999999966e-09    +7.913027828692970e-01    +5.867049118600953e-01    -1.233458313105946e-04
+3.849999999999966e-09    +7.912572611270543e-01    +5.867687426548858e-01    -1.000700872902322e-04
+3.854999999999966e-09    +7.912223917579869e-01    +5.868179494803897e-01    -7.274413669112964e-05
+3.859999999999966e-09    +7.911993653878527e-01    +5.868508230580676e-01    -4.293477014791187e-05
+3.864999999999965e-09    +7.911887781533312e-01    +5.868664626605883e-01    -1.207792961224678e-05
+3.869999999999965e-09    +7.911906988801504e-01    +5.868646758529155e-01    +1.853627388199962e-05
+3.874999999999965e-09    +7.912047314941685e-01    +5.868458967012228e-01    +4.774245323341136e-05
+3.879999999999965e-09    +7.912300620878983e-01    +5.868111376427970e-01    +7.445951305089480e-05
+3.884999999999965e-09    +7.912654868937979e-01    +5.867619769025355e-01    +9.764996453099332e-05
+3.889999999999965e-09    +7.913094241013782e-01    +5.867005713714523e-01    +1.162966772347813e-04
+3.894999999999965e-09    +7.913599167393243e-01    +5.866296747525194e-01    +1.294100536037534e-04
+3.899999999999965e-09    +7.914146397123992e-01    +5.865526368378783e-01    +1.360716675696196e-04
+3.904999999999964e-09    +7.914709246923785e-01    +5.864733586854526e-01    +1.355125502667450e-04
+3.909999999999964e-09    +7.915258172000327e-01    +5.863961844282808e-01    +1.272168271025854e-04
+3.914999999999964e-09    +7.915761764626339e-01    +5.863257195082167e-01    +1.110354207699358e-04
+3.919999999999964e-09    +7.916188230087844e-01    +5.862665769013252e-01    +8.729091305406341e-05
+3.924999999999964e-09    +7.916507318749894e-01    +5.862230651528917e-01    +5.685394986168284e-05
+3.929999999999964e-09    +7.916692604936362e-01    +5.861988421148221e-01    +2.117387426539803e-05
+3.934999999999964e-09    +7.916723928403930e-01    +5.861965661093032e-01    -1.774874024429520e-05
+3.939999999999964e-09    +7.916589752411483e-01    +5.862175804813974e-01    -5.745302703602943e-05
+3.944999999999964e-09    +7.916289158977791e-01    +5.862616686668016e-01    -9.516977724704190e-05
+3.949999999999963e-09    +7.915833196526856e-01    +5.863269145041849e-01    -1.280244532240454e-04
+3.954999999999963e-09    +7.915245329202341e-01    +5.864096964893855e-01    -1.532750442883388e-04
+3.959999999999963e-09    +7.914560803604889e-01    +5.865048338198348e-01    -1.685638475574887e-04
+3.964999999999963e-09    +7.913824851519298e-01    +5.866058873569434e-01    -1.721591898053000e-04
+3.969999999999963e-09    +7.913089774191456e-01    +5.867056016737078e-01    -1.631617937677832e-04
+3.974999999999963e-09    +7.912411077848187e-01    +5.867964568095775e-01    -1.416513246469072e-04
+3.979999999999963e-09    +7.911842963069871e-01    +5.868712844263867e-01    -1.087521154039168e-04
+3.984999999999963e-09    +7.911433557543552e-01    +5.869238917444575e-01    -6.660344425013421e-05
+3.989999999999962e-09    +7.911220361682800e-01    +5.869496329385225e-01    -1.822887293620023e-05
+3.994999999999962e-09    +7.911226379669156e-01    +5.869458684431552e-01    +3.268971971167659e-05
+3.999999999999962e-09    +7.911457382723381e-01    +5.869122618806578e-01    +8.211605204459881e-05
+4.004999999999962e-09    +7.911900653847292e-01    +5.868508786715739e-01    +1.260134195561775e-04
+4.009999999999962e-09    +7.912525424826097e-01    +5.867660702202705e-01    +1.607132653936405e-04
+4.014999999999962e-09    +7.913285038825104e-01    +5.866641497405201e-01    +1.832595041965399e-04
+4.019999999999962e-09    +7.914120678738598e-01    +5.865528873487994e-01    +1.916912839838149e-04
+4.024999999999962e-09    +7.914966327945344e-01    +5.864408705721311e-01    +1.852332159301398e-04
+4.029999999999961e-09    +7.915754489571402e-01    +5.863367889839843e-01    +1.643724745538110e-04
+4.034999999999961e-09    +7.916422105288593e-01    +5.862487080035910e-01    +1.308150928512874e-04
+4.039999999999961e-09    +7.916916096621667e-01    +5.861833974487857e-01    +8.732736732365549e-05
+4.044999999999961e-09    +7.917197986196274e-01    +5.861457745396471e-01    +3.748062009132380e-05
+4.049999999999961e-09    +7.917247159143425e-01    +5.861385105400084e-01    -1.467290046848767e-05
+4.054999999999961e-09    +7.917062464058199e-01    +5.861618344285551e-01    -6.495942981455531e-05
+4.059999999999961e-09    +7.916662028660424e-01    +5.862135484520932e-01    -1.094431949587195e-04
+4.064999999999961e-09    +7.916081336255850e-01    +5.862892496301706e-01    -1.447529686583086e-04
+4.069999999999961e-09    +7.915369794243636e-01    +5.863827332520302e-01    -1.683478386612207e-04
+4.074999999999960e-09    +7.914586152492779e-01    +5.864865375997567e-01    -1.787016723454182e-04
+4.079999999999960e-09    +7.913793233398364e-01    +5.865925784736230e-01    -1.753942295346628e-04
+4.084999999999960e-09    +7.913052485881739e-01    +5.866928164703689e-01    -1.591056495737492e-04
+4.089999999999960e-09    +7.912418871159411e-01    +5.867798991357956e-01    -1.315193105537361e-04
+4.094999999999960e-09    +7.911936542079920e-01    +5.868477244341554e-01    -9.514519845813492e-05
+4.099999999999960e-09    +7.911635685174555e-01    +5.868918805367939e-01    -5.308158052769883e-05
+4.104999999999960e-09    +7.911530759553134e-01    +5.869099289369584e-01    -8.736961678321780e-06
+4.109999999999960e-09    +7.911620224720225e-01    +5.869015136027386e-01    +3.446294621649023e-05
+4.114999999999959e-09    +7.911887683499651e-01    +5.868682940989249e-01    +7.335735495843772e-05
+4.119999999999959e-09    +7.912304239139641e-01    +5.868137166953955e-01    +1.052965699414278e-04
+4.124999999999959e-09    +7.912831748054985e-01    +5.867426501452621e-01    +1.283303731840903e-04
+4.129999999999959e-09    +7.913426594506600e-01    +5.866609242578690e-01    +1.413226164645547e-04
+4.134999999999959e-09    +7.914043580542288e-01    +5.865748159689016e-01    +1.439840928522163e-04
+4.139999999999959e-09    +7.914639559339141e-01    +5.864905319224568e-01    +1.368251112823046e-04
+4.144999999999959e-09    +7.915176488788377e-01    +5.864137345443929e-01    +1.210384203910591e-04
+4.149999999999959e-09    +7.915623687672617e-01    +5.863491532404063e-01    +9.833075791877296e-05
+4.154999999999958e-09    +7.915959180901490e-01    +5.863003106607245e-01    +7.072622584500306e-05
+4.159999999999958e-09    +7.916170142315536e-01    +5.862693796224172e-01    +4.036627173217387e-05
+4.164999999999958e-09    +7.916252541957993e-01    +5.862571698946404e-01    +9.329128965461938e-06
+4.169999999999958e-09    +7.916210180365275e-01    +5.862632293129963e-01    -2.051352650503524e-05
+4.174999999999958e-09    +7.916053332209967e-01    +5.862860323087521e-01    -4.759230905284370e-05
+4.179999999999958e-09    +7.915797219341395e-01    +5.863232217684059e-01    -7.068614954471786e-05
+4.184999999999958e-09    +7.915460516470568e-01    +5.863718693004034e-01    -8.892423878166441e-05
+4.189999999999958e-09    +7.915064033486300e-01    +5.864287219705435e-01    -1.017553585754849e-04
+4.194999999999957e-09    +7.914629657248499e-01    +5.864904118667182e-01    -1.088991984767926e-04
+4.199999999999957e-09    +7.914179568908737e-01    +5.865536160034882e-01    -1.102944201518411e-04
+4.204999999999957e-09    +7.913735690191939e-01    +5.866151658039216e-01    -1.060557694860101e-04
+4.209999999999957e-09    +7.913319266914239e-01    +5.866721155120530e-01    -9.644819697632283e-05
+4.214999999999957e-09    +7.912950485108632e-01    +5.867217859473881e-01    -8.188066018313397e-05
+4.219999999999957e-09    +7.912648015906277e-01    +5.867618015390454e-01    -6.291700945524761e-05
+4.224999999999957e-09    +7.912428423956477e-01    +5.867901366264621e-01    -4.029696065489124e-05
+4.229999999999957e-09    +7.912305406030459e-01    +5.868051802495794e-01    -1.495731988540434e-05
+4.234999999999957e-09    +7.912288890732457e-01    +5.868058220772645e-01    +1.195727286613715e-05
+4.239999999999956e-09    +7.912384065653962e-01    +5.867915535771844e-01    +3.910374899744692e-05
+4.244999999999956e-09    +7.912590446873743e-01    +5.867625724332632e-01    +6.497712187755212e-05
+4.249999999999956e-09    +7.912901130263116e-01    +5.867198731683239e-01    +8.797722066923755e-05
+4.254999999999956e-09    +7.913302372835057e-01    +5.866653044955207e-01    +1.065043693122650e-04
+4.259999999999956e-09    +7.913773639698810e-01    +5.866015744358456e-01    +1.190783085172394e-04
+4.264999999999956e-09    +7.914288214681837e-01    +5.865321875501993e-01    +1.244706550858560e-04
+4.269999999999956e-09    +7.914814421266422e-01    +5.864613048358118e-01    +1.218380033204842e-04
+4.274999999999956e-09    +7.915317433008028e-01    +5.863935246182924e-01    +1.108407577341196e-04
+4.279999999999955e-09    +7.915761584341545e-01    +5.863335918543904e-01    +9.173228095756830e-05
+4.284999999999955e-09    +7.916113030620741e-01    +5.862860527867227e-01    +6.540423430928266e-05
+4.289999999999955e-09    +7.916342543367576e-01    +5.862548801095314e-01    +3.337721818953089e-05
+4.294999999999955e-09    +7.916428198272899e-01    +5.862431018809984e-01    -2.269183123254119e-06
+4.299999999999955e-09    +7.916357681523229e-01    +5.862524713325308e-01    -3.902656965021588e-05
+4.304999999999955e-09    +7.916129965674196e-01    +5.862832170965488e-01    -7.414087852435405e-05
+4.309999999999955e-09    +7.915756129944160e-01    +5.863339087351638e-01    -1.048346904921677e-04
+4.314999999999955e-09    +7.915259177249528e-01    +5.864014641973824e-01    -1.285492712999541e-04
+4.319999999999954e-09    +7.914672783105365e-01    +5.864813115765951e-01    -1.431830683610352e-04
+4.324999999999954e-09    +7.914039022161702e-01    +5.865677011680493e-01    -1.473018554625298e-04
+4.329999999999954e-09    +7.913405215251375e-01    +5.866541455598409e-01    -1.402969579223460e-04
+4.334999999999954e-09    +7.912820151698513e-01    +5.867339505021910e-01    -1.224721388559166e-04
+4.339999999999954e-09    +7.912330013052348e-01    +5.868007867484190e-01    -9.504655990735625e-05
+4.344999999999954e-09    +7.911974372750363e-01    +5.868492465781416e-01    -6.007007028532601e-05
+4.349999999999954e-09    +7.911782667734114e-01    +5.868753296083528e-01    -2.025683163813994e-05
+4.354999999999954e-09    +7.911771488515282e-01    +5.868768080878822e-01    +2.124733540944644e-05
+4.359999999999954e-09    +7.911942972783218e-01    +5.868534352637936e-01    +6.114078171165477e-05
+4.364999999999953e-09    +7.912284468132713e-01    +5.868069761565919e-01    +9.625696043092703e-05
+4.369999999999953e-09    +7.912769512748093e-01    +5.867410592465350e-01    +1.238408530786186e-04
+4.374999999999953e-09    +7.913360041761721e-01    +5.866608647733814e-01    +1.417834078059290e-04
+4.379999999999953e-09    +7.914009618055776e-01    +5.865726813962202e-01    +1.487919291762487e-04
+4.384999999999953e-09    +7.914667376853198e-01    +5.864833733365762e-01    +1.444821772352797e-04
+4.389999999999953e-09    +7.915282321522598e-01    +5.863998076531612e-01    +1.293869304001875e-04
+4.394999999999953e-09    +7.915807570845879e-01    +5.863282925119813e-01    +1.048845759861125e-04
+4.399999999999953e-09    +7.916204177431706e-01    +5.862740751464440e-01    +7.305877662747545e-05
+4.404999999999952e-09    +7.916444183086594e-01    +5.862409411143324e-01    +3.650568140245573e-05
+4.409999999999952e-09    +7.916512658296726e-01    +5.862309462215806e-01    -1.891744426809963e-06
+4.414999999999952e-09    +7.916408576517185e-01    +5.862442999184695e-01    -3.920175909789313e-05
+4.419999999999952e-09    +7.916144475999312e-01    +5.862794044364992e-01    -7.267460766703579e-05
+4.424999999999952e-09    +7.915744985408248e-01    +5.863330410684731e-01    -9.994854140829484e-05
+4.429999999999952e-09    +7.915244377411901e-01    +5.864006817594494e-01    -1.192166583026445e-04
+4.434999999999952e-09    +7.914683407693327e-01    +5.864768950525640e-01    -1.293436792914316e-04
+4.439999999999952e-09    +7.914105748354967e-01    +5.865558083307955e-01    -1.299256857262595e-04
+4.444999999999951e-09    +7.913554352322179e-01    +5.866315851506489e-01    -1.212900693490522e-04
+4.449999999999951e-09    +7.913068077007848e-01    +5.866988767622147e-01    -1.044374378735392e-04
+4.454999999999951e-09    +7.912678855195946e-01    +5.867532108788153e-01    -8.093182012915745e-05
+4.459999999999951e-09    +7.912409632271616e-01    +5.867912879842447e-01    -5.274993178878674e-05
+4.464999999999951e-09    +7.912273202037897e-01    +5.868111653197305e-01    -2.210402064166104e-05
+4.469999999999951e-09    +7.912271975494698e-01    +5.868123198547600e-01    +8.744668588796053e-06
+4.474999999999951e-09    +7.912398623998526e-01    +5.867955931694742e-01    +3.766403850519649e-05
+4.479999999999951e-09    +7.912637453789872e-01    +5.867630316673225e-01    +6.280450649723863e-05
+4.484999999999950e-09    +7.912966311521096e-01    +5.867176445062308e-01    +8.271468942960760e-05
+4.489999999999950e-09    +7.913358784353328e-01    +5.866631074258555e-01    +9.641165772143813e-05
+4.494999999999950e-09    +7.913786459959719e-01    +5.866034436998846e-01    +1.034040324351016e-04
+4.499999999999950e-09    +7.914221037194609e-01    +5.865427127543217e-01    +1.036720527189728e-04
+4.504999999999950e-09    +7.914636120779984e-01    +5.864847326630844e-01    +9.761337239566494e-05
+4.509999999999950e-09    +7.915008602590135e-01    +5.864328565323846e-01    +8.596606448611119e-05
+4.514999999999950e-09    +7.915319587586986e-01    +5.863898136318560e-01    +6.972086548819637e-05
+4.519999999999950e-09    +7.915554890565654e-01    +5.863576179038078e-01    +5.003332602101023e-05
+4.524999999999950e-09    +7.915705166749327e-01    +5.863375380956982e-01    +2.814379934538838e-05
+4.529999999999949e-09    +7.915765777634953e-01    +5.863301187760754e-01    +5.309838959703740e-06
+4.534999999999949e-09    +7.915736486360249e-01    +5.863352372760604e-01    -1.724768157146316e-05
+4.539999999999949e-09    +7.915621082435368e-01    +5.863521821138914e-01    -3.838596861917872e-05
+4.544999999999949e-09    +7.915426994052424e-01    +5.863797390643365e-01    -5.707200842992956e-05
+4.549999999999949e-09    +7.915164922319760e-01    +5.864162752466080e-01    -7.240783428249935e-05
+4.554999999999949e-09    +7.914848491298707e-01    +5.864598158156393e-01    -8.365226654977366e-05
+4.559999999999949e-09    +7.914493882487544e-01    +5.865081129185624e-01    -9.024115385224353e-05
+4.564999999999949e-09    +7.914119402017045e-01    +5.865587105796779e-01    -9.180708234927193e-05
+4.569999999999948e-09    +7.913744924359061e-01    +5.866090118882594e-01    -8.819849040040596e-05
+4.574999999999948e-09    +7.913391173562514e-01    +5.866563561379151e-01    -7.949718609204531e-05
+4.579999999999948e-09    +7.913078816966514e-01    +5.866981117667185e-01    -6.603239623132638e-05
+4.584999999999948e-09    +7.912827388745718e-01    +5.867317889407206e-01    -4.838866252523033e-05
+4.589999999999948e-09    +7.912654084880116e-01    +5.867551711236744e-01    -2.740423907912190e-05
+4.594999999999948e-09    +7.912572510902720e-01    +5.867664611730418e-01    -4.156292991839038e-06
+4.599999999999948e-09    +7.912591480757829e-01    +5.867644324795747e-01    +2.007064514035509e-05
+4.604999999999948e-09    +7.912713987965774e-01    +5.867485721130959e-01    +4.383574674012904e-05
+4.609999999999947e-09    +7.912936465376430e-01    +5.867191992709042e-01    +6.561369222572539e-05
+4.614999999999947e-09    +7.913248448362989e-01    +5.866775414208334e-01    +8.388616793543469e-05
+4.619999999999947e-09    +7.913632728087170e-01    +5.866257508299501e-01    +9.724913584389801e-05
+4.624999999999947e-09    +7.914066048028713e-01    +5.865668474871526e-01    +1.045288386105169e-04
+4.629999999999947e-09    +7.914520355162914e-01    +5.865045804717288e-01    +1.048965862331138e-04
+4.634999999999947e-09    +7.914964555025550e-01    +5.864432072198382e-01    +9.797020124360607e-05
+4.639999999999947e-09    +7.915366676424578e-01    +5.863872004971028e-01    +8.388913158812458e-05
+4.644999999999947e-09    +7.915696287918952e-01    +5.863409020373924e-01    +6.335111639800317e-05
+4.649999999999947e-09    +7.915926975579066e-01    +5.863081516135182e-01    +3.760110078939347e-05
+4.654999999999946e-09    +7.916038661668705e-01    +5.862919269609596e-01    +8.367666027529528e-06
+4.659999999999946e-09    +7.916019543279067e-01    +5.862940335149902e-01    -2.225192820265028e-05
+4.664999999999946e-09    +7.915867441298348e-01    +5.863148807974318e-01    -5.195068533002730e-05
+4.669999999999946e-09    +7.915590404251754e-01    +5.863533762290442e-01    -7.840149766953481e-05
+4.674999999999946e-09    +7.915206464040312e-01    +5.864069548847399e-01    -9.945958609593609e-05
+4.679999999999946e-09    +7.914742522973177e-01    +5.864717493383376e-01    -1.133573619918136e-04
+4.684999999999946e-09    +7.914232433380354e-01    +5.865428877735637e-01    -1.188712684529127e-04
+4.689999999999946e-09    +7.913714411910173e-01    +5.866148938038747e-01    -1.154426354610487e-04
+4.694999999999945e-09    +7.913227996581339e-01    +5.866821496286897e-01    -1.032392969232533e-04
+4.699999999999945e-09    +7.912810812091975e-01    +5.867393776554211e-01    -8.315103103183265e-05
+4.704999999999945e-09    +7.912495427814651e-01    +5.867820935341058e-01    -5.671894277203848e-05
+4.709999999999945e-09    +7.912306596716369e-01    +5.868069874925967e-01    -2.600576929610414e-05
+4.714999999999945e-09    +7.912259131142593e-01    +5.868121988705101e-01    +6.580063795677174e-06
+4.719999999999945e-09    +7.912356616620349e-01    +5.867974603931381e-01    +3.848955260728390e-05
+4.724999999999945e-09    +7.912591085773359e-01    +5.867641019261197e-01    +6.724798699654107e-05
+4.729999999999945e-09    +7.912943687624335e-01    +5.867149171251066e-01    +9.065989264137335e-05
+4.734999999999944e-09    +7.913386292089803e-01    +5.866539084562612e-01    +1.069860091060779e-04
+4.739999999999944e-09    +7.913883883879705e-01    +5.865859361983090e-01    +1.150775686365956e-04
+4.744999999999944e-09    +7.914397528270370e-01    +5.865163043990125e-01    +1.144576266624144e-04
+4.749999999999944e-09    +7.914887635638782e-01    +5.864503207494207e-01    +1.053443111865749e-04
+4.754999999999944e-09    +7.915317234491969e-01    +5.863928690090217e-01    +8.861604116305156e-05
+4.759999999999944e-09    +7.915654952571431e-01    +5.863480296093565e-01    +6.572354517993452e-05
+4.764999999999944e-09    +7.915877452757835e-01    +5.863187800113195e-01    +3.855757667040690e-05
+4.769999999999944e-09    +7.915971114280121e-01    +5.863067976837324e-01    +9.284442991647499e-06
+4.774999999999943e-09    +7.915932827928227e-01    +5.863123789068138e-01    -1.983625648516720e-05
+4.779999999999943e-09    +7.915769864313710e-01    +5.863344759275869e-01    -4.663602115374026e-05
+4.784999999999943e-09    +7.915498856974981e-01    +5.863708436526176e-01    -6.920821636019609e-05
+4.789999999999943e-09    +7.915144027282458e-01    +5.864182774542779e-01    -8.605068990967433e-05
+4.794999999999943e-09    +7.914734848920069e-01    +5.864729161543037e-01    -9.616830541642418e-05
+4.799999999999943e-09    +7.914303391432445e-01    +5.865305791190034e-01    -9.912734072602723e-05
+4.804999999999943e-09    +7.913881608573197e-01    +5.865871054630940e-01    -9.505856097756231e-05
+4.809999999999943e-09    +7.913498824664070e-01    +5.866386652790893e-01    -8.461112595265548e-05
+4.814999999999943e-09    +7.913179635739053e-01    +5.866820180742578e-01    -6.886464764377331e-05
+4.819999999999942e-09    +7.912942387958239e-01    +5.867147013919128e-01    -4.921092994764288e-05
+4.824999999999942e-09    +7.912798317956455e-01    +5.867351407953486e-01    -2.721954270635837e-05
+4.829999999999942e-09    +7.912751369787739e-01    +5.867426813356367e-01    -4.502011005702778e-06
+4.834999999999942e-09    +7.912798625500342e-01    +5.867375475501929e-01    +1.741198724063334e-05
+4.839999999999942e-09    +7.912931236666702e-01    +5.867207451378551e-01    +3.717607530988987e-05
+4.844999999999942e-09    +7.913135695368644e-01    +5.866939201073401e-01    +5.369999574947410e-05
+4.849999999999942e-09    +7.913395279075961e-01    +5.866591932140274e-01    +6.619179266810744e-05
+4.854999999999942e-09    +7.913691504221179e-01    +5.866189863054583e-01    +7.417114512311721e-05
+4.859999999999941e-09    +7.914005454990204e-01    +5.865758552189465e-01    +7.745845039024652e-05
+4.864999999999941e-09    +7.914318889735147e-01    +5.865323400841613e-01    +7.614585506981096e-05
+4.869999999999941e-09    +7.914615079186178e-01    +5.864908401511865e-01    +7.055687347542123e-05
+4.874999999999941e-09    +7.914879371900079e-01    +5.864535158580512e-01    +6.120073311835939e-05
+4.879999999999941e-09    +7.915099523069428e-01    +5.864222174044150e-01    +4.872645772897520e-05
+4.884999999999941e-09    +7.915265846432995e-01    +5.863984361815762e-01    +3.388026109029548e-05
+4.889999999999941e-09    +7.915371261451762e-01    +5.863832738486184e-01    +1.746833362605129e-05
+4.894999999999941e-09    +7.915411305747532e-01    +5.863774235435676e-01    +3.257337018440464e-07
+4.899999999999940e-09    +7.915384160975679e-01    +5.863811581342456e-01    -1.670905412696584e-05
+4.904999999999940e-09    +7.915290722222406e-01    +5.863943227131588e-01    -3.281521424464587e-05
+4.909999999999940e-09    +7.915134702745407e-01    +5.864163303823361e-01    -4.720828135426118e-05
+4.914999999999940e-09    +7.914922742687558e-01    +5.864461633935958e-01    -5.915868399490936e-05
+4.919999999999940e-09    +7.914664466964425e-01    +5.864823840009008e-01    -6.801246636395201e-05
+4.924999999999940e-09    +7.914372425729390e-01    +5.865231610166388e-01    -7.321615566337798e-05
+4.929999999999940e-09    +7.914061847888483e-01    +5.865663183246302e-01    -7.434690471218774e-05
+4.934999999999940e-09    +7.913750156841776e-01    +5.866094111636202e-01    -7.114764695982764e-05
+4.939999999999940e-09    +7.913456212832133e-01    +5.866498332139102e-01    -6.356513368538182e-05
+4.944999999999939e-09    +7.913199286405509e-01    +5.866849546924652e-01    -5.178662864091069e-05
+4.949999999999939e-09    +7.912997800439473e-01    +5.867122870969029e-01    -3.626913515961602e-05
+4.954999999999939e-09    +7.912867923990949e-01    +5.867296660255938e-01    -1.775383986529096e-05
+4.959999999999939e-09    +7.912822128940531e-01    +5.867354384094337e-01    +2.741541921847483e-06
+4.964999999999939e-09    +7.912867855604753e-01    +5.867286373133288e-01    +2.395835439934580e-05
+4.969999999999939e-09    +7.913006436838602e-01    +5.867091245540704e-01    +4.446338338379227e-05
+4.974999999999939e-09    +7.913232428895475e-01    +5.866776815351007e-01    +6.274474323184909e-05
+4.979999999999939e-09    +7.913533468373329e-01    +5.866360309173280e-01    +7.733127864302359e-05
+4.984999999999938e-09    +7.913890732928462e-01    +5.865867771266313e-01    +8.692504498363017e-05
+4.989999999999938e-09    +7.914280022168942e-01    +5.865332611814922e-01    +9.053307425000994e-05
+4.994999999999938e-09    +7.914673409784935e-01    +5.864793347484503e-01    +8.758302563625421e-05
+4.999999999999938e-09    +7.915041353231422e-01    +5.864290683377379e-01    +7.800783528554800e-05
+5.004999999999938e-09    +7.915355082969038e-01    +5.863864171936908e-01    +6.228710645495201e-05
+5.009999999999938e-09    +7.915589062217528e-01    +5.863548761155418e-01    +4.143740033191346e-05
+5.014999999999938e-09    +7.915723278716111e-01    +5.863371574017198e-01    +1.694919898061351e-05
+5.019999999999938e-09    +7.915745145655111e-01    +5.863349263941540e-01    -9.325614791256183e-06
+5.024999999999937e-09    +7.915650811878486e-01    +5.863486239086372e-01    -3.532615673456509e-05
+5.029999999999937e-09    +7.915445735831175e-01    +5.863773965354705e-01    -5.896049493053237e-05
+5.034999999999937e-09    +7.915144448362518e-01    +5.864191447483658e-01    -7.829171799471930e-05
+5.039999999999937e-09    +7.914769503087148e-01    +5.864706860035858e-01    -9.171353313311663e-05
+5.044999999999937e-09    +7.914349691267308e-01    +5.865280178596209e-01    -9.809774881479184e-05
+5.049999999999937e-09    +7.913917679723601e-01    +5.865866565379081e-01    -9.689885559578828e-05
+5.054999999999937e-09    +7.913507273529257e-01    +5.866420180749581e-01    -8.820534424319753e-05
+5.059999999999937e-09    +7.913150561257849e-01    +5.866898067877023e-01    -7.273283886641904e-05
+5.064999999999936e-09    +7.912875198336250e-01    +5.867263747294481e-01    -5.175995602480987e-05
+5.069999999999936e-09    +7.912702083329969e-01    +5.867490201181071e-01    -2.701339642723125e-05
+5.074999999999936e-09    +7.912643637769314e-01    +5.867561986809002e-01    -5.135852857697124e-07
+5.079999999999936e-09    +7.912702849601705e-01    +5.867476310367891e-01    +2.560422242084160e-05
+5.084999999999936e-09    +7.912873155227131e-01    +5.867242983769633e-01    +4.927634101794822e-05
+5.089999999999936e-09    +7.913139166550099e-01    +5.866883299030010e-01    +6.868705219751788e-05
+5.094999999999936e-09    +7.913478156961530e-01    +5.866427944445626e-01    +8.241868729565445e-05
+5.099999999999936e-09    +7.913862155262010e-01    +5.865914176133123e-01    +8.956184731560843e-05
+5.104999999999936e-09    +7.914260442191374e-01    +5.865382523270560e-01    +8.977632610676578e-05
+5.109999999999935e-09    +7.914642204459187e-01    +5.864873338876385e-01    +8.329837006124413e-05
+5.114999999999935e-09    +7.914979102748535e-01    +5.864423521963404e-01    +7.089540674063036e-05
+5.119999999999935e-09    +7.915247514693079e-01    +5.864063702421568e-01    +5.377467987633456e-05
+5.124999999999935e-09    +7.915430263228481e-01    +5.863816128939536e-01    +3.345673875776403e-05
+5.129999999999935e-09    +7.915517687697240e-01    +5.863693409300708e-01    +1.162792893502122e-05
+5.134999999999935e-09    +7.915507998534482e-01    +5.863698163843719e-01    -1.001243799083015e-05
+5.139999999999935e-09    +7.915406916485480e-01    +5.863823544356610e-01    -2.989484409232016e-05
+5.144999999999935e-09    +7.915226685267580e-01    +5.864054496538643e-01    -4.669890265995874e-05
+5.149999999999934e-09    +7.914984590882236e-01    +5.864369570616788e-01    -5.943940565251475e-05
+5.154999999999934e-09    +7.914701173973908e-01    +5.864743058535744e-01    -6.751365509710482e-05
+5.159999999999934e-09    +7.914398330610007e-01    +5.865147224998263e-01    -7.070942853855108e-05
+5.164999999999934e-09    +7.914097500514156e-01    +5.865554428390231e-01    -6.917740523556412e-05
+5.169999999999934e-09    +7.913818101176653e-01    +5.865938961903351e-01    -6.337548904980430e-05
+5.174999999999934e-09    +7.913576337555925e-01    +5.866278511805267e-01    -5.399477828342340e-05
+5.179999999999934e-09    +7.913384445811490e-01    +5.866555177215437e-01    -4.187773829165634e-05
+5.184999999999934e-09    +7.913250379438177e-01    +5.866756053663941e-01    -2.793844502734282e-05
+5.189999999999933e-09    +7.913177893082843e-01    +5.866873422952620e-01    -1.309281526647081e-05
+5.194999999999933e-09    +7.913166934832079e-01    +5.866904614815978e-01    +1.796042460409099e-06
+5.199999999999933e-09    +7.913214245128081e-01    +5.866851625488155e-01    +1.595532032298791e-05
+5.204999999999933e-09    +7.913314041092655e-01    +5.866720569163656e-01    +2.872365592485067e-05
+5.209999999999933e-09    +7.913458693305060e-01    +5.866521041851102e-01    +3.955891646650401e-05
+5.214999999999933e-09    +7.913639310527825e-01    +5.866265451289034e-01    +4.803684991034317e-05
+5.219999999999933e-09    +7.913846194073343e-01    +5.865968356863208e-01    +5.384512583338529e-05
+5.224999999999933e-09    +7.914069149116658e-01    +5.865645836092225e-01    +5.677677574085866e-05
+5.229999999999933e-09    +7.914297680714529e-01    +5.865314880545586e-01    +5.672599118748975e-05
+5.234999999999932e-09    +7.914521122879898e-01    +5.864992806395692e-01    +5.368790467916764e-05
+5.239999999999932e-09    +7.914728766865039e-01    +5.864696659550657e-01    +4.776260683536988e-05
+5.244999999999932e-09    +7.914910052504297e-01    +5.864442592992151e-01    +3.916239019782646e-05
+5.249999999999932e-09    +7.915054872863007e-01    +5.864245200273688e-01    +2.822014479632353e-05
+5.254999999999932e-09    +7.915154024025864e-01    +5.864116806254276e-01    +1.539602600804060e-05
+5.259999999999932e-09    +7.915199792080125e-01    +5.864066728457694e-01    +1.279023679039600e-06
+5.264999999999932e-09    +7.915186642790479e-01    +5.864100548854680e-01    -1.342004494053757e-05
+5.269999999999932e-09    +7.915111940892771e-01    +5.864219452523157e-01    -2.788724523973263e-05
+5.274999999999931e-09    +7.914976605800611e-01    +5.864419710303556e-01    -4.123819189649840e-05
+5.279999999999931e-09    +7.914785597312376e-01    +5.864692391654370e-01    -5.256549489256779e-05
+5.284999999999931e-09    +7.914548124021987e-01    +5.865023389490119e-01    -6.099985933760703e-05
+5.289999999999931e-09    +7.914277493756390e-01    +5.865393828653470e-01    -6.578139300174271e-05
+5.294999999999931e-09    +7.913990553081878e-01    +5.865780896869179e-01    -6.633527424199282e-05
+5.299999999999931e-09    +7.913706713036498e-01    +5.866159100883573e-01    -6.234385924259587e-05
+5.304999999999931e-09    +7.913446606929591e-01    +5.866501901845337e-01    -5.380601960146728e-05
+5.309999999999931e-09    +7.913230478053447e-01    +5.866783635510826e-01    -4.107441933117357e-05
+5.314999999999930e-09    +7.913076435940904e-01    +5.866981574704001e-01    -2.486280936347822e-05
+5.319999999999930e-09    +7.912998752029377e-01    +5.867077956308284e-01    -6.218220411462486e-06
+5.324999999999930e-09    +7.913006373972714e-01    +5.867061772085936e-01    +1.354312710710367e-05
+5.329999999999930e-09    +7.913101826577312e-01    +5.866930122272686e-01    +3.293284497473276e-05
+5.334999999999930e-09    +7.913280644287730e-01    +5.866688961534464e-01    +5.041252051024625e-05
+5.339999999999930e-09    +7.913531418373796e-01    +5.866353107163124e-01    +6.452947737297782e-05
+5.344999999999930e-09    +7.913836489857942e-01    +5.865945454307340e-01    +7.405229655920338e-05
+5.349999999999930e-09    +7.914173248241201e-01    +5.865495420338670e-01    +7.809161709436239e-05
+5.354999999999929e-09    +7.914515929473215e-01    +5.865036721846478e-01    +7.619292701563513e-05
+5.359999999999929e-09    +7.914837755441990e-01    +5.864604665962135e-01    +6.839087705108361e-05
+5.364999999999929e-09    +7.915113216736481e-01    +5.864233196020275e-01    +5.521868440652437e-05
+5.369999999999929e-09    +7.915320281315015e-01    +5.863951966348129e-01    +3.767089068571156e-05
+5.374999999999929e-09    +7.915442319953819e-01    +5.863783729654458e-01    +1.712252821448398e-05
+5.379999999999929e-09    +7.915469563181239e-01    +5.863742293563832e-01    -4.787872667157354e-06
+5.384999999999929e-09    +7.915399952145932e-01    +5.863831250660357e-01    -2.630044338904322e-05
+5.389999999999929e-09    +7.915239306361750e-01    +5.864043611298084e-01    -4.568786346773466e-05
+5.394999999999929e-09    +7.915000795140779e-01    +5.864362377534525e-01    -6.140639562521011e-05
+5.399999999999928e-09    +7.914703768364331e-01    +5.864762006071687e-01    -7.222977093038916e-05
+5.404999999999928e-09    +7.914372059510854e-01    +5.865210620768162e-01    -7.735330584153985e-05
+5.409999999999928e-09    +7.914031925022733e-01    +5.865672766965481e-01    -7.645856830296811e-05
+5.414999999999928e-09    +7.913709808235782e-01    +5.866112445353869e-01    -6.973282573945067e-05
+5.419999999999928e-09    +7.913430137252061e-01    +5.866496145414970e-01    -5.784201451044645e-05
+5.424999999999928e-09    +7.913213349959070e-01    +5.866795596605863e-01    -4.186061016615514e-05
+5.429999999999928e-09    +7.913074320217659e-01    +5.866989991955905e-01    -2.316606640392263e-05
+5.434999999999928e-09    +7.913021313712162e-01    +5.867067492116779e-01    -3.308951832707800e-06
+5.439999999999927e-09    +7.913055548599586e-01    +5.867025892005449e-01    +1.612783697825361e-05
+5.444999999999927e-09    +7.913171381559141e-01    +5.866872420106174e-01    +3.366664211732958e-05
+5.449999999999927e-09    +7.913357071901219e-01    +5.866622720707794e-01    +4.805605212210259e-05
+5.454999999999927e-09    +7.913596033200592e-01    +5.866299155181489e-01    +5.836429479950833e-05
+5.459999999999927e-09    +7.913868429727977e-01    +5.865928614247936e-01    +6.403742187598320e-05
+5.464999999999927e-09    +7.914152956354324e-01    +5.865540078647606e-01    +6.491889166735267e-05
+5.469999999999927e-09    +7.914428624345491e-01    +5.865162172643421e-01    +6.123153271383767e-05
+5.474999999999927e-09    +7.914676392893527e-01    +5.864820943473058e-01    +5.352688636314751e-05
+5.479999999999926e-09    +7.914880505893909e-01    +5.864538052561462e-01    +4.261007283669027e-05
+5.484999999999926e-09    +7.915029438344721e-01    +5.864329506465477e-01    +2.945026229964026e-05
+5.489999999999926e-09    +7.915116401513946e-01    +5.864204983108050e-01    +1.508737929280009e-05
+5.494999999999926e-09    +7.915139408124734e-01    +5.864167741533318e-01    +5.448632817139398e-07
+5.499999999999926e-09    +7.915100939227281e-01    +5.864215041503240e-01    -1.324364529955626e-05
+5.504999999999926e-09    +7.915007297254182e-01    +5.864338962239355e-01    -2.548854675164567e-05
+5.509999999999926e-09    +7.914867743713778e-01    +5.864527481687295e-01    -3.557735564724945e-05
+5.514999999999926e-09    +7.914693537890745e-01    +5.864765682327034e-01    -4.308741343064679e-05
+5.519999999999926e-09    +7.914496976568126e-01    +5.865036957429753e-01    -4.778140647417298e-05
+5.524999999999925e-09    +7.914290527339882e-01    +5.865324126054455e-01    -4.959039272038958e-05
+5.529999999999925e-09    +7.914086110071545e-01    +5.865610390397249e-01    -4.858964252751467e-05
+5.534999999999925e-09    +7.913894562728384e-01    +5.865880110830084e-01    -4.497230491709072e-05
+5.539999999999925e-09    +7.913725283937896e-01    +5.866119392637349e-01    -3.902488951240995e-05
+5.544999999999925e-09    +7.913586036059618e-01    +5.866316509991159e-01    -3.110705418058465e-05
+5.549999999999925e-09    +7.913482860243575e-01    +5.866462193244877e-01    -2.163651393911563e-05
+5.554999999999925e-09    +7.913420061556879e-01    +5.866549818058673e-01    -1.107833744564124e-05
+5.559999999999925e-09    +7.913400215236289e-01    +5.866575524495053e-01    +6.327020253904497e-08
+5.564999999999924e-09    +7.913424163185268e-01    +5.866538290470198e-01    +1.125322068283447e-05
+5.569999999999924e-09    +7.913490981554702e-01    +5.866439968392245e-01    +2.193637298442174e-05
+5.574999999999924e-09    +7.913597923803767e-01    +5.866285282890920e-01    +3.155296930100522e-05
+5.579999999999924e-09    +7.913740359330063e-01    +5.866081772010788e-01    +3.955979985840383e-05
+5.584999999999924e-09    +7.913911744912587e-01    +5.865839645042843e-01    +4.545710975759895e-05
+5.589999999999924e-09    +7.914103674074311e-01    +5.865571523983444e-01    +4.882011515290642e-05
+5.594999999999924e-09    +7.914306050469297e-01    +5.865292036971073e-01    +4.933295148720286e-05
+5.599999999999924e-09    +7.914507419982186e-01    +5.865017238387250e-01    +4.682203388234830e-05
+5.604999999999923e-09    +7.914695484460589e-01    +5.864763849249310e-01    +4.128523602048905e-05
+5.609999999999923e-09    +7.914857791195985e-01    +5.864548329145820e-01    +3.291305195467571e-05
+5.614999999999923e-09    +7.914982568085421e-01    +5.864385818246584e-01    +2.209803263646762e-05
+5.619999999999923e-09    +7.915059649806530e-01    +5.864289016024543e-01    +9.429344217722823e-06
+5.624999999999923e-09    +7.915081409227862e-01    +5.864267081597164e-01    -4.329707823579366e-06
+5.629999999999923e-09    +7.915043604835228e-01    +5.864324665645375e-01    -1.828189918485283e-05
+5.634999999999923e-09    +7.914946037097232e-01    +5.864461180504331e-01    -3.145294350579991e-05
+5.639999999999923e-09    +7.914792926049271e-01    +5.864670414860038e-01    -4.286183319200699e-05
+5.644999999999923e-09    +7.914592932642475e-01    +5.864940569935575e-01    -5.159948739749784e-05
+5.649999999999922e-09    +7.914358788879682e-01    +5.865254766399810e-01    -5.690883099377075e-05
+5.654999999999922e-09    +7.914106526348539e-01    +5.865592017003153e-01    -5.825837996573943e-05
+5.659999999999922e-09    +7.913854353530710e-01    +5.865928624249691e-01    -5.540125871299413e-05
+5.664999999999922e-09    +7.913621258892134e-01    +5.866239905758777e-01    -4.841246282634735e-05
+5.669999999999922e-09    +7.913425458485287e-01    +5.866502114869785e-01    -3.769906054846536e-05
+5.674999999999922e-09    +7.913282831335099e-01    +5.866694395982847e-01    -2.398068805854802e-05
+5.679999999999922e-09    +7.913205491092764e-01    +5.866800597543816e-01    -8.240787569899481e-06
+5.684999999999922e-09    +7.913200638117269e-01    +5.866810770816292e-01    +8.347832428627598e-06
+5.689999999999921e-09    +7.913269814928061e-01    +5.866722204866310e-01    +2.451677847509341e-05
+5.694999999999921e-09    +7.913408644375463e-01    +5.866539880719919e-01    +3.900678544730789e-05
+5.699999999999921e-09    +7.913607090619847e-01    +5.866276282676548e-01    +5.067378604659262e-05
+5.704999999999921e-09    +7.913850225515344e-01    +5.865950558375295e-01    +5.858658835432447e-05
+5.709999999999921e-09    +7.914119434397363e-01    +5.865587081049676e-01    +6.210720913441761e-05
+5.714999999999921e-09    +7.914393955057121e-01    +5.865213527460873e-01    +6.094655022791986e-05
+5.719999999999921e-09    +7.914652603840330e-01    +5.864858629023297e-01    +5.519037904834801e-05
+5.724999999999921e-09    +7.914875536342366e-01    +5.864549796732182e-01    +4.529326001257589e-05
+5.729999999999920e-09    +7.915045879506137e-01    +5.864310831159708e-01    +3.204091662713343e-05
+5.734999999999920e-09    +7.915151091238787e-01    +5.864159928121013e-01    +1.648427424216827e-05
+5.739999999999920e-09    +7.915183931286929e-01    +5.864108164814742e-01    -1.490784143344605e-07
+5.744999999999920e-09    +7.915142967886157e-01    +5.864158608354639e-01    -1.655823611942437e-05
+5.749999999999920e-09    +7.915032580434079e-01    +5.864306123884767e-01    -3.147797209319974e-05
+5.754999999999920e-09    +7.914862478043554e-01    +5.864537901978596e-01    -4.378361280244862e-05
+5.759999999999920e-09    +7.914646782687258e-01    +5.864834646911649e-01    -5.258232512242520e-05
+5.764999999999920e-09    +7.914402772581232e-01    +5.865172311416300e-01    -5.728257649448295e-05
+5.769999999999919e-09    +7.914149404620106e-01    +5.865524209228592e-01    -5.763562230343043e-05
+5.774999999999919e-09    +7.913905746216462e-01    +5.865863299465029e-01    -5.374565241804081e-05
+5.779999999999919e-09    +7.913689461835115e-01    +5.866164431798293e-01    -4.604840113962715e-05
+5.784999999999919e-09    +7.913515477229992e-01    +5.866406342220730e-01    -3.526124050544531e-05
+5.789999999999919e-09    +7.913394930981354e-01    +5.866573225796304e-01    -2.231064199200457e-05
+5.794999999999919e-09    +7.913334488862204e-01    +5.866655759295071e-01    -8.245038639322261e-06
+5.799999999999919e-09    +7.913336059947412e-01    +5.866651507267431e-01    +5.857730568984540e-06
+5.804999999999919e-09    +7.913396915198625e-01    +5.866564710701165e-01    +1.897918894258717e-05
+5.809999999999919e-09    +7.913510170961461e-01    +5.866405518636344e-01    +3.023706124820608e-05
+5.814999999999918e-09    +7.913665570780470e-01    +5.866188776906442e-01    +3.894397590310203e-05
+5.819999999999918e-09    +7.913850474229085e-01    +5.865932523237624e-01    +4.464430526927657e-05
+5.824999999999918e-09    +7.914050951535163e-01    +5.865656356318185e-01    +4.712806583894996e-05
+5.829999999999918e-09    +7.914252882574518e-01    +5.865379842959666e-01    +4.642327447625101e-05
+5.834999999999918e-09    +7.914442968091342e-01    +5.865121104440419e-01    +4.277017003316381e-05
+5.839999999999918e-09    +7.914609578327596e-01    +5.864895685657291e-01    +3.658209105639028e-05
+5.844999999999918e-09    +7.914743389700688e-01    +5.864715767518801e-01    +2.839845835287454e-05
+5.849999999999918e-09    +7.914837786811997e-01    +5.864589738355653e-01    +1.883526698604668e-05
+5.854999999999917e-09    +7.914889027288419e-01    +5.864522097073281e-01    +8.537824166559101e-06
+5.859999999999917e-09    +7.914896194467788e-01    +5.864513634917746e-01    -1.860658127744031e-06
+5.864999999999917e-09    +7.914860972606184e-01    +5.864561820569323e-01    -1.177238830748372e-05
+5.869999999999917e-09    +7.914787296284872e-01    +5.864661313378674e-01    -2.067942912450729e-05
+5.874999999999917e-09    +7.914680920400520e-01    +5.864804530391985e-01    -2.814968051431417e-05
+5.879999999999917e-09    +7.914548959901905e-01    +5.864982212190478e-01    -3.384577027760441e-05
+5.884999999999917e-09    +7.914399435804366e-01    +5.865183949600966e-01    -3.752871164754417e-05
+5.889999999999917e-09    +7.914240853594285e-01    +5.865398654865793e-01    -3.905825534538637e-05
+5.894999999999916e-09    +7.914081827178081e-01    +5.865614978588809e-01    -3.839156500747856e-05
+5.899999999999916e-09    +7.913930749740462e-01    +5.865821686506515e-01    -3.558127723423754e-05
+5.904999999999916e-09    +7.913795503726075e-01    +5.866008016734952e-01    -3.077331781479848e-05
+5.909999999999916e-09    +7.913683197040320e-01    +5.866164038729410e-01    -2.420416572817421e-05
+5.914999999999916e-09    +7.913599913549019e-01    +5.866281031325625e-01    -1.619670543458041e-05
+5.919999999999916e-09    +7.913550468985926e-01    +5.866351886805634e-01    -7.153464523329305e-06
+5.924999999999916e-09    +7.913538165013282e-01    +5.866371530192941e-01    +2.454053997669865e-06
+5.929999999999916e-09    +7.913564556152873e-01    +5.866337335550922e-01    +1.210107034331290e-05
+5.934999999999916e-09    +7.913629241637588e-01    +5.866249496617547e-01    +2.123097083023228e-05
+5.939999999999915e-09    +7.913729710621685e-01    +5.866111302233545e-01    +2.928258128442941e-05
+5.944999999999915e-09    +7.913861273676972e-01    +5.865929260619277e-01    +3.572256915255718e-05
+5.949999999999915e-09    +7.914017113505160e-01    +5.865713018943244e-01    +4.008139010249169e-05
+5.954999999999915e-09    +7.914188484919986e-01    +5.865475038410594e-01    +4.199032741704726e-05
+5.959999999999915e-09    +7.914365084206798e-01    +5.865230006808221e-01    +4.121644832777640e-05
+5.964999999999915e-09    +7.914535586850355e-01    +5.864993994800957e-01    +3.769185780347763e-05
+5.969999999999915e-09    +7.914688344146754e-01    +5.864783401418888e-01    +3.153358698179024e-05
+5.974999999999915e-09    +7.914812196476790e-01    +5.864613756983851e-01    +2.305087037076241e-05
+5.979999999999914e-09    +7.914897345345305e-01    +5.864498480234892e-01    +1.273743812054228e-05
+5.984999999999914e-09    +7.914936212240921e-01    +5.864447703733583e-01    +1.247723740665214e-06
+5.989999999999914e-09    +7.914924197256690e-01    +5.864467281109079e-01    -1.064256128466666e-05
+5.994999999999914e-09    +7.914860255531776e-01    +5.864558083662718e-01    -2.208936772050019e-05
+5.999999999999914e-09    +7.914747218513714e-01    +5.864715671288213e-01    -3.224304661558427e-05
+6.004999999999914e-09    +7.914591799315155e-01    +5.864930386104010e-01    -4.031585038640533e-05
+6.009999999999914e-09    +7.914404263859373e-01    +5.865187889672862e-01    -4.564829278058896e-05
+6.014999999999914e-09    +7.914197767667770e-01    +5.865470114327530e-01    -4.776819068907995e-05
+6.019999999999913e-09    +7.913987401953548e-01    +5.865756566528568e-01    -4.643659325654543e-05
+6.024999999999913e-09    +7.913789021826333e-01    +5.866025883587810e-01    -4.167581366319418e-05
+6.029999999999913e-09    +7.913617957671008e-01    +5.866257519965861e-01    -3.377631367563548e-05
+6.034999999999913e-09    +7.913487725183835e-01    +5.866433421615377e-01    -2.328107898734030e-05
+6.039999999999913e-09    +7.913408854382367e-01    +5.866539542878413e-01    -1.094817090500001e-05
+6.044999999999913e-09    +7.913387951119483e-01    +5.866567070188291e-01    +2.305864024410597e-06
+6.049999999999913e-09    +7.913427082255352e-01    +5.866513236660580e-01    +1.547728541571398e-05
+6.054999999999913e-09    +7.913523547620887e-01    +5.866381645580920e-01    +2.755533462568905e-05
+6.059999999999912e-09    +7.913670062915018e-01    +5.866182060523333e-01    +3.760459302106564e-05
+6.064999999999912e-09    +7.913855341752661e-01    +5.865929669210552e-01    +4.484249135383623e-05
+6.069999999999912e-09    +7.914065025243403e-01    +5.865643875348784e-01    +4.870518603162670e-05
+6.074999999999912e-09    +7.914282873604782e-01    +5.865346717183892e-01    +4.889584800786822e-05
+6.079999999999912e-09    +7.914492115745292e-01    +5.865061052517110e-01    +4.541077968216179e-05
+6.084999999999912e-09    +7.914676831165877e-01    +5.864808668961982e-01    +3.854062432519767e-05
+6.089999999999912e-09    +7.914823246681468e-01    +5.864608493891873e-01    +2.884612741220473e-05
+6.094999999999912e-09    +7.914920826399870e-01    +5.864475060648890e-01    +1.711027749412520e-05
+6.099999999999912e-09    +7.914963071326986e-01    +5.864417375027802e-01    +4.270965943215572e-06
+6.104999999999911e-09    +7.914947957590820e-01    +5.864438276366781e-01    -8.659702810584542e-06
+6.109999999999911e-09    +7.914877984936640e-01    +5.864534345015555e-01    -2.068190219356119e-05
+6.114999999999911e-09    +7.914759843400805e-01    +5.864696354580510e-01    -3.089217796812448e-05
+6.119999999999911e-09    +7.914603736184459e-01    +5.864910211551962e-01    -3.855718646537036e-05
+6.124999999999911e-09    +7.914422433692295e-01    +5.865158283446551e-01    -4.317023528048811e-05
+6.129999999999911e-09    +7.914230150677627e-01    +5.865420978137367e-01    -4.448566262383309e-05
+6.134999999999911e-09    +7.914041353587155e-01    +5.865678419085658e-01    -4.252850542275419e-05
+6.139999999999911e-09    +7.913869608992921e-01    +5.865912059866374e-01    -3.757955474107731e-05
+6.144999999999910e-09    +7.913726565719736e-01    +5.866106088919925e-01    -3.013845662763300e-05
+6.149999999999910e-09    +7.913621159503579e-01    +5.866248514033036e-01    -2.086967048969330e-05
+6.154999999999910e-09    +7.913559090503341e-01    +5.866331846297886e-01    -1.053759126033826e-05
+6.159999999999910e-09    +7.913542599140837e-01    +5.866353351626331e-01    +6.216574361277950e-08
+6.164999999999910e-09    +7.913570541269972e-01    +5.866314887514219e-01    +1.016848126151583e-05
+6.169999999999910e-09    +7.913638723852663e-01    +5.866222375142903e-01    +1.911152542457071e-05
+6.174999999999910e-09    +7.913740454577165e-01    +5.866084998322844e-01    +2.635619732650406e-05
+6.179999999999910e-09    +7.913867233188070e-01    +5.865914231979308e-01    +3.152961528785696e-05
+6.184999999999909e-09    +7.914009509070147e-01    +5.865722809609201e-01    +3.443197886588754e-05
+6.189999999999909e-09    +7.914157436670308e-01    +5.865523733718884e-01    +3.503191088208839e-05
+6.194999999999909e-09    +7.914301559830168e-01    +5.865329406631280e-01    +3.344884582278132e-05
+6.199999999999909e-09    +7.914433382616014e-01    +5.865150940238395e-01    +2.992604125166215e-05
+6.204999999999909e-09    +7.914545790891867e-01    +5.864997665924594e-01    +2.479828004792836e-05
+6.209999999999909e-09    +7.914633321867702e-01    +5.864876847744217e-01    +1.845830149446843e-05
+6.214999999999909e-09    +7.914692280234339e-01    +5.864793568213293e-01    +1.132548389194801e-05
+6.219999999999909e-09    +7.914720731166796e-01    +5.864750753121650e-01    +3.819414947268626e-06
+6.224999999999909e-09    +7.914718396294000e-01    +5.864749286083638e-01    -3.660144549168376e-06
+6.229999999999908e-09    +7.914686487481836e-01    +5.864788169047349e-01    -1.074660353738101e-05
+6.234999999999908e-09    +7.914627511625990e-01    +5.864864694174574e-01    -1.711399719199503e-05
+6.239999999999908e-09    +7.914545072373759e-01    +5.864974605852573e-01    -2.248021253987277e-05
+6.244999999999908e-09    +7.914443683938998e-01    +5.865112246837266e-01    -2.660811086755878e-05
+6.249999999999908e-09    +7.914328602261190e-01    +5.865270698546464e-01    -2.930670015499367e-05
+6.254999999999908e-09    +7.914205669219915e-01    +5.865441938189428e-01    -3.043410144925004e-05
+6.259999999999908e-09    +7.914081155515634e-01    +5.865617040820198e-01    -2.990328704440319e-05
+6.264999999999908e-09    +7.913961584684321e-01    +5.865786455547680e-01    -2.769058741820413e-05
+6.269999999999907e-09    +7.913853519865380e-01    +5.865940377652393e-01    -2.384594682172961e-05
+6.274999999999907e-09    +7.913763302662354e-01    +5.866069226950021e-01    -1.850302702557328e-05
+6.279999999999907e-09    +7.913696733877168e-01    +5.866164218330968e-01    -1.188668624048262e-05
+6.284999999999907e-09    +7.913658710216177e-01    +5.866217997918737e-01    -4.315186980084523e-06
+6.289999999999907e-09    +7.913652832986571e-01    +5.866225290402374e-01    +3.805224109902131e-06
+6.294999999999907e-09    +7.913681023958418e-01    +5.866183492258255e-01    +1.199499949103749e-05
+6.299999999999907e-09    +7.913743194675562e-01    +5.866093139118221e-01    +1.972579024371025e-05
+6.304999999999907e-09    +7.913837011490890e-01    +5.865958172009550e-01    +2.645400976077504e-05
+6.309999999999906e-09    +7.913957808969860e-01    +5.865785948561095e-01    +3.166135250748701e-05
+6.314999999999906e-09    +7.914098686419955e-01    +5.865586961400638e-01    +3.489893746152781e-05
+6.319999999999906e-09    +7.914250810692899e-01    +5.865374257997520e-01    +3.583083676742506e-05
+6.324999999999906e-09    +7.914403925595864e-01    +5.865162587509553e-01    +3.427230145109670e-05
+6.329999999999906e-09    +7.914547046322938e-01    +5.864967333502175e-01    +3.021809380265506e-05
+6.334999999999906e-09    +7.914669290652762e-01    +5.864803316710346e-01    +2.385700354380102e-05
+6.339999999999906e-09    +7.914760778431359e-01    +5.864683571385302e-01    +1.556980449896837e-05
+6.344999999999906e-09    +7.914813519160560e-01    +5.864618209176422e-01    +5.909490418944175e-06
+6.349999999999905e-09    +7.914822194380239e-01    +5.864613476429463e-01    -4.435557608818928e-06
+6.354999999999905e-09    +7.914784754253819e-01    +5.864671102512303e-01    -1.469297545273266e-05
+6.359999999999905e-09    +7.914702753232270e-01    +5.864788006986739e-01    -2.406822969385472e-05
+6.364999999999905e-09    +7.914581378691341e-01    +5.864956406501086e-01    -3.181139492367015e-05
+6.369999999999905e-09    +7.914429152878126e-01    +5.865164324768437e-01    -3.728270552511770e-05
+6.374999999999905e-09    +7.914257319429248e-01    +5.865396471000995e-01    -4.001059260637174e-05
+6.379999999999905e-09    +7.914078964214954e-01    +5.865635421648197e-01    -3.973647398612234e-05
+6.384999999999905e-09    +7.913907942128625e-01    +5.865863006306004e-01    -3.644172690868573e-05
+6.389999999999905e-09    +7.913757709105279e-01    +5.866061781805268e-01    -3.035391368875550e-05
+6.394999999999904e-09    +7.913640165164242e-01    +5.866216464278252e-01    -2.193127793721044e-05
+6.399999999999904e-09    +7.913564622096366e-01    +5.866315195149507e-01    -1.182658491103704e-05
+6.404999999999904e-09    +7.913536990375327e-01    +5.866350524404965e-01    -8.333457731703689e-07
+6.409999999999904e-09    +7.913559268771837e-01    +5.866320025441857e-01    +1.018084737717058e-05
+6.414999999999904e-09    +7.913629380326437e-01    +5.866226481393327e-01    +2.034789693974859e-05
+6.419999999999904e-09    +7.913741375233569e-01    +5.866077629356650e-01    +2.887300643543528e-05
+6.424999999999904e-09    +7.913885975757642e-01    +5.865885483260196e-01    +3.510196130984181e-05
+6.429999999999904e-09    +7.914051410642905e-01    +5.865665299177321e-01    +3.857568584862248e-05
+6.434999999999903e-09    +7.914224457193770e-01    +5.865434278858068e-01    +3.906704450412420e-05
+6.439999999999903e-09    +7.914391587188579e-01    +5.865210128700336e-01    +3.659653621248771e-05
+6.444999999999903e-09    +7.914540112190908e-01    +5.865009608318604e-01    +3.142557836044092e-05
+6.449999999999903e-09    +7.914659215949028e-01    +5.864847193908740e-01    +2.402829233428989e-05
+6.454999999999903e-09    +7.914740788536808e-01    +5.864733976644461e-01    +1.504484921578268e-05
+6.459999999999903e-09    +7.914779987426440e-01    +5.864676882895667e-01    +5.221260850193254e-06
+6.464999999999903e-09    +7.914775487417637e-01    +5.864678275292258e-01    -4.658208858587571e-06
+6.469999999999903e-09    +7.914729414145577e-01    +5.864735956447852e-01    -1.383924242632119e-05
+6.474999999999902e-09    +7.914646982365825e-01    +5.864843555309454e-01    -2.165967103533689e-05
+6.479999999999902e-09    +7.914535889885507e-01    +5.864991242403708e-01    -2.759997234185054e-05
+6.484999999999902e-09    +7.914405543127498e-01    +5.865166694808895e-01    -3.131784490559089e-05
+6.489999999999902e-09    +7.914266193064836e-01    +5.865356206364396e-01    -3.266453631422335e-05
+6.494999999999902e-09    +7.914128072720255e-01    +5.865545837705921e-01    -3.168264851780852e-05
+6.499999999999902e-09    +7.914000611763575e-01    +5.865722498351829e-01    -2.858710111655804e-05
+6.504999999999902e-09    +7.913891793823197e-01    +5.865874870664746e-01    -2.373256952220182e-05
+6.509999999999902e-09    +7.913807699141978e-01    +5.865994106625285e-01    -1.757185930394219e-05
+6.514999999999902e-09    +7.913752252661108e-01    +5.866074257363323e-01    -1.061022953092245e-05
+6.519999999999901e-09    +7.913727173456049e-01    +5.866112425455507e-01    -3.360611705419593e-06
+6.524999999999901e-09    +7.913732102644534e-01    +5.866108660243479e-01    +3.695955131066128e-06
+6.529999999999901e-09    +7.913764869760619e-01    +5.866065639416882e-01    +1.014142588408966e-05
+6.534999999999901e-09    +7.913821851738078e-01    +5.865988198689226e-01    +1.564148987940272e-05
+6.539999999999901e-09    +7.913898372794793e-01    +5.865882775990042e-01    +1.995550341325983e-05
+6.544999999999901e-09    +7.913989105724312e-01    +5.865756839829901e-01    +2.293652603785644e-05
+6.549999999999901e-09    +7.914088431921055e-01    +5.865618352426186e-01    +2.452347725554912e-05
+6.554999999999901e-09    +7.914190745966140e-01    +5.865475312884207e-01    +2.472815086694528e-05
+6.559999999999900e-09    +7.914290688101308e-01    +5.865335395351750e-01    +2.362009470492550e-05
+6.564999999999900e-09    +7.914383313028330e-01    +5.865205686636517e-01    +2.131215703907573e-05
+6.569999999999900e-09    +7.914464203640722e-01    +5.865092505064681e-01    +1.794888482989243e-05
+6.574999999999900e-09    +7.914529551998275e-01    +5.865001277007776e-01    +1.369903359045866e-05
+6.579999999999900e-09    +7.914576224379252e-01    +5.864936438657984e-01    +8.752369624919744e-06
+6.584999999999900e-09    +7.914601830682974e-01    +5.864901337920118e-01    +3.319889532553038e-06
+6.589999999999900e-09    +7.914604808172437e-01    +5.864898117716375e-01    -2.364278774358298e-06
+6.594999999999900e-09    +7.914584522365282e-01    +5.864927576552489e-01    -8.041551437336467e-06
+6.599999999999899e-09    +7.914541377339142e-01    +5.864989016809177e-01    -1.343048229232158e-05
+6.604999999999899e-09    +7.914476919620157e-01    +5.865080106007837e-01    -1.823323591385029e-05
+6.609999999999899e-09    +7.914393911033845e-01    +5.865196785377854e-01    -2.214810139146206e-05
+6.614999999999899e-09    +7.914296344930695e-01    +5.865333266270774e-01    -2.488811433252244e-05
+6.619999999999899e-09    +7.914189378426767e-01    +5.865482150503245e-01    -2.620463553794465e-05
+6.624999999999899e-09    +7.914079160202495e-01    +5.865634701592704e-01    -2.591360222238978e-05
+6.629999999999899e-09    +7.913972545997439e-01    +5.865781279134500e-01    -2.392130045757069e-05
+6.634999999999899e-09    +7.913876700931773e-01    +5.865911923080941e-01    -2.024606696741998e-05
+6.639999999999898e-09    +7.913798611624301e-01    +5.866017057852123e-01    -1.503239261757873e-05
+6.644999999999898e-09    +7.913744539122120e-01    +5.866088260187823e-01    -8.554480278287223e-06
+6.649999999999898e-09    +7.913719460444563e-01    +5.866119021094460e-01    -1.207344638324595e-06
+6.654999999999898e-09    +7.913726554126352e-01    +5.866105422962345e-01    +6.515093407552829e-06
+6.659999999999898e-09    +7.913766788164283e-01    +5.866046653886458e-01    +1.405393911674413e-05
+6.664999999999898e-09    +7.913838662344354e-01    +5.865945290248148e-01    +2.082879887985954e-05
+6.669999999999898e-09    +7.913938148926122e-01    +5.865807300348448e-01    +2.628701967834892e-05
+6.674999999999898e-09    +7.914058856619376e-01    +5.865641747223426e-01    +2.995399360339074e-05
+6.679999999999898e-09    +7.914192419112465e-01    +5.865460197997645e-01    +3.147940190437714e-05
+6.684999999999897e-09    +7.914329090521135e-01    +5.865275881571724e-01    +3.067441761134633e-05
+6.689999999999897e-09    +7.914458498664579e-01    +5.865102658565274e-01    +2.753560222205963e-05
+6.694999999999897e-09    +7.914570497156640e-01    +5.864953895590618e-01    +2.225246801575340e-05
+6.699999999999897e-09    +7.914656037220387e-01    +5.864841344038512e-01    +1.519730227185349e-05
+6.704999999999897e-09    +7.914707973952764e-01    +5.864774125577081e-01    +6.897678171564807e-06
+6.709999999999897e-09    +7.914721731476371e-01    +5.864757922999143e-01    -2.006093971185787e-06
+6.714999999999897e-09    +7.914695754106493e-01    +5.864794451041606e-01    -1.081471727628204e-05
+6.719999999999897e-09    +7.914631698552202e-01    +5.864881262243640e-01    -1.882980821729518e-05
+6.724999999999896e-09    +7.914534340739702e-01    +5.865011907860238e-01    -2.541424266772296e-05
+6.729999999999896e-09    +7.914411200660028e-01    +5.865176442360442e-01    -3.004720977049047e-05
+6.734999999999896e-09    +7.914271919541765e-01    +5.865362230261904e-01    -3.236879386149244e-05
+6.739999999999896e-09    +7.914127444817378e-01    +5.865554983640401e-01    -3.220998537680838e-05
+6.744999999999896e-09    +7.913989095708921e-01    +5.865739936227571e-01    -2.960549353354338e-05
+6.749999999999896e-09    +7.913867601551354e-01    +5.865903052963043e-01    -2.478842144727399e-05
+6.754999999999896e-09    +7.913772200701817e-01    +5.866032166677523e-01    -1.816759760096484e-05
+6.759999999999896e-09    +7.913709881555705e-01    +5.866117941488166e-01    -1.028997093887511e-05
+6.764999999999895e-09    +7.913684837052524e-01    +5.866154582968769e-01    -1.791810524372610e-06
+6.769999999999895e-09    +7.913698177598419e-01    +5.866140236623859e-01    +6.656604356767483e-06
+6.774999999999895e-09    +7.913747922188838e-01    +5.866077046603348e-01    +1.440764223092171e-05
+6.779999999999895e-09    +7.913829261189197e-01    +5.865970879159432e-01    +2.088918963538990e-05
+6.784999999999895e-09    +7.913935056222176e-01    +5.865830744467112e-01    +2.564911462298201e-05
+6.789999999999895e-09    +7.914056522383213e-01    +5.865667977686396e-01    +2.838764360148317e-05
+6.794999999999895e-09    +7.914184020843834e-01    +5.865495258346386e-01    +2.897523979516191e-05
+6.799999999999895e-09    +7.914307884346955e-01    +5.865325559558960e-01    +2.745503208035436e-05
+6.804999999999895e-09    +7.914419198127502e-01    +5.865171120069013e-01    +2.403034539968429e-05
+6.809999999999894e-09    +7.914510467082306e-01    +5.865042525174702e-01    +1.903927715431740e-05
+6.814999999999894e-09    +7.914576117579204e-01    +5.864947969872821e-01    +1.291940300746337e-05
+6.819999999999894e-09    +7.914612800072298e-01    +5.864892756035303e-01    +6.166472075358770e-06
+6.824999999999894e-09    +7.914619481248431e-01    +5.864879052015223e-01    -7.087133150304688e-07
+6.829999999999894e-09    +7.914597339171763e-01    +5.864905920128684e-01    -7.221156214612314e-06
+6.834999999999894e-09    +7.914549486664422e-01    +5.864969588533008e-01    -1.294673030749761e-05
+6.839999999999894e-09    +7.914480569734187e-01    +5.865063928433673e-01    -1.754880505878944e-05
+6.844999999999894e-09    +7.914396289520319e-01    +5.865181077595305e-01    -2.079488611553304e-05
+6.849999999999893e-09    +7.914302900723719e-01    +5.865312144188337e-01    -2.256290237116484e-05
+6.854999999999893e-09    +7.914206733202686e-01    +5.865447922151904e-01    -2.283787404216658e-05
+6.859999999999893e-09    +7.914113774496285e-01    +5.865579555162500e-01    -2.170060154983107e-05
+6.864999999999893e-09    +7.914029340670242e-01    +5.865699099607489e-01    -1.931062608429962e-05
+6.869999999999893e-09    +7.913957841076745e-01    +5.865799947722230e-01    -1.588599256106284e-05
+6.874999999999893e-09    +7.913902643304733e-01    +5.865877100044790e-01    -1.168228424785105e-05
+6.879999999999893e-09    +7.913866021682778e-01    +5.865927286131793e-01    -6.973046772632984e-06
+6.884999999999893e-09    +7.913849172933355e-01    +5.865948953195633e-01    -2.033150327797812e-06
+6.889999999999892e-09    +7.913852277520961e-01    +5.865942152031293e-01    +2.874053029543902e-06
+6.894999999999892e-09    +7.913874589272505e-01    +5.865908357182329e-01    +7.505636514527604e-06
+6.899999999999892e-09    +7.913914531045653e-01    +5.865850251579815e-01    +1.164456302874838e-05
+6.904999999999892e-09    +7.913969793404737e-01    +5.865771509032910e-01    +1.510267942236496e-05
+6.909999999999892e-09    +7.914037427994877e-01    +5.865676589896786e-01    +1.772246530513804e-05
+6.914999999999892e-09    +7.914113939367133e-01    +5.865570557793348e-01    +1.937876044503713e-05
+6.919999999999892e-09    +7.914195384954693e-01    +5.865458915138130e-01    +1.998144206085428e-05
+6.924999999999892e-09    +7.914277489389557e-01    +5.865347442640118e-01    +1.947956303226964e-05
+6.929999999999891e-09    +7.914355788802589e-01    +5.865242030062807e-01    +1.786687548075343e-05
+6.934999999999891e-09    +7.914425806346963e-01    +5.865148477722619e-01    +1.518805000893209e-05
+6.939999999999891e-09    +7.914483267684735e-01    +5.865072261771038e-01    +1.154437996758855e-05
+6.944999999999891e-09    +7.914524346981185e-01    +5.865018257126957e-01    +7.097426296462134e-06
+6.949999999999891e-09    +7.914545930092723e-01    +5.864990425651633e-01    +2.068984535501377e-06
+6.954999999999891e-09    +7.914545881906815e-01    +5.864991494026678e-01    -3.264022176840006e-06
+6.959999999999891e-09    +7.914523284319668e-01    +5.865022645967283e-01    -8.580623347602542e-06
+6.964999999999891e-09    +7.914478621049116e-01    +5.865083269351158e-01    -1.353304337655638e-05
+6.969999999999891e-09    +7.914413880258021e-01    +5.865170797487762e-01    -1.776944906691718e-05
+6.974999999999890e-09    +7.914332549810290e-01    +5.865280680449209e-01    -2.096069351258814e-05
+6.979999999999890e-09    +7.914239490949843e-01    +5.865406515670751e-01    -2.282879873365763e-05
+6.984999999999890e-09    +7.914140685691109e-01    +5.865540351952132e-01    -2.317438868149191e-05
+6.989999999999890e-09    +7.914042864235667e-01    +5.865673161613388e-01    -2.190005963692562e-05
+6.994999999999890e-09    +7.913953038045202e-01    +5.865795459553387e-01    -1.902680304188194e-05
+6.999999999999890e-09    +7.913877966228807e-01    +5.865898021237065e-01    -1.470109184677943e-05
+7.004999999999890e-09    +7.913823605698025e-01    +5.865972644266804e-01    -9.191060763551059e-06
+7.009999999999890e-09    +7.913794591211267e-01    +5.866012880504314e-01    -2.871274053052277e-06
+7.014999999999889e-09    +7.913793794437685e-01    +5.866014664043133e-01    +3.803224508220168e-06
+7.019999999999889e-09    +7.913822011912324e-01    +5.865976769223615e-01    +1.033169554761007e-05
+7.024999999999889e-09    +7.913877813341612e-01    +5.865901040326172e-01    +1.620839443453207e-05
+7.029999999999889e-09    +7.913957577076730e-01    +5.865792361485920e-01    +2.096547810728912e-05
+7.034999999999889e-09    +7.914055713934991e-01    +5.865658354589056e-01    +2.421405492017048e-05
+7.039999999999889e-09    +7.914165070782281e-01    +5.865508825923527e-01    +2.567935558405714e-05
+7.044999999999889e-09    +7.914277477790748e-01    +5.865355001519247e-01    +2.522649171488768e-05
+7.049999999999889e-09    +7.914384399783226e-01    +5.865208621020416e-01    +2.287414903129629e-05
+7.054999999999888e-09    +7.914477630869249e-01    +5.865080968162487e-01    +1.879473901642947e-05
+7.059999999999888e-09    +7.914549973204938e-01    +5.864981927975040e-01    +1.330087283363021e-05
+7.064999999999888e-09    +7.914595837261874e-01    +5.864919156311820e-01    +6.819380075441218e-06
+7.069999999999888e-09    +7.914611710063454e-01    +5.864897438611586e-01    -1.446807006452129e-07
+7.074999999999888e-09    +7.914596448125505e-01    +5.864918295771112e-01    -7.050621586940295e-06
+7.079999999999888e-09    +7.914551369790448e-01    +5.864979872822677e-01    -1.336735243691725e-05
+7.084999999999888e-09    +7.914480137033270e-01    +5.865077117173950e-01    -1.861709206392352e-05
+7.089999999999888e-09    +7.914388438209610e-01    +5.865202227421015e-01    -2.241368322027477e-05
+7.094999999999888e-09    +7.914283502475622e-01    +5.865345329550549e-01    -2.449225731340282e-05
+7.099999999999887e-09    +7.914173490586270e-01    +5.865495316263923e-01    -2.472791003971527e-05
+7.104999999999887e-09    +7.914066813436155e-01    +5.865640768791848e-01    -2.314213537645207e-05
+7.109999999999887e-09    +7.913971447038144e-01    +5.865770883161308e-01    -1.989690481490659e-05
+7.114999999999887e-09    +7.913894295480782e-01    +5.865876313980042e-01    -1.527736772260433e-05
+7.119999999999887e-09    +7.913840666097762e-01    +5.865949872070446e-01    -9.665092913201919e-06
+7.124999999999887e-09    +7.913813891835123e-01    +5.865987016320885e-01    -3.504496934939102e-06
+7.129999999999887e-09    +7.913815136974904e-01    +5.865986112113583e-01    +2.734430159082702e-06
+7.134999999999887e-09    +7.913843388069979e-01    +5.865948439761715e-01    +8.593815280180484e-06
+7.139999999999886e-09    +7.913895630522283e-01    +5.865877970214350e-01    +1.366284028542605e-05
+7.144999999999886e-09    +7.913967181699515e-01    +5.865780936281639e-01    +1.760714468731488e-05
+7.149999999999886e-09    +7.914052142130532e-01    +5.865665246350282e-01    +2.019052578299352e-05
+7.154999999999886e-09    +7.914143920354290e-01    +5.865539800231736e-01    +2.128755788205074e-05
+7.159999999999886e-09    +7.914235779768494e-01    +5.865413769116997e-01    +2.088663158851877e-05
+7.164999999999886e-09    +7.914321356336393e-01    +5.865295899734622e-01    +1.908379768553223e-05
+7.169999999999886e-09    +7.914395104584602e-01    +5.865193897753253e-01    +1.606860283770652e-05
+7.174999999999886e-09    +7.914452643252021e-01    +5.865113937031439e-01    +1.210374171756174e-05
+7.179999999999885e-09    +7.914490978443143e-01    +5.865060322821554e-01    +7.500766693840574e-06
+7.184999999999885e-09    +7.914508596997983e-01    +5.865035322057858e-01    +2.594249053333635e-06
+7.189999999999885e-09    +7.914505442131960e-01    +5.865039162299586e-01    -2.283311346952814e-06
+7.194999999999885e-09    +7.914482783971611e-01    +5.865070179376151e-01    -6.823854721414150e-06
+7.199999999999885e-09    +7.914443013619984e-01    +5.865125087960735e-01    -1.076192814115878e-05
+7.204999999999885e-09    +7.914389385643283e-01    +5.865199336384431e-01    -1.388775404341457e-05
+7.209999999999885e-09    +7.914325739978307e-01    +5.865287508016406e-01    -1.605490616979150e-05
+7.214999999999885e-09    +7.914256225634807e-01    +5.865383729174384e-01    -1.718284200738014e-05
+7.219999999999884e-09    +7.914185049102725e-01    +5.865482053131802e-01    -1.725496973394296e-05
+7.224999999999884e-09    +7.914116254455463e-01    +5.865576791887459e-01    -1.631321390431804e-05
+7.229999999999884e-09    +7.914053547388451e-01    +5.865662785765925e-01    -1.445016528984455e-05
+7.234999999999884e-09    +7.914000159148949e-01    +5.865735603927464e-01    -1.179987711357926e-05
+7.239999999999884e-09    +7.913958745742738e-01    +5.865791680229516e-01    -8.528228361754003e-06
+7.244999999999884e-09    +7.913931316570673e-01    +5.865828395864909e-01    -4.823543567622588e-06
+7.249999999999884e-09    +7.913919184058121e-01    +5.865844121575210e-01    -8.878852673157895e-07
+7.254999999999884e-09    +7.913922930732906e-01    +5.865838234202914e-01    +3.070847936896358e-06
+7.259999999999884e-09    +7.913942385159181e-01    +5.865811113659867e-01    +6.846127204766354e-06
+7.264999999999883e-09    +7.913976613877527e-01    +5.865764129681811e-01    +1.023959389659649e-05
+7.269999999999883e-09    +7.914023928676065e-01    +5.865699613988856e-01    +1.306782129305956e-05
+7.274999999999883e-09    +7.914081918534891e-01    +5.865620813055552e-01    +1.516937033821930e-05
+7.279999999999883e-09    +7.914147513434656e-01    +5.865531810298719e-01    +1.641231367667108e-05
+7.284999999999883e-09    +7.914217088122897e-01    +5.865437405787438e-01    +1.670215504819125e-05
+7.289999999999883e-09    +7.914286610926911e-01    +5.865342942346641e-01    +1.598975357305702e-05
+7.294999999999883e-09    +7.914351839798943e-01    +5.865254071950670e-01    +1.427855382055664e-05
+7.299999999999883e-09    +7.914408558826458e-01    +5.865176460784068e-01    +1.163015751020419e-05
+7.304999999999882e-09    +7.914452848645653e-01    +5.865115444573274e-01    +8.167139174044212e-06
+7.309999999999882e-09    +7.914481368910555e-01    +5.865075649169859e-01    +4.072027610029274e-06
+7.314999999999882e-09    +7.914491634198643e-01    +5.865060606348859e-01    -4.184145129897239e-07
+7.319999999999882e-09    +7.914482258677120e-01    +5.865072400180745e-01    -5.024085774878832e-06
+7.324999999999882e-09    +7.914453139213533e-01    +5.865111379931482e-01    -9.437553536997112e-06
+7.329999999999882e-09    +7.914405558005231e-01    +5.865175981387375e-01    -1.334448340448598e-05
+7.334999999999882e-09    +7.914342183218742e-01    +5.865262687603920e-01    -1.644716295276542e-05
+7.339999999999882e-09    +7.914266957069100e-01    +5.865366151620409e-01    -1.848923702803556e-05
+7.344999999999881e-09    +7.914184871032390e-01    +5.865479488997883e-01    -1.927937617906065e-05
+7.349999999999881e-09    +7.914101639200221e-01    +5.865594730502638e-01    -1.871143464204926e-05
+7.354999999999881e-09    +7.914023288858273e-01    +5.865703404769769e-01    -1.677876912098916e-05
+7.359999999999881e-09    +7.913955698723517e-01    +5.865797205135371e-01    -1.358079271292488e-05
+7.364999999999881e-09    +7.913904127841709e-01    +5.865868685700616e-01    -9.320496766894580e-06
+7.369999999999881e-09    +7.913872769051857e-01    +5.865911915911415e-01    -4.292539894899130e-06
+7.374999999999881e-09    +7.913864375448255e-01    +5.865923033355080e-01    +1.137528289147750e-06
+7.379999999999881e-09    +7.913879990840562e-01    +5.865900633069987e-01    +6.561379328890760e-06
+7.384999999999881e-09    +7.913918815323464e-01    +5.865845951782682e-01    +1.156098134987258e-05
+7.389999999999880e-09    +7.913978224170457e-01    +5.865762823934176e-01    +1.574366021317036e-05
+7.394999999999880e-09    +7.914053939993920e-01    +5.865657405577938e-01    +1.877586361620755e-05
+7.399999999999880e-09    +7.914140350009530e-01    +5.865537689507858e-01    +2.041239304008314e-05
+7.404999999999880e-09    +7.914230942349991e-01    +5.865412852988217e-01    +2.051826269440717e-05
+7.409999999999880e-09    +7.914318826409897e-01    +5.865292497924725e-01    +1.908104428535340e-05
+7.414999999999880e-09    +7.914397291929726e-01    +5.865185852562895e-01    +1.621248079098830e-05
+7.419999999999880e-09    +7.914460358412699e-01    +5.865101008062991e-01    +1.213919963720083e-05
+7.424999999999880e-09    +7.914503265880184e-01    +5.865044258803106e-01    +7.183409851421171e-06
+7.429999999999879e-09    +7.914522863524056e-01    +5.865019605059227e-01    +1.735416910530854e-06
+7.434999999999879e-09    +7.914517860846485e-01    +5.865028459752201e-01    -3.779465105502480e-06
+7.439999999999879e-09    +7.914488919714615e-01    +5.865069581921187e-01    -8.936548192320382e-06
+7.444999999999879e-09    +7.914438578631025e-01    +5.865139236676860e-01    -1.334672869786479e-05
+7.449999999999879e-09    +7.914371018236334e-01    +5.865231561832654e-01    -1.668768751919542e-05
+7.454999999999879e-09    +7.914291689265618e-01    +5.865339101258878e-01    -1.872867384488489e-05
+7.459999999999880e-09    +7.914206840103453e-01    +5.865453453345632e-01    -1.934686703780920e-05
+7.464999999999880e-09    +7.914122986890196e-01    +5.865565972477160e-01    -1.853412779214554e-05
+7.469999999999881e-09    +7.914046375771340e-01    +5.865668460740432e-01    -1.639385000603019e-05
+7.474999999999882e-09    +7.913982486341460e-01    +5.865753791042925e-01    -1.312852822227209e-05
+7.479999999999882e-09    +7.913935618814479e-01    +5.865816411306057e-01    -9.019480929308484e-06
+7.484999999999883e-09    +7.913908599794534e-01    +5.865852694238006e-01    -4.400839467611765e-06
+7.489999999999884e-09    +7.913902626737297e-01    +5.865861111855376e-01    +3.696319391239804e-07
+7.494999999999884e-09    +7.913917258279525e-01    +5.865842231930884e-01    +4.940131396459316e-06
+7.499999999999885e-09    +7.913950543274251e-01    +5.865798549734846e-01    +8.992163360713267e-06
+7.504999999999886e-09    +7.913999265669582e-01    +5.865734180216551e-01    +1.226332440003572e-05
+7.509999999999887e-09    +7.914059277784741e-01    +5.865654449601713e-01    +1.456380579972913e-05
+7.514999999999887e-09    +7.914125882275905e-01    +5.865565426872609e-01    +1.578562348307892e-05
+7.519999999999888e-09    +7.914194225666470e-01    +5.865473439804472e-01    +1.590437693540321e-05
+7.524999999999889e-09    +7.914259667965290e-01    +5.865384616585602e-01    +1.497409603401375e-05
+7.529999999999889e-09    +7.914318096577126e-01    +5.865304485747083e-01    +1.311636048042166e-05
+7.534999999999890e-09    +7.914366167434967e-01    +5.865237662052036e-01    +1.050531136304676e-05
+7.539999999999891e-09    +7.914401454652183e-01    +5.865187627337395e-01    +7.350378415543035e-06
+7.544999999999892e-09    +7.914422516874184e-01    +5.865156616128847e-01    +3.878526283048451e-06
+7.549999999999892e-09    +7.914428881928197e-01    +5.865145595455957e-01    +3.176084633306145e-07
+7.554999999999893e-09    +7.914420966391075e-01    +5.865154326320035e-01    -3.117945621419608e-06
+7.559999999999894e-09    +7.914399948936824e-01    +5.865181488054693e-01    -6.238325023956690e-06
+7.564999999999894e-09    +7.914367618599704e-01    +5.865224845614039e-01    -8.886083406681024e-06
+7.569999999999895e-09    +7.914326216005209e-01    +5.865281439589906e-01    -1.094052654327923e-05
+7.574999999999896e-09    +7.914278281606683e-01    +5.865347781700597e-01    -1.231916802426352e-05
+7.579999999999896e-09    +7.914226520337109e-01    +5.865420043497999e-01    -1.297691059709068e-05
+7.584999999999897e-09    +7.914173689790358e-01    +5.865494233628024e-01    -1.290371127885895e-05
+7.589999999999898e-09    +7.914122506859590e-01    +5.865566359156057e-01    -1.212147776341331e-05
+7.594999999999899e-09    +7.914075568679521e-01    +5.865632573792308e-01    -1.068082181538874e-05
+7.599999999999899e-09    +7.914035282437409e-01    +5.865689318727753e-01    -8.658089551382756e-06
+7.604999999999900e-09    +7.914003791062733e-01    +5.865733456969314e-01    -6.152833510996434e-06
+7.609999999999901e-09    +7.913982895694557e-01    +5.865762408716414e-01    -3.285618410807319e-06
+7.614999999999901e-09    +7.913973966075974e-01    +5.865774282976239e-01    -1.958060391675831e-07
+7.619999999999902e-09    +7.913977847094533e-01    +5.865768005130627e-01    +2.961212391571523e-06
+7.624999999999903e-09    +7.913994762819067e-01    +5.865743427794058e-01    +6.017941785604784e-06
+7.629999999999904e-09    +7.914024235546289e-01    +5.865701416838458e-01    +8.800415509657201e-06
+7.634999999999904e-09    +7.914065029786669e-01    +5.865643894853505e-01    +1.113588803738811e-05
+7.639999999999905e-09    +7.914115136389093e-01    +5.865573826933537e-01    +1.286261829178335e-05
+7.644999999999906e-09    +7.914171813999452e-01    +5.865495138032344e-01    +1.384137146677478e-05
+7.649999999999906e-09    +7.914231694117546e-01    +5.865412550813347e-01    +1.396783314205058e-05
+7.654999999999907e-09    +7.914290952459230e-01    +5.865331341566211e-01    +1.318473664938627e-05
+7.659999999999908e-09    +7.914345543563762e-01    +5.865257021805214e-01    +1.149223537984257e-05
+7.664999999999908e-09    +7.914391484055094e-01    +5.865194960616655e-01    +8.954959908184116e-06
+7.669999999999909e-09    +7.914425166836941e-01    +5.865149975481189e-01    +5.704333330011574e-06
+7.674999999999910e-09    +7.914443672008245e-01    +5.865125920125861e-01    +1.935076826404081e-06
+7.679999999999911e-09    +7.914445053165227e-01    +5.865125314366210e-01    -2.104596659552465e-06
+7.684999999999911e-09    +7.914428561241450e-01    +5.865149050821613e-01    -6.128897577257300e-06
+7.689999999999912e-09    +7.914394781418872e-01    +5.865196216821886e-01    -9.835529881068297e-06
+7.694999999999913e-09    +7.914345663999642e-01    +5.865264060582710e-01    -1.293025108084475e-05
+7.699999999999913e-09    +7.914284434310135e-01    +5.865348114507538e-01    -1.515270339049362e-05
+7.704999999999914e-09    +7.914215387804481e-01    +5.865442479646059e-01    -1.630096492126671e-05
+7.709999999999915e-09    +7.914143577819084e-01    +5.865540251156266e-01    -1.625222475177730e-05
+7.714999999999916e-09    +7.914074424980222e-01    +5.865634055703929e-01    -1.497724232955764e-05
+7.719999999999916e-09    +7.914013275985440e-01    +5.865716651283135e-01    -1.254679297443003e-05
+7.724999999999917e-09    +7.913964956837694e-01    +5.865781539011794e-01    -9.129071200693762e-06
+7.729999999999918e-09    +7.913933355928309e-01    +5.865823525214992e-01    -4.977942309251215e-06
+7.734999999999918e-09    +7.913921080180079e-01    +5.865839181975199e-01    -4.128936844849486e-07
+7.739999999999919e-09    +7.913929217507710e-01    +5.865827160580663e-01    +4.207573239937365e-06
+7.744999999999920e-09    +7.913957225278353e-01    +5.865788323374880e-01    +8.516646927952385e-06
+7.749999999999921e-09    +7.914002964425563e-01    +5.865725685068451e-01    +1.217108279588124e-05
+7.754999999999921e-09    +7.914062868048451e-01    +5.865644161305766e-01    +1.488118042414899e-05
+7.759999999999922e-09    +7.914132238939755e-01    +5.865550153644963e-01    +1.643596215286205e-05
+7.764999999999923e-09    +7.914205645015815e-01    +5.865451006637266e-01    +1.672114495597465e-05
+7.769999999999923e-09    +7.914277376061128e-01    +5.865354387192024e-01    +1.572822537754991e-05
+7.774999999999924e-09    +7.914341922834239e-01    +5.865267645523958e-01    +1.355390030704665e-05
+7.779999999999925e-09    +7.914394431867371e-01    +5.865197213860310e-01    +1.039001297358580e-05
+7.784999999999925e-09    +7.914431098101798e-01    +5.865148098666633e-01    +6.505141816179761e-06
+7.789999999999926e-09    +7.914449457890745e-01    +5.865123507985415e-01    +2.219751000453857e-06
+7.794999999999927e-09    +7.914448558212468e-01    +5.865124643860123e-01    -2.122599303961228e-06
+7.799999999999928e-09    +7.914428991273985e-01    +5.865150673964831e-01    -6.185159278729211e-06
+7.804999999999928e-09    +7.914392795489641e-01    +5.865198878146810e-01    -9.666165459302716e-06
+7.809999999999929e-09    +7.914343232403886e-01    +5.865264946187785e-01    -1.232270581565029e-05
+7.814999999999930e-09    +7.914284470312779e-01    +5.865343396358097e-01    -1.398821467248325e-05
+7.819999999999930e-09    +7.914221203829684e-01    +5.865428068016296e-01    -1.458226089444757e-05
+7.824999999999931e-09    +7.914158249509473e-01    +5.865512641319909e-01    -1.411213182640699e-05
+7.829999999999932e-09    +7.914100152141472e-01    +5.865591133673457e-01    -1.266657587787856e-05
+7.834999999999933e-09    +7.914050842616113e-01    +5.865658334912760e-01    -1.040284750026450e-05
+7.839999999999933e-09    +7.914013368953965e-01    +5.865710144231310e-01    -7.528810240806145e-06
+7.844999999999934e-09    +7.913989724577538e-01    +5.865743792232031e-01    -4.282233432021606e-06
+7.849999999999935e-09    +7.913980776245669e-01    +5.865757937109378e-01    -9.095278595056296e-07
+7.854999999999935e-09    +7.913986294015954e-01    +5.865752643883382e-01    +2.353993642873374e-06
+7.859999999999936e-09    +7.914005065142699e-01    +5.865729258630077e-01    +5.300629001149900e-06
+7.864999999999937e-09    +7.914035077586252e-01    +5.865690204880677e-01    +7.762423107497380e-06
+7.869999999999937e-09    +7.914073742229091e-01    +5.865638725083239e-01    +9.618400235945548e-06
+7.874999999999938e-09    +7.914118133716410e-01    +5.865578598982221e-01    +1.079697881472314e-05
+7.879999999999939e-09    +7.914165222577274e-01    +5.865513862119183e-01    +1.127417641613957e-05
+7.884999999999940e-09    +7.914212079510141e-01    +5.865448545606835e-01    +1.106857676109733e-05
+7.889999999999940e-09    +7.914256039316259e-01    +5.865386452577841e-01    +1.023421825516139e-05
+7.894999999999941e-09    +7.914294817335981e-01    +5.865330979062815e-01    +8.852563624414558e-06
+7.899999999999942e-09    +7.914326577859064e-01    +5.865284980859607e-01    +7.024556659101099e-06
+7.904999999999942e-09    +7.914349962017129e-01    +5.865250684607114e-01    +4.863505348779930e-06
+7.909999999999943e-09    +7.914364086634195e-01    +5.865229637955038e-01    +2.489214007866280e-06
+7.914999999999944e-09    +7.914368519220274e-01    +5.865222686612331e-01    +2.346074128220540e-08
+7.919999999999945e-09    +7.914363249870381e-01    +5.865229977275139e-01    -2.413355037777279e-06
+7.924999999999945e-09    +7.914348662031933e-01    +5.865250975679300e-01    -4.704767162511552e-06
+7.929999999999946e-09    +7.914325509343815e-01    +5.865284497732804e-01    -6.740474708656198e-06
+7.934999999999947e-09    +7.914294900977715e-01    +5.865328754322463e-01    -8.418725827937409e-06
+7.939999999999947e-09    +7.914258287717606e-01    +5.865381408955566e-01    -9.649240723206434e-06
+7.944999999999948e-09    +7.914217445884085e-01    +5.865439655012362e-01    -1.035689411845626e-05
+7.949999999999949e-09    +7.914174447035738e-01    +5.865500315099564e-01    -1.048616307807512e-05
+7.954999999999949e-09    +7.914131602652500e-01    +5.865559965238247e-01    -1.000610208288576e-05
+7.959999999999950e-09    +7.914091381821388e-01    +5.865615089237333e-01    -8.915371217205806e-06
+7.964999999999951e-09    +7.914056294426832e-01    +5.865662258855036e-01    -7.246639613191764e-06
+7.969999999999952e-09    +7.914028740876720e-01    +5.865698333505033e-01    -5.069564490825366e-06
+7.974999999999952e-09    +7.914010840250221e-01    +5.865720672247975e-01    -2.491519525902106e-06
+7.979999999999953e-09    +7.914004247478433e-01    +5.865727341858880e-01    +3.446519583256788e-07
+7.984999999999954e-09    +7.914009977697659e-01    +5.865717303562193e-01    +3.266346841619004e-06
+7.989999999999954e-09    +7.914028260647986e-01    +5.865690560737595e-01    +6.080510231977217e-06
+7.994999999999955e-09    +7.914058440469924e-01    +5.865648244892683e-01    +8.586234379408731e-06
+7.999999999999956e-09    +7.914098944913120e-01    +5.865592627604717e-01    +1.058987274160118e-05
+8.004999999999957e-09    +7.914147331553776e-01    +5.865527043470027e-01    +1.192145652296234e-05
+8.009999999999957e-09    +7.914200417120301e-01    +5.865455720423677e-01    +1.245086598018003e-05
+8.014999999999958e-09    +7.914254485291862e-01    +5.865383521280954e-01    +1.210203865109745e-05
+8.019999999999959e-09    +7.914305557955343e-01    +5.865315609057492e-01    +1.086352540694569e-05
+8.024999999999959e-09    +7.914349711046048e-01    +5.865257060905991e-01    +8.793953507180234e-06
+8.029999999999960e-09    +7.914383405805200e-01    +5.865212460498811e-01    +6.021403326301549e-06
+8.034999999999961e-09    +7.914403801207234e-01    +5.865185502734607e-01    +2.736300483323291e-06
+8.039999999999961e-09    +7.914409022231066e-01    +5.865178652566887e-01    -8.218867802135099e-07
+8.044999999999962e-09    +7.914398351178269e-01    +5.865192889920874e-01    -4.383169795242243e-06
+8.049999999999963e-09    +7.914372323979356e-01    +5.865227571930099e-01    -7.669202913606537e-06
+8.054999999999964e-09    +7.914332717535479e-01    +5.865280430359351e-01    -1.041706243459926e-05
+8.059999999999964e-09    +7.914282427132391e-01    +5.865347711181325e-01    -1.240237880030089e-05
+8.064999999999965e-09    +7.914225242616515e-01    +5.865424448573618e-01    -1.345956668018595e-05
+8.069999999999966e-09    +7.914165543561575e-01    +5.865504853055016e-01    -1.349714231707827e-05
+8.074999999999966e-09    +7.914107936474968e-01    +5.865582778034253e-01    -1.250657885323103e-05
+8.079999999999967e-09    +7.914056873056983e-01    +5.865652227713231e-01    -1.056377537407732e-05
+8.084999999999968e-09    +7.914016277626976e-01    +5.865707855769229e-01    -7.822934322731171e-06
+8.089999999999969e-09    +7.913989223538019e-01    +5.865745413289596e-01    -4.503388344571866e-06
+8.094999999999969e-09    +7.913977681517650e-01    +5.865762100597214e-01    -8.706051403104246e-07
+8.099999999999970e-09    +7.913982369186582e-01    +5.865756795774101e-01    +2.786836180371977e-06
+8.104999999999971e-09    +7.914002705983620e-01    +5.865730133811284e-01    +6.182119662874180e-06
+8.109999999999971e-09    +7.914036884170271e-01    +5.865684435854389e-01    +9.054574545745661e-06
+8.114999999999972e-09    +7.914082040698835e-01    +5.865623491815910e-01    +1.119129591353039e-05
+8.119999999999973e-09    +7.914134516600790e-01    +5.865552221026743e-01    +1.244403340570364e-05
+8.124999999999973e-09    +7.914190176873669e-01    +5.865476242712923e-01    +1.273987760572385e-05
+8.129999999999974e-09    +7.914244759491940e-01    +5.865401396449187e-01    +1.208491655930705e-05
+8.134999999999975e-09    +7.914294224855165e-01    +5.865333259686488e-01    +1.056075181405816e-05
+8.139999999999976e-09    +7.914335070226294e-01    +5.865276703131133e-01    +8.314477103885450e-06
+8.144999999999976e-09    +7.914364588152820e-01    +5.865235526571916e-01    +5.543353168860881e-06
+8.149999999999977e-09    +7.914381042745099e-01    +5.865212200531235e-01    +2.475888741602442e-06
+8.154999999999978e-09    +7.914383758339164e-01    +5.865207735764074e-01    -6.486843424193261e-07
+8.159999999999978e-09    +7.914373113990550e-01    +5.865221682334740e-01    -3.600504470635531e-06
+8.164999999999979e-09    +7.914350452263814e-01    +5.865252251210851e-01    -6.176879728624742e-06
+8.169999999999980e-09    +7.914317915727552e-01    +5.865296538037200e-01    -8.216302496278833e-06
+8.174999999999981e-09    +7.914278230127247e-01    +5.865350820177306e-01    -9.607696883800877e-06
+8.179999999999981e-09    +7.914234461242169e-01    +5.865410896637676e-01    -1.029450252308676e-05
+8.184999999999982e-09    +7.914189761439914e-01    +5.865472431719906e-01    -1.027377720109124e-05
+8.189999999999983e-09    +7.914147137379641e-01    +5.865531278177687e-01    -9.591005923496103e-06
+8.194999999999983e-09    +7.914109250556135e-01    +5.865583750721736e-01    -8.331669752314054e-06
+8.199999999999984e-09    +7.914078264704546e-01    +5.865626834027747e-01    -6.610832437935216e-06
+8.204999999999985e-09    +7.914055748859733e-01    +5.865658318680246e-01    -4.562020311886350e-06
+8.209999999999986e-09    +7.914042633082641e-01    +5.865676862824420e-01    -2.326530625243496e-06
+8.214999999999986e-09    +7.914039217296950e-01    +5.865681990166558e-01    -4.404010246261689e-08
+8.219999999999987e-09    +7.914045216382254e-01    +5.865674030670169e-01    +2.154947257809374e-06
+8.224999999999988e-09    +7.914059838821345e-01    +5.865654024274459e-01    +4.154614229001292e-06
+8.229999999999988e-09    +7.914081882220718e-01    +5.865623599150094e-01    +5.857414555657674e-06
+8.234999999999989e-09    +7.914109835115853e-01    +5.865584838128285e-01    +7.186050570355248e-06
+8.239999999999990e-09    +7.914141976588939e-01    +5.865540144150436e-01    +8.084287906557621e-06
+8.244999999999990e-09    +7.914176468547984e-01    +5.865492112439130e-01    +8.517065018925343e-06
+8.249999999999991e-09    +7.914211435620714e-01    +5.865443411443431e-01    +8.470279649275689e-06
+8.254999999999992e-09    +7.914245036087189e-01    +5.865396675452532e-01    +7.950500922469806e-06
+8.259999999999993e-09    +7.914275521214645e-01    +5.865354403931727e-01    +6.984687859144728e-06
+8.264999999999993e-09    +7.914301292911914e-01    +5.865318869501674e-01    +5.619837965657933e-06
+8.269999999999994e-09    +7.914320957978315e-01    +5.865292028610262e-01    +3.922357934965903e-06
+8.274999999999995e-09    +7.914333382248675e-01    +5.865275434442548e-01    +1.976865699353934e-06
+8.279999999999995e-09    +7.914337749505063e-01    +5.865270156092561e-01    -1.158848447472634e-07
+8.284999999999996e-09    +7.914333619058472e-01    +5.865276704619872e-01    -2.242225369163539e-06
+8.289999999999997e-09    +7.914320978303887e-01    +5.865294972432072e-01    -4.280115803774676e-06
+8.294999999999998e-09    +7.914300284271352e-01    +5.865324194195881e-01    -6.105037360245900e-06
+8.299999999999998e-09    +7.914272485454713e-01    +5.865362937417536e-01    -7.597090282915744e-06
+8.304999999999999e-09    +7.914239017821448e-01    +5.865409132317577e-01    -8.648955722920454e-06
+8.310000000000000e-09    +7.914201761841684e-01    +5.865460143081429e-01    -9.174197413423374e-06
+8.315000000000000e-09    +7.914162964139261e-01    +5.865512889063570e-01    -9.115215945790246e-06
+8.320000000000001e-09    +7.914125116917805e-01    +5.865564010280164e-01    -8.450062663317613e-06
+8.325000000000002e-09    +7.914090802868058e-01    +5.865610073273134e-01    -7.197292065569441e-06
+8.330000000000002e-09    +7.914062512841058e-01    +5.865647804532392e-01    -5.418098640858748e-06
+8.335000000000003e-09    +7.914042451493025e-01    +5.865674336351421e-01    -3.215158378728691e-06
+8.340000000000004e-09    +7.914032346147482e-01    +5.865687444129383e-01    -7.278662551298541e-07
+8.345000000000005e-09    +7.914033279330123e-01    +5.865685754741763e-01    +1.875987805612766e-06
+8.350000000000005e-09    +7.914045560785183e-01    +5.865668902936009e-01    +4.411675457195185e-06
+8.355000000000006e-09    +7.914068658343333e-01    +5.865637619562952e-01    +6.691312393814439e-06
+8.360000000000007e-09    +7.914101194564425e-01    +5.865593734921607e-01    +8.538841893124309e-06
+8.365000000000007e-09    +7.914141016389297e-01    +5.865540091781243e-01    +9.804888854676819e-06
+8.370000000000008e-09    +7.914185336223648e-01    +5.865480369604813e-01    +1.038007819494848e-05
+8.375000000000009e-09    +7.914230934812547e-01    +5.865418829574156e-01    +1.020550161983188e-05
+8.380000000000010e-09    +7.914274408509042e-01    +5.865359997443685e-01    +9.279240102511536e-06
+8.385000000000010e-09    +7.914312442576519e-01    +5.865308311019680e-01    +7.658202772451027e-06
+8.390000000000011e-09    +7.914342084175277e-01    +5.865267760481531e-01    +5.454972614079496e-06
+8.395000000000012e-09    +7.914360992493515e-01    +5.865241554867670e-01    +2.829817028275125e-06
+8.400000000000012e-09    +7.914367640145711e-01    +5.865231843464687e-01    -2.152590726382577e-08
+8.405000000000013e-09    +7.914361449047590e-01    +5.865239520117985e-01    -2.883282906572257e-06
+8.410000000000014e-09    +7.914342846830535e-01    +5.865264129445964e-01    -5.536995043642854e-06
+8.415000000000014e-09    +7.914313237136613e-01    +5.865303884959983e-01    -7.779293506829463e-06
+8.420000000000015e-09    +7.914274889308727e-01    +5.865355801874852e-01    -9.438560828992227e-06
+8.425000000000016e-09    +7.914230750901722e-01    +5.865415930295236e-01    -1.038902708119793e-05
+8.430000000000017e-09    +7.914184206663780e-01    +5.865479674197090e-01    -1.056106056099219e-05
+8.435000000000017e-09    +7.914138801417661e-01    +5.865542165949014e-01    -9.946739762186781e-06
+8.440000000000018e-09    +7.914097951218338e-01    +5.865598663459611e-01    -8.600205289979701e-06
+8.445000000000019e-09    +7.914064670220782e-01    +5.865644936345946e-01    -6.632754613603706e-06
+8.450000000000019e-09    +7.914041335676110e-01    +5.865677606191644e-01    -4.203115965870054e-06
+8.455000000000020e-09    +7.914029510185238e-01    +5.865694410575988e-01    -1.503783762786021e-06
+8.460000000000021e-09    +7.914029836630273e-01    +5.865694369006834e-01    +1.255335418078341e-06
+8.465000000000022e-09    +7.914042011212754e-01    +5.865677836055088e-01    +3.864466485497760e-06
+8.470000000000022e-09    +7.914064836072876e-01    +5.865646439986619e-01    +6.131093637910381e-06
+8.475000000000023e-09    +7.914096343270129e-01    +5.865602914343181e-01    +7.895127360458691e-06
+8.480000000000024e-09    +7.914133976264823e-01    +5.865550840309323e-01    +9.040782357342047e-06
+8.485000000000024e-09    +7.914174812693975e-01    +5.865494327384061e-01    +9.504194213431474e-06
+8.490000000000025e-09    +7.914215805484029e-01    +5.865437662298906e-01    +9.276255228476946e-06
+8.495000000000026e-09    +7.914254021397096e-01    +5.865384959799457e-01    +8.400642747081603e-06
+8.500000000000026e-09    +7.914286859039477e-01    +5.865339848157114e-01    +6.967491993718335e-06
+8.505000000000027e-09    +7.914312225632051e-01    +5.865305213125862e-01    +5.103570381165179e-06
+8.510000000000028e-09    +7.914328664659971e-01    +5.865283022105144e-01    +2.960097119042011e-06
+8.515000000000029e-09    +7.914335424135370e-01    +5.865274235739490e-01    +6.994949729448823e-07
+8.520000000000029e-09    +7.914332466418313e-01    +5.865278808513056e-01    -1.517646691360839e-06
+8.525000000000030e-09    +7.914320423542421e-01    +5.865295769622638e-01    -3.544265894146308e-06
+8.530000000000031e-09    +7.914300505716019e-01    +5.865323368032259e-01    -5.256301552900730e-06
+8.535000000000031e-09    +7.914274375774017e-01    +5.865359262461126e-01    -6.559390108800651e-06
+8.540000000000032e-09    +7.914244002654973e-01    +5.865400734366293e-01    -7.392571600064152e-06
+8.545000000000033e-09    +7.914211506564389e-01    +5.865444902363784e-01    -7.729110961446821e-06
+8.550000000000034e-09    +7.914179011059215e-01    +5.865488922128071e-01    -7.574801150431573e-06
+8.555000000000034e-09    +7.914148508794080e-01    +5.865530155956631e-01    -6.964294446824190e-06
+8.560000000000035e-09    +7.914121751556925e-01    +5.865566306101336e-01    -5.956095429454129e-06
+8.565000000000036e-09    +7.914100168922497e-01    +5.865595508987989e-01    -4.626845132988986e-06
+8.570000000000036e-09    +7.914084814811898e-01    +5.865616390564176e-01    -3.065454867200456e-06
+8.575000000000037e-09    +7.914076340939633e-01    +5.865628087980834e-01    -1.367520416265256e-06
+8.580000000000038e-09    +7.914074996728642e-01    +5.865630246506334e-01    +3.697001189035756e-07
+8.585000000000038e-09    +7.914080648216536e-01    +5.865622997052571e-01    +2.051613751069585e-06
+8.590000000000039e-09    +7.914092809591066e-01    +5.865606919978481e-01    +3.589917055936801e-06
+8.595000000000040e-09    +7.914110686513097e-01    +5.865583002735117e-01    +4.905602130932606e-06
+8.600000000000041e-09    +7.914133223922002e-01    +5.865552591610506e-01    +5.931478703426330e-06
+8.605000000000041e-09    +7.914159156788935e-01    +5.865517338642353e-01    +6.614346423506795e-06
+8.610000000000042e-09    +7.914187063639708e-01    +5.865479142833935e-01    +6.916922125073264e-06
+8.615000000000043e-09    +7.914215421988374e-01    +5.865440082276699e-01    +6.819560304404222e-06
+8.620000000000043e-09    +7.914242667058808e-01    +5.865402334555108e-01    +6.321724591823283e-06
+8.625000000000044e-09    +7.914267255704963e-01    +5.865368083881639e-01    +5.443082077320426e-06
+8.630000000000045e-09    +7.914287735177447e-01    +5.865339414075573e-01    +4.224016380788388e-06
+8.635000000000046e-09    +7.914302818188343e-01    +5.865318191188520e-01    +2.725304505355297e-06
+8.640000000000046e-09    +7.914311459696002e-01    +5.865305939647231e-01    +1.026692578067697e-06
+8.645000000000047e-09    +7.914312934475755e-01    +5.865303722578407e-01    -7.758592869521603e-07
+8.650000000000048e-09    +7.914306905451296e-01    +5.865312034330243e-01    -2.574399693302670e-06
+8.655000000000048e-09    +7.914293479912375e-01    +5.865330720313123e-01    -4.254671797753485e-06
+8.660000000000049e-09    +7.914273241381889e-01    +5.865358932957917e-01    -5.703077947507771e-06
+8.665000000000050e-09    +7.914247253505826e-01    +5.865395136298905e-01    -6.814542388740297e-06
+8.670000000000051e-09    +7.914217026515203e-01    +5.865437163026876e-01    -7.500708052507195e-06
+8.675000000000051e-09    +7.914184447660041e-01    +5.865482328652808e-01    -7.697757669149611e-06
+8.680000000000052e-09    +7.914151671520013e-01    +5.865527595545709e-01    -7.373079391870450e-06
+8.685000000000053e-09    +7.914120979798324e-01    +5.865569780504966e-01    -6.530009378668574e-06
+8.690000000000053e-09    +7.914094616625805e-01    +5.865605789055292e-01    -5.209999463343351e-06
+8.695000000000054e-09    +7.914074612845046e-01    +5.865632858353396e-01    -3.491758651737295e-06
+8.700000000000055e-09    +7.914062614881877e-01    +5.865648788089942e-01    -1.487194731761756e-06
+8.705000000000055e-09    +7.914059733344185e-01    +5.865652137484133e-01    +6.657083195730837e-07
+8.710000000000056e-09    +7.914066428001340e-01    +5.865642369883659e-01    +2.812621307024521e-06
+8.715000000000057e-09    +7.914082440747073e-01    +5.865619928552347e-01    +4.794476425366709e-06
+8.720000000000058e-09    +7.914106787397023e-01    +5.865586235044313e-01    +6.459999785367560e-06
+8.725000000000058e-09    +7.914137809909934e-01    +5.865543605457364e-01    +7.678098452417688e-06
+8.730000000000059e-09    +7.914173289804479e-01    +5.865495090600242e-01    +8.349008414565142e-06
+8.735000000000060e-09    +7.914210612932544e-01    +5.865444249942321e-01    +8.413191561546740e-06
+8.740000000000060e-09    +7.914246973176480e-01    +5.865394877373262e-01    +7.857143464356071e-06
+8.745000000000061e-09    +7.914279599289408e-01    +5.865350702171638e-01    +6.715524306068246e-06
+8.750000000000062e-09    +7.914305980800361e-01    +5.865315087514673e-01    +5.069330010624872e-06
+8.755000000000063e-09    +7.914324078014788e-01    +5.865290756239564e-01    +3.040155309335644e-06
+8.760000000000063e-09    +7.914332494051104e-01    +5.865279566021279e-01    +7.809430628421807e-07
+8.765000000000064e-09    +7.914330592790288e-01    +5.865282354018574e-01    -1.536070659865730e-06
+8.770000000000065e-09    +7.914318551774374e-01    +5.865298865354899e-01    -3.733238605944672e-06
+8.775000000000065e-09    +7.914297346961521e-01    +5.865327773772009e-01    -5.642035533330193e-06
+8.780000000000066e-09    +7.914268669420987e-01    +5.865366792356903e-01    -7.116972768969881e-06
+8.785000000000067e-09    +7.914234780759876e-01    +5.865412864343322e-01    -8.047642026731085e-06
+8.790000000000067e-09    +7.914198321770152e-01    +5.865462417998120e-01    -8.367777581744365e-06
+8.795000000000068e-09    +7.914162091116204e-01    +5.865511662368623e-01    -8.060483226865896e-06
+8.800000000000069e-09    +7.914128816807988e-01    +5.865556899195994e-01    -7.159124987188537e-06
+8.805000000000070e-09    +7.914100934813796e-01    +5.865594818898603e-01    -5.743810822699696e-06
+8.810000000000070e-09    +7.914080401715855e-01    +5.865622759690504e-01    -3.933814067051268e-06
+8.815000000000071e-09    +7.914068551451539e-01    +5.865638903627718e-01    -1.876700901863287e-06
+8.820000000000072e-09    +7.914066009994187e-01    +5.865642395603934e-01    +2.647537005819539e-07
+8.825000000000072e-09    +7.914072672242336e-01    +5.865633376431594e-01    +2.326573504338041e-06
+8.830000000000073e-09    +7.914087740964999e-01    +5.865612930745356e-01    +4.157165203753242e-06
+8.835000000000074e-09    +7.914109820764369e-01    +5.865582957828127e-01    +5.629220754566968e-06
+8.840000000000075e-09    +7.914137056642462e-01    +5.865545981478878e-01    +6.648904098339299e-06
+8.845000000000075e-09    +7.914167301533507e-01    +5.865504918877977e-01    +7.161614506821116e-06
+8.850000000000076e-09    +7.914198297527837e-01    +5.865462832554570e-01    +7.154005735239973e-06
+8.855000000000077e-09    +7.914227852769119e-01    +5.865422687739261e-01    +6.652336834401856e-06
+8.860000000000077e-09    +7.914254001232852e-01    +5.865387137449445e-01    +5.717593838865996e-06
+8.865000000000078e-09    +7.914275131247308e-01    +5.865358350269425e-01    +4.438105358765078e-06
+8.870000000000079e-09    +7.914290076264059e-01    +5.865337892551820e-01    +2.920561154095877e-06
+8.875000000000079e-09    +7.914298162823096e-01    +5.865326668451049e-01    +1.280410601912166e-06
+8.880000000000080e-09    +7.914299217919020e-01    +5.865324917125465e-01    -3.674235109069059e-07
+8.885000000000081e-09    +7.914293536589668e-01    +5.865332257732370e-01    -1.916720294130219e-06
+8.890000000000082e-09    +7.914281820816256e-01    +5.865347774169175e-01    -3.276440240116386e-06
+8.895000000000082e-09    +7.914265096529858e-01    +5.865370125256697e-01    -4.375169578327629e-06
+8.900000000000083e-09    +7.914244617614211e-01    +5.865397666747080e-01    -5.163450270937950e-06
+8.905000000000084e-09    +7.914221769384049e-01    +5.865428575531045e-01    -5.614144979945932e-06
+8.910000000000084e-09    +7.914197975707152e-01    +5.865460964014982e-01    -5.721171893304102e-06
+8.915000000000085e-09    +7.914174618551072e-01    +5.865492980296508e-01    -5.497063636490375e-06
+8.920000000000086e-09    +7.914152972471219e-01    +5.865522890364407e-01    -4.969850096964649e-06
+8.925000000000087e-09    +7.914134154767991e-01    +5.865549141943903e-01    -4.179740470364046e-06
+8.930000000000087e-09    +7.914119090976716e-01    +5.865570412655738e-01    -3.175993675493223e-06
+8.935000000000088e-09    +7.914108492858329e-01    +5.865585645888982e-01    -2.014231876052351e-06
+8.940000000000089e-09    +7.914102846392836e-01    +5.865594078924522e-01    -7.542963077904238e-07
+8.945000000000089e-09    +7.914102404226210e-01    +5.865595265087266e-01    +5.414102174906685e-07
+8.950000000000090e-09    +7.914107181903979e-01    +5.865589093076359e-01    +1.809277394685002e-06
+8.955000000000091e-09    +7.914116957331586e-01    +5.865575803768779e-01    +2.985806437793585e-06
+8.960000000000091e-09    +7.914131269687616e-01    +5.865555999303698e-01    +4.009177780492799e-06
+8.965000000000092e-09    +7.914149426224109e-01    +5.865530644727460e-01    +4.821307354404836e-06
+8.970000000000093e-09    +7.914170511114152e-01    +5.865501050648928e-01    +5.370519544594700e-06
+8.975000000000094e-09    +7.914193409664620e-01    +5.865468838070904e-01    +5.614811859988392e-06
+8.980000000000094e-09    +7.914216843749807e-01    +5.865435875812354e-01    +5.525513033078373e-06
+8.985000000000095e-09    +7.914239425174328e-01    +5.865404191525261e-01    +5.090967813838243e-06
+8.990000000000096e-09    +7.914259726475120e-01    +5.865375856966423e-01    +4.319759453749387e-06
+8.995000000000096e-09    +7.914276365632630e-01    +5.865352851616251e-01    +3.242920294054218e-06
+9.000000000000097e-09    +7.914288104017821e-01    +5.865336916382140e-01    +1.914605516064477e-06
+9.005000000000098e-09    +7.914293945637861e-01    +5.865329406258968e-01    +4.108174165041147e-07
+9.010000000000099e-09    +7.914293233978433e-01    +5.865331159828002e-01    -1.174041493394111e-06
+9.015000000000099e-09    +7.914285730232541e-01    +5.865342395918143e-01    -2.732762034038632e-06
+9.020000000000100e-09    +7.914271669811408e-01    +5.865362655279744e-01    -4.152770816063263e-06
+9.025000000000101e-09    +7.914251780524832e-01    +5.865390791639125e-01    -5.324865966764327e-06
+9.030000000000101e-09    +7.914227264406767e-01    +5.865425022927936e-01    -6.152481077486600e-06
+9.035000000000102e-09    +7.914199733614520e-01    +5.865463037476575e-01    -6.560582838245922e-06
+9.040000000000103e-09    +7.914171108597884e-01    +5.865502153469196e-01    -6.503279548805960e-06
+9.045000000000103e-09    +7.914143478482378e-01    +5.865539515778876e-01    -5.969298667442101e-06
+9.050000000000104e-09    +7.914118940169909e-01    +5.865572318460167e-01    -4.984668367224086e-06
+9.055000000000105e-09    +7.914099425415739e-01    +5.865598031003652e-01    -3.612197088744188e-06
+9.060000000000106e-09    +7.914086534300708e-01    +5.865614610244920e-01    -1.947654460314411e-06
+9.065000000000106e-09    +7.914081388793704e-01    +5.865620677092011e-01    -1.128820484422636e-07
+9.070000000000107e-09    +7.914084523981558e-01    +5.865615643406170e-01    +1.753632288613759e-06
+9.075000000000108e-09    +7.914095825541679e-01    +5.865599774436457e-01    +3.507924228430847e-06
+9.080000000000108e-09    +7.914114523239706e-01    +5.865574181437617e-01    +5.012492056374667e-06
+9.085000000000109e-09    +7.914139242720624e-01    +5.865540743718399e-01    +6.147939663309184e-06
+9.090000000000110e-09    +7.914168110172697e-01    +5.865501964266878e-01    +6.823262898451073e-06
+9.095000000000111e-09    +7.914198904941503e-01    +5.865460773130402e-01    +6.983827811812999e-06
+9.100000000000111e-09    +7.914229242057457e-01    +5.865420291837649e-01    +6.616282601500034e-06
+9.105000000000112e-09    +7.914256773641611e-01    +5.865383582816813e-01    +5.749918476297691e-06
+9.110000000000113e-09    +7.914279384074431e-01    +5.865353400936670e-01    +4.454313258217845e-06
+9.115000000000113e-09    +7.914295368127541e-01    +5.865331973789744e-01    +2.833439991098288e-06
+9.120000000000114e-09    +7.914303568727780e-01    +5.865320825020821e-01    +1.016756371631075e-06
+9.125000000000115e-09    +7.914303468497949e-01    +5.865320660421859e-01    -8.519142414059583e-07
+9.130000000000116e-09    +7.914295220085684e-01    +5.865331321291282e-01    -2.626682583235372e-06
+9.135000000000116e-09    +7.914279621083684e-01    +5.865351813537768e-01    -4.171925405772256e-06
+9.140000000000117e-09    +7.914258030175050e-01    +5.865380403983091e-01    -5.373499304850721e-06
+9.145000000000118e-09    +7.914232240115440e-01    +5.865414778430504e-01    -6.147803825537918e-06
+9.150000000000118e-09    +7.914204314059659e-01    +5.865452241599953e-01    -6.447888920625614e-06
+9.155000000000119e-09    +7.914176407276254e-01    +5.865489944126323e-01    -6.266114177840807e-06
+9.160000000000120e-09    +7.914150589533497e-01    +5.865525114677625e-01    -5.633224350651386e-06
+9.165000000000120e-09    +7.914128680445628e-01    +5.865555274000590e-01    -4.614078369446748e-06
+9.170000000000121e-09    +7.914112118261146e-01    +5.865578417331563e-01    -3.300593841954585e-06
+9.175000000000122e-09    +7.914101867861993e-01    +5.865593147992764e-01    -1.802723339431844e-06
+9.180000000000123e-09    +7.914098373592169e-01    +5.865598753258818e-01    -2.384326414439935e-07
+9.185000000000123e-09    +7.914101559262432e-01    +5.865595220474636e-01    +1.276312917548595e-06
+9.190000000000124e-09    +7.914110871239585e-01    +5.865583195914079e-01    +2.636623706885892e-06
+9.195000000000125e-09    +7.914125355211176e-01    +5.865563892977043e-01    +3.756060034347870e-06
+9.200000000000125e-09    +7.914143760388690e-01    +5.865538964349988e-01    +4.571783881245503e-06
+9.205000000000126e-09    +7.914164653642206e-01    +5.865510348406101e-01    +5.047234881093444e-06
+9.210000000000127e-09    +7.914186538743623e-01    +5.865480109668914e-01    +5.172354124058447e-06
+9.215000000000128e-09    +7.914207965174268e-01    +5.865450284115423e-01    +4.961620568378329e-06
+9.220000000000128e-09    +7.914227621102687e-01    +5.865422743368355e-01    +4.450354651949824e-06
+9.225000000000129e-09    +7.914244404069042e-01    +5.865399085947668e-01    +3.689863127833954e-06
+9.230000000000130e-09    +7.914257467263226e-01    +5.865380560895576e-01    +2.742042231481893e-06
+9.235000000000130e-09    +7.914266242053964e-01    +5.865368025217598e-01    +1.674027205433167e-06
+9.240000000000131e-09    +7.914270439664336e-01    +5.865361933056653e-01    +5.533810843012554e-07
+9.245000000000132e-09    +7.914270035214900e-01    +5.865362350933886e-01    -5.558243677468504e-07
+9.250000000000132e-09    +7.914265239361388e-01    +5.865368992533256e-01    -1.595854926509433e-06
+9.255000000000133e-09    +7.914256466482188e-01    +5.865381268500728e-01    -2.517072139733274e-06
+9.260000000000134e-09    +7.914244296809594e-01    +5.865398339705581e-01    -3.278747270031813e-06
+9.265000000000135e-09    +7.914229442731673e-01    +5.865419173468914e-01    -3.849185178773464e-06
+9.270000000000135e-09    +7.914212715308607e-01    +5.865442595419570e-01    -4.205474117701337e-06
+9.275000000000136e-09    +7.914194995780098e-01    +5.865467338856694e-01    -4.333175817176149e-06
+9.280000000000137e-09    +7.914177206278707e-01    +5.865492089056634e-01    -4.226211361409679e-06
+9.285000000000137e-09    +7.914160282212439e-01    +5.865515527677061e-01    -3.887087818081486e-06
+9.290000000000138e-09    +7.914145140559540e-01    +5.865536377570358e-01    -3.327473275006294e-06
+9.295000000000139e-09    +7.914132644443935e-01    +5.865553452010287e-01    -2.568981614368281e-06
+9.300000000000140e-09    +7.914123561778845e-01    +5.865565708724264e-01    -1.643904057675883e-06
+9.305000000000140e-09    +7.914118521429148e-01    +5.865572310137159e-01    -5.955449537354661e-07
+9.310000000000141e-09    +7.914117964714648e-01    +5.865572683941392e-01    +5.221989357413231e-07
+9.315000000000142e-09    +7.914122102501627e-01    +5.865566583286199e-01    +1.646321718276111e-06
+9.320000000000142e-09    +7.914130874650959e-01    +5.865554133950432e-01    +2.707437770893485e-06
+9.325000000000143e-09    +7.914143926984241e-01    +5.865535867173887e-01    +3.633768190810765e-06
+9.330000000000144e-09    +7.914160602525671e-01    +5.865512724509248e-01    +4.356193777849741e-06
+9.335000000000144e-09    +7.914179958933399e-01    +5.865486033766182e-01    +4.813985508076894e-06
+9.340000000000145e-09    +7.914200807549002e-01    +5.865457447780731e-01    +4.960661725552033e-06
+9.345000000000146e-09    +7.914221780268238e-01    +5.865428850562078e-01    +4.769320581459989e-06
+9.350000000000147e-09    +7.914241418789426e-01    +5.865402233411451e-01    +4.236782492489529e-06
+9.355000000000147e-09    +7.914258278738847e-01    +5.865379548198533e-01    +3.385944566956709e-06
+9.360000000000148e-09    +7.914271045405287e-01    +5.865362552987268e-01    +2.265909939123635e-06
+9.365000000000149e-09    +7.914278645570209e-01    +5.865352660216335e-01    +9.496737128673515e-07
+9.370000000000149e-09    +7.914280348648609e-01    +5.865350804951628e-01    -4.705877544551255e-07
+9.375000000000150e-09    +7.914275845445131e-01    +5.865357346192607e-01    -1.890309397820792e-06
+9.380000000000151e-09    +7.914265294094111e-01    +5.865372011546144e-01    -3.200853227932618e-06
+9.385000000000152e-09    +7.914249329812398e-01    +5.865393894810838e-01    -4.298600995646881e-06
+9.390000000000152e-09    +7.914229031197871e-01    +5.865421506225491e-01    -5.093969489784947e-06
+9.395000000000153e-09    +7.914205848997999e-01    +5.865452876337668e-01    -5.519475083836032e-06
+9.400000000000154e-09    +7.914181496562495e-01    +5.865485702031863e-01    -5.536051769136053e-06
+9.405000000000154e-09    +7.914157817453470e-01    +5.865517527545451e-01    -5.136983436789097e-06
+9.410000000000155e-09    +7.914136632833706e-01    +5.865545939131022e-01    -4.349040543651358e-06
+9.415000000000156e-09    +7.914119591448386e-01    +5.865568762822879e-01    -3.230674910521744e-06
+9.420000000000156e-09    +7.914108029653789e-01    +5.865584243501042e-01    -1.867408382151779e-06
+9.425000000000157e-09    +7.914102856023870e-01    +5.865591190293115e-01    -3.648172815675958e-07
+9.430000000000158e-09    +7.914104472471597e-01    +5.865589075923301e-01    +1.160257721092795e-06
+9.435000000000159e-09    +7.914112740672250e-01    +5.865578081853802e-01    +2.589485596950567e-06
+9.440000000000159e-09    +7.914126991259873e-01    +5.865559081062242e-01    +3.812916686998482e-06
+9.445000000000160e-09    +7.914146082902852e-01    +5.865533565426320e-01    +4.738064203252276e-06
+9.450000000000161e-09    +7.914168501279670e-01    +5.865503521192982e-01    +5.297386492747651e-06
+9.455000000000161e-09    +7.914192487891932e-01    +5.865471263232641e-01    +5.453514008687225e-06
+9.460000000000162e-09    +7.914216189423451e-01    +5.865439244900819e-01    +5.201783353771448e-06
+9.465000000000163e-09    +7.914237812177091e-01    +5.865409859310438e-01    +4.569899901752771e-06
+9.470000000000164e-09    +7.914255767545704e-01    +5.865385249481758e-01    +3.614824883488527e-06
+9.475000000000164e-09    +7.914268795275874e-01    +5.865367143389005e-01    +2.417241243738800e-06
+9.480000000000165e-09    +7.914276056502701e-01    +5.865356729147843e-01    +1.074176695679436e-06
+9.485000000000166e-09    +7.914277184619121e-01    +5.865354576591009e-01    -3.094833605012583e-07
+9.490000000000166e-09    +7.914272296558801e-01    +5.865360614025920e-01    -1.629781234028722e-06
+9.495000000000167e-09    +7.914261961288781e-01    +5.865374157110225e-01    -2.791965632689351e-06
+9.500000000000168e-09    +7.914247133162732e-01    +5.865393986832519e-01    -3.717551109640321e-06
+9.505000000000168e-09    +7.914229056629206e-01    +5.865418466549103e-01    -4.349602657366750e-06
+9.510000000000169e-09    +7.914209153268005e-01    +5.865445686596057e-01    -4.655896543376355e-06
+9.515000000000170e-09    +7.914188902088104e-01    +5.865473622583564e-01    -4.629836380261962e-06
+9.520000000000171e-09    +7.914169725222424e-01    +5.865500294119060e-01    -4.289224197957787e-06
+9.525000000000171e-09    +7.914152884567780e-01    +5.865523908080512e-01    -3.673179333109917e-06
+9.530000000000172e-09    +7.914139403157943e-01    +5.865542979901548e-01    -2.837642203904340e-06
+9.535000000000173e-09    +7.914130009201402e-01    +5.865556420269807e-01    -1.849983831075171e-06
+9.540000000000173e-09    +7.914125110686550e-01    +5.865563587046730e-01    -7.832669542075027e-07
+9.545000000000174e-09    +7.914124793156417e-01    +5.865564297197022e-01    +2.893277809236926e-07
+9.550000000000175e-09    +7.914128844688982e-01    +5.865558806391410e-01    +1.299477286663192e-06
+9.555000000000176e-09    +7.914136795235724e-01    +5.865547756254529e-01    +2.187769683968468e-06
+9.560000000000176e-09    +7.914147970872880e-01    +5.865532101125646e-01    +2.906639338065282e-06
+9.565000000000177e-09    +7.914161553758592e-01    +5.865513020619537e-01    +3.422116178254625e-06
+9.570000000000178e-09    +7.914176642184321e-01    +5.865491826492537e-01    +3.714441300739719e-06
+9.575000000000178e-09    +7.914192307160106e-01    +5.865469872221507e-01    +3.777693133670678e-06
+9.580000000000179e-09    +7.914207643333916e-01    +5.865448472203665e-01    +3.618640418470473e-06
+9.585000000000180e-09    +7.914221809865249e-01    +5.865428833020599e-01    +3.255070963419258e-06
+9.590000000000181e-09    +7.914234063770806e-01    +5.865412000921451e-01    +2.713844253597016e-06
+9.595000000000181e-09    +7.914243784024184e-01    +5.865398824039825e-01    +2.028885694023608e-06
+9.600000000000182e-09    +7.914250490806242e-01    +5.865389929968938e-01    +1.239283375163888e-06
+9.605000000000183e-09    +7.914253857222896e-01    +5.865385713259290e-01    +3.875722857443318e-07
+9.610000000000183e-09    +7.914253719277758e-01    +5.865386332970054e-01    -4.817847249527156e-07
+9.615000000000184e-09    +7.914250081382384e-01    +5.865391715211070e-01    -1.323779864729315e-06
+9.620000000000185e-09    +7.914243119307640e-01    +5.865401560124414e-01    -2.094213562767773e-06
+9.625000000000185e-09    +7.914233179380750e-01    +5.865415352352389e-01    -2.751138642326577e-06
+9.630000000000186e-09    +7.914220771677063e-01    +5.865432375033102e-01    -3.256495356747019e-06
+9.635000000000187e-09    +7.914206556641865e-01    +5.865451729863239e-01    -3.577980201558211e-06
+9.640000000000188e-09    +7.914191322726987e-01    +5.865472365119211e-01    -3.691112141209926e-06
+9.645000000000188e-09    +7.914175953532153e-01    +5.865493113799959e-01    -3.581366094430610e-06
+9.650000000000189e-09    +7.914161386193516e-01    +5.865512744960567e-01    -3.246159013940677e-06
+9.655000000000190e-09    +7.914148557400305e-01    +5.865530025348445e-01    -2.696414076410896e-06
+9.660000000000190e-09    +7.914138345201217e-01    +5.865543793696067e-01    -1.957405279740246e-06
+9.665000000000191e-09    +7.914131505635033e-01    +5.865553040610004e-01    -1.068610147499803e-06
+9.670000000000192e-09    +7.914128611546815e-01    +5.865556989908507e-01    -8.237475148489337e-08
+9.675000000000193e-09    +7.914129997973325e-01    +5.865555173140625e-01    +9.386908758405559e-07
+9.680000000000193e-09    +7.914135721268886e-01    +5.865547490054633e-01    +1.925522830069334e-06
+9.685000000000194e-09    +7.914145534810231e-01    +5.865534245389357e-01    +2.807402279465941e-06
+9.690000000000195e-09    +7.914158888550055e-01    +5.865516157553361e-01    +3.517384920946765e-06
+9.695000000000195e-09    +7.914174951163675e-01    +5.865494332430569e-01    +3.997892993992715e-06
+9.700000000000196e-09    +7.914192659034164e-01    +5.865470203970435e-01    +4.205939957167137e-06
+9.705000000000197e-09    +7.914210785319661e-01    +5.865445440847454e-01    +4.117452917464395e-06
+9.710000000000197e-09    +7.914228027302330e-01    +5.865421827086498e-01    +3.730217196805513e-06
+9.715000000000198e-09    +7.914243105045025e-01    +5.865401125534289e-01    +3.065075795684362e-06
+9.720000000000199e-09    +7.914254863959536e-01    +5.865384936154019e-01    +2.165180034108164e-06
+9.725000000000200e-09    +7.914262369139224e-01    +5.865374559587929e-01    +1.093266947031956e-06
+9.730000000000200e-09    +7.914264988496692e-01    +5.865370882680713e-01    -7.286412026990415e-08
+9.735000000000201e-09    +7.914262450325029e-01    +5.865374292761389e-01    -1.246324524128129e-06
+9.740000000000202e-09    +7.914254874527775e-01    +5.865384633134239e-01    -2.338059798992425e-06
+9.745000000000202e-09    +7.914242772703309e-01    +5.865401204265305e-01    -3.264118306381967e-06
+9.750000000000203e-09    +7.914227012994908e-01    +5.865422809593137e-01    -3.952620460470468e-06
+9.755000000000204e-09    +7.914208757074223e-01    +5.865447846427542e-01    -4.349798301817085e-06
+9.760000000000205e-09    +7.914189369659494e-01    +5.865474431516812e-01    -4.424554656116157e-06
+9.765000000000205e-09    +7.914170310923382e-01    +5.865500552592545e-01    -4.171123157760709e-06
+9.770000000000206e-09    +7.914153018944000e-01    +5.865524231273123e-01    -3.609582069259913e-06
+9.775000000000207e-09    +7.914138794369819e-01    +5.865543684304437e-01    -2.784172675059542e-06
+9.780000000000207e-09    +7.914128694689084e-01    +5.865557466974672e-01    -1.759574320342450e-06
+9.785000000000208e-09    +7.914123451404556e-01    +5.865564588841495e-01    -6.154747158888430e-07
+9.790000000000209e-09    +7.914123411714351e-01    +5.865564587890956e-01    +5.600685014177443e-07
+9.795000000000209e-09    +7.914128515583133e-01    +5.865557561161112e-01    +1.677876435745838e-06
+9.800000000000210e-09    +7.914138305881100e-01    +5.865544147109820e-01    +2.654859183667404e-06
+9.805000000000211e-09    +7.914151971295809e-01    +5.865525462997577e-01    +3.420556384865137e-06
+9.810000000000212e-09    +7.914168419418194e-01    +5.865503005105058e-01    +3.922452393068154e-06
+9.815000000000212e-09    +7.914186368924129e-01    +5.865478518794562e-01    +4.129639988021866e-06
+9.820000000000213e-09    +7.914204457963245e-01    +5.865453854577038e-01    +4.034571799959178e-06
+9.825000000000214e-09    +7.914221353439261e-01    +5.865430819367968e-01    +3.652825016625954e-06
+9.830000000000214e-09    +7.914235854843813e-01    +5.865411037984918e-01    +3.020987331899757e-06
+9.835000000000215e-09    +7.914246983231714e-01    +5.865395835633737e-01    +2.192938031842992e-06
+9.840000000000216e-09    +7.914254047597301e-01    +5.865386149598294e-01    +1.234926989493563e-06
+9.845000000000217e-09    +7.914256685273988e-01    +5.865382476607900e-01    +2.199342806872087e-07
+9.850000000000217e-09    +7.914254873040542e-01    +5.865384857127491e-01    -7.781733016986102e-07
+9.855000000000218e-09    +7.914248911130910e-01    +5.865392896388851e-01    -1.690196530170002e-06
+9.860000000000219e-09    +7.914239382284789e-01    +5.865405817229249e-01    -2.456436796973388e-06
+9.865000000000219e-09    +7.914227091358186e-01    +5.865422538389041e-01    -3.030475778539456e-06
+9.870000000000220e-09    +7.914212993079641e-01    +5.865441770812623e-01    -3.381685517483270e-06
+9.875000000000221e-09    +7.914198112146354e-01    +5.865462121007669e-01    -3.496378374617652e-06
+9.880000000000221e-09    +7.914183468437285e-01    +5.865482196626588e-01    -3.377624629464486e-06
+9.885000000000222e-09    +7.914170004353736e-01    +5.865500700003536e-01    -3.043872502107047e-06
+9.890000000000223e-09    +7.914158528723456e-01    +5.865516509792865e-01    -2.526588326023018e-06
+9.895000000000224e-09    +7.914149674308634e-01    +5.865528741917632e-01    -1.867189345242251e-06
+9.900000000000224e-09    +7.914143871757308e-01    +5.865536788379561e-01    -1.113572122128877e-06
+9.905000000000225e-09    +7.914141339532152e-01    +5.865540333492519e-01    -3.165402512767554e-07
+9.910000000000226e-09    +7.914142089887147e-01    +5.865539350347843e-01    +4.735934023604587e-07
+9.915000000000226e-09    +7.914145945188910e-01    +5.865534078546404e-01    +1.210001914793938e-06
+9.920000000000227e-09    +7.914152564199427e-01    +5.865524989285119e-01    +1.851773245959276e-06
+9.925000000000228e-09    +7.914161473076439e-01    +5.865512741021724e-01    +2.365683504941195e-06
+9.930000000000229e-09    +7.914172099053407e-01    +5.865498130788863e-01    +2.727300344082707e-06
+9.935000000000229e-09    +7.914183804208829e-01    +5.865482044797521e-01    +2.921466950567906e-06
+9.940000000000230e-09    +7.914195918925969e-01    +5.865465411985255e-01    +2.942268944941734e-06
+9.945000000000231e-09    +7.914207770116306e-01    +5.865449159370741e-01    +2.792612575884737e-06
+9.950000000000231e-09    +7.914218710566596e-01    +5.865434174327150e-01    +2.483544688214293e-06
+9.955000000000232e-09    +7.914228143365081e-01    +5.865421269160861e-01    +2.033427068945735e-06
+9.960000000000233e-09    +7.914235546495505e-01    +5.865411150443691e-01    +1.467035083340188e-06
+9.965000000000233e-09    +7.914240494962200e-01    +5.865404390263735e-01    +8.146049439215884e-07
+9.970000000000234e-09    +7.914242681823956e-01    +5.865401399937927e-01    +1.108059821728356e-07
+9.975000000000235e-09    +7.914241937645738e-01    +5.865402406534378e-01    -6.064203584904795e-07
+9.980000000000236e-09    +7.914238245983373e-01    +5.865407432535764e-01    -1.297227706137676e-06
+9.985000000000236e-09    +7.914231753887510e-01    +5.865416281170083e-01    -1.921499718349954e-06
+9.990000000000237e-09    +7.914222777150990e-01    +5.865428531298027e-01    -2.440777617453797e-06
+9.995000000000238e-09    +7.914211793111857e-01    +5.865443541261670e-01    -2.820449753222790e-06
+1.000000000000024e-08    +7.914199425723110e-01    +5.865460468777509e-01    -3.032103525034181e-06
